order_id,customer_id,order_date,status,delivery_days
1,1,2024-10-19T13:27:16,delivered,1.0
2,1,2024-11-01T16:31:26,delivered,4.0
3,1,2024-10-31T16:10:49,delivered,5.0
4,2,2023-11-07T04:14:24,delivered,3.0
5,2,2023-09-10T02:42:25,delivered,3.0
6,2,2024-12-14T02:41:50,canceled,
7,2,2023-03-06T15:46:43,delivered,1.0
8,3,2024-02-17T06:55:55,shipped,
9,3,2023-09-26T23:06:04,canceled,
10,3,2023-12-29T07:07:27,delivered,7.0
11,4,2023-10-04T07:13:47,canceled,
12,4,2024-11-01T07:47:54,delivered,1.0
13,5,2024-12-06T06:29:05,delivered,2.0
14,5,2024-12-23T19:18:48,canceled,
15,5,2024-12-12T08:26:34,delivered,2.0
16,5,2024-12-18T21:46:00,delivered,4.0
17,5,2024-12-11T15:16:37,delivered,1.0
18,5,2024-11-30T06:24:54,delivered,7.0
19,5,2024-12-15T14:29:38,canceled,
20,5,2024-12-31T15:00:02,canceled,
21,5,2024-12-11T09:45:17,shipped,
22,6,2024-05-22T02:12:49,shipped,
23,6,2024-02-19T14:58:20,delivered,4.0
24,7,2024-07-19T01:59:20,delivered,1.0
25,7,2024-03-31T11:13:57,delivered,9.0
26,7,2024-06-01T19:30:56,delivered,9.0
27,7,2024-08-23T04:42:16,shipped,
28,8,2023-02-21T13:48:20,delivered,2.0
29,9,2024-02-08T20:07:48,delivered,7.0
30,9,2023-10-31T19:30:15,delivered,1.0
31,10,2024-12-23T05:52:35,delivered,5.0
32,10,2024-12-05T09:03:18,delivered,7.0
33,10,2024-10-13T03:43:57,shipped,
34,10,2024-07-11T10:18:25,delivered,2.0
35,10,2024-11-24T09:00:15,delivered,4.0
36,11,2024-02-18T23:51:28,delivered,3.0
37,12,2024-04-24T03:05:30,delivered,3.0
38,12,2024-09-20T00:44:01,delivered,4.0
39,13,2024-12-25T07:04:25,shipped,
40,13,2024-12-25T18:39:15,canceled,
41,13,2024-12-23T16:42:29,delivered,12.0
42,13,2024-12-28T17:09:47,delivered,2.0
43,14,2024-09-29T20:25:30,delivered,2.0
44,15,2024-12-19T08:54:22,delivered,6.0
45,15,2024-10-11T19:54:01,canceled,
46,16,2023-10-24T14:28:01,delivered,12.0
47,16,2024-03-19T12:06:12,delivered,4.0
48,16,2023-11-29T20:25:16,delivered,7.0
49,17,2024-02-23T03:03:15,delivered,2.0
50,18,2024-09-07T20:37:50,delivered,3.0
51,18,2024-07-12T11:20:23,canceled,
52,18,2024-05-27T20:34:56,shipped,
53,18,2024-08-21T19:51:51,delivered,7.0
54,18,2024-05-27T16:47:52,canceled,
55,18,2024-12-24T02:57:53,delivered,4.0
56,18,2024-09-06T04:25:22,delivered,12.0
57,19,2024-11-27T17:44:17,delivered,6.0
58,20,2024-07-02T00:20:13,delivered,2.0
59,20,2024-05-24T22:23:42,delivered,2.0
60,20,2024-10-20T13:31:00,shipped,
61,20,2024-02-18T05:58:47,shipped,
62,20,2024-05-21T15:09:25,delivered,9.0
63,20,2024-03-16T07:15:18,canceled,
64,20,2024-01-28T02:13:29,shipped,
65,21,2024-03-28T23:10:06,shipped,
66,21,2023-04-19T07:00:49,delivered,4.0
67,21,2024-06-14T21:16:47,canceled,
68,21,2024-05-21T09:16:30,shipped,
69,22,2023-06-28T21:34:38,delivered,5.0
70,22,2023-10-09T09:34:23,shipped,
71,22,2024-05-06T12:01:14,shipped,
72,22,2024-12-30T17:14:10,delivered,4.0
73,23,2024-02-03T22:23:19,delivered,1.0
74,23,2023-12-19T11:46:20,delivered,3.0
75,23,2024-09-05T16:00:30,delivered,7.0
76,23,2024-02-17T08:45:58,shipped,
77,23,2024-12-14T17:16:30,delivered,4.0
78,23,2024-04-06T06:02:53,canceled,
79,24,2024-07-10T16:04:47,delivered,3.0
80,24,2024-12-31T15:51:10,canceled,
81,24,2023-10-10T13:18:51,delivered,3.0
82,24,2024-08-08T20:22:53,delivered,15.0
83,24,2024-10-14T00:23:18,delivered,1.0
84,24,2023-09-30T21:20:32,delivered,8.0
85,24,2024-06-11T00:28:23,shipped,
86,25,2024-12-16T14:30:05,delivered,4.0
87,25,2024-05-14T20:49:56,delivered,5.0
88,25,2024-12-22T06:19:36,delivered,3.0
89,25,2024-06-07T01:23:26,delivered,4.0
90,25,2024-07-02T06:26:27,delivered,4.0
91,25,2024-11-28T23:12:35,canceled,
92,26,2023-08-15T19:48:34,delivered,5.0
93,26,2024-03-27T06:09:39,shipped,
94,26,2024-06-23T15:09:35,canceled,
95,26,2023-07-13T07:01:29,shipped,
96,26,2023-10-31T16:08:37,delivered,8.0
97,27,2023-09-15T23:07:50,canceled,
98,27,2023-03-25T11:19:44,delivered,4.0
99,27,2024-07-11T20:41:11,canceled,
100,27,2023-06-20T04:13:58,delivered,4.0
101,27,2024-12-22T00:43:55,delivered,3.0
102,27,2023-06-13T08:58:59,delivered,8.0
103,28,2024-02-02T04:49:57,delivered,11.0
104,28,2024-02-20T06:51:13,delivered,16.0
105,28,2024-03-11T03:21:52,delivered,10.0
106,29,2024-11-30T16:22:19,canceled,
107,29,2024-10-16T01:20:14,shipped,
108,30,2024-10-06T15:47:46,delivered,15.0
109,30,2024-10-26T07:33:10,delivered,4.0
110,30,2024-09-06T18:41:15,delivered,5.0
111,30,2024-09-12T18:49:28,canceled,
112,31,2024-12-29T05:05:25,delivered,2.0
113,31,2024-12-28T23:58:05,shipped,
114,31,2024-12-27T00:17:15,delivered,4.0
115,32,2023-05-29T06:48:45,delivered,6.0
116,32,2023-08-25T00:47:30,delivered,10.0
117,32,2024-05-06T14:32:21,delivered,3.0
118,32,2024-04-01T10:55:44,delivered,2.0
119,32,2024-04-22T15:30:22,delivered,6.0
120,32,2023-03-17T05:58:19,shipped,
121,32,2024-08-05T07:13:32,shipped,
122,32,2023-05-19T11:15:37,delivered,5.0
123,32,2023-02-16T23:58:45,delivered,7.0
124,33,2024-01-26T08:35:57,delivered,3.0
125,33,2024-08-03T13:37:34,delivered,2.0
126,33,2024-06-21T20:01:07,canceled,
127,34,2024-04-24T13:42:01,delivered,2.0
128,34,2023-10-15T14:06:40,delivered,2.0
129,34,2024-01-18T15:27:32,shipped,
130,34,2024-06-22T00:58:45,delivered,8.0
131,34,2023-12-25T13:26:22,delivered,7.0
132,34,2024-07-04T21:48:54,delivered,7.0
133,34,2023-12-01T01:36:39,delivered,7.0
134,34,2023-11-27T15:29:58,delivered,2.0
135,35,2024-08-27T06:32:09,delivered,12.0
136,35,2024-03-07T12:36:28,canceled,
137,35,2024-08-19T00:26:42,delivered,9.0
138,35,2024-08-08T16:33:17,delivered,1.0
139,36,2024-05-06T11:01:48,delivered,13.0
140,36,2024-11-25T18:16:46,delivered,6.0
141,37,2024-10-08T13:17:03,delivered,1.0
142,37,2024-10-07T13:57:42,canceled,
143,37,2024-11-06T09:23:15,delivered,4.0
144,37,2024-08-28T15:50:01,delivered,2.0
145,37,2024-09-15T16:45:25,delivered,8.0
146,37,2024-12-19T10:46:56,delivered,3.0
147,37,2024-07-09T15:11:04,delivered,16.0
148,37,2024-03-06T13:00:24,canceled,
149,37,2024-07-29T09:03:08,delivered,6.0
150,37,2024-03-23T23:02:38,delivered,9.0
151,38,2024-09-05T22:28:23,delivered,3.0
152,38,2024-10-09T20:43:08,delivered,3.0
153,38,2024-12-06T03:40:54,delivered,3.0
154,38,2024-12-06T10:59:41,delivered,4.0
155,38,2024-05-25T23:46:16,canceled,
156,38,2024-08-23T04:14:20,delivered,1.0
157,38,2024-11-25T18:42:56,shipped,
158,38,2024-02-09T13:37:31,shipped,
159,38,2024-04-19T10:04:47,shipped,
160,38,2024-04-16T10:22:24,delivered,9.0
161,38,2024-06-03T09:43:23,delivered,4.0
162,39,2024-06-23T03:32:13,delivered,12.0
163,39,2024-11-16T21:24:19,delivered,6.0
164,39,2023-08-15T12:29:11,delivered,3.0
165,39,2024-01-05T16:49:08,canceled,
166,40,2024-12-27T06:11:23,canceled,
167,40,2024-12-29T20:48:03,delivered,3.0
168,40,2024-12-24T03:01:31,delivered,1.0
169,40,2024-12-23T10:37:29,delivered,4.0
170,41,2024-12-13T12:48:08,shipped,
171,41,2023-04-07T10:20:09,shipped,
172,41,2024-04-02T19:34:23,delivered,8.0
173,41,2023-07-19T03:31:51,delivered,3.0
174,41,2024-10-19T10:32:05,delivered,1.0
175,41,2024-04-28T20:01:38,delivered,1.0
176,41,2024-11-17T10:09:13,delivered,5.0
177,42,2024-11-21T18:17:18,shipped,
178,42,2024-12-02T18:00:58,delivered,4.0
179,42,2024-10-12T19:23:37,delivered,7.0
180,42,2024-10-24T13:57:26,shipped,
181,42,2024-12-03T06:52:36,canceled,
182,43,2024-08-26T05:02:42,shipped,
183,43,2024-11-30T20:46:27,canceled,
184,43,2024-07-05T11:50:01,shipped,
185,44,2024-10-12T03:18:43,delivered,4.0
186,44,2024-07-19T20:05:59,shipped,
187,44,2023-11-29T16:40:00,delivered,15.0
188,45,2024-03-31T10:40:01,delivered,5.0
189,45,2024-05-28T21:57:49,delivered,6.0
190,45,2024-10-06T23:21:06,delivered,2.0
191,45,2024-04-14T08:54:54,delivered,8.0
192,46,2024-10-21T14:47:40,shipped,
193,46,2024-10-26T15:11:08,delivered,9.0
194,46,2024-12-24T00:51:49,delivered,9.0
195,46,2024-11-23T14:30:18,canceled,
196,47,2024-07-10T16:01:17,delivered,2.0
197,47,2024-09-04T21:06:37,delivered,8.0
198,47,2023-12-15T17:34:14,delivered,3.0
199,47,2024-08-02T02:41:48,delivered,11.0
200,47,2023-12-16T09:27:58,delivered,7.0
201,47,2024-08-05T09:23:26,shipped,
202,48,2024-08-14T10:30:05,delivered,1.0
203,48,2024-03-04T10:36:10,delivered,12.0
204,48,2023-12-25T05:37:22,canceled,
205,49,2023-06-13T05:20:05,shipped,
206,49,2023-12-09T05:24:06,shipped,
207,49,2024-07-06T18:49:00,delivered,10.0
208,49,2024-11-22T05:40:31,shipped,
209,49,2024-02-20T13:45:42,delivered,2.0
210,50,2024-08-27T00:31:05,canceled,
211,50,2024-07-22T07:30:57,delivered,4.0
212,50,2024-04-16T23:39:56,delivered,8.0
213,51,2024-12-21T00:26:39,canceled,
214,51,2024-08-26T08:18:53,canceled,
215,51,2023-04-11T14:30:31,canceled,
216,51,2024-02-09T18:28:28,delivered,1.0
217,51,2024-09-09T02:53:33,delivered,5.0
218,51,2023-09-12T23:41:42,delivered,3.0
219,51,2023-09-06T01:27:53,shipped,
220,51,2023-09-19T02:19:05,delivered,2.0
221,51,2024-10-28T21:09:48,delivered,1.0
222,51,2024-01-29T23:04:47,delivered,1.0
223,52,2024-08-24T17:19:54,delivered,2.0
224,52,2024-12-05T10:55:16,shipped,
225,53,2024-02-21T21:26:33,canceled,
226,53,2024-05-09T17:56:06,canceled,
227,53,2024-06-07T09:37:09,shipped,
228,54,2024-10-16T18:18:57,delivered,6.0
229,54,2024-10-03T17:07:50,delivered,5.0
230,55,2024-12-14T11:05:29,delivered,6.0
231,55,2024-12-27T06:39:01,delivered,4.0
232,55,2024-11-16T11:11:05,shipped,
233,55,2024-11-15T20:47:23,canceled,
234,55,2024-11-09T06:59:13,delivered,2.0
235,56,2024-11-05T17:14:58,canceled,
236,56,2024-07-26T09:48:28,delivered,1.0
237,56,2023-10-22T11:08:58,delivered,8.0
238,56,2024-07-27T00:12:23,delivered,10.0
239,56,2023-10-17T16:38:05,delivered,7.0
240,56,2024-03-23T13:35:52,delivered,3.0
241,56,2023-12-17T07:49:37,shipped,
242,56,2024-01-30T05:50:26,delivered,5.0
243,56,2023-07-13T14:12:06,canceled,
244,56,2024-06-14T02:09:34,delivered,3.0
245,57,2024-11-23T13:27:04,delivered,2.0
246,57,2023-08-06T11:48:58,canceled,
247,57,2023-10-25T05:28:35,shipped,
248,57,2023-08-21T15:57:23,delivered,3.0
249,57,2023-06-14T05:06:51,delivered,2.0
250,57,2024-04-08T13:09:07,delivered,12.0
251,57,2024-04-15T17:03:04,delivered,2.0
252,57,2024-02-12T09:17:50,shipped,
253,57,2023-09-22T23:22:59,delivered,6.0
254,58,2024-08-09T19:14:18,delivered,12.0
255,58,2024-11-16T01:10:05,shipped,
256,59,2024-02-18T20:55:42,delivered,2.0
257,59,2024-07-12T03:21:17,shipped,
258,59,2024-05-23T22:12:38,canceled,
259,60,2024-04-20T15:41:25,delivered,6.0
260,60,2024-05-30T23:40:54,delivered,8.0
261,60,2024-09-03T16:31:52,shipped,
262,61,2024-07-12T00:13:52,shipped,
263,62,2023-12-06T11:44:15,delivered,3.0
264,62,2024-09-09T11:53:30,shipped,
265,62,2024-11-05T21:00:09,delivered,15.0
266,62,2024-05-12T21:54:55,delivered,3.0
267,62,2024-12-13T02:31:18,delivered,7.0
268,62,2024-07-14T07:36:08,delivered,3.0
269,62,2023-12-29T08:28:57,delivered,1.0
270,62,2024-11-04T16:00:24,delivered,7.0
271,63,2024-12-12T07:35:39,delivered,5.0
272,63,2024-12-19T13:51:13,shipped,
273,63,2024-07-19T18:26:54,shipped,
274,63,2024-12-15T07:37:57,delivered,4.0
275,63,2024-09-04T11:32:14,delivered,9.0
276,63,2024-09-05T17:24:09,delivered,8.0
277,63,2024-06-09T00:15:51,delivered,2.0
278,64,2023-07-15T12:54:48,delivered,4.0
279,64,2024-06-21T23:44:19,delivered,3.0
280,64,2024-05-07T17:09:42,delivered,10.0
281,64,2024-02-29T01:39:06,delivered,11.0
282,65,2024-08-16T01:25:10,delivered,1.0
283,65,2024-02-17T13:31:59,shipped,
284,66,2024-10-26T06:21:30,shipped,
285,66,2024-10-27T13:17:30,delivered,2.0
286,66,2024-11-06T22:38:35,delivered,6.0
287,66,2024-10-07T17:07:49,delivered,3.0
288,66,2024-12-12T13:43:38,shipped,
289,67,2024-12-11T03:21:14,delivered,5.0
290,67,2024-12-27T16:54:34,delivered,6.0
291,67,2024-11-27T11:20:19,delivered,4.0
292,67,2024-12-20T22:20:27,canceled,
293,67,2024-12-09T04:34:53,delivered,3.0
294,68,2024-12-06T03:27:04,canceled,
295,68,2024-09-30T09:07:35,delivered,1.0
296,68,2024-10-31T21:30:35,shipped,
297,69,2024-04-06T11:56:24,delivered,7.0
298,69,2024-02-16T14:01:06,canceled,
299,69,2024-05-02T00:31:17,delivered,5.0
300,69,2024-08-20T11:44:34,delivered,4.0
301,70,2024-11-21T21:00:54,delivered,11.0
302,70,2024-11-20T09:34:06,shipped,
303,70,2024-10-15T12:16:44,delivered,6.0
304,70,2024-11-03T19:59:05,delivered,2.0
305,71,2024-11-04T09:34:14,delivered,4.0
306,71,2024-07-19T08:16:09,delivered,3.0
307,71,2024-12-24T10:45:59,delivered,1.0
308,72,2024-11-08T20:08:41,delivered,8.0
309,72,2024-11-27T07:05:43,delivered,8.0
310,73,2024-11-28T07:14:01,canceled,
311,73,2024-12-30T21:52:45,delivered,3.0
312,73,2024-11-30T19:24:41,delivered,2.0
313,73,2024-12-30T06:04:16,delivered,8.0
314,74,2024-12-13T05:32:09,shipped,
315,74,2024-12-11T10:08:13,delivered,4.0
316,74,2024-12-17T14:11:28,shipped,
317,74,2024-12-07T10:55:20,delivered,6.0
318,74,2024-12-03T02:09:22,delivered,7.0
319,74,2024-12-14T14:14:40,delivered,10.0
320,74,2024-12-11T09:03:00,delivered,6.0
321,74,2024-12-16T05:06:47,delivered,7.0
322,75,2024-05-15T05:11:05,canceled,
323,75,2024-06-23T11:19:44,shipped,
324,75,2024-05-29T08:27:12,canceled,
325,75,2024-07-04T22:12:38,delivered,2.0
326,75,2024-10-03T12:25:44,delivered,6.0
327,75,2024-12-03T09:18:02,delivered,4.0
328,75,2024-06-06T10:35:55,delivered,7.0
329,75,2024-08-02T13:12:00,delivered,5.0
330,75,2024-12-02T15:44:45,delivered,9.0
331,76,2024-12-19T10:02:38,delivered,2.0
332,77,2024-04-27T03:01:31,delivered,7.0
333,78,2024-10-29T08:03:37,shipped,
334,78,2024-10-22T20:24:48,shipped,
335,79,2024-06-18T13:55:46,delivered,7.0
336,80,2024-12-16T23:23:57,delivered,9.0
337,80,2024-08-27T21:07:17,canceled,
338,80,2024-10-28T15:21:30,delivered,4.0
339,80,2024-11-08T16:01:43,delivered,13.0
340,80,2024-12-21T22:52:08,canceled,
341,81,2024-06-09T22:57:23,delivered,3.0
342,81,2024-12-25T01:01:59,canceled,
343,81,2024-08-06T13:03:20,canceled,
344,81,2024-08-05T10:04:18,delivered,1.0
345,81,2024-11-28T23:06:45,delivered,2.0
346,81,2024-10-23T19:55:32,canceled,
347,81,2024-09-13T12:41:23,delivered,3.0
348,81,2024-11-07T19:35:47,canceled,
349,81,2024-08-20T03:41:17,canceled,
350,82,2024-11-19T07:21:36,delivered,5.0
351,82,2024-11-14T15:56:19,delivered,4.0
352,83,2024-12-19T23:23:08,shipped,
353,84,2024-09-24T07:13:53,delivered,4.0
354,84,2024-12-15T12:23:05,shipped,
355,84,2024-11-03T03:46:22,canceled,
356,84,2024-09-25T11:47:25,delivered,2.0
357,84,2024-12-09T09:58:05,delivered,2.0
358,84,2024-10-13T08:55:58,delivered,7.0
359,84,2024-10-03T00:27:07,delivered,6.0
360,85,2024-08-28T15:05:32,shipped,
361,85,2024-08-01T06:46:26,shipped,
362,85,2024-07-06T09:31:14,canceled,
363,86,2024-06-21T09:35:44,delivered,3.0
364,86,2024-05-07T19:40:27,delivered,11.0
365,86,2024-02-22T19:35:52,shipped,
366,86,2024-11-15T17:19:15,shipped,
367,86,2024-02-03T12:40:57,canceled,
368,87,2024-11-15T08:09:15,delivered,3.0
369,87,2024-07-13T06:14:18,delivered,4.0
370,87,2024-09-23T17:21:12,canceled,
371,87,2024-07-13T10:03:07,shipped,
372,87,2024-07-31T14:25:36,delivered,1.0
373,88,2024-10-13T12:02:03,delivered,4.0
374,88,2024-12-01T21:22:02,delivered,4.0
375,88,2024-11-19T04:21:27,delivered,2.0
376,88,2024-12-07T07:05:09,delivered,1.0
377,88,2024-09-27T06:35:55,delivered,7.0
378,88,2024-10-26T20:53:55,canceled,
379,88,2024-10-24T14:50:21,delivered,5.0
380,88,2024-10-20T06:27:33,canceled,
381,88,2024-10-07T18:11:34,delivered,12.0
382,89,2024-07-12T12:47:12,canceled,
383,89,2024-08-09T16:26:48,delivered,2.0
384,89,2024-08-18T03:28:36,delivered,2.0
385,89,2024-05-18T00:10:10,delivered,7.0
386,90,2024-11-26T20:30:41,delivered,1.0
387,90,2023-11-04T23:10:24,shipped,
388,90,2024-04-12T03:31:49,canceled,
389,91,2024-06-23T06:27:44,shipped,
390,92,2023-04-01T22:38:57,delivered,9.0
391,92,2023-07-02T11:20:50,delivered,4.0
392,92,2023-06-11T18:07:08,delivered,5.0
393,92,2024-09-12T14:09:26,delivered,2.0
394,93,2024-08-19T12:19:07,delivered,2.0
395,93,2024-12-06T06:51:26,delivered,4.0
396,94,2024-08-01T21:31:21,delivered,1.0
397,94,2024-09-18T20:29:53,shipped,
398,94,2024-10-08T23:25:05,delivered,1.0
399,94,2024-01-22T22:48:15,delivered,8.0
400,94,2024-08-13T03:47:53,delivered,4.0
401,94,2024-02-05T18:07:03,delivered,11.0
402,94,2024-09-19T01:30:56,delivered,3.0
403,95,2024-11-02T20:47:58,shipped,
404,95,2023-04-09T01:43:07,delivered,7.0
405,95,2024-05-29T18:30:33,shipped,
406,95,2023-04-26T07:48:34,delivered,13.0
407,95,2023-10-24T11:39:43,delivered,9.0
408,95,2024-11-28T00:34:03,delivered,3.0
409,95,2023-07-09T10:34:28,delivered,4.0
410,95,2024-02-13T06:26:47,delivered,3.0
411,95,2023-04-26T05:40:37,delivered,3.0
412,95,2023-12-01T15:23:42,canceled,
413,95,2024-12-12T11:16:38,delivered,1.0
414,96,2024-07-01T00:22:20,delivered,5.0
415,96,2023-11-19T17:46:31,delivered,6.0
416,96,2024-06-16T01:31:18,canceled,
417,96,2023-09-17T08:07:05,delivered,9.0
418,96,2024-09-20T02:25:16,delivered,4.0
419,97,2024-12-23T09:20:19,canceled,
420,98,2024-09-27T10:21:56,shipped,
421,98,2024-09-05T03:08:58,shipped,
422,98,2024-07-25T17:04:27,delivered,10.0
423,98,2024-08-02T08:48:06,delivered,18.0
424,98,2024-12-15T01:29:40,canceled,
425,98,2024-09-02T07:39:41,canceled,
426,98,2024-12-08T00:31:02,delivered,5.0
427,98,2024-10-13T16:49:19,delivered,7.0
428,98,2024-10-21T05:34:26,delivered,1.0
429,98,2024-12-23T07:04:32,delivered,2.0
430,99,2024-12-18T16:02:21,delivered,3.0
431,99,2024-07-05T11:33:42,delivered,6.0
432,99,2023-10-07T22:31:19,canceled,
433,99,2024-04-05T01:23:57,delivered,21.0
434,99,2023-10-28T14:06:33,shipped,
435,99,2024-08-15T01:16:53,shipped,
436,99,2024-11-23T17:20:46,shipped,
437,99,2024-08-09T14:04:54,delivered,5.0
438,100,2024-11-14T22:18:15,delivered,8.0
439,100,2024-11-10T17:26:40,delivered,6.0
440,100,2024-10-11T05:15:27,delivered,1.0
441,100,2024-10-30T00:45:44,delivered,5.0
442,100,2024-11-10T14:56:28,canceled,
443,100,2024-12-31T08:15:51,delivered,1.0
444,100,2024-11-03T15:19:59,delivered,4.0
445,100,2024-11-11T13:14:12,delivered,16.0
446,101,2024-03-02T08:57:24,delivered,4.0
447,101,2024-08-11T16:52:15,shipped,
448,102,2024-12-22T03:57:20,shipped,
449,102,2024-12-08T07:15:37,delivered,8.0
450,102,2024-12-28T13:59:29,shipped,
451,102,2024-12-07T07:31:00,delivered,2.0
452,102,2024-12-31T05:40:28,canceled,
453,102,2024-12-13T05:29:10,delivered,6.0
454,102,2024-12-30T04:45:12,delivered,3.0
455,102,2024-12-28T03:32:02,delivered,3.0
456,103,2023-12-13T12:04:11,delivered,14.0
457,104,2024-11-30T05:28:59,delivered,9.0
458,104,2024-12-27T11:29:13,shipped,
459,105,2024-06-21T03:41:43,shipped,
460,105,2024-03-18T19:22:50,shipped,
461,105,2024-12-04T17:05:47,canceled,
462,106,2024-08-15T04:07:38,canceled,
463,106,2024-10-04T03:32:03,delivered,13.0
464,106,2024-09-18T17:21:45,delivered,3.0
465,107,2024-05-09T16:03:14,shipped,
466,107,2023-05-24T17:54:16,canceled,
467,107,2024-04-15T03:05:42,delivered,2.0
468,107,2023-11-21T23:05:28,delivered,4.0
469,107,2023-07-28T12:54:52,shipped,
470,107,2024-05-11T09:12:03,delivered,5.0
471,107,2023-05-28T17:49:34,delivered,2.0
472,107,2024-01-03T11:09:51,delivered,7.0
473,107,2024-08-15T02:55:17,delivered,3.0
474,108,2024-08-29T20:53:09,delivered,3.0
475,108,2024-01-04T13:39:30,delivered,3.0
476,108,2024-03-23T14:49:31,canceled,
477,108,2024-12-13T12:36:22,canceled,
478,109,2024-03-20T17:47:51,delivered,3.0
479,109,2024-11-20T03:05:14,canceled,
480,109,2023-12-24T04:40:46,delivered,3.0
481,110,2024-09-10T05:36:25,shipped,
482,110,2024-09-13T00:21:04,canceled,
483,110,2024-09-12T05:41:19,shipped,
484,111,2024-09-29T03:51:11,shipped,
485,112,2023-09-24T06:45:23,delivered,12.0
486,113,2023-06-03T14:05:11,delivered,7.0
487,113,2023-10-02T18:02:00,shipped,
488,113,2024-11-09T02:13:50,delivered,10.0
489,114,2024-09-07T20:57:03,delivered,7.0
490,114,2023-10-21T05:54:49,delivered,5.0
491,114,2024-11-06T15:00:38,shipped,
492,115,2023-03-18T23:50:31,canceled,
493,115,2023-08-23T02:21:14,delivered,9.0
494,115,2023-05-11T22:34:04,delivered,6.0
495,115,2023-06-09T11:35:33,shipped,
496,115,2024-11-20T02:23:54,shipped,
497,115,2024-06-14T13:02:18,canceled,
498,115,2024-07-23T11:24:47,shipped,
499,115,2024-11-01T06:12:34,delivered,9.0
500,116,2024-05-19T14:40:53,delivered,1.0
501,116,2024-12-16T14:02:16,delivered,3.0
502,117,2024-09-15T23:01:02,delivered,4.0
503,117,2024-11-08T06:41:45,delivered,2.0
504,117,2024-09-18T05:45:50,delivered,16.0
505,117,2024-08-20T08:17:30,delivered,5.0
506,117,2024-09-28T15:50:30,delivered,7.0
507,117,2024-09-08T03:51:35,delivered,13.0
508,118,2024-07-04T17:59:39,delivered,6.0
509,118,2024-03-18T22:59:33,delivered,11.0
510,119,2023-12-10T21:48:47,delivered,3.0
511,119,2024-08-24T04:39:54,delivered,3.0
512,119,2023-08-26T16:16:39,delivered,1.0
513,119,2024-07-07T08:29:57,delivered,5.0
514,119,2024-12-07T10:12:49,shipped,
515,119,2023-12-16T11:43:03,canceled,
516,119,2024-03-29T21:35:04,shipped,
517,119,2024-12-20T20:30:32,delivered,5.0
518,120,2023-08-21T13:59:10,delivered,1.0
519,120,2024-09-29T16:50:45,shipped,
520,120,2024-02-12T02:26:12,delivered,9.0
521,120,2024-02-22T05:12:34,delivered,6.0
522,120,2024-01-23T08:07:52,canceled,
523,120,2024-05-14T22:35:50,delivered,4.0
524,120,2024-04-07T17:38:50,delivered,3.0
525,120,2023-11-24T21:45:26,shipped,
526,120,2023-12-01T19:03:36,shipped,
527,121,2024-11-29T00:23:50,delivered,4.0
528,121,2024-11-28T02:51:56,delivered,9.0
529,121,2024-12-04T11:26:08,delivered,4.0
530,121,2024-10-02T22:05:00,delivered,7.0
531,121,2024-11-03T00:37:02,delivered,5.0
532,121,2024-11-17T20:01:46,delivered,5.0
533,121,2024-11-04T22:19:17,delivered,2.0
534,122,2023-09-26T18:37:50,delivered,6.0
535,122,2024-05-17T02:19:32,delivered,8.0
536,122,2023-11-28T08:33:23,delivered,13.0
537,122,2024-09-24T02:31:59,delivered,3.0
538,123,2024-09-21T23:22:04,delivered,1.0
539,123,2024-06-06T16:19:45,delivered,1.0
540,123,2024-12-02T00:52:55,delivered,11.0
541,123,2024-03-13T07:58:24,delivered,2.0
542,124,2023-08-25T18:13:32,delivered,1.0
543,124,2023-04-26T18:34:39,delivered,2.0
544,124,2024-06-04T20:01:33,delivered,4.0
545,124,2023-11-06T08:21:21,shipped,
546,124,2023-09-22T14:27:39,delivered,7.0
547,124,2024-01-20T09:40:18,shipped,
548,124,2023-10-30T22:07:21,delivered,7.0
549,124,2023-12-29T14:17:43,delivered,2.0
550,124,2024-07-06T21:58:04,canceled,
551,125,2024-12-24T14:46:14,delivered,3.0
552,126,2024-02-21T07:29:06,delivered,2.0
553,127,2024-07-26T07:48:14,shipped,
554,127,2024-03-23T23:35:12,canceled,
555,128,2023-11-10T07:53:37,shipped,
556,128,2024-02-01T07:30:47,delivered,5.0
557,129,2024-12-03T16:40:15,delivered,5.0
558,129,2024-12-24T17:28:57,shipped,
559,129,2024-11-23T02:49:40,shipped,
560,129,2024-10-26T22:32:49,delivered,5.0
561,130,2024-01-08T16:12:14,delivered,5.0
562,130,2023-06-11T01:56:57,delivered,6.0
563,131,2024-07-17T13:34:26,delivered,4.0
564,131,2024-05-14T01:16:26,delivered,4.0
565,131,2024-03-27T04:22:51,canceled,
566,132,2024-08-26T01:06:20,delivered,7.0
567,132,2024-09-17T08:32:56,delivered,6.0
568,132,2024-06-23T09:56:40,delivered,4.0
569,132,2023-10-14T05:34:52,delivered,9.0
570,132,2023-09-27T01:21:10,delivered,3.0
571,132,2024-08-13T02:17:38,delivered,5.0
572,132,2024-01-26T00:53:19,canceled,
573,132,2024-12-01T06:50:50,delivered,4.0
574,132,2023-10-04T20:30:21,delivered,5.0
575,132,2024-10-21T08:25:45,canceled,
576,133,2023-08-31T10:25:54,delivered,2.0
577,133,2024-11-08T19:49:40,delivered,2.0
578,133,2023-12-10T11:40:36,canceled,
579,133,2024-09-02T06:20:01,shipped,
580,133,2024-07-03T10:38:51,delivered,4.0
581,133,2024-12-01T19:44:36,delivered,3.0
582,133,2024-03-29T05:00:40,delivered,4.0
583,134,2024-06-27T01:33:24,delivered,2.0
584,134,2024-09-25T19:40:06,canceled,
585,134,2024-06-14T07:29:36,canceled,
586,134,2024-05-31T18:15:17,shipped,
587,134,2024-06-27T08:15:24,canceled,
588,135,2024-05-06T11:51:02,canceled,
589,136,2024-04-21T19:58:06,delivered,2.0
590,137,2024-01-03T21:00:31,delivered,2.0
591,137,2024-01-06T23:19:07,canceled,
592,138,2024-07-03T00:01:18,shipped,
593,138,2024-05-04T11:09:40,delivered,2.0
594,138,2024-05-17T06:57:15,delivered,13.0
595,139,2023-06-18T09:13:38,delivered,6.0
596,139,2024-05-27T00:23:05,canceled,
597,139,2024-03-27T14:07:02,delivered,4.0
598,140,2024-12-29T23:07:39,shipped,
599,140,2024-11-02T18:12:15,delivered,4.0
600,140,2024-12-28T13:58:19,shipped,
601,140,2024-12-12T17:51:05,delivered,3.0
602,141,2023-10-01T19:47:48,delivered,6.0
603,141,2024-10-23T03:25:21,delivered,4.0
604,142,2024-04-27T01:15:01,delivered,9.0
605,142,2024-11-10T16:25:39,delivered,6.0
606,142,2024-06-29T01:01:40,shipped,
607,142,2024-08-21T20:34:22,delivered,3.0
608,142,2024-01-07T21:19:23,delivered,15.0
609,142,2024-12-04T16:26:48,delivered,4.0
610,142,2024-04-05T03:59:35,canceled,
611,142,2023-09-02T14:06:04,canceled,
612,142,2023-09-22T11:00:20,delivered,12.0
613,143,2024-12-15T17:57:44,delivered,3.0
614,144,2024-12-26T04:13:36,delivered,7.0
615,144,2024-05-13T15:57:02,delivered,7.0
616,145,2024-02-25T19:07:15,canceled,
617,145,2024-11-19T03:52:16,delivered,6.0
618,146,2024-08-23T02:26:13,delivered,5.0
619,146,2024-10-16T14:36:42,shipped,
620,146,2023-11-05T04:24:21,delivered,4.0
621,147,2024-11-13T07:09:17,delivered,7.0
622,147,2024-07-26T09:34:32,delivered,12.0
623,147,2023-07-11T21:11:39,delivered,2.0
624,147,2023-07-29T05:21:58,delivered,2.0
625,147,2023-01-14T13:32:20,delivered,4.0
626,147,2024-06-23T09:40:50,shipped,
627,147,2023-11-26T08:52:19,delivered,1.0
628,147,2024-05-03T17:24:48,delivered,3.0
629,147,2024-07-22T23:03:40,canceled,
630,147,2024-06-08T05:17:38,delivered,10.0
631,148,2023-11-05T20:36:47,delivered,10.0
632,149,2024-03-02T14:47:46,delivered,5.0
633,150,2024-12-24T14:22:04,delivered,3.0
634,150,2024-12-25T14:13:39,delivered,5.0
635,150,2024-12-18T17:27:11,shipped,
636,150,2024-12-27T23:31:17,canceled,
637,150,2024-12-23T18:06:00,delivered,8.0
638,151,2024-11-12T20:27:01,delivered,9.0
639,151,2024-12-27T23:21:09,delivered,8.0
640,151,2024-12-29T12:25:58,delivered,3.0
641,151,2024-12-08T18:37:15,delivered,7.0
642,151,2024-12-22T21:27:54,canceled,
643,151,2024-12-21T22:02:05,shipped,
644,151,2024-12-09T12:28:00,shipped,
645,151,2024-11-24T22:54:20,delivered,6.0
646,151,2024-11-22T11:23:52,delivered,3.0
647,152,2024-05-29T11:09:13,delivered,3.0
648,152,2024-08-15T23:59:51,delivered,6.0
649,152,2024-04-05T06:54:59,canceled,
650,152,2024-12-14T20:07:50,delivered,4.0
651,153,2024-07-23T06:18:49,delivered,8.0
652,154,2024-02-09T06:39:56,canceled,
653,154,2024-04-05T17:38:03,canceled,
654,154,2024-10-02T16:42:52,shipped,
655,154,2023-05-13T09:11:40,delivered,5.0
656,155,2024-10-17T00:07:08,delivered,5.0
657,155,2024-11-12T16:33:26,shipped,
658,156,2024-09-03T15:18:34,delivered,6.0
659,156,2024-10-04T17:49:27,shipped,
660,157,2024-01-07T04:20:55,delivered,7.0
661,157,2023-04-17T01:29:38,delivered,2.0
662,157,2023-11-22T04:38:21,delivered,2.0
663,157,2024-12-28T20:37:41,delivered,16.0
664,158,2024-08-21T08:45:46,delivered,11.0
665,158,2024-11-11T09:42:41,shipped,
666,158,2024-09-29T11:31:52,delivered,5.0
667,158,2024-08-09T07:23:46,shipped,
668,159,2024-12-01T09:49:13,delivered,8.0
669,159,2024-10-09T08:02:43,delivered,1.0
670,159,2024-07-24T00:06:55,delivered,5.0
671,159,2024-08-25T03:39:15,delivered,1.0
672,159,2024-10-03T22:23:36,delivered,4.0
673,159,2024-12-16T17:53:44,delivered,7.0
674,159,2024-11-01T18:28:46,shipped,
675,160,2023-09-26T13:34:44,delivered,10.0
676,160,2024-03-20T06:07:50,delivered,3.0
677,160,2024-04-17T09:58:52,delivered,9.0
678,160,2024-03-22T21:51:40,delivered,5.0
679,160,2023-05-05T16:27:56,canceled,
680,161,2024-04-25T20:48:48,delivered,3.0
681,161,2024-05-31T03:15:25,delivered,7.0
682,161,2024-04-02T09:27:40,delivered,4.0
683,161,2024-09-17T07:07:32,delivered,3.0
684,161,2023-11-13T03:16:32,canceled,
685,162,2023-05-02T09:06:59,delivered,4.0
686,163,2023-08-03T15:52:13,delivered,1.0
687,163,2024-05-03T11:20:41,delivered,6.0
688,163,2023-09-07T10:29:40,shipped,
689,163,2023-08-29T08:36:05,delivered,3.0
690,164,2024-03-28T02:27:11,delivered,9.0
691,164,2024-11-17T04:31:10,delivered,1.0
692,165,2024-09-20T05:33:37,shipped,
693,165,2024-09-18T09:54:55,shipped,
694,165,2024-09-17T01:45:36,delivered,4.0
695,166,2024-11-17T20:53:37,delivered,17.0
696,167,2023-06-02T09:02:14,delivered,3.0
697,167,2024-03-02T04:56:53,delivered,1.0
698,167,2024-06-25T14:22:55,shipped,
699,167,2024-07-26T12:53:11,shipped,
700,167,2024-03-30T09:09:15,shipped,
701,168,2023-05-01T07:31:57,delivered,2.0
702,168,2024-12-02T15:00:55,delivered,4.0
703,168,2024-02-10T17:44:21,delivered,8.0
704,168,2023-08-22T16:22:54,shipped,
705,168,2024-01-28T14:25:51,delivered,2.0
706,168,2024-05-06T16:58:45,canceled,
707,168,2023-10-20T16:52:05,delivered,4.0
708,168,2023-07-06T10:45:21,delivered,2.0
709,169,2024-12-12T10:42:08,delivered,6.0
710,169,2024-11-06T17:27:23,delivered,5.0
711,169,2024-11-14T00:24:09,delivered,5.0
712,169,2024-11-05T18:33:02,delivered,13.0
713,169,2024-12-02T14:41:16,delivered,3.0
714,169,2024-11-22T13:23:50,delivered,6.0
715,169,2024-12-22T17:44:59,delivered,20.0
716,170,2024-12-23T18:25:15,delivered,2.0
717,170,2024-10-24T16:00:53,canceled,
718,170,2024-10-08T05:14:28,delivered,8.0
719,170,2024-11-07T10:02:24,delivered,3.0
720,170,2024-09-04T07:04:52,delivered,11.0
721,170,2024-12-19T20:41:13,delivered,3.0
722,170,2024-09-11T01:21:50,delivered,2.0
723,170,2024-09-26T17:03:01,delivered,10.0
724,171,2023-12-30T16:44:01,delivered,6.0
725,171,2024-03-31T21:00:34,shipped,
726,172,2024-01-04T21:28:23,shipped,
727,172,2024-04-05T08:14:08,delivered,5.0
728,172,2024-12-31T10:56:36,delivered,5.0
729,172,2024-04-17T03:52:38,delivered,2.0
730,173,2024-01-07T16:54:22,delivered,2.0
731,173,2024-05-17T13:12:58,delivered,7.0
732,174,2024-03-22T08:49:44,delivered,13.0
733,174,2024-03-14T11:25:50,delivered,3.0
734,174,2024-04-28T15:04:53,delivered,3.0
735,174,2024-10-18T14:25:49,shipped,
736,174,2024-06-09T10:25:47,delivered,3.0
737,175,2024-12-08T21:36:24,delivered,3.0
738,175,2024-11-23T00:18:32,delivered,4.0
739,175,2024-12-29T05:31:48,delivered,4.0
740,175,2024-11-26T10:36:37,delivered,1.0
741,176,2024-10-27T13:00:25,canceled,
742,176,2024-04-10T12:01:12,delivered,9.0
743,176,2024-09-13T00:00:27,delivered,3.0
744,176,2024-07-12T03:54:55,delivered,2.0
745,176,2024-07-30T02:36:35,shipped,
746,176,2024-09-28T18:44:47,delivered,6.0
747,176,2024-04-25T05:55:39,canceled,
748,177,2024-07-08T13:03:42,shipped,
749,177,2024-06-21T08:33:38,delivered,8.0
750,177,2024-07-13T05:24:53,canceled,
751,177,2023-12-30T02:08:20,shipped,
752,177,2024-01-23T05:26:12,canceled,
753,177,2024-11-06T11:38:56,shipped,
754,177,2024-06-16T04:27:51,canceled,
755,178,2024-09-02T11:00:55,canceled,
756,178,2023-02-13T13:15:37,delivered,5.0
757,178,2024-02-12T06:47:33,delivered,5.0
758,178,2023-12-07T16:22:11,delivered,6.0
759,178,2024-03-17T23:58:18,delivered,4.0
760,178,2023-06-27T09:07:26,delivered,1.0
761,178,2023-12-18T05:23:40,delivered,4.0
762,178,2023-10-21T07:21:50,canceled,
763,178,2023-01-19T22:59:36,delivered,6.0
764,179,2024-11-14T12:16:34,delivered,5.0
765,179,2024-12-01T07:20:38,delivered,1.0
766,180,2024-09-11T09:57:21,shipped,
767,180,2024-12-29T07:09:36,delivered,8.0
768,180,2024-12-08T19:55:12,delivered,6.0
769,180,2023-06-16T17:16:35,delivered,15.0
770,180,2024-12-26T20:49:19,delivered,6.0
771,180,2023-11-27T16:21:26,delivered,2.0
772,180,2024-11-26T09:15:10,delivered,13.0
773,180,2024-07-16T08:42:03,delivered,2.0
774,180,2023-06-29T09:57:45,shipped,
775,180,2024-06-12T00:35:42,shipped,
776,180,2024-12-17T01:51:50,delivered,4.0
777,181,2024-12-20T20:06:38,delivered,8.0
778,181,2024-10-11T20:24:59,canceled,
779,181,2024-11-20T23:53:16,delivered,10.0
780,181,2024-11-03T00:45:11,delivered,1.0
781,181,2024-09-08T06:09:14,canceled,
782,182,2024-08-06T15:07:50,delivered,5.0
783,182,2024-07-13T13:09:33,delivered,5.0
784,182,2024-10-18T19:58:36,canceled,
785,183,2023-05-19T08:43:18,delivered,9.0
786,183,2024-02-16T06:30:58,delivered,11.0
787,183,2024-11-13T16:56:27,shipped,
788,183,2023-08-09T12:58:15,delivered,6.0
789,183,2023-11-25T19:51:14,delivered,1.0
790,184,2024-12-06T03:08:47,delivered,4.0
791,184,2023-09-26T17:25:42,canceled,
792,184,2024-02-23T14:10:23,delivered,4.0
793,184,2023-10-15T06:05:57,delivered,7.0
794,185,2024-11-09T02:26:08,canceled,
795,185,2024-09-23T20:17:47,delivered,5.0
796,185,2024-04-24T01:31:40,delivered,3.0
797,186,2024-06-08T00:37:24,canceled,
798,186,2024-05-22T15:07:44,canceled,
799,186,2024-09-27T03:06:10,delivered,3.0
800,186,2023-10-28T17:14:13,delivered,5.0
801,186,2024-05-24T04:21:36,shipped,
802,186,2024-12-11T15:29:49,delivered,7.0
803,186,2023-10-29T09:24:13,delivered,3.0
804,186,2023-08-26T19:19:54,delivered,2.0
805,186,2024-04-13T14:48:49,delivered,14.0
806,186,2023-10-29T19:06:46,shipped,
807,187,2024-08-08T03:27:52,delivered,6.0
808,187,2024-12-06T02:52:13,delivered,10.0
809,187,2024-11-27T19:42:30,delivered,6.0
810,188,2024-12-15T19:52:53,delivered,2.0
811,188,2024-09-30T14:41:47,delivered,2.0
812,188,2024-12-21T01:53:42,delivered,6.0
813,188,2024-12-02T00:08:45,delivered,9.0
814,188,2024-11-08T19:43:56,delivered,9.0
815,189,2024-08-27T02:59:09,delivered,7.0
816,190,2024-11-20T22:58:05,delivered,2.0
817,190,2024-12-27T18:33:25,delivered,6.0
818,190,2024-12-17T09:57:03,shipped,
819,191,2024-08-09T08:39:43,delivered,6.0
820,191,2024-05-19T07:00:27,shipped,
821,192,2024-07-12T21:03:23,delivered,11.0
822,192,2024-02-03T23:36:18,shipped,
823,192,2024-07-06T21:30:29,delivered,7.0
824,193,2024-12-09T06:42:44,canceled,
825,193,2024-01-08T04:49:20,canceled,
826,194,2024-09-21T01:41:43,canceled,
827,195,2024-02-24T04:06:00,shipped,
828,195,2023-12-01T00:30:03,delivered,6.0
829,195,2024-10-10T23:35:29,delivered,5.0
830,196,2024-11-02T13:47:20,canceled,
831,196,2024-12-04T07:20:17,canceled,
832,196,2024-10-05T08:50:20,delivered,6.0
833,196,2024-09-17T09:10:44,delivered,5.0
834,196,2024-11-17T10:31:29,delivered,2.0
835,196,2024-09-29T10:19:11,delivered,7.0
836,196,2024-11-10T19:16:54,delivered,3.0
837,196,2024-12-08T10:02:05,delivered,6.0
838,196,2024-11-11T08:01:49,delivered,3.0
839,196,2024-10-11T23:29:30,delivered,2.0
840,197,2024-11-10T05:16:05,delivered,8.0
841,197,2024-04-26T03:35:54,delivered,2.0
842,197,2024-05-24T14:41:55,delivered,5.0
843,197,2024-02-10T08:46:57,delivered,11.0
844,198,2024-12-25T20:14:30,shipped,
845,198,2024-12-09T22:50:50,delivered,2.0
846,198,2024-12-21T15:16:54,shipped,
847,199,2024-01-01T03:56:56,canceled,
848,200,2024-11-26T15:28:05,delivered,6.0
849,200,2024-08-25T21:54:09,shipped,
850,200,2024-07-04T08:54:57,delivered,6.0
851,200,2024-09-12T08:46:50,shipped,
852,200,2024-10-05T00:35:53,canceled,
853,201,2024-09-22T04:59:16,delivered,10.0
854,202,2024-12-09T15:00:48,shipped,
855,202,2024-12-20T16:03:59,canceled,
856,202,2024-11-07T07:57:15,delivered,10.0
857,202,2024-11-15T23:24:41,shipped,
858,202,2024-12-28T04:19:28,delivered,2.0
859,202,2024-12-18T22:54:18,delivered,6.0
860,202,2024-10-11T17:49:26,delivered,7.0
861,203,2023-12-01T03:13:47,shipped,
862,203,2024-03-01T00:00:12,delivered,7.0
863,204,2024-04-11T20:15:13,canceled,
864,204,2023-04-13T22:50:09,shipped,
865,204,2023-06-29T05:42:52,delivered,4.0
866,205,2023-11-30T07:36:43,delivered,7.0
867,205,2024-08-16T08:12:53,shipped,
868,205,2024-03-15T15:43:19,delivered,2.0
869,206,2023-12-16T17:14:52,delivered,9.0
870,206,2024-09-10T15:18:16,delivered,6.0
871,207,2024-05-04T05:35:50,delivered,6.0
872,208,2024-12-27T18:56:31,canceled,
873,208,2024-12-28T16:29:42,delivered,9.0
874,208,2024-12-26T16:20:59,delivered,8.0
875,208,2024-12-28T09:28:28,shipped,
876,208,2024-12-23T07:08:45,delivered,10.0
877,208,2024-12-30T03:18:50,shipped,
878,209,2024-08-10T08:21:52,canceled,
879,209,2024-08-25T20:23:28,delivered,2.0
880,209,2024-08-10T18:51:29,delivered,9.0
881,210,2023-06-15T18:30:39,shipped,
882,211,2024-12-25T20:06:28,delivered,10.0
883,211,2024-12-16T09:30:28,delivered,11.0
884,211,2024-12-23T07:28:29,delivered,13.0
885,212,2024-12-18T16:06:19,delivered,13.0
886,212,2024-08-01T11:43:04,delivered,10.0
887,212,2024-10-06T01:05:26,delivered,3.0
888,212,2024-12-29T00:52:52,canceled,
889,212,2024-12-22T21:19:47,delivered,4.0
890,212,2024-08-06T15:58:57,shipped,
891,213,2024-12-01T22:01:21,delivered,9.0
892,213,2024-06-22T13:48:02,canceled,
893,213,2024-09-28T23:30:21,delivered,1.0
894,213,2024-11-04T19:39:40,delivered,6.0
895,213,2024-02-22T05:28:56,delivered,7.0
896,213,2024-11-27T01:32:45,delivered,6.0
897,213,2024-08-23T17:00:51,delivered,4.0
898,213,2024-12-04T12:25:59,delivered,3.0
899,214,2024-12-01T05:27:35,delivered,4.0
900,214,2024-11-01T05:26:05,delivered,6.0
901,214,2024-07-31T13:19:59,delivered,5.0
902,214,2024-10-23T01:31:28,shipped,
903,214,2024-08-01T14:48:31,delivered,4.0
904,214,2024-11-13T22:30:14,delivered,12.0
905,215,2024-12-10T06:43:37,delivered,5.0
906,215,2024-04-09T04:27:24,delivered,7.0
907,215,2024-12-11T00:10:51,delivered,2.0
908,215,2024-11-26T09:03:58,shipped,
909,216,2024-12-06T02:20:10,delivered,5.0
910,216,2024-03-27T22:32:23,canceled,
911,216,2023-08-05T18:59:43,shipped,
912,217,2024-06-14T14:50:30,delivered,13.0
913,217,2024-08-10T04:45:06,delivered,10.0
914,218,2024-08-09T07:47:12,delivered,6.0
915,218,2024-01-22T14:12:22,delivered,2.0
916,218,2024-03-22T12:54:48,delivered,2.0
917,218,2024-01-23T06:47:36,delivered,4.0
918,218,2024-07-08T12:22:35,shipped,
919,218,2024-01-13T03:04:49,delivered,2.0
920,218,2024-05-24T10:34:49,shipped,
921,218,2024-09-16T00:49:08,delivered,2.0
922,218,2024-09-14T18:53:13,delivered,6.0
923,218,2024-03-10T16:57:17,shipped,
924,218,2024-12-19T12:22:35,delivered,2.0
925,219,2024-12-12T07:36:25,delivered,3.0
926,219,2024-12-19T04:26:54,delivered,2.0
927,220,2024-11-18T03:26:36,canceled,
928,220,2024-12-29T04:30:23,shipped,
929,220,2024-11-28T21:36:07,delivered,2.0
930,221,2024-04-17T04:54:16,delivered,1.0
931,221,2024-01-18T14:48:20,delivered,8.0
932,221,2024-11-06T18:22:56,delivered,3.0
933,222,2024-09-07T03:28:12,delivered,10.0
934,222,2024-11-15T00:18:18,delivered,3.0
935,222,2024-12-17T03:53:11,delivered,4.0
936,222,2024-04-26T21:44:35,shipped,
937,222,2024-11-01T09:36:28,canceled,
938,222,2024-12-22T04:21:29,canceled,
939,223,2024-01-12T14:15:48,delivered,4.0
940,223,2023-08-06T02:46:34,delivered,2.0
941,223,2024-11-27T23:16:32,shipped,
942,223,2024-01-25T08:25:23,delivered,1.0
943,223,2023-07-05T21:21:21,delivered,3.0
944,223,2023-11-16T07:50:57,shipped,
945,223,2024-03-15T12:12:14,delivered,2.0
946,224,2023-07-23T10:42:08,delivered,2.0
947,224,2024-06-25T22:57:18,delivered,3.0
948,225,2024-11-05T14:23:58,delivered,6.0
949,225,2024-03-21T18:54:30,canceled,
950,226,2024-09-11T00:39:15,delivered,2.0
951,226,2024-07-06T14:13:15,delivered,3.0
952,227,2024-03-10T14:03:51,delivered,1.0
953,227,2024-06-13T03:38:20,delivered,8.0
954,228,2024-05-08T18:32:05,shipped,
955,228,2024-06-05T22:48:20,delivered,1.0
956,228,2024-08-14T07:40:37,shipped,
957,229,2024-12-23T20:11:23,delivered,2.0
958,229,2024-12-24T10:51:57,delivered,15.0
959,229,2024-12-21T14:50:06,delivered,3.0
960,230,2024-12-06T04:31:10,delivered,2.0
961,230,2024-02-05T22:03:07,delivered,2.0
962,231,2024-09-21T02:21:38,delivered,1.0
963,231,2024-04-30T16:29:49,delivered,1.0
964,231,2024-10-02T22:47:26,delivered,1.0
965,231,2024-07-10T20:07:23,canceled,
966,231,2024-09-26T16:36:35,delivered,4.0
967,231,2024-09-10T13:19:56,shipped,
968,232,2024-04-03T05:20:58,delivered,2.0
969,233,2024-09-06T11:16:19,shipped,
970,233,2024-04-02T06:22:33,delivered,6.0
971,233,2024-04-17T10:43:11,delivered,8.0
972,233,2024-10-08T20:23:00,delivered,2.0
973,234,2024-06-02T17:13:14,delivered,1.0
974,234,2024-12-31T01:06:40,canceled,
975,234,2024-01-27T20:26:57,canceled,
976,234,2024-06-27T08:01:27,delivered,2.0
977,234,2023-12-24T18:56:24,delivered,8.0
978,235,2023-11-12T00:06:42,delivered,2.0
979,235,2023-06-19T20:37:01,shipped,
980,235,2023-06-24T14:47:25,shipped,
981,235,2023-06-24T15:48:24,canceled,
982,235,2024-08-10T13:55:26,shipped,
983,236,2024-03-21T07:53:14,delivered,3.0
984,236,2024-04-27T06:55:41,shipped,
985,236,2024-04-14T09:10:21,delivered,2.0
986,236,2024-04-29T08:45:36,shipped,
987,236,2024-10-30T09:53:58,canceled,
988,237,2024-12-12T05:58:47,delivered,9.0
989,237,2024-07-02T15:48:37,shipped,
990,238,2023-11-14T02:00:28,delivered,6.0
991,238,2024-06-26T07:21:24,delivered,7.0
992,238,2024-12-07T00:55:40,delivered,7.0
993,238,2023-11-10T22:17:04,canceled,
994,239,2024-11-28T01:58:40,delivered,6.0
995,239,2024-12-23T07:07:56,shipped,
996,240,2024-12-31T05:13:48,delivered,7.0
997,240,2024-07-06T09:50:05,delivered,4.0
998,240,2024-12-16T10:14:56,delivered,7.0
999,240,2024-09-07T14:59:15,canceled,
1000,240,2024-02-23T20:13:25,delivered,3.0
1001,240,2024-10-13T13:59:53,delivered,1.0
1002,240,2024-12-18T02:25:54,delivered,2.0
1003,240,2024-06-27T02:26:42,delivered,4.0
1004,240,2024-04-21T11:26:22,delivered,5.0
1005,241,2024-05-30T14:36:40,delivered,5.0
1006,241,2024-02-28T03:42:04,delivered,2.0
1007,242,2024-07-04T08:39:51,shipped,
1008,242,2024-08-19T18:02:58,shipped,
1009,242,2023-12-08T16:17:33,delivered,3.0
1010,242,2024-03-08T09:38:01,shipped,
1011,242,2024-12-11T11:45:39,delivered,9.0
1012,242,2024-10-02T01:33:56,delivered,1.0
1013,242,2023-06-22T08:36:39,delivered,3.0
1014,243,2024-10-25T19:26:56,delivered,1.0
1015,243,2024-11-24T18:41:31,delivered,14.0
1016,244,2024-08-21T03:21:33,delivered,10.0
1017,244,2023-11-20T22:52:28,delivered,3.0
1018,245,2024-06-24T06:14:54,shipped,
1019,245,2024-07-13T08:30:53,delivered,4.0
1020,245,2024-10-25T08:50:54,delivered,1.0
1021,246,2024-07-15T20:50:28,delivered,1.0
1022,246,2024-12-23T23:10:47,delivered,3.0
1023,246,2024-05-19T16:30:50,delivered,6.0
1024,246,2024-11-29T08:35:26,delivered,4.0
1025,246,2024-03-27T13:17:32,delivered,13.0
1026,246,2024-06-15T06:34:11,delivered,4.0
1027,246,2024-06-09T03:08:16,delivered,1.0
1028,247,2024-07-04T03:49:09,canceled,
1029,247,2024-11-27T02:39:10,shipped,
1030,248,2024-09-21T20:46:32,delivered,5.0
1031,249,2024-08-08T21:37:59,delivered,10.0
1032,250,2024-10-12T15:39:15,shipped,
1033,250,2024-12-30T00:35:18,delivered,17.0
1034,250,2024-10-10T19:44:38,delivered,11.0
1035,250,2024-10-16T18:28:20,delivered,12.0
1036,251,2024-07-26T18:38:55,shipped,
1037,251,2024-05-09T01:18:12,canceled,
1038,252,2024-12-30T14:37:25,delivered,8.0
1039,252,2024-12-31T06:47:59,delivered,4.0
1040,252,2024-12-29T02:50:22,shipped,
1041,252,2024-12-29T22:13:30,shipped,
1042,252,2024-12-30T20:55:13,delivered,3.0
1043,252,2024-12-27T04:42:52,delivered,14.0
1044,252,2024-12-31T01:23:24,canceled,
1045,253,2023-01-02T14:30:44,canceled,
1046,254,2024-12-12T08:38:47,delivered,2.0
1047,254,2024-07-12T13:07:12,delivered,3.0
1048,254,2024-12-27T16:37:32,shipped,
1049,254,2024-08-16T10:10:47,shipped,
1050,254,2024-10-08T09:46:09,delivered,3.0
1051,254,2024-12-08T10:42:36,delivered,1.0
1052,254,2024-11-29T09:48:11,delivered,1.0
1053,255,2024-10-27T03:45:13,delivered,11.0
1054,255,2024-12-23T11:56:15,delivered,5.0
1055,256,2024-02-27T14:09:57,delivered,16.0
1056,256,2024-11-05T08:04:12,canceled,
1057,256,2024-09-05T22:08:03,canceled,
1058,256,2024-08-10T03:52:01,shipped,
1059,256,2024-08-25T09:34:12,delivered,7.0
1060,256,2023-03-29T22:12:18,delivered,1.0
1061,256,2024-01-01T09:31:42,delivered,2.0
1062,257,2024-12-18T04:22:05,canceled,
1063,258,2024-12-10T21:48:32,delivered,5.0
1064,258,2024-12-01T21:11:20,delivered,2.0
1065,258,2024-12-03T07:39:09,delivered,8.0
1066,258,2024-12-09T03:54:53,delivered,6.0
1067,259,2024-02-22T06:19:02,delivered,7.0
1068,259,2024-11-10T19:05:50,delivered,3.0
1069,260,2024-04-23T01:40:02,delivered,1.0
1070,261,2024-02-15T23:25:20,delivered,2.0
1071,261,2024-01-14T01:16:52,delivered,3.0
1072,261,2024-11-21T21:32:39,shipped,
1073,261,2024-08-01T00:14:41,delivered,5.0
1074,261,2024-08-20T19:10:46,shipped,
1075,262,2024-12-19T04:58:57,delivered,2.0
1076,262,2024-12-27T15:08:56,delivered,4.0
1077,262,2024-12-27T16:22:33,shipped,
1078,262,2024-12-24T18:34:34,delivered,3.0
1079,262,2024-12-24T21:25:12,delivered,4.0
1080,262,2024-12-24T22:20:32,delivered,3.0
1081,262,2024-12-17T03:01:16,canceled,
1082,262,2024-12-24T00:55:28,delivered,6.0
1083,263,2024-07-31T01:33:39,delivered,8.0
1084,263,2024-09-17T21:20:51,canceled,
1085,263,2024-08-08T08:36:28,delivered,1.0
1086,264,2023-11-11T11:52:06,delivered,3.0
1087,264,2024-02-09T23:03:43,canceled,
1088,264,2024-05-01T11:02:29,delivered,4.0
1089,264,2024-11-29T05:14:43,delivered,2.0
1090,264,2024-09-21T16:20:51,canceled,
1091,264,2024-05-10T23:24:58,delivered,4.0
1092,265,2024-12-04T18:45:43,canceled,
1093,265,2024-12-04T10:28:57,delivered,2.0
1094,265,2024-11-24T06:17:38,canceled,
1095,265,2024-11-23T02:17:26,delivered,1.0
1096,265,2024-11-11T22:49:30,delivered,1.0
1097,265,2024-12-28T00:17:43,delivered,4.0
1098,266,2024-12-25T05:49:51,delivered,1.0
1099,266,2024-11-25T19:23:17,delivered,1.0
1100,266,2024-11-29T16:36:12,delivered,5.0
1101,267,2024-11-22T16:54:11,delivered,5.0
1102,267,2024-12-02T22:51:18,delivered,1.0
1103,268,2023-11-21T11:50:55,delivered,19.0
1104,268,2024-12-06T16:30:50,delivered,12.0
1105,268,2024-08-12T06:36:49,canceled,
1106,269,2024-08-14T23:29:56,delivered,1.0
1107,269,2024-09-08T07:13:14,delivered,11.0
1108,270,2024-08-23T23:51:44,shipped,
1109,270,2023-11-22T11:51:46,delivered,3.0
1110,271,2024-03-10T14:59:53,delivered,2.0
1111,271,2024-07-03T23:55:46,shipped,
1112,271,2023-12-29T08:36:32,delivered,1.0
1113,272,2024-10-07T11:39:29,shipped,
1114,272,2024-12-12T17:57:11,delivered,3.0
1115,272,2024-08-21T20:47:27,delivered,5.0
1116,273,2024-12-22T18:08:09,shipped,
1117,273,2024-12-28T16:16:06,shipped,
1118,274,2024-06-07T20:47:27,delivered,8.0
1119,274,2024-07-14T08:58:27,canceled,
1120,274,2024-08-26T04:05:47,delivered,1.0
1121,275,2024-12-18T08:50:54,delivered,11.0
1122,275,2024-05-17T04:54:17,delivered,7.0
1123,275,2024-07-02T06:18:30,delivered,12.0
1124,275,2024-11-21T18:52:57,shipped,
1125,275,2024-09-22T07:40:01,canceled,
1126,275,2024-10-04T18:43:34,delivered,3.0
1127,276,2024-09-15T02:12:59,delivered,1.0
1128,276,2024-08-23T08:36:10,delivered,1.0
1129,276,2024-12-27T20:53:35,delivered,14.0
1130,276,2024-07-18T07:38:51,canceled,
1131,276,2024-06-30T00:49:53,delivered,4.0
1132,277,2024-06-13T00:52:29,delivered,9.0
1133,277,2024-11-27T07:01:17,delivered,4.0
1134,277,2024-10-16T03:00:32,delivered,3.0
1135,277,2023-10-18T05:17:09,delivered,3.0
1136,277,2023-11-25T04:12:26,delivered,7.0
1137,277,2024-10-06T14:55:54,delivered,1.0
1138,277,2023-09-22T04:13:15,delivered,6.0
1139,277,2023-07-25T16:15:22,delivered,7.0
1140,277,2024-12-15T15:56:01,delivered,3.0
1141,278,2023-11-02T01:20:52,delivered,4.0
1142,278,2024-03-07T07:35:15,shipped,
1143,279,2024-11-24T10:58:33,shipped,
1144,279,2024-08-22T00:49:36,shipped,
1145,279,2024-07-16T12:16:31,delivered,13.0
1146,279,2024-11-10T10:26:20,delivered,11.0
1147,279,2024-11-09T07:03:02,canceled,
1148,280,2024-11-09T13:51:12,delivered,14.0
1149,280,2024-09-26T07:48:50,canceled,
1150,280,2024-12-11T12:34:11,delivered,4.0
1151,280,2024-10-08T08:19:57,delivered,7.0
1152,281,2024-06-13T13:04:16,shipped,
1153,281,2023-11-09T00:59:04,delivered,7.0
1154,281,2023-09-12T00:56:01,delivered,1.0
1155,281,2024-06-11T04:28:56,delivered,8.0
1156,281,2024-01-15T02:11:44,delivered,1.0
1157,281,2024-06-20T15:31:02,shipped,
1158,281,2023-08-13T10:14:43,shipped,
1159,281,2024-03-21T11:37:49,delivered,6.0
1160,282,2024-12-29T23:22:33,delivered,3.0
1161,282,2024-11-26T00:36:49,shipped,
1162,282,2024-12-25T23:17:44,delivered,1.0
1163,282,2024-12-08T22:40:45,delivered,3.0
1164,282,2024-12-11T13:32:34,delivered,18.0
1165,282,2024-12-19T03:52:29,delivered,6.0
1166,282,2024-12-16T00:05:58,delivered,2.0
1167,282,2024-11-26T18:43:14,delivered,2.0
1168,282,2024-12-15T20:09:53,delivered,1.0
1169,282,2024-11-24T17:48:12,delivered,4.0
1170,283,2023-08-25T18:49:04,delivered,3.0
1171,284,2024-08-31T03:54:37,delivered,1.0
1172,284,2023-09-18T12:28:40,canceled,
1173,285,2023-05-14T07:07:02,shipped,
1174,285,2024-06-04T08:20:40,delivered,2.0
1175,285,2024-08-13T10:01:56,delivered,5.0
1176,285,2023-08-15T04:09:29,canceled,
1177,285,2024-05-07T06:36:59,delivered,3.0
1178,286,2024-07-30T16:16:05,delivered,10.0
1179,287,2024-08-05T01:04:50,delivered,5.0
1180,287,2023-10-07T22:05:55,delivered,6.0
1181,287,2023-12-01T15:55:40,delivered,3.0
1182,287,2023-08-04T17:17:39,delivered,3.0
1183,288,2024-10-03T03:38:49,delivered,4.0
1184,289,2024-08-29T04:14:27,delivered,1.0
1185,289,2024-12-09T04:31:35,delivered,6.0
1186,289,2024-12-31T02:28:25,canceled,
1187,290,2024-12-22T20:54:17,delivered,7.0
1188,290,2024-12-16T11:31:46,delivered,2.0
1189,290,2024-12-30T01:22:47,shipped,
1190,290,2024-12-29T14:22:53,shipped,
1191,290,2024-12-21T23:35:38,delivered,6.0
1192,290,2024-12-17T15:05:39,delivered,9.0
1193,291,2024-06-16T14:57:35,delivered,5.0
1194,291,2024-09-22T10:26:12,delivered,7.0
1195,292,2024-01-12T08:29:38,delivered,5.0
1196,292,2023-12-23T18:45:52,canceled,
1197,292,2024-02-02T21:13:17,shipped,
1198,293,2024-11-30T00:32:01,delivered,2.0
1199,293,2024-11-29T05:04:53,delivered,4.0
1200,293,2024-12-29T19:40:51,delivered,4.0
1201,294,2023-05-18T22:58:03,canceled,
1202,295,2024-12-01T19:52:12,delivered,2.0
1203,295,2024-08-31T22:23:56,shipped,
1204,295,2024-09-15T21:17:19,delivered,9.0
1205,295,2023-09-24T16:10:55,delivered,10.0
1206,296,2024-12-31T10:33:00,canceled,
1207,296,2024-12-15T19:54:06,delivered,9.0
1208,297,2024-06-20T16:25:51,delivered,5.0
1209,297,2024-08-17T20:47:33,delivered,4.0
1210,298,2024-07-26T19:37:40,delivered,13.0
1211,298,2024-10-13T17:13:53,canceled,
1212,299,2023-07-31T10:54:23,shipped,
1213,299,2024-10-09T18:11:34,canceled,
1214,299,2023-10-21T21:50:30,canceled,
1215,299,2024-06-09T21:03:57,canceled,
1216,300,2024-09-16T23:08:01,delivered,2.0
1217,300,2024-01-06T04:17:35,delivered,4.0
1218,300,2024-12-31T15:25:11,delivered,6.0
1219,300,2024-12-02T23:23:11,delivered,1.0
1220,300,2024-04-22T13:44:24,delivered,1.0
1221,300,2024-06-27T06:36:59,delivered,6.0
1222,300,2024-07-21T23:17:20,delivered,5.0
1223,300,2024-11-26T09:03:11,canceled,
1224,300,2024-08-22T18:37:49,delivered,4.0
1225,300,2023-10-20T20:25:09,delivered,9.0
1226,301,2024-12-06T21:07:01,delivered,3.0
1227,301,2024-12-18T19:54:18,delivered,2.0
1228,301,2024-12-01T19:27:53,delivered,5.0
1229,301,2024-12-23T01:29:45,delivered,10.0
1230,301,2024-12-14T05:30:36,shipped,
1231,302,2024-10-10T02:41:20,delivered,7.0
1232,302,2024-09-27T13:01:30,canceled,
1233,302,2024-09-05T07:26:53,canceled,
1234,302,2024-07-26T12:26:31,delivered,3.0
1235,302,2024-09-29T11:41:42,shipped,
1236,302,2024-07-31T06:01:42,delivered,6.0
1237,302,2024-10-11T18:02:38,delivered,5.0
1238,302,2024-11-12T11:34:25,canceled,
1239,303,2024-02-27T10:31:39,delivered,3.0
1240,303,2024-12-11T17:37:50,canceled,
1241,303,2024-09-09T19:54:06,canceled,
1242,303,2024-11-28T00:06:13,delivered,1.0
1243,304,2024-09-29T16:07:25,delivered,7.0
1244,304,2024-10-02T08:14:44,delivered,6.0
1245,305,2024-09-20T09:38:57,shipped,
1246,305,2024-07-17T21:10:53,delivered,7.0
1247,306,2024-09-07T18:26:57,delivered,6.0
1248,307,2024-12-08T03:17:15,delivered,4.0
1249,307,2024-07-20T01:47:41,delivered,9.0
1250,307,2024-10-01T06:34:29,delivered,3.0
1251,307,2024-07-03T13:53:22,canceled,
1252,307,2024-08-30T02:51:43,delivered,6.0
1253,307,2024-09-15T20:12:56,delivered,3.0
1254,308,2023-11-26T03:38:28,shipped,
1255,308,2024-07-25T02:01:55,delivered,6.0
1256,308,2024-07-23T23:53:11,canceled,
1257,308,2024-07-16T09:06:36,delivered,3.0
1258,308,2024-04-02T09:58:30,canceled,
1259,308,2024-03-08T15:52:01,delivered,3.0
1260,309,2024-11-22T11:27:34,delivered,4.0
1261,309,2024-12-21T01:03:45,shipped,
1262,309,2024-11-23T08:02:11,delivered,6.0
1263,309,2024-10-17T15:28:45,delivered,4.0
1264,309,2024-11-16T14:43:30,delivered,3.0
1265,310,2024-08-03T15:14:44,delivered,5.0
1266,311,2024-11-22T23:01:59,delivered,2.0
1267,311,2024-10-09T00:20:00,canceled,
1268,311,2024-11-26T05:50:06,delivered,13.0
1269,312,2024-01-09T16:27:14,delivered,2.0
1270,312,2024-03-16T14:36:30,delivered,3.0
1271,312,2024-04-25T01:00:37,delivered,4.0
1272,313,2023-06-23T13:33:45,shipped,
1273,313,2023-05-21T00:13:22,shipped,
1274,313,2024-08-30T14:25:15,delivered,3.0
1275,313,2023-06-10T06:17:40,shipped,
1276,313,2024-06-17T00:29:45,delivered,4.0
1277,313,2023-09-05T23:15:01,delivered,3.0
1278,314,2024-12-11T05:59:37,delivered,2.0
1279,314,2024-09-08T17:25:47,delivered,3.0
1280,314,2024-06-25T14:02:56,shipped,
1281,314,2024-03-04T09:38:18,shipped,
1282,315,2024-11-17T20:17:51,canceled,
1283,315,2024-04-17T13:10:51,delivered,6.0
1284,315,2024-07-16T09:15:53,delivered,2.0
1285,316,2024-08-13T07:09:56,delivered,6.0
1286,316,2024-11-21T22:23:00,canceled,
1287,316,2024-12-12T03:05:23,delivered,3.0
1288,316,2024-09-20T23:29:09,canceled,
1289,317,2023-11-08T17:48:51,delivered,10.0
1290,317,2024-06-13T06:10:45,delivered,2.0
1291,317,2023-07-29T22:05:26,delivered,6.0
1292,317,2024-02-07T11:58:36,canceled,
1293,318,2023-09-10T14:04:34,shipped,
1294,318,2024-02-07T19:51:16,shipped,
1295,318,2024-11-24T08:21:12,delivered,22.0
1296,318,2024-11-06T23:05:48,canceled,
1297,318,2023-09-29T14:25:48,delivered,6.0
1298,319,2024-12-22T06:16:17,delivered,7.0
1299,319,2024-12-19T09:32:06,delivered,1.0
1300,319,2024-12-22T02:24:05,delivered,3.0
1301,319,2024-12-28T03:54:04,delivered,2.0
1302,319,2024-12-21T08:46:18,canceled,
1303,319,2024-12-15T19:32:17,delivered,6.0
1304,319,2024-12-19T19:37:10,canceled,
1305,319,2024-12-30T20:40:35,shipped,
1306,319,2024-12-30T02:13:05,delivered,7.0
1307,319,2024-12-15T17:27:08,delivered,4.0
1308,320,2024-12-30T08:28:00,delivered,11.0
1309,320,2024-12-30T09:11:53,delivered,11.0
1310,320,2024-12-27T21:34:06,delivered,8.0
1311,320,2024-12-25T05:29:45,delivered,2.0
1312,320,2024-12-31T01:05:43,delivered,5.0
1313,320,2024-12-27T06:16:37,shipped,
1314,321,2024-10-18T20:16:53,delivered,4.0
1315,321,2023-07-04T00:32:33,delivered,5.0
1316,321,2024-05-24T13:48:49,delivered,6.0
1317,321,2024-12-12T21:43:52,canceled,
1318,322,2024-09-06T04:25:51,delivered,2.0
1319,322,2024-05-28T13:34:06,delivered,10.0
1320,322,2024-06-21T20:08:07,delivered,10.0
1321,322,2024-04-05T21:28:04,shipped,
1322,322,2024-07-12T15:19:59,shipped,
1323,322,2024-04-12T01:16:10,delivered,3.0
1324,322,2024-03-01T16:38:25,delivered,2.0
1325,322,2024-07-13T11:59:38,canceled,
1326,322,2024-03-31T12:03:58,delivered,2.0
1327,323,2024-10-16T15:22:03,delivered,5.0
1328,323,2024-12-21T14:18:29,delivered,11.0
1329,323,2024-08-01T08:11:04,delivered,21.0
1330,323,2024-09-29T03:39:42,delivered,4.0
1331,324,2024-10-27T01:31:39,shipped,
1332,324,2024-10-01T19:57:38,delivered,5.0
1333,325,2024-09-17T05:48:00,delivered,1.0
1334,326,2024-10-30T08:31:21,shipped,
1335,326,2024-12-27T17:40:08,shipped,
1336,326,2024-09-09T06:34:32,delivered,6.0
1337,326,2024-09-22T13:43:41,delivered,2.0
1338,327,2024-12-15T04:49:53,delivered,8.0
1339,327,2024-12-24T16:32:59,canceled,
1340,327,2024-12-18T13:50:25,delivered,4.0
1341,327,2024-12-31T13:25:05,delivered,1.0
1342,328,2024-11-12T12:13:09,shipped,
1343,328,2024-09-16T17:46:39,delivered,2.0
1344,329,2024-11-23T23:28:58,shipped,
1345,329,2024-08-14T05:00:57,delivered,1.0
1346,329,2024-10-04T17:23:10,delivered,7.0
1347,329,2024-10-31T09:37:26,canceled,
1348,329,2024-06-05T03:49:53,shipped,
1349,329,2024-12-02T01:39:06,delivered,2.0
1350,330,2023-12-28T21:02:36,delivered,2.0
1351,330,2024-09-06T00:00:07,canceled,
1352,331,2024-12-23T14:32:16,delivered,7.0
1353,331,2024-08-31T10:00:59,delivered,5.0
1354,331,2024-10-01T06:28:01,shipped,
1355,331,2024-07-20T10:11:39,delivered,3.0
1356,332,2024-11-14T06:39:15,delivered,5.0
1357,333,2024-10-09T03:16:48,delivered,4.0
1358,333,2024-11-17T13:35:08,delivered,3.0
1359,333,2024-11-19T23:21:20,canceled,
1360,333,2024-09-16T03:19:48,delivered,5.0
1361,333,2024-11-26T06:28:50,delivered,3.0
1362,334,2024-12-08T23:55:06,delivered,8.0
1363,334,2024-11-21T01:35:17,canceled,
1364,334,2024-12-09T16:02:28,delivered,5.0
1365,334,2024-05-25T01:11:42,delivered,1.0
1366,335,2024-03-15T00:32:07,delivered,1.0
1367,335,2024-06-21T20:53:55,delivered,6.0
1368,335,2024-03-05T08:15:53,canceled,
1369,335,2024-06-02T15:02:39,shipped,
1370,335,2024-08-06T09:21:37,delivered,6.0
1371,336,2024-08-25T03:12:26,shipped,
1372,336,2024-06-17T17:15:45,delivered,9.0
1373,337,2024-03-10T01:17:35,delivered,8.0
1374,337,2024-05-06T02:30:07,delivered,5.0
1375,338,2024-12-31T13:06:18,delivered,14.0
1376,338,2024-12-06T05:30:42,delivered,2.0
1377,338,2024-12-02T19:52:02,delivered,6.0
1378,338,2024-11-27T21:25:07,shipped,
1379,338,2024-12-04T19:43:53,shipped,
1380,338,2024-11-29T13:55:51,canceled,
1381,338,2024-12-04T14:46:41,delivered,7.0
1382,339,2024-09-15T10:04:27,canceled,
1383,339,2024-06-21T16:20:49,shipped,
1384,339,2024-07-29T05:48:20,delivered,10.0
1385,339,2023-07-23T19:41:29,delivered,1.0
1386,340,2023-06-08T21:50:54,delivered,1.0
1387,340,2023-08-04T03:38:42,delivered,7.0
1388,340,2023-05-30T05:10:54,delivered,5.0
1389,341,2024-10-07T01:57:55,canceled,
1390,341,2024-08-12T23:04:39,delivered,7.0
1391,341,2024-08-28T11:28:24,delivered,12.0
1392,342,2024-03-21T04:55:25,delivered,2.0
1393,342,2024-11-23T13:00:37,delivered,7.0
1394,342,2024-03-04T02:52:26,delivered,8.0
1395,342,2024-05-11T12:38:05,canceled,
1396,343,2024-11-20T23:04:22,shipped,
1397,343,2024-08-11T17:55:28,delivered,6.0
1398,343,2024-09-02T16:52:57,shipped,
1399,343,2024-12-29T13:19:52,canceled,
1400,344,2023-11-18T02:23:39,delivered,8.0
1401,344,2024-12-22T07:52:21,delivered,4.0
1402,345,2024-03-15T10:06:03,delivered,24.0
1403,345,2024-07-01T15:35:52,delivered,3.0
1404,345,2024-08-06T02:20:42,delivered,5.0
1405,346,2024-08-08T23:48:33,delivered,9.0
1406,346,2024-07-15T19:51:32,delivered,4.0
1407,346,2024-10-08T05:20:03,delivered,1.0
1408,346,2024-05-17T14:50:19,delivered,8.0
1409,346,2024-04-26T14:28:58,shipped,
1410,346,2024-05-17T02:40:58,shipped,
1411,347,2023-11-17T01:36:18,canceled,
1412,347,2024-07-17T09:43:23,canceled,
1413,347,2023-10-02T07:03:27,shipped,
1414,347,2023-10-09T00:44:48,delivered,2.0
1415,347,2024-01-29T11:56:43,delivered,4.0
1416,348,2024-01-29T02:39:12,delivered,7.0
1417,348,2024-06-02T04:44:00,delivered,2.0
1418,348,2024-10-25T09:16:33,delivered,2.0
1419,348,2024-12-27T20:51:02,canceled,
1420,349,2024-03-18T11:12:12,delivered,7.0
1421,349,2023-09-06T20:48:03,delivered,13.0
1422,349,2023-09-21T12:58:03,delivered,4.0
1423,349,2024-10-01T18:35:03,delivered,6.0
1424,350,2024-01-29T03:13:04,delivered,14.0
1425,350,2024-02-08T22:26:15,delivered,5.0
1426,350,2024-07-21T12:09:48,shipped,
1427,350,2024-09-15T06:46:28,delivered,3.0
1428,350,2024-12-29T15:25:08,delivered,4.0
1429,350,2024-11-08T06:31:25,delivered,2.0
1430,351,2024-07-31T12:52:43,shipped,
1431,351,2024-11-24T04:35:25,delivered,7.0
1432,351,2024-04-15T08:12:56,canceled,
1433,352,2024-03-10T06:35:15,delivered,7.0
1434,352,2024-04-26T23:33:28,shipped,
1435,352,2024-09-03T19:05:38,delivered,8.0
1436,352,2024-09-10T20:35:26,delivered,4.0
1437,353,2024-08-21T15:53:36,delivered,12.0
1438,353,2024-10-08T02:58:09,canceled,
1439,353,2024-02-08T20:42:56,canceled,
1440,353,2023-09-12T03:25:46,delivered,7.0
1441,353,2023-05-15T12:22:01,delivered,4.0
1442,353,2023-11-01T02:26:43,shipped,
1443,353,2023-08-30T18:30:52,shipped,
1444,354,2024-06-24T10:03:10,delivered,8.0
1445,354,2023-03-15T23:56:01,delivered,13.0
1446,354,2024-05-22T05:55:00,delivered,3.0
1447,354,2024-10-10T10:43:26,shipped,
1448,354,2023-09-11T04:55:30,canceled,
1449,354,2023-03-21T09:10:25,delivered,1.0
1450,354,2023-11-01T23:50:30,delivered,1.0
1451,355,2024-08-13T03:59:39,delivered,8.0
1452,355,2024-10-31T07:08:47,canceled,
1453,355,2023-07-02T22:50:21,canceled,
1454,355,2023-03-31T23:05:05,delivered,9.0
1455,355,2023-07-25T07:58:27,delivered,2.0
1456,355,2024-02-25T04:37:51,canceled,
1457,355,2023-10-30T13:34:40,canceled,
1458,355,2023-07-06T18:19:33,delivered,2.0
1459,356,2024-03-13T09:13:42,delivered,12.0
1460,356,2024-10-13T02:05:28,delivered,1.0
1461,356,2024-03-08T21:16:59,delivered,2.0
1462,356,2024-09-14T02:35:11,canceled,
1463,357,2024-11-13T03:15:51,delivered,6.0
1464,357,2023-05-26T17:06:01,delivered,2.0
1465,357,2023-08-21T21:11:29,canceled,
1466,357,2023-04-10T09:35:59,delivered,5.0
1467,357,2023-12-19T02:26:06,shipped,
1468,358,2024-09-14T02:57:17,delivered,2.0
1469,358,2023-02-25T18:14:38,delivered,4.0
1470,358,2024-04-13T14:19:04,delivered,8.0
1471,358,2023-10-08T14:20:42,delivered,8.0
1472,359,2024-02-13T21:09:40,delivered,4.0
1473,359,2023-09-29T16:03:19,delivered,3.0
1474,360,2023-08-02T08:10:54,shipped,
1475,360,2024-02-10T06:05:25,delivered,6.0
1476,360,2024-02-19T04:54:14,delivered,3.0
1477,361,2024-04-03T05:20:48,delivered,9.0
1478,361,2023-10-24T12:30:26,canceled,
1479,361,2024-04-29T09:42:17,canceled,
1480,361,2024-11-14T18:41:11,canceled,
1481,362,2023-06-19T19:26:06,canceled,
1482,362,2023-08-18T22:40:28,delivered,6.0
1483,362,2023-08-04T23:57:27,shipped,
1484,362,2023-12-21T07:19:07,shipped,
1485,362,2023-09-24T10:15:27,delivered,5.0
1486,363,2024-12-09T02:05:50,delivered,2.0
1487,363,2024-11-18T08:46:13,delivered,3.0
1488,364,2024-12-13T18:11:11,delivered,6.0
1489,365,2024-06-28T13:27:49,delivered,11.0
1490,365,2024-10-10T09:46:41,delivered,11.0
1491,365,2024-11-11T09:46:00,canceled,
1492,366,2024-04-24T13:07:30,delivered,6.0
1493,366,2024-11-12T18:18:21,delivered,4.0
1494,366,2024-02-22T06:26:50,delivered,3.0
1495,366,2024-07-01T22:30:45,delivered,1.0
1496,367,2024-10-05T14:31:50,shipped,
1497,367,2024-10-29T20:57:40,delivered,10.0
1498,368,2023-10-31T04:06:30,delivered,1.0
1499,368,2023-12-29T13:23:46,canceled,
1500,368,2023-08-27T09:40:25,delivered,2.0
1501,368,2024-02-14T01:54:59,canceled,
1502,368,2024-11-05T21:14:43,delivered,11.0
1503,368,2023-08-25T10:57:32,delivered,3.0
1504,368,2024-08-08T08:13:42,delivered,1.0
1505,369,2024-08-14T23:30:22,canceled,
1506,369,2024-07-25T19:19:36,delivered,6.0
1507,370,2024-11-17T19:59:16,delivered,15.0
1508,370,2024-10-25T11:35:24,delivered,6.0
1509,370,2024-10-25T06:24:57,delivered,3.0
1510,370,2024-12-10T09:27:27,delivered,3.0
1511,370,2024-08-27T04:05:36,delivered,4.0
1512,370,2024-08-21T19:15:41,delivered,6.0
1513,370,2024-12-06T16:51:00,delivered,2.0
1514,370,2024-11-05T14:48:31,delivered,2.0
1515,370,2024-10-25T02:15:19,canceled,
1516,371,2024-12-10T22:54:43,canceled,
1517,371,2023-11-28T13:22:47,delivered,5.0
1518,371,2023-12-09T01:19:26,delivered,4.0
1519,372,2024-12-05T04:39:40,delivered,5.0
1520,373,2024-04-12T15:29:20,delivered,5.0
1521,373,2024-11-30T04:29:36,delivered,8.0
1522,373,2024-12-28T03:09:42,delivered,5.0
1523,373,2024-05-22T04:25:41,delivered,1.0
1524,373,2024-02-24T21:52:45,canceled,
1525,374,2024-03-05T04:39:13,canceled,
1526,374,2024-12-08T12:49:29,canceled,
1527,375,2024-12-12T06:09:08,delivered,4.0
1528,375,2024-12-22T08:15:32,canceled,
1529,376,2024-12-06T19:00:47,shipped,
1530,376,2024-05-05T08:05:05,delivered,2.0
1531,376,2024-04-11T03:10:17,shipped,
1532,377,2024-12-26T03:20:11,delivered,11.0
1533,377,2024-12-30T06:49:27,delivered,4.0
1534,377,2024-12-30T05:46:01,delivered,2.0
1535,377,2024-12-29T04:32:22,delivered,14.0
1536,377,2024-12-31T08:05:32,shipped,
1537,377,2024-12-27T09:32:39,shipped,
1538,378,2024-12-16T07:17:34,delivered,6.0
1539,379,2023-09-29T07:38:21,delivered,5.0
1540,379,2023-10-16T18:30:31,delivered,13.0
1541,379,2024-02-27T09:14:20,delivered,7.0
1542,380,2024-09-13T05:37:02,canceled,
1543,380,2024-11-19T06:42:14,delivered,4.0
1544,380,2023-08-18T22:29:53,delivered,3.0
1545,380,2024-03-16T08:49:11,canceled,
1546,380,2024-06-16T08:54:25,delivered,8.0
1547,380,2023-04-09T09:53:13,delivered,8.0
1548,381,2024-09-17T08:20:30,shipped,
1549,381,2024-09-19T05:24:23,delivered,4.0
1550,382,2024-12-27T14:01:50,delivered,14.0
1551,382,2024-12-28T10:26:34,canceled,
1552,382,2024-12-14T17:14:26,canceled,
1553,382,2024-11-12T11:25:34,canceled,
1554,382,2024-12-01T11:35:36,delivered,3.0
1555,382,2024-12-01T03:08:54,delivered,3.0
1556,382,2024-12-27T12:27:35,delivered,5.0
1557,382,2024-12-20T03:19:30,shipped,
1558,382,2024-11-21T21:30:54,delivered,9.0
1559,382,2024-12-29T06:43:50,delivered,6.0
1560,382,2024-11-16T00:39:40,delivered,3.0
1561,383,2023-03-27T02:35:21,shipped,
1562,383,2023-07-29T03:16:10,delivered,3.0
1563,383,2024-10-17T08:52:15,canceled,
1564,383,2024-12-06T14:41:31,delivered,9.0
1565,383,2024-10-11T19:02:59,delivered,6.0
1566,384,2024-12-26T17:37:02,delivered,7.0
1567,384,2024-11-17T04:48:02,delivered,9.0
1568,384,2024-10-28T16:45:43,delivered,24.0
1569,385,2024-07-13T22:37:59,delivered,2.0
1570,385,2023-09-12T23:12:25,delivered,6.0
1571,385,2024-12-28T11:14:30,delivered,4.0
1572,385,2023-12-15T11:14:30,delivered,4.0
1573,385,2024-08-27T23:11:24,delivered,4.0
1574,385,2023-05-16T21:20:20,delivered,1.0
1575,385,2023-10-29T20:29:58,canceled,
1576,386,2024-09-15T00:15:02,canceled,
1577,386,2024-06-20T15:19:23,shipped,
1578,386,2024-09-20T14:35:48,delivered,11.0
1579,387,2024-08-24T03:14:28,delivered,4.0
1580,387,2024-04-05T09:21:16,delivered,5.0
1581,388,2024-11-26T11:27:32,canceled,
1582,388,2024-11-06T01:22:12,shipped,
1583,389,2024-12-29T15:31:58,shipped,
1584,389,2024-12-30T20:35:12,canceled,
1585,389,2024-12-29T13:50:27,delivered,4.0
1586,389,2024-12-27T21:36:39,delivered,2.0
1587,389,2024-12-26T19:15:39,delivered,11.0
1588,389,2024-12-26T02:51:11,delivered,6.0
1589,389,2024-12-29T20:22:26,shipped,
1590,389,2024-12-27T10:15:22,delivered,1.0
1591,390,2024-09-06T09:31:44,delivered,1.0
1592,390,2024-07-30T02:39:27,delivered,2.0
1593,391,2024-12-27T22:07:01,delivered,1.0
1594,392,2024-02-13T10:02:28,shipped,
1595,392,2024-12-28T09:49:02,delivered,1.0
1596,392,2024-09-14T23:56:04,canceled,
1597,393,2024-08-11T08:10:29,delivered,2.0
1598,393,2024-08-29T20:57:27,canceled,
1599,393,2024-12-16T19:01:10,shipped,
1600,393,2024-07-31T00:17:25,shipped,
1601,393,2024-08-18T04:11:32,delivered,1.0
1602,393,2024-11-14T12:39:39,delivered,4.0
1603,393,2024-10-18T13:29:27,delivered,3.0
1604,394,2024-11-26T04:34:30,delivered,3.0
1605,394,2024-07-01T20:37:56,delivered,2.0
1606,394,2024-10-23T22:14:36,delivered,2.0
1607,394,2024-05-27T12:57:11,delivered,4.0
1608,394,2024-11-26T14:19:34,delivered,16.0
1609,394,2024-09-17T12:17:01,canceled,
1610,394,2024-08-19T00:05:03,shipped,
1611,394,2024-09-14T22:11:26,delivered,1.0
1612,394,2024-06-26T11:54:54,delivered,1.0
1613,394,2024-06-17T19:44:06,shipped,
1614,394,2024-07-05T06:41:00,delivered,8.0
1615,395,2024-11-22T04:56:30,delivered,3.0
1616,395,2024-09-21T09:39:10,delivered,10.0
1617,396,2024-04-29T08:26:47,canceled,
1618,396,2024-09-18T15:08:04,shipped,
1619,396,2024-12-31T19:40:14,delivered,8.0
1620,397,2024-02-14T05:07:43,shipped,
1621,397,2024-11-15T01:49:29,delivered,2.0
1622,397,2024-08-09T15:57:09,delivered,4.0
1623,397,2023-05-07T10:59:56,delivered,1.0
1624,397,2023-11-18T19:32:08,delivered,4.0
1625,397,2024-10-22T22:11:28,delivered,3.0
1626,397,2024-07-01T12:15:41,canceled,
1627,397,2023-09-09T07:14:39,delivered,3.0
1628,398,2024-08-03T00:20:21,delivered,7.0
1629,399,2024-06-14T07:50:49,delivered,6.0
1630,399,2024-12-15T16:03:19,delivered,1.0
1631,399,2024-10-23T00:23:23,delivered,6.0
1632,399,2024-12-20T22:11:50,shipped,
1633,399,2024-05-19T06:19:08,delivered,6.0
1634,399,2024-05-30T06:18:00,delivered,4.0
1635,399,2024-12-25T06:12:44,delivered,11.0
1636,399,2024-06-26T01:41:56,delivered,5.0
1637,399,2024-04-28T03:18:30,delivered,3.0
1638,400,2024-12-09T04:49:14,delivered,1.0
1639,400,2024-11-11T15:03:29,delivered,2.0
1640,400,2024-11-15T23:22:53,canceled,
1641,400,2024-12-25T21:52:17,delivered,10.0
1642,401,2024-06-12T23:17:42,shipped,
1643,401,2024-07-23T05:36:36,canceled,
1644,401,2024-08-25T02:20:00,delivered,2.0
1645,401,2024-06-25T14:21:08,shipped,
1646,401,2024-12-23T05:22:04,delivered,2.0
1647,401,2024-03-15T03:37:51,delivered,9.0
1648,402,2024-09-15T18:41:47,delivered,4.0
1649,402,2024-10-25T01:49:13,canceled,
1650,402,2024-06-08T16:32:41,delivered,11.0
1651,402,2024-07-17T21:46:55,delivered,2.0
1652,403,2024-03-19T12:55:25,delivered,5.0
1653,403,2023-10-18T06:17:11,delivered,3.0
1654,403,2024-08-06T09:16:01,delivered,6.0
1655,403,2023-11-30T04:06:49,delivered,5.0
1656,403,2024-03-28T21:31:17,canceled,
1657,403,2024-01-18T07:06:38,canceled,
1658,403,2024-01-29T10:33:17,delivered,2.0
1659,403,2024-05-13T18:17:04,shipped,
1660,404,2024-07-09T00:25:39,delivered,2.0
1661,404,2024-08-26T18:28:37,canceled,
1662,404,2024-02-16T16:19:05,delivered,5.0
1663,404,2024-02-08T14:27:49,delivered,17.0
1664,404,2024-06-25T15:04:38,delivered,6.0
1665,404,2024-01-27T05:49:33,delivered,3.0
1666,404,2023-10-27T14:32:25,delivered,7.0
1667,404,2024-01-14T05:29:39,shipped,
1668,405,2024-10-19T14:56:46,delivered,1.0
1669,405,2024-03-01T21:10:26,delivered,4.0
1670,406,2024-12-02T05:36:47,canceled,
1671,406,2024-10-18T10:48:03,canceled,
1672,406,2024-05-21T13:43:31,delivered,1.0
1673,406,2023-12-02T07:04:57,delivered,3.0
1674,407,2024-12-19T01:35:15,delivered,6.0
1675,407,2024-12-22T05:43:02,delivered,2.0
1676,408,2024-09-05T02:46:36,delivered,6.0
1677,408,2024-08-20T13:33:42,shipped,
1678,408,2024-11-27T14:37:00,delivered,11.0
1679,408,2024-12-05T11:53:43,delivered,1.0
1680,408,2024-10-10T11:07:34,delivered,4.0
1681,408,2024-10-30T06:28:06,shipped,
1682,408,2024-12-04T17:29:32,delivered,8.0
1683,408,2024-10-30T23:13:18,delivered,8.0
1684,408,2024-10-10T04:19:25,shipped,
1685,408,2024-10-06T23:58:31,delivered,5.0
1686,409,2024-07-28T02:44:03,delivered,5.0
1687,409,2024-06-29T01:39:20,delivered,7.0
1688,409,2024-08-07T04:06:20,delivered,6.0
1689,409,2024-11-05T04:04:29,delivered,6.0
1690,409,2024-07-22T14:47:28,shipped,
1691,410,2024-01-07T20:56:54,canceled,
1692,410,2023-10-18T04:02:15,canceled,
1693,410,2024-06-13T15:22:24,delivered,2.0
1694,411,2024-02-22T02:16:17,delivered,1.0
1695,411,2024-05-13T19:37:59,delivered,13.0
1696,411,2024-04-10T00:08:24,delivered,2.0
1697,412,2024-09-22T19:16:37,delivered,6.0
1698,412,2024-09-01T15:12:58,shipped,
1699,412,2024-08-06T02:10:17,delivered,2.0
1700,412,2024-11-10T08:53:10,delivered,3.0
1701,412,2024-11-27T22:11:17,delivered,2.0
1702,412,2024-09-12T07:48:33,delivered,8.0
1703,412,2024-12-30T19:44:44,delivered,7.0
1704,412,2024-12-10T11:05:38,delivered,4.0
1705,412,2024-08-30T18:25:01,delivered,5.0
1706,412,2024-08-16T19:40:52,shipped,
1707,413,2024-12-22T21:50:54,canceled,
1708,413,2024-12-24T17:21:44,delivered,8.0
1709,413,2024-12-23T17:56:59,delivered,2.0
1710,413,2024-12-28T13:28:47,shipped,
1711,414,2024-11-26T09:00:22,delivered,11.0
1712,414,2024-12-18T14:55:06,delivered,6.0
1713,414,2024-11-06T12:49:42,shipped,
1714,414,2024-12-31T10:52:58,delivered,1.0
1715,414,2024-10-25T05:29:09,canceled,
1716,414,2024-12-09T14:32:10,shipped,
1717,414,2024-11-04T05:02:15,delivered,1.0
1718,414,2024-12-26T21:35:48,shipped,
1719,414,2024-12-03T08:08:16,shipped,
1720,415,2024-04-07T16:10:40,canceled,
1721,415,2024-04-14T16:12:13,delivered,3.0
1722,415,2024-10-30T15:24:10,shipped,
1723,415,2024-10-22T17:38:15,delivered,7.0
1724,416,2024-12-05T16:38:57,delivered,1.0
1725,416,2024-11-10T10:20:54,delivered,2.0
1726,417,2023-11-22T22:08:46,shipped,
1727,417,2024-04-05T18:53:44,canceled,
1728,417,2024-06-07T19:31:51,shipped,
1729,418,2024-12-26T01:01:04,delivered,10.0
1730,418,2024-12-28T06:04:05,canceled,
1731,418,2024-12-19T06:13:20,delivered,1.0
1732,418,2024-12-14T14:30:28,delivered,11.0
1733,418,2024-12-21T10:33:14,shipped,
1734,418,2024-12-14T09:51:02,shipped,
1735,419,2024-08-20T19:38:49,shipped,
1736,419,2024-04-26T17:33:57,delivered,11.0
1737,420,2024-05-13T22:31:54,shipped,
1738,420,2024-03-07T20:08:46,delivered,4.0
1739,421,2024-07-23T05:26:19,delivered,2.0
1740,421,2024-09-12T01:40:19,canceled,
1741,421,2024-10-27T14:41:00,delivered,2.0
1742,422,2024-10-19T12:57:27,canceled,
1743,422,2024-06-19T14:06:17,delivered,8.0
1744,422,2024-09-21T10:42:40,delivered,5.0
1745,422,2024-08-20T00:42:36,canceled,
1746,422,2024-08-16T05:53:53,delivered,2.0
1747,423,2024-12-25T07:25:44,delivered,5.0
1748,423,2024-09-19T04:47:19,shipped,
1749,424,2024-08-30T09:59:07,canceled,
1750,424,2024-07-19T13:37:30,delivered,6.0
1751,425,2024-03-29T22:15:21,shipped,
1752,425,2024-03-14T15:29:27,delivered,6.0
1753,425,2023-10-09T12:04:47,delivered,4.0
1754,426,2024-04-27T01:04:13,delivered,1.0
1755,426,2024-06-18T10:30:23,canceled,
1756,426,2024-03-23T21:44:47,delivered,4.0
1757,427,2023-08-10T08:26:17,shipped,
1758,427,2024-02-22T12:07:29,canceled,
1759,428,2024-11-13T21:41:50,delivered,3.0
1760,428,2024-01-24T23:58:19,delivered,1.0
1761,428,2023-12-24T17:11:45,delivered,3.0
1762,428,2024-10-09T16:52:07,delivered,8.0
1763,428,2024-08-25T08:58:13,shipped,
1764,428,2024-08-29T11:49:22,delivered,4.0
1765,428,2024-02-15T12:36:27,delivered,1.0
1766,429,2024-10-13T04:12:39,shipped,
1767,429,2024-07-23T16:20:02,delivered,16.0
1768,430,2023-09-02T13:13:34,delivered,1.0
1769,430,2024-10-23T11:11:12,delivered,5.0
1770,430,2024-02-20T12:59:03,delivered,7.0
1771,430,2024-05-13T04:04:57,delivered,7.0
1772,430,2024-10-28T07:15:40,delivered,6.0
1773,430,2024-02-09T01:20:03,delivered,6.0
1774,430,2023-08-16T08:05:30,delivered,4.0
1775,431,2024-05-31T02:29:57,canceled,
1776,431,2024-09-20T21:52:37,delivered,6.0
1777,431,2024-09-23T06:22:28,shipped,
1778,431,2024-09-09T19:46:52,delivered,5.0
1779,432,2024-10-12T11:30:14,canceled,
1780,432,2024-11-17T07:44:39,delivered,7.0
1781,432,2024-09-07T03:41:47,shipped,
1782,432,2024-12-12T17:25:00,delivered,5.0
1783,433,2024-11-05T03:11:24,canceled,
1784,433,2024-12-31T05:55:10,shipped,
1785,433,2024-09-11T11:18:03,delivered,3.0
1786,434,2024-05-02T22:54:18,delivered,5.0
1787,434,2024-12-02T01:03:20,canceled,
1788,435,2023-11-24T19:22:45,shipped,
1789,435,2024-08-21T00:37:03,shipped,
1790,435,2024-10-15T12:23:34,delivered,7.0
1791,436,2024-11-04T14:54:46,canceled,
1792,436,2024-05-31T06:11:48,canceled,
1793,436,2024-09-25T10:49:59,shipped,
1794,436,2024-10-29T13:29:49,delivered,7.0
1795,436,2024-07-12T17:51:01,delivered,6.0
1796,436,2024-09-27T04:36:09,shipped,
1797,436,2024-08-17T21:15:20,delivered,1.0
1798,436,2024-12-09T22:58:52,delivered,2.0
1799,436,2024-08-23T02:59:01,delivered,2.0
1800,436,2024-10-28T19:15:52,delivered,3.0
1801,436,2024-06-21T03:36:00,delivered,3.0
1802,437,2024-07-17T05:49:15,shipped,
1803,437,2023-11-21T07:38:34,shipped,
1804,437,2024-01-03T02:58:56,shipped,
1805,437,2024-08-07T02:54:17,delivered,2.0
1806,437,2024-11-17T22:28:17,canceled,
1807,437,2024-11-08T20:51:25,canceled,
1808,437,2023-12-29T16:12:45,delivered,1.0
1809,437,2024-01-20T20:23:56,delivered,9.0
1810,437,2024-02-27T13:36:17,delivered,5.0
1811,437,2024-08-07T00:45:08,canceled,
1812,438,2024-12-31T00:25:58,canceled,
1813,438,2024-12-27T14:21:56,delivered,2.0
1814,438,2024-12-26T00:22:47,delivered,3.0
1815,438,2024-12-29T11:11:28,delivered,11.0
1816,438,2024-12-26T08:51:36,canceled,
1817,438,2024-12-30T02:09:02,canceled,
1818,438,2024-12-26T18:17:15,canceled,
1819,439,2023-07-11T04:56:17,delivered,3.0
1820,439,2024-04-25T19:19:50,delivered,1.0
1821,439,2023-09-30T16:00:54,delivered,6.0
1822,439,2024-06-23T20:41:34,delivered,2.0
1823,439,2023-07-10T00:15:32,canceled,
1824,440,2024-05-01T03:17:22,delivered,6.0
1825,440,2024-12-28T08:58:04,delivered,14.0
1826,441,2024-09-05T13:00:01,delivered,6.0
1827,441,2024-09-21T14:18:16,canceled,
1828,441,2024-11-27T08:44:15,delivered,4.0
1829,442,2024-12-20T19:49:55,shipped,
1830,442,2024-12-15T12:29:32,delivered,10.0
1831,442,2024-12-27T09:16:48,delivered,7.0
1832,442,2024-12-28T02:47:12,delivered,4.0
1833,443,2024-11-25T23:06:19,delivered,8.0
1834,443,2024-11-22T14:54:46,delivered,12.0
1835,444,2023-10-26T20:23:48,shipped,
1836,444,2023-11-21T00:18:04,delivered,6.0
1837,445,2024-11-26T04:53:25,shipped,
1838,445,2024-09-08T19:15:19,shipped,
1839,445,2024-08-15T20:56:51,delivered,7.0
1840,445,2024-12-14T14:38:28,delivered,1.0
1841,445,2024-08-10T20:44:27,delivered,4.0
1842,445,2024-10-20T22:20:34,shipped,
1843,445,2024-11-07T04:04:25,canceled,
1844,445,2024-11-02T19:34:29,canceled,
1845,445,2024-09-13T17:52:31,delivered,4.0
1846,445,2024-08-15T23:22:02,delivered,9.0
1847,446,2024-11-12T03:50:48,delivered,2.0
1848,446,2024-11-09T01:16:42,delivered,4.0
1849,446,2024-08-29T07:29:01,shipped,
1850,446,2024-07-25T18:38:24,delivered,2.0
1851,447,2024-08-19T17:17:25,delivered,4.0
1852,447,2024-03-31T22:01:44,delivered,6.0
1853,447,2024-09-21T07:01:37,shipped,
1854,448,2023-07-31T06:46:57,shipped,
1855,448,2024-04-03T06:04:30,delivered,20.0
1856,448,2023-12-29T08:28:13,delivered,2.0
1857,448,2023-07-15T09:46:36,delivered,4.0
1858,448,2024-11-25T21:32:17,canceled,
1859,448,2023-12-18T09:51:24,delivered,9.0
1860,448,2023-09-23T02:09:58,shipped,
1861,449,2024-08-05T05:15:32,delivered,4.0
1862,449,2024-05-11T01:01:31,shipped,
1863,449,2023-12-02T14:11:28,delivered,1.0
1864,449,2023-12-29T06:40:29,delivered,3.0
1865,449,2024-10-26T05:14:54,delivered,4.0
1866,449,2024-01-03T06:16:35,delivered,3.0
1867,449,2024-02-19T13:55:44,shipped,
1868,449,2024-05-16T00:26:12,delivered,5.0
1869,449,2023-10-14T05:30:50,delivered,4.0
1870,450,2024-05-31T15:04:37,canceled,
1871,450,2024-12-01T13:07:17,delivered,1.0
1872,450,2023-05-28T00:21:47,delivered,3.0
1873,450,2023-05-27T02:10:55,delivered,7.0
1874,450,2023-05-09T00:56:47,delivered,2.0
1875,450,2023-11-07T01:15:36,canceled,
1876,450,2023-08-16T07:26:04,shipped,
1877,450,2023-07-13T23:51:03,delivered,4.0
1878,451,2024-06-23T11:30:46,canceled,
1879,451,2024-09-10T04:04:23,delivered,1.0
1880,451,2024-03-21T17:15:23,delivered,2.0
1881,451,2024-04-29T08:12:47,delivered,1.0
1882,452,2023-07-29T06:41:13,delivered,3.0
1883,452,2024-03-01T06:35:35,delivered,11.0
1884,452,2023-06-09T05:10:01,canceled,
1885,452,2023-04-03T21:14:19,delivered,11.0
1886,452,2024-07-14T06:33:51,delivered,5.0
1887,452,2023-09-20T15:18:57,canceled,
1888,452,2023-11-02T04:45:11,delivered,4.0
1889,452,2024-01-18T20:17:12,delivered,10.0
1890,453,2024-11-20T21:16:31,shipped,
1891,454,2023-10-17T03:51:03,delivered,3.0
1892,454,2024-12-05T21:10:10,delivered,1.0
1893,454,2024-07-23T10:23:45,canceled,
1894,454,2024-12-04T15:03:34,delivered,7.0
1895,454,2024-11-12T15:20:20,delivered,4.0
1896,454,2023-08-04T00:21:07,shipped,
1897,455,2024-09-27T15:57:31,canceled,
1898,455,2024-12-02T10:36:57,shipped,
1899,455,2024-11-18T10:57:03,delivered,6.0
1900,455,2024-09-19T14:18:36,shipped,
1901,455,2024-09-18T11:52:14,delivered,3.0
1902,456,2023-05-08T18:21:22,delivered,8.0
1903,456,2024-09-19T14:56:08,delivered,1.0
1904,456,2023-09-15T07:15:22,canceled,
1905,456,2023-08-27T00:31:46,delivered,2.0
1906,456,2023-11-07T00:04:19,delivered,2.0
1907,456,2024-05-14T16:30:32,delivered,3.0
1908,457,2023-05-05T18:47:33,shipped,
1909,457,2023-08-02T04:25:01,delivered,4.0
1910,457,2023-05-25T21:06:15,delivered,4.0
1911,457,2023-12-28T05:03:21,canceled,
1912,458,2024-10-21T21:11:20,canceled,
1913,458,2024-12-22T16:44:30,canceled,
1914,458,2024-03-24T14:08:02,delivered,8.0
1915,459,2024-10-10T19:46:54,delivered,6.0
1916,460,2024-04-21T09:23:38,delivered,5.0
1917,461,2024-11-21T18:45:08,delivered,2.0
1918,461,2024-03-14T08:53:43,delivered,8.0
1919,462,2024-05-11T11:35:25,delivered,9.0
1920,462,2024-10-04T09:26:05,delivered,3.0
1921,462,2024-09-03T05:27:51,delivered,5.0
1922,462,2024-04-04T02:29:27,delivered,6.0
1923,462,2024-08-18T15:01:56,delivered,3.0
1924,462,2024-08-04T10:19:03,shipped,
1925,462,2024-05-16T02:07:55,shipped,
1926,462,2024-12-30T03:20:06,canceled,
1927,463,2024-09-29T23:45:39,delivered,3.0
1928,464,2023-11-09T05:26:07,delivered,7.0
1929,464,2024-07-22T02:32:58,delivered,5.0
1930,464,2024-09-30T07:00:51,delivered,18.0
1931,464,2024-06-28T00:38:00,delivered,8.0
1932,465,2024-10-09T20:23:22,delivered,1.0
1933,465,2024-12-06T04:13:49,canceled,
1934,466,2024-09-24T22:52:38,delivered,10.0
1935,466,2024-10-30T20:33:05,delivered,3.0
1936,466,2024-09-20T02:12:53,delivered,4.0
1937,466,2024-10-19T15:31:38,delivered,1.0
1938,466,2024-11-13T03:09:19,delivered,5.0
1939,467,2024-01-27T07:18:00,delivered,6.0
1940,468,2023-09-04T23:50:34,delivered,16.0
1941,468,2024-07-02T08:10:11,canceled,
1942,469,2024-12-23T01:40:29,delivered,1.0
1943,469,2024-12-05T15:15:14,delivered,13.0
1944,469,2024-12-29T00:54:56,delivered,3.0
1945,469,2024-12-08T22:47:20,delivered,9.0
1946,469,2024-11-23T08:33:05,delivered,4.0
1947,469,2024-11-17T05:56:28,delivered,1.0
1948,469,2024-12-02T16:29:43,delivered,4.0
1949,469,2024-12-22T14:06:20,delivered,2.0
1950,469,2024-11-16T04:44:02,delivered,2.0
1951,470,2024-09-04T14:52:58,shipped,
1952,470,2024-03-12T22:42:09,delivered,5.0
1953,470,2023-08-10T23:16:09,delivered,1.0
1954,470,2023-09-29T18:34:40,delivered,7.0
1955,471,2024-04-30T05:18:00,delivered,4.0
1956,471,2024-05-06T15:15:55,canceled,
1957,471,2023-10-18T05:29:27,delivered,4.0
1958,472,2024-11-26T12:58:18,delivered,1.0
1959,472,2023-09-10T00:37:33,delivered,8.0
1960,472,2023-07-22T03:40:48,canceled,
1961,472,2023-10-04T19:54:17,shipped,
1962,473,2024-03-17T08:30:05,delivered,3.0
1963,473,2023-10-24T18:13:14,shipped,
1964,473,2024-06-26T18:49:00,delivered,7.0
1965,473,2024-02-21T14:45:04,delivered,1.0
1966,473,2023-02-16T06:37:01,delivered,3.0
1967,473,2023-11-17T07:08:19,canceled,
1968,474,2024-08-10T01:04:01,delivered,7.0
1969,474,2024-11-09T00:09:09,delivered,6.0
1970,474,2024-12-20T14:01:09,delivered,1.0
1971,474,2024-05-07T07:20:29,delivered,7.0
1972,475,2024-09-27T01:48:07,delivered,7.0
1973,475,2024-12-22T00:28:50,delivered,9.0
1974,475,2024-11-04T18:04:21,canceled,
1975,475,2024-11-22T16:59:22,canceled,
1976,476,2023-03-21T03:49:17,canceled,
1977,476,2023-07-12T12:55:01,canceled,
1978,476,2023-03-27T18:28:16,delivered,7.0
1979,477,2024-12-28T23:09:39,delivered,2.0
1980,478,2024-12-25T00:20:35,canceled,
1981,478,2024-12-23T15:55:50,delivered,9.0
1982,479,2023-07-14T00:49:26,delivered,7.0
1983,479,2024-06-10T19:01:36,canceled,
1984,480,2024-10-21T02:02:51,canceled,
1985,481,2024-09-23T15:07:40,delivered,8.0
1986,481,2024-12-24T05:37:47,delivered,3.0
1987,481,2024-12-02T09:09:00,delivered,4.0
1988,481,2024-11-20T08:15:12,delivered,5.0
1989,481,2024-09-22T00:15:14,delivered,5.0
1990,481,2024-11-27T12:48:43,delivered,4.0
1991,482,2024-03-18T06:10:45,canceled,
1992,483,2024-09-24T07:04:08,delivered,10.0
1993,483,2024-08-27T05:54:28,delivered,3.0
1994,484,2024-12-13T21:56:06,canceled,
1995,484,2024-12-09T16:35:54,delivered,4.0
1996,484,2024-12-20T12:58:48,delivered,12.0
1997,484,2024-12-10T05:10:17,delivered,3.0
1998,484,2024-12-16T10:51:24,delivered,3.0
1999,484,2024-10-26T07:55:19,delivered,4.0
2000,484,2024-12-30T09:23:40,delivered,6.0
2001,485,2024-01-21T21:02:24,delivered,13.0
2002,485,2024-01-20T00:51:31,delivered,13.0
2003,485,2024-05-04T21:52:13,delivered,4.0
2004,485,2024-04-05T02:35:41,delivered,2.0
2005,486,2024-09-28T14:07:53,canceled,
2006,486,2023-11-20T08:24:49,canceled,
2007,486,2024-02-15T08:28:16,delivered,2.0
2008,486,2024-02-11T00:37:18,delivered,8.0
2009,487,2024-11-10T15:18:50,delivered,5.0
2010,487,2024-11-17T21:18:24,delivered,2.0
2011,487,2024-05-29T11:41:07,canceled,
2012,487,2023-10-10T04:58:52,shipped,
2013,487,2024-11-04T11:59:50,delivered,3.0
2014,487,2024-06-23T09:27:05,delivered,10.0
2015,488,2024-09-06T21:47:34,delivered,3.0
2016,488,2024-09-03T05:35:20,delivered,7.0
2017,488,2024-10-18T10:12:04,delivered,5.0
2018,488,2024-09-09T16:04:33,delivered,3.0
2019,488,2024-12-15T18:12:21,delivered,8.0
2020,489,2024-09-20T17:30:04,shipped,
2021,489,2024-06-25T02:13:41,delivered,3.0
2022,489,2024-02-16T19:17:58,delivered,4.0
2023,489,2024-03-22T02:39:14,delivered,8.0
2024,489,2024-06-14T06:35:32,delivered,7.0
2025,489,2024-04-10T09:27:01,delivered,8.0
2026,490,2024-11-26T18:47:38,delivered,3.0
2027,491,2024-12-19T09:07:36,delivered,4.0
2028,491,2024-12-12T05:14:10,delivered,2.0
2029,492,2024-12-20T19:58:11,delivered,4.0
2030,492,2024-12-19T07:55:59,shipped,
2031,492,2024-12-24T22:06:50,delivered,12.0
2032,493,2023-10-21T09:35:04,shipped,
2033,493,2024-09-17T08:30:38,delivered,3.0
2034,493,2024-04-12T08:34:03,delivered,1.0
2035,494,2024-12-07T05:16:17,delivered,5.0
2036,494,2024-09-27T21:42:22,delivered,1.0
2037,495,2024-09-04T14:58:55,delivered,3.0
2038,495,2024-09-16T09:16:22,delivered,1.0
2039,495,2024-04-07T08:46:59,shipped,
2040,495,2024-05-29T16:34:55,canceled,
2041,496,2024-11-25T05:21:37,delivered,4.0
2042,496,2024-12-19T13:30:26,canceled,
2043,497,2024-10-22T22:05:27,delivered,5.0
2044,497,2024-06-06T22:27:23,shipped,
2045,497,2024-12-25T14:42:52,shipped,
2046,497,2024-05-10T15:28:03,shipped,
2047,497,2024-06-17T06:48:54,delivered,9.0
2048,498,2024-11-21T20:00:36,delivered,1.0
2049,498,2024-10-14T06:42:47,canceled,
2050,498,2024-11-12T02:49:09,delivered,5.0
2051,498,2024-11-08T00:42:13,delivered,4.0
2052,499,2023-08-13T16:13:32,delivered,3.0
2053,499,2023-08-18T07:35:51,delivered,6.0
2054,499,2023-10-13T10:10:55,delivered,5.0
2055,500,2024-11-06T16:02:26,delivered,6.0
2056,500,2024-03-31T08:47:55,shipped,
2057,501,2024-09-01T14:28:47,delivered,6.0
2058,501,2024-11-15T03:57:30,canceled,
2059,501,2024-10-20T04:37:55,delivered,6.0
2060,501,2024-12-28T06:33:36,shipped,
2061,501,2024-12-01T08:05:25,delivered,2.0
2062,501,2024-12-11T02:09:58,delivered,9.0
2063,501,2024-12-17T14:23:10,canceled,
2064,502,2024-11-29T16:30:56,delivered,12.0
2065,502,2024-12-02T21:24:45,delivered,7.0
2066,502,2024-11-20T16:28:48,canceled,
2067,502,2024-12-16T10:58:18,delivered,5.0
2068,503,2024-11-14T15:01:44,delivered,5.0
2069,503,2024-09-08T20:34:21,delivered,15.0
2070,503,2024-09-01T13:31:20,delivered,1.0
2071,504,2023-08-01T10:10:33,delivered,6.0
2072,504,2023-12-23T05:42:42,delivered,2.0
2073,504,2023-12-23T00:14:19,delivered,3.0
2074,504,2023-12-03T13:37:32,canceled,
2075,504,2023-08-28T04:07:59,shipped,
2076,504,2024-06-08T10:19:42,delivered,6.0
2077,504,2024-08-16T21:08:59,shipped,
2078,504,2024-04-15T07:34:42,shipped,
2079,504,2023-12-12T10:43:26,delivered,1.0
2080,504,2024-12-30T00:58:13,delivered,4.0
2081,504,2024-02-20T04:27:29,delivered,11.0
2082,505,2024-12-24T09:50:18,delivered,11.0
2083,505,2024-10-06T12:08:11,shipped,
2084,505,2024-11-18T21:53:13,shipped,
2085,505,2024-07-21T08:50:14,delivered,2.0
2086,505,2024-10-10T11:14:59,shipped,
2087,506,2024-04-04T13:58:42,delivered,3.0
2088,506,2024-05-14T20:37:13,delivered,2.0
2089,506,2024-05-17T21:20:02,delivered,4.0
2090,506,2024-05-18T17:32:06,delivered,5.0
2091,507,2024-09-10T09:58:42,delivered,3.0
2092,508,2024-12-07T22:55:17,delivered,4.0
2093,508,2024-04-04T22:36:10,delivered,3.0
2094,508,2024-12-19T09:46:43,delivered,7.0
2095,509,2024-07-05T06:03:06,canceled,
2096,509,2024-08-16T08:23:02,delivered,8.0
2097,509,2024-07-26T07:38:29,canceled,
2098,509,2024-06-12T21:11:09,canceled,
2099,509,2024-07-17T01:47:50,shipped,
2100,509,2024-07-23T16:58:17,shipped,
2101,509,2024-06-26T03:24:05,shipped,
2102,509,2024-12-08T11:41:58,canceled,
2103,510,2024-09-24T06:33:56,canceled,
2104,510,2024-04-27T11:00:50,shipped,
2105,510,2024-08-30T23:05:05,delivered,6.0
2106,510,2024-06-18T08:32:13,delivered,8.0
2107,510,2024-08-14T12:53:57,delivered,2.0
2108,510,2024-05-10T06:02:28,delivered,7.0
2109,510,2024-08-14T10:00:36,delivered,4.0
2110,510,2024-09-01T13:04:51,canceled,
2111,510,2024-06-14T19:42:53,delivered,6.0
2112,510,2024-08-15T17:23:49,delivered,13.0
2113,510,2024-08-27T04:33:47,canceled,
2114,511,2024-05-19T13:11:42,delivered,3.0
2115,511,2024-08-04T13:35:20,delivered,8.0
2116,511,2024-12-03T05:47:23,delivered,10.0
2117,511,2024-08-21T23:08:33,delivered,2.0
2118,511,2024-05-21T20:06:53,delivered,7.0
2119,511,2024-05-25T23:31:28,delivered,7.0
2120,511,2024-07-12T03:10:28,delivered,4.0
2121,511,2024-02-29T22:02:42,canceled,
2122,511,2024-10-07T01:26:51,delivered,1.0
2123,511,2024-03-20T21:08:35,delivered,7.0
2124,511,2024-10-24T10:22:40,canceled,
2125,511,2024-06-20T22:22:26,delivered,6.0
2126,511,2024-12-13T07:59:44,delivered,6.0
2127,512,2024-02-01T05:50:13,delivered,2.0
2128,512,2024-03-17T13:55:11,delivered,3.0
2129,512,2023-12-05T19:15:20,delivered,4.0
2130,512,2024-05-07T14:33:45,delivered,2.0
2131,512,2023-12-23T17:15:28,delivered,10.0
2132,512,2024-08-20T12:53:17,delivered,9.0
2133,512,2024-07-19T06:18:56,delivered,9.0
2134,513,2023-11-11T08:07:00,canceled,
2135,513,2024-08-07T04:10:29,delivered,3.0
2136,513,2023-09-17T15:50:52,delivered,5.0
2137,513,2024-06-05T10:02:58,delivered,12.0
2138,514,2024-09-11T19:03:17,delivered,5.0
2139,514,2024-03-13T15:21:51,canceled,
2140,514,2024-07-24T06:33:20,shipped,
2141,514,2024-10-02T02:31:44,delivered,5.0
2142,514,2024-10-08T00:43:11,delivered,7.0
2143,514,2024-06-01T06:16:41,delivered,2.0
2144,514,2024-12-08T07:58:50,delivered,8.0
2145,515,2023-12-01T18:03:59,delivered,7.0
2146,515,2024-11-25T12:12:20,delivered,18.0
2147,515,2024-08-09T00:23:32,delivered,5.0
2148,516,2024-09-12T13:46:50,delivered,4.0
2149,516,2024-09-26T17:01:30,delivered,6.0
2150,517,2024-08-24T02:18:06,canceled,
2151,517,2024-04-11T21:41:09,delivered,4.0
2152,517,2024-09-17T17:32:18,canceled,
2153,517,2024-07-08T03:19:36,delivered,8.0
2154,517,2024-04-18T01:11:00,shipped,
2155,517,2024-05-05T11:05:40,delivered,8.0
2156,517,2024-05-28T10:41:22,delivered,5.0
2157,517,2024-08-29T07:43:43,delivered,3.0
2158,517,2024-05-22T19:44:31,delivered,6.0
2159,518,2024-05-16T15:07:58,delivered,2.0
2160,518,2024-01-25T14:06:56,delivered,4.0
2161,518,2024-12-23T02:26:40,delivered,5.0
2162,518,2024-09-25T20:47:55,delivered,14.0
2163,518,2024-09-09T04:00:17,delivered,5.0
2164,518,2024-07-08T23:39:32,shipped,
2165,518,2023-12-06T12:17:11,delivered,4.0
2166,518,2024-04-03T15:28:00,shipped,
2167,519,2024-06-17T17:35:13,canceled,
2168,519,2024-01-28T19:57:06,delivered,9.0
2169,519,2024-06-25T17:18:28,shipped,
2170,519,2024-12-26T18:38:15,delivered,4.0
2171,520,2024-11-01T11:59:46,canceled,
2172,520,2024-03-12T14:05:52,delivered,6.0
2173,520,2024-06-01T11:05:35,canceled,
2174,521,2024-12-15T18:45:06,canceled,
2175,521,2024-05-31T17:32:01,delivered,7.0
2176,522,2024-12-19T11:44:50,delivered,15.0
2177,522,2024-12-02T05:01:34,delivered,1.0
2178,522,2024-12-21T20:25:35,delivered,1.0
2179,522,2024-10-19T16:07:16,delivered,3.0
2180,522,2024-10-19T05:55:46,shipped,
2181,522,2024-07-12T17:16:42,delivered,8.0
2182,523,2024-05-28T18:31:51,shipped,
2183,523,2024-11-28T05:48:57,delivered,7.0
2184,523,2024-08-11T07:25:48,delivered,2.0
2185,523,2024-03-02T19:26:18,delivered,2.0
2186,523,2024-07-11T06:14:54,delivered,9.0
2187,524,2024-03-08T03:10:16,canceled,
2188,524,2024-06-10T11:00:47,canceled,
2189,524,2023-07-31T04:06:45,delivered,9.0
2190,525,2024-08-23T00:58:30,delivered,1.0
2191,526,2024-10-09T15:59:25,delivered,3.0
2192,526,2024-08-02T08:26:48,shipped,
2193,527,2024-04-24T05:20:28,canceled,
2194,527,2024-12-28T04:03:53,delivered,6.0
2195,528,2023-08-02T14:04:01,canceled,
2196,528,2024-03-11T04:08:48,delivered,4.0
2197,528,2023-09-19T03:44:54,delivered,8.0
2198,529,2024-12-31T05:10:01,canceled,
2199,529,2024-10-08T00:03:13,delivered,3.0
2200,529,2024-12-16T05:40:57,delivered,1.0
2201,529,2024-09-06T01:07:54,shipped,
2202,529,2024-11-09T05:48:04,delivered,1.0
2203,530,2024-05-21T20:02:04,delivered,2.0
2204,531,2024-12-25T19:10:19,delivered,5.0
2205,531,2024-12-16T16:39:44,delivered,2.0
2206,531,2024-12-21T23:21:33,canceled,
2207,531,2024-12-18T15:15:12,shipped,
2208,532,2024-06-02T04:00:41,delivered,8.0
2209,532,2024-10-29T04:51:34,delivered,1.0
2210,533,2024-10-29T15:20:17,delivered,3.0
2211,533,2024-11-11T09:48:20,delivered,11.0
2212,533,2024-12-26T23:42:02,delivered,10.0
2213,533,2024-10-07T02:57:26,delivered,3.0
2214,534,2023-11-15T10:51:33,delivered,3.0
2215,534,2023-09-12T21:19:11,delivered,5.0
2216,534,2023-12-26T16:41:40,delivered,5.0
2217,535,2024-03-30T20:44:54,delivered,8.0
2218,535,2024-11-09T02:08:26,delivered,6.0
2219,535,2024-07-01T00:01:40,delivered,1.0
2220,536,2023-05-31T11:13:34,delivered,2.0
2221,536,2024-03-25T09:18:53,shipped,
2222,537,2024-08-28T10:08:08,canceled,
2223,537,2024-09-13T09:54:08,shipped,
2224,537,2024-12-09T16:26:54,delivered,1.0
2225,537,2024-09-13T14:58:05,delivered,7.0
2226,538,2024-03-12T16:52:44,shipped,
2227,538,2024-06-13T02:40:58,delivered,3.0
2228,539,2024-07-15T04:54:40,canceled,
2229,539,2024-08-26T06:46:18,shipped,
2230,539,2024-06-21T00:24:12,delivered,6.0
2231,539,2024-12-05T20:43:25,shipped,
2232,539,2024-07-05T21:24:28,canceled,
2233,539,2024-08-21T07:50:24,delivered,6.0
2234,540,2024-12-15T20:14:33,shipped,
2235,540,2024-11-17T13:33:00,delivered,6.0
2236,541,2024-07-29T19:07:17,delivered,6.0
2237,541,2024-12-19T08:59:37,delivered,7.0
2238,541,2024-12-01T06:54:11,shipped,
2239,541,2024-06-01T00:09:39,delivered,3.0
2240,541,2024-11-09T16:58:53,delivered,2.0
2241,541,2024-12-02T02:27:06,delivered,6.0
2242,541,2024-08-05T20:32:07,delivered,6.0
2243,542,2024-12-29T20:55:54,delivered,4.0
2244,542,2024-11-08T19:39:58,delivered,5.0
2245,542,2024-12-23T04:55:51,delivered,1.0
2246,543,2024-05-17T02:01:29,shipped,
2247,543,2024-06-27T01:07:40,shipped,
2248,544,2024-05-24T22:39:37,delivered,6.0
2249,544,2024-05-30T20:41:39,shipped,
2250,544,2024-12-03T13:28:19,delivered,3.0
2251,544,2024-06-29T22:51:46,delivered,9.0
2252,544,2024-09-21T12:07:53,delivered,4.0
2253,545,2024-09-07T00:14:41,delivered,1.0
2254,545,2024-12-19T09:22:47,delivered,4.0
2255,545,2024-05-19T23:54:28,delivered,6.0
2256,545,2024-05-31T00:27:48,delivered,6.0
2257,545,2024-05-19T18:04:14,delivered,12.0
2258,545,2024-07-12T01:38:16,delivered,3.0
2259,545,2024-05-18T21:30:35,delivered,1.0
2260,545,2024-12-03T01:28:04,delivered,3.0
2261,545,2024-09-09T11:18:19,delivered,7.0
2262,546,2023-06-24T16:09:46,canceled,
2263,546,2023-10-07T08:12:35,delivered,6.0
2264,547,2023-07-20T17:07:40,delivered,4.0
2265,547,2023-08-18T20:17:34,delivered,9.0
2266,547,2024-07-04T02:51:23,delivered,2.0
2267,547,2023-09-28T20:19:43,delivered,8.0
2268,547,2023-10-03T03:28:29,delivered,4.0
2269,547,2024-04-17T22:32:33,delivered,3.0
2270,547,2023-11-11T14:30:15,delivered,4.0
2271,547,2023-07-17T01:50:29,delivered,1.0
2272,548,2024-06-07T11:20:26,delivered,3.0
2273,548,2024-06-08T09:03:10,shipped,
2274,548,2024-07-12T06:29:18,delivered,7.0
2275,548,2024-07-27T21:25:44,delivered,10.0
2276,549,2023-04-22T08:41:06,shipped,
2277,549,2024-09-30T14:32:22,canceled,
2278,550,2024-03-10T16:11:42,shipped,
2279,550,2024-08-20T03:17:47,delivered,12.0
2280,550,2024-06-12T08:37:08,delivered,7.0
2281,551,2024-06-17T06:54:47,shipped,
2282,551,2024-10-10T01:56:42,delivered,2.0
2283,551,2024-11-04T20:19:49,delivered,7.0
2284,552,2024-11-28T04:16:38,shipped,
2285,552,2024-12-12T22:54:30,delivered,9.0
2286,553,2024-05-19T13:47:00,delivered,3.0
2287,553,2024-04-25T05:56:05,delivered,2.0
2288,553,2023-12-29T21:37:36,canceled,
2289,553,2024-04-01T16:33:34,canceled,
2290,553,2024-01-22T05:20:33,delivered,5.0
2291,554,2024-12-14T00:15:18,delivered,5.0
2292,554,2024-10-26T10:47:12,delivered,2.0
2293,555,2024-11-27T05:00:33,canceled,
2294,555,2023-08-16T22:29:08,shipped,
2295,555,2024-10-11T14:06:28,delivered,5.0
2296,555,2024-02-11T11:53:43,canceled,
2297,555,2024-06-20T00:06:03,delivered,3.0
2298,555,2024-06-29T02:40:56,canceled,
2299,556,2024-11-24T16:19:35,delivered,6.0
2300,556,2024-09-27T01:53:13,delivered,5.0
2301,556,2024-07-07T13:30:23,delivered,10.0
2302,557,2024-11-12T03:11:38,canceled,
2303,557,2023-12-24T22:42:48,shipped,
2304,558,2024-07-30T21:34:02,delivered,21.0
2305,558,2024-09-17T23:16:07,delivered,11.0
2306,558,2024-10-13T05:45:19,canceled,
2307,558,2024-12-11T17:01:14,canceled,
2308,558,2024-09-04T14:17:15,delivered,3.0
2309,558,2024-11-06T01:33:55,delivered,7.0
2310,558,2024-10-09T09:23:08,delivered,3.0
2311,559,2024-04-01T01:35:46,delivered,3.0
2312,559,2024-11-26T10:14:58,canceled,
2313,559,2024-03-25T20:17:44,delivered,3.0
2314,560,2024-06-12T12:39:54,canceled,
2315,560,2024-04-18T12:01:16,delivered,1.0
2316,560,2024-11-11T13:30:27,delivered,4.0
2317,560,2024-03-25T14:52:08,delivered,5.0
2318,560,2024-06-29T01:06:35,delivered,1.0
2319,560,2024-12-17T15:20:59,delivered,2.0
2320,560,2023-12-28T13:19:28,shipped,
2321,560,2024-11-08T00:09:32,delivered,1.0
2322,560,2024-10-16T03:16:58,delivered,3.0
2323,561,2024-12-26T19:10:17,delivered,4.0
2324,561,2024-12-21T08:55:51,shipped,
2325,561,2024-12-23T02:03:40,canceled,
2326,561,2024-12-26T07:47:02,delivered,5.0
2327,562,2024-12-05T21:14:43,delivered,6.0
2328,562,2024-08-28T23:24:37,shipped,
2329,562,2024-10-23T14:43:53,shipped,
2330,563,2024-11-23T04:28:49,shipped,
2331,563,2024-07-14T20:22:23,delivered,16.0
2332,563,2024-03-06T17:03:54,delivered,3.0
2333,563,2024-09-12T17:24:47,delivered,3.0
2334,564,2023-02-20T23:23:19,delivered,1.0
2335,564,2024-10-23T13:06:10,delivered,6.0
2336,564,2023-07-11T21:58:48,canceled,
2337,565,2024-11-16T04:51:06,delivered,2.0
2338,565,2024-07-12T09:25:57,delivered,2.0
2339,565,2024-06-02T11:43:46,delivered,11.0
2340,565,2024-12-14T16:45:17,delivered,6.0
2341,565,2024-06-15T09:24:14,delivered,3.0
2342,565,2024-10-05T05:48:19,delivered,10.0
2343,565,2024-06-29T06:38:22,delivered,10.0
2344,566,2024-01-31T02:22:33,delivered,7.0
2345,566,2024-04-29T18:47:47,delivered,5.0
2346,567,2024-04-04T18:00:33,canceled,
2347,567,2024-11-23T05:26:15,shipped,
2348,567,2024-05-09T11:41:24,delivered,5.0
2349,567,2024-07-07T02:05:46,delivered,5.0
2350,567,2023-08-15T07:20:42,shipped,
2351,567,2023-06-08T14:19:16,delivered,6.0
2352,567,2023-11-10T06:42:37,delivered,2.0
2353,567,2023-11-06T04:40:14,delivered,5.0
2354,567,2024-11-04T01:13:46,delivered,5.0
2355,568,2024-06-10T01:01:46,delivered,5.0
2356,568,2023-04-01T08:40:00,delivered,9.0
2357,568,2024-11-06T18:19:44,delivered,6.0
2358,568,2023-03-17T23:18:47,delivered,3.0
2359,569,2024-06-11T04:48:57,delivered,3.0
2360,569,2024-09-17T17:13:48,delivered,4.0
2361,569,2024-05-29T15:38:41,delivered,6.0
2362,569,2024-11-25T14:44:22,delivered,10.0
2363,570,2024-06-29T09:33:09,delivered,11.0
2364,570,2024-07-22T09:43:51,delivered,5.0
2365,570,2024-03-21T03:48:15,shipped,
2366,570,2024-11-27T20:46:47,canceled,
2367,570,2024-09-08T10:06:51,shipped,
2368,570,2024-12-18T22:34:53,delivered,8.0
2369,570,2024-04-28T21:44:38,canceled,
2370,570,2024-03-21T05:12:13,delivered,5.0
2371,570,2024-02-11T08:05:54,shipped,
2372,571,2024-05-31T03:40:17,delivered,3.0
2373,571,2024-12-24T23:41:56,delivered,2.0
2374,571,2024-09-10T22:25:29,delivered,2.0
2375,571,2024-08-01T00:35:34,delivered,5.0
2376,571,2024-11-11T15:54:30,canceled,
2377,571,2024-07-02T21:32:19,shipped,
2378,572,2024-08-05T23:11:29,delivered,6.0
2379,573,2024-12-28T17:54:07,delivered,5.0
2380,573,2023-05-27T07:27:53,delivered,13.0
2381,573,2023-11-09T02:27:13,delivered,7.0
2382,574,2024-04-03T07:16:45,canceled,
2383,574,2024-12-14T23:23:25,delivered,1.0
2384,574,2024-12-26T19:31:57,delivered,12.0
2385,575,2024-09-04T22:42:07,delivered,8.0
2386,575,2023-12-22T19:43:05,delivered,3.0
2387,575,2024-09-05T05:36:46,delivered,7.0
2388,576,2024-11-25T19:46:12,delivered,2.0
2389,576,2024-05-16T13:59:16,delivered,8.0
2390,576,2024-07-16T12:58:24,delivered,9.0
2391,576,2024-07-05T12:02:05,delivered,15.0
2392,577,2024-06-13T17:58:08,delivered,4.0
2393,577,2024-07-20T09:59:52,delivered,3.0
2394,577,2024-07-28T12:17:27,shipped,
2395,577,2024-09-09T04:50:05,delivered,3.0
2396,577,2024-07-12T13:55:50,delivered,6.0
2397,577,2024-03-11T09:20:44,delivered,9.0
2398,577,2024-10-09T22:16:06,delivered,4.0
2399,577,2024-03-25T07:20:22,shipped,
2400,578,2024-12-17T11:35:17,delivered,5.0
2401,578,2024-12-23T07:03:46,delivered,10.0
2402,578,2024-12-14T07:43:28,shipped,
2403,579,2024-12-08T01:45:58,shipped,
2404,579,2024-12-01T02:31:05,delivered,3.0
2405,579,2024-12-21T23:13:40,delivered,9.0
2406,579,2024-12-28T20:57:58,delivered,4.0
2407,579,2024-11-10T07:38:11,delivered,6.0
2408,579,2024-10-28T10:52:47,delivered,5.0
2409,580,2024-12-31T13:44:58,canceled,
2410,580,2024-08-19T00:30:56,shipped,
2411,581,2024-11-13T09:08:47,canceled,
2412,581,2024-12-11T19:58:13,delivered,9.0
2413,581,2024-01-25T06:08:16,canceled,
2414,581,2024-06-11T05:21:25,canceled,
2415,581,2024-02-16T08:29:34,delivered,3.0
2416,581,2024-04-05T12:05:32,shipped,
2417,581,2024-05-01T11:21:57,delivered,5.0
2418,581,2024-12-30T16:44:31,delivered,2.0
2419,581,2024-07-30T04:08:20,canceled,
2420,581,2024-08-29T09:43:56,canceled,
2421,581,2024-01-26T18:14:08,shipped,
2422,581,2024-12-18T18:55:57,delivered,4.0
2423,581,2024-06-14T03:51:36,shipped,
2424,582,2024-10-31T06:07:41,delivered,5.0
2425,582,2024-12-12T13:43:00,canceled,
2426,583,2024-11-08T10:39:03,shipped,
2427,584,2024-10-17T21:29:39,delivered,2.0
2428,584,2024-12-20T03:08:51,delivered,2.0
2429,584,2024-12-30T03:17:19,delivered,5.0
2430,585,2024-11-24T13:53:21,delivered,4.0
2431,585,2024-03-28T22:40:39,shipped,
2432,585,2024-03-31T05:33:42,delivered,7.0
2433,585,2023-12-19T23:48:10,delivered,8.0
2434,585,2023-11-14T06:14:07,delivered,3.0
2435,585,2024-08-25T15:35:52,delivered,8.0
2436,585,2024-08-28T19:44:21,canceled,
2437,586,2024-12-02T20:06:16,delivered,4.0
2438,587,2024-08-15T09:26:51,delivered,3.0
2439,587,2023-09-29T19:49:47,shipped,
2440,587,2024-04-08T07:39:02,delivered,4.0
2441,587,2024-04-29T21:56:14,delivered,3.0
2442,587,2024-05-08T22:09:20,canceled,
2443,587,2023-12-06T18:24:20,delivered,5.0
2444,587,2023-08-29T17:26:21,delivered,2.0
2445,587,2024-03-12T03:57:37,delivered,7.0
2446,587,2024-07-27T21:56:27,delivered,15.0
2447,587,2024-11-12T19:54:33,delivered,2.0
2448,587,2024-09-28T19:39:41,shipped,
2449,587,2023-10-10T18:35:44,delivered,7.0
2450,587,2023-08-24T14:37:43,delivered,3.0
2451,588,2024-04-07T04:18:41,delivered,2.0
2452,588,2024-11-21T05:20:32,shipped,
2453,588,2024-07-16T08:09:07,delivered,1.0
2454,589,2024-12-04T11:03:38,shipped,
2455,589,2024-11-20T16:45:24,shipped,
2456,590,2024-07-23T06:57:15,delivered,2.0
2457,590,2024-12-04T16:06:07,delivered,4.0
2458,591,2024-12-17T03:38:46,delivered,3.0
2459,591,2024-12-21T16:01:08,canceled,
2460,591,2024-12-31T03:24:30,shipped,
2461,592,2023-11-06T10:12:00,delivered,1.0
2462,592,2023-09-01T03:48:39,delivered,6.0
2463,593,2024-08-02T01:52:17,canceled,
2464,593,2024-01-20T05:32:53,delivered,15.0
2465,593,2024-03-09T14:35:06,shipped,
2466,593,2024-10-15T14:19:42,shipped,
2467,594,2024-08-21T23:15:37,delivered,6.0
2468,594,2024-06-12T19:34:40,delivered,5.0
2469,595,2024-12-11T11:00:56,canceled,
2470,595,2024-06-16T09:35:24,delivered,2.0
2471,596,2024-03-25T00:54:02,delivered,5.0
2472,596,2024-08-09T10:51:20,delivered,8.0
2473,596,2023-10-14T22:19:27,delivered,4.0
2474,596,2023-12-29T04:20:00,delivered,1.0
2475,597,2024-08-07T21:53:49,canceled,
2476,597,2024-12-13T15:59:24,delivered,10.0
2477,598,2024-09-24T01:22:27,delivered,3.0
2478,598,2024-12-23T13:24:32,canceled,
2479,598,2024-09-12T08:15:23,delivered,8.0
2480,599,2023-09-02T20:01:28,delivered,3.0
2481,599,2024-09-09T14:09:55,delivered,2.0
2482,600,2024-01-23T10:37:05,delivered,1.0
2483,600,2024-03-09T23:01:02,shipped,
2484,600,2024-12-23T17:43:59,delivered,10.0
2485,600,2024-12-05T04:11:00,delivered,3.0
2486,601,2024-02-02T05:52:56,delivered,8.0
2487,601,2024-12-22T10:26:15,delivered,14.0
2488,601,2024-06-15T17:27:30,delivered,8.0
2489,601,2024-11-24T09:17:22,shipped,
2490,602,2024-12-01T04:40:37,shipped,
2491,602,2024-12-25T10:30:29,canceled,
2492,602,2024-12-15T07:19:42,delivered,4.0
2493,602,2024-12-22T01:04:35,shipped,
2494,602,2024-12-11T04:14:39,shipped,
2495,602,2024-12-07T21:50:14,canceled,
2496,603,2024-09-07T15:04:05,delivered,8.0
2497,603,2024-12-01T14:21:02,delivered,5.0
2498,603,2024-06-27T04:39:37,delivered,15.0
2499,603,2024-10-21T19:48:51,delivered,2.0
2500,603,2024-11-25T15:56:12,delivered,5.0
2501,604,2023-06-12T03:24:52,delivered,8.0
2502,604,2024-04-26T05:27:04,canceled,
2503,604,2023-09-27T09:59:19,delivered,3.0
2504,604,2024-05-19T02:16:53,delivered,4.0
2505,604,2024-04-05T05:06:04,delivered,6.0
2506,604,2024-06-22T08:58:07,delivered,2.0
2507,604,2023-08-03T20:39:57,shipped,
2508,604,2024-05-03T12:57:43,shipped,
2509,604,2024-10-05T15:58:17,delivered,4.0
2510,604,2023-07-12T00:57:30,delivered,5.0
2511,604,2024-12-07T11:46:25,delivered,2.0
2512,604,2024-05-03T12:29:53,delivered,4.0
2513,605,2024-09-11T09:18:50,shipped,
2514,605,2024-04-17T10:56:52,delivered,4.0
2515,605,2024-10-18T10:02:54,delivered,12.0
2516,606,2024-07-11T07:12:28,delivered,2.0
2517,606,2024-09-08T21:25:17,delivered,11.0
2518,606,2024-01-05T02:18:46,delivered,5.0
2519,606,2023-09-25T21:13:56,delivered,10.0
2520,607,2024-04-23T03:27:00,shipped,
2521,607,2024-11-03T13:36:57,shipped,
2522,607,2024-05-21T08:51:17,delivered,9.0
2523,607,2024-03-03T03:21:11,delivered,5.0
2524,608,2024-05-17T00:32:17,delivered,22.0
2525,608,2024-08-15T03:32:35,delivered,6.0
2526,608,2024-05-23T12:02:21,delivered,1.0
2527,608,2024-09-08T23:43:39,delivered,7.0
2528,609,2024-12-06T08:53:52,canceled,
2529,609,2024-12-10T06:31:28,canceled,
2530,609,2024-11-24T14:43:05,delivered,12.0
2531,609,2024-12-05T18:17:04,delivered,9.0
2532,609,2024-12-15T00:41:12,canceled,
2533,609,2024-12-02T06:07:26,delivered,5.0
2534,609,2024-12-20T17:29:26,delivered,5.0
2535,609,2024-12-14T21:26:18,shipped,
2536,609,2024-12-19T15:27:08,delivered,3.0
2537,609,2024-12-02T04:58:28,delivered,4.0
2538,609,2024-12-08T21:22:33,delivered,8.0
2539,610,2023-11-01T23:50:54,delivered,5.0
2540,610,2023-07-28T02:44:59,delivered,3.0
2541,611,2024-09-01T07:36:43,delivered,2.0
2542,612,2024-10-07T13:14:20,delivered,2.0
2543,612,2024-10-25T21:45:42,delivered,1.0
2544,613,2024-11-21T12:08:00,delivered,6.0
2545,613,2024-12-06T10:51:52,delivered,1.0
2546,614,2024-12-07T06:18:29,delivered,2.0
2547,614,2024-12-13T09:44:37,delivered,6.0
2548,615,2024-11-21T16:31:22,canceled,
2549,615,2024-08-14T10:04:31,canceled,
2550,615,2024-12-09T08:26:55,delivered,7.0
2551,616,2024-06-29T06:27:53,delivered,6.0
2552,616,2023-09-28T09:44:23,delivered,5.0
2553,616,2023-12-31T13:27:41,delivered,8.0
2554,616,2024-05-25T03:49:52,delivered,7.0
2555,617,2024-07-04T09:04:24,delivered,2.0
2556,617,2024-06-18T10:30:19,delivered,1.0
2557,617,2024-12-31T14:20:17,delivered,8.0
2558,618,2024-02-20T07:35:12,shipped,
2559,619,2024-11-20T04:38:03,canceled,
2560,619,2024-12-27T12:20:44,canceled,
2561,619,2024-10-21T07:22:28,canceled,
2562,619,2024-09-15T10:50:34,delivered,1.0
2563,620,2024-12-06T23:28:43,canceled,
2564,620,2024-09-30T22:45:58,shipped,
2565,620,2024-10-23T14:57:27,shipped,
2566,620,2024-08-17T15:02:07,delivered,9.0
2567,620,2024-10-25T20:35:22,delivered,7.0
2568,620,2024-12-28T23:55:50,delivered,4.0
2569,620,2024-12-17T03:01:58,delivered,2.0
2570,620,2024-12-07T03:13:04,delivered,7.0
2571,621,2024-12-20T17:15:26,delivered,1.0
2572,621,2024-12-19T00:08:53,delivered,3.0
2573,621,2024-12-30T17:32:53,shipped,
2574,622,2023-06-15T14:04:32,canceled,
2575,622,2023-08-23T04:17:23,delivered,9.0
2576,623,2024-08-31T07:09:10,shipped,
2577,624,2024-04-05T14:26:57,delivered,9.0
2578,624,2024-08-23T23:02:26,delivered,3.0
2579,624,2024-02-28T07:28:04,delivered,10.0
2580,624,2024-08-30T21:25:53,canceled,
2581,625,2024-12-03T07:50:10,delivered,2.0
2582,625,2024-12-30T02:54:35,canceled,
2583,625,2024-12-15T10:38:10,shipped,
2584,625,2024-12-24T00:55:52,delivered,1.0
2585,626,2024-10-09T11:57:55,delivered,6.0
2586,626,2024-10-31T03:54:41,delivered,5.0
2587,626,2024-09-15T04:08:08,delivered,4.0
2588,626,2024-12-14T21:18:10,delivered,7.0
2589,626,2024-10-16T09:53:58,delivered,2.0
2590,626,2024-10-08T09:57:45,shipped,
2591,626,2024-12-26T20:30:39,shipped,
2592,626,2024-12-14T02:15:36,delivered,3.0
2593,627,2024-02-08T01:22:21,delivered,2.0
2594,627,2023-12-06T03:46:36,delivered,2.0
2595,627,2024-09-21T03:01:23,delivered,2.0
2596,627,2024-01-11T01:24:26,delivered,11.0
2597,628,2024-11-05T15:10:56,delivered,3.0
2598,629,2023-08-29T02:38:03,shipped,
2599,629,2024-09-10T07:18:09,delivered,5.0
2600,629,2023-09-12T07:37:43,delivered,2.0
2601,629,2024-04-17T21:32:32,delivered,8.0
2602,629,2023-09-12T02:54:24,delivered,11.0
2603,630,2023-10-10T18:02:27,delivered,10.0
2604,630,2024-05-25T00:35:26,delivered,8.0
2605,630,2023-07-18T05:52:57,shipped,
2606,630,2024-05-05T03:21:00,delivered,6.0
2607,630,2024-05-15T11:32:44,delivered,9.0
2608,631,2024-07-21T07:45:34,delivered,4.0
2609,631,2024-05-22T13:51:21,delivered,13.0
2610,631,2024-06-23T02:54:05,delivered,7.0
2611,631,2023-11-09T23:56:35,delivered,3.0
2612,631,2024-02-07T06:09:53,delivered,4.0
2613,631,2023-10-08T02:46:19,canceled,
2614,631,2024-12-28T12:12:56,delivered,4.0
2615,632,2024-12-28T06:45:19,delivered,3.0
2616,632,2024-11-18T12:16:28,delivered,5.0
2617,632,2024-12-27T18:05:22,canceled,
2618,632,2024-11-20T10:18:12,delivered,4.0
2619,632,2024-12-18T19:45:46,shipped,
2620,632,2024-11-19T15:30:26,delivered,2.0
2621,633,2024-12-19T08:02:34,delivered,10.0
2622,633,2024-12-23T12:24:20,delivered,4.0
2623,633,2024-11-24T07:34:50,delivered,4.0
2624,633,2024-10-22T06:42:27,delivered,4.0
2625,633,2024-10-23T14:11:20,delivered,11.0
2626,633,2024-11-21T00:17:27,delivered,5.0
2627,633,2024-12-26T09:59:33,delivered,13.0
2628,633,2024-11-21T18:32:27,canceled,
2629,634,2024-07-18T16:12:17,delivered,12.0
2630,634,2024-11-24T14:59:42,delivered,5.0
2631,634,2023-11-15T03:39:05,delivered,11.0
2632,634,2023-08-01T06:59:48,shipped,
2633,635,2024-06-08T20:06:19,delivered,1.0
2634,636,2024-10-27T00:28:46,shipped,
2635,636,2024-09-24T19:09:05,delivered,2.0
2636,636,2024-10-24T03:21:33,delivered,8.0
2637,636,2024-09-14T08:18:27,delivered,3.0
2638,636,2024-09-14T08:57:59,delivered,8.0
2639,636,2024-11-05T16:07:44,delivered,4.0
2640,636,2024-09-18T00:16:43,delivered,6.0
2641,637,2024-05-17T17:49:03,shipped,
2642,637,2024-09-01T19:05:06,delivered,5.0
2643,638,2023-12-21T22:38:54,delivered,4.0
2644,638,2024-09-07T12:07:16,delivered,4.0
2645,638,2023-12-17T23:52:35,delivered,1.0
2646,638,2024-12-12T16:32:04,delivered,4.0
2647,638,2024-08-06T01:19:32,delivered,9.0
2648,639,2024-12-10T22:13:05,delivered,15.0
2649,639,2024-08-24T18:07:17,shipped,
2650,639,2024-06-25T16:55:03,shipped,
2651,639,2024-05-14T03:32:39,delivered,4.0
2652,640,2024-10-22T09:07:24,delivered,6.0
2653,641,2024-11-30T00:30:01,delivered,2.0
2654,641,2024-10-02T17:56:56,delivered,13.0
2655,642,2024-09-06T06:47:34,shipped,
2656,642,2024-10-12T21:56:42,delivered,9.0
2657,642,2024-09-11T13:04:52,delivered,14.0
2658,642,2024-10-14T00:32:16,delivered,1.0
2659,643,2024-02-03T16:28:10,delivered,1.0
2660,643,2024-03-17T05:14:21,delivered,4.0
2661,643,2024-05-08T20:23:38,delivered,3.0
2662,643,2024-04-07T08:00:29,canceled,
2663,643,2024-02-27T07:04:47,delivered,4.0
2664,643,2023-12-28T23:18:25,shipped,
2665,644,2024-06-02T06:33:58,delivered,9.0
2666,644,2024-06-19T10:16:00,canceled,
2667,644,2024-10-05T05:07:39,delivered,7.0
2668,645,2023-11-01T01:09:42,delivered,3.0
2669,645,2024-04-04T04:01:37,canceled,
2670,645,2024-05-20T21:51:29,delivered,16.0
2671,645,2024-06-20T10:15:34,shipped,
2672,646,2024-05-19T00:32:39,delivered,3.0
2673,647,2023-10-23T08:04:08,canceled,
2674,647,2024-11-22T10:35:57,delivered,1.0
2675,647,2023-06-11T11:43:45,canceled,
2676,647,2023-08-08T19:07:40,delivered,10.0
2677,647,2023-08-09T22:01:51,delivered,3.0
2678,648,2024-04-02T05:45:00,delivered,5.0
2679,648,2024-06-22T05:03:17,delivered,3.0
2680,648,2024-04-13T19:43:05,delivered,5.0
2681,648,2024-06-24T07:38:34,delivered,6.0
2682,648,2024-10-12T12:55:24,delivered,4.0
2683,648,2023-12-16T21:20:56,delivered,6.0
2684,648,2024-09-22T13:02:42,delivered,2.0
2685,648,2023-10-07T21:18:02,delivered,5.0
2686,648,2023-12-22T07:42:20,delivered,12.0
2687,649,2024-11-25T03:05:08,shipped,
2688,649,2024-07-29T06:41:31,canceled,
2689,649,2024-10-19T15:39:58,delivered,4.0
2690,649,2024-10-19T13:42:38,canceled,
2691,649,2024-10-03T17:55:17,delivered,7.0
2692,650,2024-12-07T11:15:14,delivered,2.0
2693,651,2023-06-10T08:15:40,delivered,5.0
2694,651,2023-08-25T04:58:39,canceled,
2695,651,2024-11-11T22:50:50,delivered,1.0
2696,652,2024-07-22T10:22:17,delivered,2.0
2697,652,2024-09-03T16:09:47,delivered,3.0
2698,652,2024-10-01T07:07:45,canceled,
2699,652,2024-07-29T02:55:22,canceled,
2700,653,2024-12-21T15:34:46,delivered,3.0
2701,653,2024-10-03T06:26:12,canceled,
2702,654,2024-12-15T02:26:08,delivered,7.0
2703,655,2024-09-12T23:35:35,delivered,5.0
2704,656,2024-10-24T22:45:13,delivered,2.0
2705,656,2024-12-24T16:05:07,delivered,4.0
2706,656,2024-12-08T07:26:43,delivered,6.0
2707,657,2024-04-19T21:19:38,delivered,5.0
2708,657,2024-10-01T10:21:27,canceled,
2709,657,2024-06-18T08:02:03,delivered,1.0
2710,657,2023-05-20T08:54:51,delivered,4.0
2711,657,2023-09-20T08:51:28,canceled,
2712,657,2024-01-11T15:55:24,delivered,1.0
2713,658,2024-11-30T13:50:20,delivered,4.0
2714,658,2024-08-27T19:29:32,canceled,
2715,659,2024-11-27T23:59:50,shipped,
2716,659,2024-11-17T12:28:11,shipped,
2717,660,2024-08-26T05:04:39,delivered,8.0
2718,660,2024-11-07T01:06:15,delivered,2.0
2719,660,2024-04-29T06:41:55,delivered,4.0
2720,660,2024-03-23T13:25:39,delivered,2.0
2721,660,2024-05-11T12:34:35,delivered,5.0
2722,660,2024-05-10T14:03:01,shipped,
2723,660,2024-08-28T16:04:00,shipped,
2724,660,2024-02-24T10:08:47,shipped,
2725,661,2023-10-15T00:47:21,delivered,2.0
2726,661,2023-10-20T20:39:41,delivered,7.0
2727,661,2024-02-01T03:59:59,delivered,2.0
2728,661,2023-10-18T16:17:09,delivered,2.0
2729,661,2024-08-27T11:38:07,canceled,
2730,662,2024-05-30T21:16:26,delivered,2.0
2731,662,2023-05-19T04:46:09,shipped,
2732,662,2024-03-20T00:09:32,delivered,6.0
2733,662,2024-06-20T20:01:43,canceled,
2734,663,2024-04-23T10:26:41,delivered,3.0
2735,663,2024-12-13T04:59:09,delivered,4.0
2736,663,2024-05-16T16:42:36,delivered,6.0
2737,664,2024-11-12T03:24:29,delivered,2.0
2738,664,2024-11-13T08:50:52,delivered,3.0
2739,664,2024-11-14T02:02:33,shipped,
2740,664,2024-12-15T17:46:34,delivered,3.0
2741,664,2024-12-17T22:56:33,delivered,1.0
2742,664,2024-12-31T15:31:21,delivered,1.0
2743,665,2023-09-18T05:31:03,delivered,7.0
2744,665,2024-10-11T10:38:16,shipped,
2745,666,2024-08-25T07:24:38,delivered,4.0
2746,666,2024-05-23T20:58:51,delivered,4.0
2747,666,2023-08-05T19:40:12,shipped,
2748,667,2024-09-29T03:07:25,canceled,
2749,667,2024-04-27T23:18:21,canceled,
2750,667,2024-04-02T15:49:58,shipped,
2751,667,2024-06-09T10:11:31,shipped,
2752,667,2024-02-12T05:18:00,delivered,7.0
2753,667,2023-12-25T20:31:54,delivered,6.0
2754,667,2023-11-08T02:49:10,delivered,5.0
2755,667,2024-01-03T17:18:04,delivered,4.0
2756,667,2024-11-04T23:23:05,delivered,3.0
2757,668,2024-10-16T18:33:10,shipped,
2758,668,2023-07-07T02:13:48,delivered,11.0
2759,669,2024-02-23T14:46:11,delivered,1.0
2760,669,2023-12-04T19:01:17,canceled,
2761,669,2024-01-16T18:45:08,canceled,
2762,669,2024-02-03T16:40:41,delivered,2.0
2763,670,2023-07-01T22:44:09,canceled,
2764,671,2024-11-01T18:47:55,delivered,2.0
2765,671,2024-11-25T19:59:07,delivered,3.0
2766,672,2024-11-26T16:50:32,canceled,
2767,672,2024-12-20T20:20:37,canceled,
2768,672,2024-11-23T15:52:18,delivered,8.0
2769,672,2024-12-20T15:22:44,delivered,4.0
2770,672,2024-12-09T21:05:09,canceled,
2771,672,2024-11-29T07:15:10,delivered,7.0
2772,672,2024-11-19T11:40:54,delivered,2.0
2773,673,2024-06-10T09:18:19,delivered,6.0
2774,673,2024-08-30T15:21:50,delivered,9.0
2775,673,2024-07-05T09:00:35,shipped,
2776,674,2024-11-10T05:56:17,delivered,6.0
2777,674,2024-09-29T17:32:53,delivered,2.0
2778,675,2024-11-22T19:38:23,delivered,6.0
2779,675,2024-12-02T22:01:06,delivered,6.0
2780,675,2024-11-13T00:14:06,delivered,1.0
2781,676,2024-06-25T16:49:18,delivered,2.0
2782,676,2024-12-09T23:34:09,delivered,1.0
2783,676,2024-08-18T02:13:45,delivered,15.0
2784,676,2024-08-18T10:54:58,delivered,1.0
2785,676,2024-12-07T19:49:11,delivered,15.0
2786,676,2024-05-17T19:29:05,shipped,
2787,676,2024-11-16T00:17:25,canceled,
2788,676,2024-12-14T08:08:48,shipped,
2789,676,2024-09-16T17:17:54,delivered,5.0
2790,677,2024-04-23T18:15:01,delivered,4.0
2791,677,2024-10-25T23:45:20,shipped,
2792,677,2024-12-26T02:14:18,delivered,1.0
2793,677,2024-05-04T10:08:44,delivered,3.0
2794,677,2024-10-29T07:53:11,canceled,
2795,677,2024-10-26T16:16:33,delivered,2.0
2796,677,2024-09-27T04:22:49,canceled,
2797,678,2023-05-24T13:41:49,delivered,2.0
2798,678,2024-03-21T16:34:31,delivered,4.0
2799,679,2024-02-20T19:04:43,delivered,6.0
2800,679,2023-08-19T00:38:09,shipped,
2801,679,2024-10-13T10:15:03,delivered,3.0
2802,680,2024-10-03T07:08:46,delivered,7.0
2803,680,2024-05-15T21:05:50,delivered,5.0
2804,680,2024-04-06T16:41:56,delivered,4.0
2805,681,2024-12-15T08:51:22,delivered,7.0
2806,681,2024-03-05T03:00:28,delivered,6.0
2807,681,2024-01-29T02:31:15,delivered,10.0
2808,682,2024-12-04T04:53:55,delivered,8.0
2809,683,2024-09-02T09:31:35,delivered,3.0
2810,683,2024-09-01T08:02:01,delivered,7.0
2811,683,2024-11-13T03:14:59,shipped,
2812,683,2024-12-03T03:19:25,delivered,13.0
2813,683,2024-11-17T15:02:34,canceled,
2814,683,2024-09-10T05:40:16,delivered,1.0
2815,683,2024-11-14T05:03:00,canceled,
2816,683,2024-10-12T05:19:29,shipped,
2817,683,2024-12-09T06:03:36,canceled,
2818,684,2024-03-08T10:33:43,delivered,2.0
2819,684,2024-12-13T23:57:02,delivered,1.0
2820,684,2024-01-28T03:08:39,delivered,4.0
2821,684,2024-01-11T11:38:14,delivered,2.0
2822,684,2024-03-16T18:02:27,delivered,10.0
2823,684,2024-04-13T08:32:12,delivered,9.0
2824,684,2024-07-16T21:46:56,canceled,
2825,684,2024-04-14T00:28:06,delivered,3.0
2826,684,2024-01-29T19:09:46,shipped,
2827,684,2024-03-01T00:07:45,delivered,5.0
2828,684,2024-04-30T12:13:50,canceled,
2829,685,2024-11-16T21:51:01,delivered,6.0
2830,685,2024-06-08T01:47:50,delivered,16.0
2831,686,2024-09-13T14:20:30,delivered,6.0
2832,686,2024-12-19T02:59:53,delivered,6.0
2833,686,2024-09-25T18:55:46,delivered,1.0
2834,686,2024-05-19T16:42:24,canceled,
2835,686,2024-10-24T00:08:10,delivered,3.0
2836,687,2024-05-25T01:19:22,delivered,2.0
2837,687,2024-11-17T18:06:08,delivered,5.0
2838,687,2024-06-12T11:13:45,delivered,2.0
2839,687,2024-11-04T12:57:38,canceled,
2840,687,2024-11-03T17:41:17,delivered,13.0
2841,687,2024-12-26T18:01:52,delivered,7.0
2842,687,2024-11-05T08:35:57,delivered,2.0
2843,688,2024-12-21T13:01:02,delivered,7.0
2844,688,2024-12-28T23:17:50,delivered,1.0
2845,688,2024-12-06T15:50:13,delivered,6.0
2846,689,2024-12-08T03:07:03,delivered,2.0
2847,689,2024-12-26T22:10:48,delivered,2.0
2848,689,2024-11-18T11:34:39,shipped,
2849,689,2024-12-19T17:29:10,delivered,9.0
2850,689,2024-11-25T00:54:28,shipped,
2851,689,2024-10-22T02:38:14,canceled,
2852,689,2024-11-25T04:32:37,delivered,7.0
2853,689,2024-12-19T20:04:37,shipped,
2854,690,2024-12-17T05:03:48,shipped,
2855,690,2024-11-10T16:04:15,delivered,2.0
2856,690,2024-10-12T19:08:09,delivered,3.0
2857,690,2024-10-19T01:35:13,delivered,3.0
2858,691,2023-11-24T21:38:24,canceled,
2859,691,2024-08-09T16:16:56,shipped,
2860,692,2024-07-30T16:51:33,delivered,6.0
2861,692,2024-10-07T05:08:39,shipped,
2862,692,2024-09-15T05:27:31,delivered,10.0
2863,693,2024-08-10T17:57:51,delivered,5.0
2864,694,2023-04-04T14:37:05,canceled,
2865,694,2023-09-21T14:51:27,shipped,
2866,695,2023-09-12T00:29:47,delivered,6.0
2867,695,2023-12-18T09:31:38,delivered,6.0
2868,695,2024-04-22T20:54:23,delivered,6.0
2869,695,2024-05-22T00:54:21,canceled,
2870,695,2024-12-19T03:21:01,canceled,
2871,695,2024-06-08T14:14:12,canceled,
2872,695,2024-09-21T18:03:36,delivered,9.0
2873,695,2024-12-17T07:34:59,delivered,1.0
2874,696,2023-12-18T12:01:33,canceled,
2875,696,2024-02-20T23:51:33,delivered,9.0
2876,697,2024-11-06T15:14:57,delivered,4.0
2877,698,2024-11-26T09:44:43,shipped,
2878,698,2024-10-01T12:51:31,canceled,
2879,698,2024-09-22T15:09:50,delivered,6.0
2880,698,2024-11-07T11:24:10,delivered,3.0
2881,699,2024-11-29T16:46:27,delivered,3.0
2882,699,2024-06-27T22:10:16,delivered,2.0
2883,699,2024-09-08T14:52:24,shipped,
2884,699,2024-12-30T15:40:42,shipped,
2885,699,2023-10-27T12:57:45,delivered,3.0
2886,699,2024-03-22T02:10:08,delivered,9.0
2887,699,2024-06-04T06:00:51,canceled,
2888,700,2023-07-05T16:40:15,delivered,5.0
2889,700,2023-11-30T20:38:56,delivered,5.0
2890,700,2023-10-06T21:29:30,delivered,5.0
2891,700,2024-05-01T22:53:49,canceled,
2892,700,2023-06-12T02:18:34,delivered,2.0
2893,700,2024-05-10T01:23:59,canceled,
2894,700,2023-05-18T10:55:08,delivered,2.0
2895,700,2024-03-28T07:38:08,delivered,7.0
2896,700,2024-08-31T21:43:20,delivered,2.0
2897,701,2024-08-29T08:27:59,delivered,2.0
2898,701,2024-11-13T12:02:13,delivered,6.0
2899,701,2024-12-20T03:39:41,delivered,7.0
2900,701,2024-12-01T06:04:31,delivered,7.0
2901,701,2024-08-24T13:50:47,delivered,6.0
2902,701,2024-09-02T01:51:39,shipped,
2903,701,2024-09-14T12:44:47,delivered,8.0
2904,701,2024-10-05T15:42:23,delivered,15.0
2905,701,2024-02-26T03:24:50,delivered,5.0
2906,701,2024-02-16T12:31:31,delivered,3.0
2907,702,2024-07-30T01:08:16,delivered,4.0
2908,702,2023-11-13T09:00:33,delivered,1.0
2909,702,2023-09-13T03:09:46,canceled,
2910,703,2024-09-13T13:38:13,delivered,6.0
2911,703,2023-11-01T15:29:18,delivered,2.0
2912,703,2024-07-22T01:02:47,shipped,
2913,703,2024-06-19T05:49:03,delivered,8.0
2914,703,2024-07-22T20:47:24,delivered,3.0
2915,703,2024-01-10T22:31:03,shipped,
2916,703,2023-06-17T12:00:44,canceled,
2917,703,2023-09-20T15:14:49,delivered,11.0
2918,703,2023-11-08T07:50:21,delivered,2.0
2919,703,2024-11-08T20:14:43,shipped,
2920,704,2024-06-26T03:17:35,canceled,
2921,704,2024-03-19T02:04:55,delivered,7.0
2922,705,2024-10-01T20:07:59,delivered,2.0
2923,705,2024-10-27T09:17:49,delivered,13.0
2924,706,2024-04-13T13:47:03,delivered,8.0
2925,707,2023-11-24T12:03:35,delivered,10.0
2926,707,2024-08-15T09:25:16,delivered,6.0
2927,707,2024-09-25T07:23:43,canceled,
2928,707,2024-08-08T13:33:45,delivered,7.0
2929,707,2024-08-28T05:42:29,canceled,
2930,707,2024-06-02T17:36:32,delivered,4.0
2931,708,2023-05-26T14:51:17,delivered,16.0
2932,709,2024-09-16T02:20:18,delivered,1.0
2933,709,2024-07-13T01:57:02,canceled,
2934,710,2023-10-27T22:31:14,delivered,6.0
2935,710,2023-05-23T11:43:59,delivered,8.0
2936,711,2024-12-07T04:08:50,delivered,5.0
2937,711,2024-12-09T00:02:08,delivered,6.0
2938,712,2024-11-08T22:31:40,canceled,
2939,712,2024-07-29T02:03:22,delivered,13.0
2940,712,2024-07-24T00:12:50,delivered,6.0
2941,712,2024-08-10T20:24:20,delivered,6.0
2942,712,2024-11-19T12:36:19,delivered,6.0
2943,712,2024-12-20T14:26:23,delivered,2.0
2944,712,2024-11-10T07:29:23,delivered,5.0
2945,712,2024-11-29T12:40:11,delivered,1.0
2946,712,2024-12-11T05:19:22,delivered,5.0
2947,712,2024-07-03T01:37:32,delivered,4.0
2948,712,2024-06-27T01:45:52,delivered,6.0
2949,713,2024-05-10T02:11:18,delivered,2.0
2950,713,2023-12-18T19:29:38,canceled,
2951,713,2024-04-26T08:35:39,delivered,9.0
2952,713,2023-11-09T02:47:45,canceled,
2953,713,2023-08-24T23:11:55,delivered,4.0
2954,713,2023-12-21T19:34:07,shipped,
2955,713,2024-08-24T08:56:22,canceled,
2956,713,2023-05-04T16:57:40,canceled,
2957,713,2024-08-31T15:35:52,delivered,11.0
2958,714,2024-08-28T04:42:40,delivered,9.0
2959,714,2024-09-23T04:09:20,delivered,1.0
2960,714,2024-06-06T23:49:08,canceled,
2961,715,2024-12-07T11:40:27,delivered,5.0
2962,715,2024-11-27T13:31:08,delivered,1.0
2963,715,2024-10-01T22:39:15,delivered,6.0
2964,715,2024-10-24T13:13:47,delivered,4.0
2965,715,2024-11-10T12:31:44,delivered,11.0
2966,716,2024-11-16T16:30:43,delivered,4.0
2967,716,2024-12-03T04:14:07,canceled,
2968,716,2024-12-07T18:13:18,delivered,2.0
2969,716,2024-11-20T21:17:11,delivered,1.0
2970,716,2024-11-30T13:53:47,delivered,3.0
2971,716,2024-11-17T19:49:24,shipped,
2972,716,2024-11-07T06:02:21,canceled,
2973,716,2024-12-20T10:30:39,canceled,
2974,717,2023-12-10T10:59:34,delivered,2.0
2975,717,2024-02-03T17:59:40,delivered,4.0
2976,717,2024-10-18T04:01:16,delivered,9.0
2977,717,2024-04-05T06:20:21,canceled,
2978,717,2024-04-04T18:37:04,delivered,3.0
2979,717,2024-06-04T09:32:11,delivered,2.0
2980,717,2024-09-03T18:35:14,delivered,9.0
2981,717,2024-08-13T20:20:34,delivered,6.0
2982,718,2024-11-17T17:42:36,canceled,
2983,718,2024-12-10T08:15:55,canceled,
2984,719,2024-02-19T20:59:43,delivered,5.0
2985,719,2024-11-01T04:08:11,canceled,
2986,720,2024-10-20T02:05:56,delivered,6.0
2987,720,2024-03-19T01:35:25,delivered,1.0
2988,720,2024-10-04T06:12:06,delivered,9.0
2989,721,2024-12-09T00:44:36,delivered,10.0
2990,721,2024-12-15T23:44:19,delivered,13.0
2991,721,2024-12-26T18:57:21,canceled,
2992,721,2024-12-21T17:22:09,delivered,6.0
2993,721,2024-12-30T04:54:31,delivered,7.0
2994,721,2024-12-16T12:13:27,delivered,1.0
2995,721,2024-12-20T22:33:59,shipped,
2996,721,2024-12-31T00:20:33,delivered,2.0
2997,721,2024-12-28T11:24:35,delivered,6.0
2998,722,2024-08-29T07:17:09,delivered,1.0
2999,722,2024-12-16T12:49:49,delivered,18.0
3000,722,2024-06-12T15:14:20,shipped,
3001,722,2024-09-18T20:24:32,shipped,
3002,723,2023-10-19T19:08:05,canceled,
3003,723,2024-11-05T01:56:59,delivered,1.0
3004,723,2023-05-04T04:08:39,delivered,6.0
3005,724,2024-08-04T12:40:20,delivered,3.0
3006,724,2024-11-13T07:04:49,delivered,9.0
3007,724,2024-03-28T02:47:57,delivered,4.0
3008,724,2024-05-02T21:55:12,delivered,3.0
3009,724,2024-09-28T13:00:26,canceled,
3010,724,2024-03-20T12:26:33,canceled,
3011,724,2024-03-25T21:45:41,shipped,
3012,724,2024-04-16T07:55:51,shipped,
3013,724,2024-07-07T09:54:54,delivered,6.0
3014,725,2023-12-06T11:44:53,shipped,
3015,725,2024-02-16T17:58:08,delivered,8.0
3016,726,2023-08-26T06:38:00,canceled,
3017,726,2023-09-11T19:44:01,delivered,2.0
3018,727,2024-10-13T07:34:11,canceled,
3019,728,2024-10-20T03:24:56,delivered,4.0
3020,728,2024-12-20T21:45:56,delivered,3.0
3021,728,2024-09-02T23:41:17,shipped,
3022,728,2024-11-22T21:05:29,shipped,
3023,728,2024-08-30T20:28:35,canceled,
3024,728,2024-12-17T17:36:07,canceled,
3025,728,2024-09-14T15:14:18,delivered,6.0
3026,728,2024-12-20T06:59:40,delivered,2.0
3027,729,2024-12-31T23:54:56,delivered,6.0
3028,729,2024-12-30T11:07:39,delivered,2.0
3029,730,2024-06-12T03:25:28,canceled,
3030,730,2024-05-22T02:13:58,delivered,7.0
3031,731,2024-12-31T08:32:41,delivered,2.0
3032,731,2024-07-21T19:48:59,delivered,7.0
3033,732,2024-08-24T06:07:25,delivered,3.0
3034,732,2024-04-24T05:43:43,canceled,
3035,732,2024-10-14T00:15:59,canceled,
3036,733,2024-11-06T14:58:36,delivered,2.0
3037,733,2024-09-26T18:44:29,delivered,3.0
3038,734,2024-06-11T09:58:29,delivered,7.0
3039,734,2023-07-26T11:14:51,delivered,9.0
3040,734,2023-06-17T07:00:34,delivered,5.0
3041,734,2023-08-27T10:55:32,delivered,1.0
3042,734,2023-06-08T18:30:59,delivered,13.0
3043,734,2023-06-23T00:59:20,canceled,
3044,735,2024-11-12T21:02:27,shipped,
3045,736,2024-09-17T17:29:11,delivered,7.0
3046,736,2024-11-03T21:50:36,delivered,7.0
3047,736,2024-12-02T13:58:15,delivered,6.0
3048,736,2024-08-03T22:45:34,shipped,
3049,736,2024-12-24T08:23:31,delivered,2.0
3050,736,2024-08-25T10:42:22,delivered,2.0
3051,736,2024-11-26T06:50:18,delivered,4.0
3052,736,2024-11-27T19:37:01,shipped,
3053,736,2024-09-09T17:12:29,delivered,8.0
3054,736,2024-12-21T09:15:44,canceled,
3055,737,2024-10-24T13:10:44,delivered,9.0
3056,737,2024-12-28T06:25:46,delivered,4.0
3057,737,2024-11-01T09:47:36,delivered,7.0
3058,737,2024-09-09T05:56:16,shipped,
3059,737,2024-09-23T22:09:53,delivered,10.0
3060,737,2024-03-20T09:03:22,shipped,
3061,737,2024-08-30T07:37:43,delivered,2.0
3062,737,2024-11-11T14:44:25,delivered,1.0
3063,738,2024-10-05T20:00:17,shipped,
3064,738,2024-06-20T21:26:02,delivered,5.0
3065,738,2024-12-20T16:34:40,delivered,2.0
3066,738,2024-06-29T23:29:08,delivered,6.0
3067,738,2024-03-31T15:38:41,delivered,1.0
3068,738,2024-01-01T16:38:17,delivered,4.0
3069,738,2024-08-14T23:23:30,delivered,2.0
3070,738,2023-09-17T03:05:41,delivered,1.0
3071,739,2024-01-24T00:57:29,delivered,2.0
3072,739,2024-07-30T03:44:11,delivered,3.0
3073,739,2024-07-15T15:44:00,canceled,
3074,739,2024-01-22T19:45:48,canceled,
3075,740,2024-02-23T03:29:32,delivered,1.0
3076,740,2024-11-27T06:34:44,delivered,3.0
3077,740,2024-09-22T20:57:09,shipped,
3078,740,2024-07-04T11:48:14,delivered,5.0
3079,740,2024-09-09T20:59:37,delivered,1.0
3080,740,2024-04-22T09:37:21,delivered,6.0
3081,740,2024-10-11T19:33:13,shipped,
3082,740,2024-07-15T01:12:43,delivered,7.0
3083,740,2024-06-15T19:37:16,delivered,8.0
3084,740,2024-09-19T06:16:40,delivered,3.0
3085,741,2023-06-20T22:54:28,delivered,4.0
3086,741,2024-01-27T20:51:40,delivered,5.0
3087,741,2024-10-31T01:53:05,canceled,
3088,741,2024-04-01T08:02:12,delivered,2.0
3089,741,2023-06-28T05:08:40,delivered,9.0
3090,741,2024-12-23T23:36:43,delivered,9.0
3091,741,2023-09-05T17:49:49,delivered,4.0
3092,741,2023-11-15T14:06:03,delivered,1.0
3093,742,2024-07-20T11:04:11,canceled,
3094,742,2024-07-23T14:40:17,shipped,
3095,743,2024-12-29T08:54:20,delivered,2.0
3096,743,2024-11-21T07:08:33,delivered,5.0
3097,743,2024-11-17T17:21:32,canceled,
3098,743,2024-11-26T04:30:57,delivered,1.0
3099,743,2024-12-09T06:18:03,canceled,
3100,743,2024-11-20T14:07:52,delivered,7.0
3101,744,2024-06-27T01:29:52,shipped,
3102,744,2024-11-23T17:46:53,delivered,7.0
3103,744,2024-07-28T22:19:43,delivered,4.0
3104,744,2024-10-02T12:10:15,delivered,4.0
3105,744,2024-05-27T01:00:04,delivered,5.0
3106,744,2024-06-11T00:54:39,delivered,4.0
3107,745,2024-12-17T17:00:42,delivered,13.0
3108,745,2024-12-06T11:32:41,delivered,5.0
3109,745,2024-12-10T02:09:45,shipped,
3110,745,2024-12-24T01:41:36,shipped,
3111,745,2024-12-29T14:53:33,delivered,9.0
3112,745,2024-12-08T08:49:01,canceled,
3113,745,2024-12-29T12:08:36,canceled,
3114,745,2024-12-09T07:17:31,canceled,
3115,745,2024-12-05T22:59:05,canceled,
3116,745,2024-12-05T09:28:28,delivered,4.0
3117,746,2023-05-29T02:33:13,delivered,3.0
3118,746,2024-03-14T15:20:35,delivered,5.0
3119,746,2024-10-11T21:32:18,canceled,
3120,746,2024-01-25T02:55:31,delivered,4.0
3121,746,2024-06-10T10:04:25,delivered,8.0
3122,747,2024-02-05T17:07:34,delivered,11.0
3123,747,2024-05-20T18:36:33,delivered,1.0
3124,747,2024-07-13T21:14:47,delivered,2.0
3125,748,2024-09-30T19:56:09,delivered,9.0
3126,748,2024-05-25T13:25:47,delivered,3.0
3127,749,2024-07-26T00:36:38,shipped,
3128,749,2024-04-10T08:28:16,canceled,
3129,749,2024-04-21T18:04:21,delivered,5.0
3130,749,2024-09-19T08:48:35,shipped,
3131,749,2024-04-05T02:26:33,delivered,8.0
3132,749,2024-03-02T19:22:01,delivered,3.0
3133,749,2024-05-20T07:45:46,shipped,
3134,749,2024-09-05T18:13:00,delivered,3.0
3135,750,2024-08-24T00:05:49,delivered,6.0
3136,750,2024-08-18T00:36:27,canceled,
3137,751,2024-10-04T08:13:33,shipped,
3138,751,2024-12-05T15:03:33,delivered,5.0
3139,751,2024-12-23T11:00:42,delivered,8.0
3140,751,2024-09-11T18:24:14,canceled,
3141,751,2024-10-12T09:44:26,delivered,2.0
3142,752,2024-08-18T12:42:58,delivered,2.0
3143,752,2024-10-30T23:13:04,delivered,3.0
3144,752,2024-12-30T11:56:14,delivered,7.0
3145,752,2024-08-12T21:01:12,shipped,
3146,752,2024-09-10T20:10:13,delivered,4.0
3147,753,2024-11-24T13:43:06,delivered,5.0
3148,753,2024-11-30T19:35:21,delivered,1.0
3149,754,2024-11-23T20:49:25,delivered,13.0
3150,754,2024-06-04T19:24:04,delivered,3.0
3151,754,2024-05-31T09:26:02,delivered,3.0
3152,754,2024-05-23T11:21:02,delivered,6.0
3153,755,2024-12-11T08:49:00,delivered,4.0
3154,755,2024-12-12T07:02:02,delivered,6.0
3155,755,2024-11-17T07:09:34,delivered,4.0
3156,755,2024-12-04T13:11:46,delivered,1.0
3157,755,2024-11-14T06:54:38,delivered,2.0
3158,755,2024-12-16T03:12:07,canceled,
3159,755,2024-11-15T22:27:04,canceled,
3160,755,2024-12-21T19:59:22,delivered,9.0
3161,756,2024-06-03T14:48:37,canceled,
3162,756,2023-12-31T11:51:08,delivered,7.0
3163,756,2023-08-29T21:45:33,shipped,
3164,757,2024-11-23T21:46:14,delivered,5.0
3165,757,2024-12-08T03:44:57,delivered,8.0
3166,757,2024-12-03T13:55:27,canceled,
3167,758,2024-12-20T19:10:01,canceled,
3168,758,2024-03-04T04:29:47,delivered,1.0
3169,758,2024-09-09T04:35:07,delivered,3.0
3170,758,2024-11-17T14:38:25,delivered,8.0
3171,759,2024-11-19T05:18:57,delivered,24.0
3172,759,2024-12-19T20:51:35,canceled,
3173,759,2024-08-14T00:24:17,delivered,8.0
3174,760,2024-07-31T17:55:23,delivered,5.0
3175,760,2024-11-14T01:47:23,canceled,
3176,760,2023-09-22T23:29:52,canceled,
3177,760,2024-07-18T22:24:59,delivered,6.0
3178,760,2024-07-29T03:13:03,delivered,11.0
3179,760,2023-09-20T12:03:28,canceled,
3180,760,2023-08-29T05:22:02,canceled,
3181,760,2024-09-18T00:34:48,delivered,3.0
3182,760,2024-01-30T06:37:25,delivered,2.0
3183,761,2024-12-29T17:22:15,delivered,2.0
3184,761,2024-12-17T22:05:59,delivered,3.0
3185,762,2023-12-27T03:02:15,canceled,
3186,762,2024-05-02T12:01:56,delivered,14.0
3187,763,2024-07-11T11:59:12,canceled,
3188,763,2024-03-02T08:01:48,shipped,
3189,764,2024-09-29T16:07:18,canceled,
3190,764,2024-07-07T15:29:40,canceled,
3191,764,2024-11-21T22:41:55,delivered,5.0
3192,764,2024-02-07T15:10:16,canceled,
3193,765,2024-12-17T21:32:19,delivered,12.0
3194,765,2024-12-30T07:02:46,shipped,
3195,765,2024-06-15T21:26:57,delivered,9.0
3196,766,2024-09-08T21:01:23,shipped,
3197,766,2023-12-04T11:59:18,delivered,3.0
3198,767,2024-12-08T21:22:01,delivered,8.0
3199,767,2024-12-20T10:33:10,delivered,5.0
3200,767,2024-12-19T01:44:22,delivered,4.0
3201,767,2024-12-18T08:42:54,shipped,
3202,768,2024-11-19T07:49:47,canceled,
3203,768,2024-12-22T08:02:55,delivered,1.0
3204,769,2024-12-01T18:49:33,delivered,8.0
3205,769,2024-11-06T12:04:40,delivered,1.0
3206,769,2024-12-07T06:45:23,delivered,2.0
3207,769,2024-12-08T00:03:31,delivered,4.0
3208,770,2024-11-01T07:38:01,delivered,3.0
3209,770,2024-10-28T15:33:00,shipped,
3210,770,2024-12-30T15:22:45,delivered,4.0
3211,770,2024-11-18T00:40:21,shipped,
3212,770,2024-12-26T20:05:07,delivered,5.0
3213,770,2024-10-27T05:20:09,delivered,4.0
3214,770,2024-11-15T11:44:14,delivered,1.0
3215,771,2024-12-30T22:52:59,delivered,3.0
3216,771,2024-12-26T09:59:44,shipped,
3217,771,2024-12-13T02:20:37,canceled,
3218,771,2024-12-27T14:02:43,canceled,
3219,772,2024-04-12T16:09:24,delivered,7.0
3220,772,2024-11-27T04:17:22,shipped,
3221,773,2024-03-26T08:09:22,delivered,13.0
3222,773,2024-11-02T13:02:28,canceled,
3223,773,2024-08-15T14:41:01,delivered,6.0
3224,773,2024-11-24T01:48:50,shipped,
3225,773,2024-06-21T06:41:16,delivered,2.0
3226,773,2023-10-26T03:07:34,canceled,
3227,773,2024-01-03T10:13:22,delivered,5.0
3228,774,2024-12-29T07:49:36,delivered,8.0
3229,774,2024-07-11T20:08:41,delivered,3.0
3230,774,2024-11-13T01:47:43,delivered,8.0
3231,774,2023-12-31T09:59:51,delivered,2.0
3232,774,2024-05-15T20:09:14,delivered,2.0
3233,774,2024-07-25T08:48:40,delivered,7.0
3234,774,2024-02-05T12:35:40,delivered,4.0
3235,774,2023-12-22T12:33:46,delivered,3.0
3236,774,2024-01-03T22:23:36,delivered,7.0
3237,774,2024-11-02T05:00:59,delivered,1.0
3238,775,2023-08-06T14:23:04,canceled,
3239,775,2023-11-09T22:43:15,shipped,
3240,776,2023-10-30T19:19:21,delivered,3.0
3241,776,2023-10-31T18:15:07,delivered,2.0
3242,776,2024-05-26T11:41:11,canceled,
3243,776,2024-01-04T20:16:57,delivered,5.0
3244,776,2024-09-02T12:23:08,delivered,5.0
3245,776,2023-11-05T14:03:50,delivered,4.0
3246,776,2024-06-09T14:28:42,delivered,5.0
3247,776,2024-07-04T00:05:31,delivered,3.0
3248,777,2024-11-05T17:29:39,delivered,2.0
3249,777,2024-12-10T03:38:34,shipped,
3250,777,2024-12-10T10:05:51,delivered,7.0
3251,777,2024-11-25T07:30:01,canceled,
3252,777,2024-11-21T22:34:13,shipped,
3253,777,2024-12-16T20:45:58,delivered,2.0
3254,778,2024-03-05T13:48:27,delivered,10.0
3255,778,2023-04-01T13:10:01,delivered,6.0
3256,778,2023-10-14T23:15:08,delivered,8.0
3257,779,2024-12-17T17:08:22,canceled,
3258,779,2024-12-21T06:21:41,delivered,9.0
3259,779,2024-12-27T01:57:27,delivered,3.0
3260,780,2023-12-06T10:51:59,delivered,7.0
3261,780,2024-07-21T16:59:20,delivered,3.0
3262,781,2024-12-07T12:07:30,canceled,
3263,781,2024-03-28T08:19:38,delivered,2.0
3264,781,2024-10-01T09:33:15,canceled,
3265,781,2024-12-13T18:13:19,delivered,3.0
3266,781,2024-08-17T23:04:43,delivered,1.0
3267,782,2024-08-20T23:37:06,delivered,4.0
3268,783,2024-05-24T05:31:16,delivered,4.0
3269,783,2024-06-11T20:07:21,delivered,2.0
3270,783,2024-06-09T17:41:38,canceled,
3271,784,2024-09-19T13:11:04,shipped,
3272,784,2024-10-11T09:33:25,canceled,
3273,785,2024-06-26T06:06:13,delivered,3.0
3274,785,2024-10-20T10:59:37,delivered,1.0
3275,786,2024-09-15T09:09:40,delivered,2.0
3276,786,2024-12-02T03:29:45,delivered,12.0
3277,786,2024-12-14T08:56:25,delivered,12.0
3278,786,2024-10-12T20:49:20,delivered,4.0
3279,786,2024-10-19T14:39:06,delivered,1.0
3280,786,2024-11-18T14:08:15,delivered,10.0
3281,786,2024-09-05T23:59:43,delivered,4.0
3282,786,2024-11-23T09:49:11,shipped,
3283,786,2024-11-30T21:45:00,delivered,1.0
3284,786,2024-09-16T13:17:42,shipped,
3285,786,2024-11-11T21:18:46,delivered,12.0
3286,787,2024-02-19T07:12:24,delivered,3.0
3287,787,2024-02-22T19:11:39,shipped,
3288,787,2024-06-02T04:39:48,delivered,6.0
3289,787,2023-05-21T07:46:41,delivered,1.0
3290,787,2024-11-10T00:15:57,delivered,6.0
3291,788,2024-10-02T11:16:57,delivered,4.0
3292,788,2024-08-26T14:45:08,canceled,
3293,788,2024-08-07T16:04:45,delivered,6.0
3294,788,2023-12-28T00:24:02,canceled,
3295,789,2024-06-01T08:18:47,delivered,10.0
3296,789,2023-07-27T14:11:36,delivered,2.0
3297,790,2024-03-29T06:36:26,canceled,
3298,790,2024-10-13T17:08:38,shipped,
3299,790,2024-11-18T02:29:13,delivered,14.0
3300,790,2024-06-29T14:12:42,delivered,3.0
3301,790,2024-11-23T04:35:48,canceled,
3302,790,2024-11-19T06:03:10,delivered,28.0
3303,790,2024-03-19T05:47:29,delivered,4.0
3304,790,2024-07-22T05:20:34,delivered,3.0
3305,790,2024-04-24T11:35:42,delivered,3.0
3306,790,2024-02-22T13:44:45,delivered,3.0
3307,791,2024-12-21T11:32:33,delivered,3.0
3308,791,2024-12-11T03:33:06,canceled,
3309,791,2024-12-26T12:28:26,delivered,3.0
3310,792,2024-06-29T18:36:45,delivered,2.0
3311,792,2024-07-03T20:07:12,canceled,
3312,793,2024-07-16T16:11:09,canceled,
3313,793,2024-08-29T03:37:50,shipped,
3314,793,2024-12-07T02:55:21,delivered,3.0
3315,793,2024-04-11T02:42:44,delivered,7.0
3316,793,2024-07-30T11:47:00,delivered,8.0
3317,793,2024-05-23T06:43:13,delivered,2.0
3318,793,2024-10-13T00:24:56,delivered,9.0
3319,794,2024-11-08T14:22:39,delivered,2.0
3320,794,2024-10-15T20:51:45,delivered,1.0
3321,794,2023-12-01T19:47:12,delivered,5.0
3322,794,2024-10-20T21:58:48,delivered,9.0
3323,795,2024-10-09T02:23:28,canceled,
3324,795,2024-10-13T05:21:44,delivered,15.0
3325,796,2024-09-09T14:22:20,shipped,
3326,796,2024-04-11T01:37:41,delivered,2.0
3327,797,2024-05-24T10:49:37,canceled,
3328,797,2024-06-07T09:20:46,shipped,
3329,797,2023-07-18T14:36:36,delivered,2.0
3330,798,2024-11-26T14:05:12,delivered,2.0
3331,798,2024-12-31T17:42:52,canceled,
3332,799,2024-08-07T04:10:06,canceled,
3333,799,2024-10-01T02:31:03,canceled,
3334,799,2024-06-07T06:50:19,delivered,3.0
3335,800,2024-11-25T04:17:28,delivered,2.0
3336,800,2024-12-09T05:02:39,delivered,6.0
3337,800,2024-11-14T05:07:08,delivered,6.0
3338,800,2024-11-15T20:02:22,canceled,
3339,800,2024-11-14T05:09:15,shipped,
3340,801,2024-02-27T19:51:05,delivered,2.0
3341,801,2024-11-13T23:15:25,delivered,10.0
3342,801,2023-10-19T11:52:45,delivered,7.0
3343,801,2023-11-02T13:44:24,shipped,
3344,801,2024-02-04T04:26:46,delivered,1.0
3345,801,2023-12-24T01:42:51,delivered,1.0
3346,801,2023-08-28T03:09:34,shipped,
3347,802,2024-12-30T21:13:22,canceled,
3348,802,2024-05-31T12:20:16,shipped,
3349,802,2024-10-18T02:57:55,delivered,6.0
3350,802,2024-08-03T14:57:25,shipped,
3351,802,2024-11-28T11:02:55,delivered,6.0
3352,803,2023-03-02T12:00:48,delivered,6.0
3353,803,2023-10-21T23:06:17,canceled,
3354,804,2024-06-21T07:36:12,delivered,4.0
3355,804,2024-11-04T14:41:55,delivered,1.0
3356,805,2023-10-06T00:20:30,delivered,5.0
3357,806,2024-08-19T21:22:35,canceled,
3358,806,2024-08-09T08:29:23,delivered,1.0
3359,806,2024-01-13T08:13:15,delivered,15.0
3360,807,2024-12-05T16:25:38,delivered,8.0
3361,807,2024-04-15T12:23:21,delivered,2.0
3362,807,2023-12-24T21:21:33,delivered,3.0
3363,807,2024-12-07T07:54:31,delivered,1.0
3364,807,2024-05-24T10:32:26,delivered,9.0
3365,807,2024-09-25T13:06:10,shipped,
3366,807,2024-08-02T15:03:25,delivered,10.0
3367,808,2024-08-19T17:12:32,delivered,2.0
3368,808,2023-10-31T12:46:58,delivered,7.0
3369,809,2024-12-30T16:35:57,delivered,5.0
3370,810,2023-12-14T10:46:42,shipped,
3371,810,2023-12-07T21:06:57,delivered,8.0
3372,810,2024-06-05T19:14:21,delivered,5.0
3373,811,2024-12-31T21:29:09,canceled,
3374,811,2024-12-12T14:50:41,delivered,4.0
3375,811,2024-07-07T22:44:53,delivered,10.0
3376,812,2024-08-30T17:03:12,delivered,7.0
3377,812,2024-12-24T14:47:30,delivered,8.0
3378,812,2024-12-03T16:10:01,delivered,10.0
3379,812,2024-09-16T08:40:42,delivered,4.0
3380,812,2024-09-11T06:16:35,delivered,5.0
3381,812,2024-11-10T06:06:50,delivered,5.0
3382,812,2024-11-18T08:48:20,delivered,2.0
3383,812,2024-10-24T08:21:58,delivered,8.0
3384,812,2024-09-06T01:00:08,delivered,5.0
3385,813,2024-12-28T00:05:02,delivered,2.0
3386,813,2024-11-27T12:24:58,delivered,6.0
3387,813,2024-12-23T11:07:25,delivered,9.0
3388,814,2023-05-03T01:12:06,delivered,8.0
3389,814,2024-10-04T12:14:43,delivered,8.0
3390,814,2024-02-26T08:56:06,delivered,3.0
3391,815,2024-07-29T00:21:25,delivered,4.0
3392,815,2023-12-28T05:12:45,shipped,
3393,815,2023-12-19T04:48:23,delivered,5.0
3394,815,2024-04-22T20:02:54,shipped,
3395,815,2024-03-25T00:59:53,canceled,
3396,815,2023-10-05T21:29:04,delivered,7.0
3397,815,2023-04-30T17:29:44,delivered,8.0
3398,815,2024-04-12T07:36:14,shipped,
3399,816,2024-07-25T17:11:02,shipped,
3400,816,2024-07-04T18:05:51,delivered,1.0
3401,816,2023-10-04T05:44:04,delivered,7.0
3402,816,2023-07-16T20:58:53,delivered,4.0
3403,816,2024-04-01T00:18:13,delivered,5.0
3404,816,2024-08-12T18:26:35,delivered,2.0
3405,816,2023-04-10T01:30:16,delivered,4.0
3406,816,2024-12-21T02:53:12,delivered,4.0
3407,816,2024-11-21T00:07:55,delivered,6.0
3408,817,2023-12-24T02:25:58,delivered,1.0
3409,817,2023-08-08T23:58:37,canceled,
3410,818,2024-10-19T14:46:27,delivered,1.0
3411,818,2024-08-16T03:33:22,delivered,5.0
3412,818,2024-12-04T09:12:23,delivered,4.0
3413,818,2024-11-21T02:01:01,delivered,2.0
3414,818,2024-10-25T19:45:52,delivered,1.0
3415,819,2024-11-13T18:29:03,delivered,11.0
3416,819,2024-12-30T07:52:13,delivered,4.0
3417,819,2024-11-27T01:46:59,delivered,4.0
3418,820,2024-12-31T05:35:23,delivered,2.0
3419,820,2024-12-27T22:36:30,canceled,
3420,821,2024-04-20T13:17:18,delivered,1.0
3421,821,2024-11-05T04:48:52,delivered,3.0
3422,821,2024-12-20T04:45:30,delivered,9.0
3423,821,2024-12-09T12:50:46,delivered,4.0
3424,822,2024-11-26T16:22:57,delivered,1.0
3425,822,2023-11-16T17:21:11,shipped,
3426,823,2023-05-07T12:30:45,shipped,
3427,823,2024-02-06T11:44:58,delivered,13.0
3428,823,2023-04-17T10:16:57,shipped,
3429,823,2023-12-30T16:43:46,delivered,4.0
3430,824,2024-05-07T06:40:54,delivered,4.0
3431,824,2024-07-23T04:44:36,delivered,9.0
3432,824,2024-10-18T16:22:01,delivered,6.0
3433,824,2024-10-09T17:28:36,delivered,2.0
3434,824,2024-01-06T23:07:57,delivered,12.0
3435,824,2024-10-10T18:53:32,delivered,9.0
3436,824,2024-08-13T11:11:29,delivered,4.0
3437,824,2023-08-12T08:14:33,delivered,6.0
3438,825,2024-09-14T04:33:51,delivered,3.0
3439,825,2024-05-01T01:48:52,shipped,
3440,825,2024-10-14T17:34:58,delivered,2.0
3441,825,2024-07-10T14:45:51,delivered,4.0
3442,826,2023-09-05T01:12:12,delivered,1.0
3443,827,2023-06-12T21:40:44,delivered,9.0
3444,827,2023-06-18T03:39:00,canceled,
3445,827,2023-08-13T16:45:08,delivered,1.0
3446,827,2023-06-25T09:24:58,delivered,5.0
3447,828,2024-03-28T00:25:10,canceled,
3448,828,2024-08-05T04:34:58,shipped,
3449,828,2024-09-06T22:14:21,shipped,
3450,829,2024-05-08T05:44:58,shipped,
3451,829,2024-07-29T22:26:40,delivered,8.0
3452,829,2024-10-18T17:21:17,delivered,3.0
3453,829,2024-12-15T00:43:25,delivered,2.0
3454,829,2024-05-08T10:57:58,delivered,9.0
3455,829,2024-07-30T00:23:09,delivered,4.0
3456,829,2024-03-14T15:44:25,delivered,5.0
3457,829,2024-07-23T10:57:46,delivered,3.0
3458,829,2024-03-12T10:20:42,delivered,3.0
3459,830,2024-12-15T17:56:20,shipped,
3460,831,2024-05-18T09:44:40,shipped,
3461,832,2024-03-06T21:23:22,delivered,9.0
3462,832,2024-07-23T21:28:47,delivered,3.0
3463,832,2023-11-12T18:41:30,delivered,3.0
3464,832,2023-12-20T18:36:10,delivered,4.0
3465,833,2024-10-26T08:27:46,delivered,5.0
3466,833,2024-01-21T01:50:15,delivered,7.0
3467,833,2023-10-03T06:30:24,delivered,8.0
3468,834,2024-11-15T20:45:18,shipped,
3469,834,2024-06-17T11:48:13,delivered,2.0
3470,834,2024-07-09T11:53:35,delivered,7.0
3471,834,2024-09-05T11:48:22,shipped,
3472,835,2024-12-18T09:42:46,canceled,
3473,835,2023-09-29T05:32:43,canceled,
3474,835,2024-04-10T14:19:06,delivered,6.0
3475,836,2024-06-28T04:47:28,delivered,4.0
3476,836,2024-06-15T17:42:22,shipped,
3477,836,2024-09-02T00:46:34,delivered,4.0
3478,836,2024-11-29T11:17:20,shipped,
3479,836,2024-06-23T22:26:42,canceled,
3480,836,2024-07-04T12:07:50,canceled,
3481,836,2024-12-16T11:26:04,delivered,6.0
3482,836,2024-09-14T15:44:14,delivered,3.0
3483,836,2024-08-16T14:54:44,delivered,7.0
3484,836,2024-07-06T14:56:47,delivered,2.0
3485,837,2024-09-23T23:55:31,delivered,1.0
3486,837,2023-12-24T16:40:57,delivered,3.0
3487,837,2024-05-20T05:36:04,delivered,9.0
3488,837,2024-11-29T23:44:36,delivered,1.0
3489,837,2024-03-30T07:51:21,canceled,
3490,838,2024-10-25T18:23:35,delivered,5.0
3491,838,2024-11-04T01:36:24,delivered,7.0
3492,838,2024-12-14T03:29:49,delivered,3.0
3493,839,2024-05-04T18:41:38,shipped,
3494,840,2023-12-28T01:23:35,delivered,5.0
3495,840,2024-11-15T04:08:46,delivered,2.0
3496,840,2024-11-28T12:49:38,delivered,4.0
3497,841,2024-09-24T21:41:43,delivered,11.0
3498,841,2024-09-03T20:16:21,shipped,
3499,842,2024-09-30T19:04:42,delivered,11.0
3500,842,2024-12-08T17:46:39,delivered,4.0
3501,842,2024-11-17T04:05:14,canceled,
3502,842,2024-11-27T07:01:57,delivered,1.0
3503,842,2024-09-10T16:58:13,shipped,
3504,842,2024-12-16T01:02:52,shipped,
3505,842,2024-11-24T16:08:43,shipped,
3506,842,2024-10-25T03:45:31,canceled,
3507,843,2024-12-10T19:58:29,delivered,7.0
3508,843,2024-11-18T14:06:34,delivered,4.0
3509,843,2024-11-29T13:47:45,shipped,
3510,843,2024-12-27T20:25:55,delivered,13.0
3511,843,2024-11-07T15:28:23,delivered,3.0
3512,844,2024-07-09T14:38:33,delivered,5.0
3513,844,2024-09-22T07:37:40,shipped,
3514,844,2023-08-03T04:54:15,delivered,7.0
3515,844,2024-02-05T08:44:46,delivered,5.0
3516,844,2024-03-04T00:40:15,canceled,
3517,844,2024-07-22T18:01:37,canceled,
3518,845,2024-12-06T05:51:27,delivered,4.0
3519,845,2024-09-20T05:35:45,delivered,3.0
3520,845,2024-11-06T02:05:46,delivered,5.0
3521,845,2024-11-04T02:06:16,delivered,3.0
3522,846,2024-12-22T21:20:27,shipped,
3523,846,2024-12-04T14:37:00,canceled,
3524,846,2024-12-11T18:34:06,delivered,3.0
3525,847,2024-10-21T07:48:42,delivered,4.0
3526,848,2024-12-26T08:00:04,canceled,
3527,848,2024-10-23T21:07:36,delivered,6.0
3528,848,2024-11-28T22:31:02,delivered,4.0
3529,849,2024-11-05T03:52:20,delivered,3.0
3530,849,2024-12-22T15:01:43,delivered,2.0
3531,849,2024-12-05T22:32:39,delivered,4.0
3532,850,2024-12-09T22:03:01,delivered,3.0
3533,850,2024-11-30T11:55:00,canceled,
3534,850,2024-11-01T10:26:53,delivered,6.0
3535,850,2024-10-17T06:42:56,delivered,15.0
3536,851,2023-07-18T09:33:12,delivered,1.0
3537,851,2024-11-04T00:26:09,delivered,1.0
3538,851,2023-09-29T06:32:32,delivered,4.0
3539,852,2023-12-18T17:41:29,canceled,
3540,852,2023-09-25T15:09:23,delivered,2.0
3541,852,2024-11-26T11:45:30,shipped,
3542,853,2024-08-30T05:39:14,delivered,3.0
3543,853,2024-08-07T20:13:07,delivered,3.0
3544,854,2024-05-26T06:58:06,canceled,
3545,854,2024-06-30T08:32:43,delivered,8.0
3546,854,2024-03-01T02:40:56,delivered,9.0
3547,854,2024-10-19T13:51:32,canceled,
3548,854,2024-01-08T22:00:04,delivered,4.0
3549,855,2024-10-16T03:06:16,delivered,5.0
3550,855,2024-12-17T18:15:14,shipped,
3551,856,2024-02-17T21:07:22,shipped,
3552,856,2024-07-07T23:56:56,canceled,
3553,857,2024-01-22T17:42:07,delivered,9.0
3554,857,2023-10-19T10:32:20,delivered,4.0
3555,857,2023-06-05T10:13:38,delivered,7.0
3556,857,2023-07-01T04:02:11,shipped,
3557,857,2023-11-09T05:42:02,delivered,5.0
3558,858,2024-04-18T11:16:35,delivered,2.0
3559,858,2024-05-11T14:04:05,delivered,5.0
3560,859,2024-07-07T16:42:12,shipped,
3561,859,2024-02-05T14:11:22,delivered,1.0
3562,859,2023-07-14T16:39:54,delivered,3.0
3563,859,2023-11-10T01:59:23,delivered,11.0
3564,859,2023-09-15T16:22:27,delivered,14.0
3565,859,2024-10-28T19:07:27,delivered,3.0
3566,859,2023-10-18T22:09:11,delivered,7.0
3567,859,2024-10-29T10:31:10,delivered,3.0
3568,860,2024-02-18T00:09:24,delivered,2.0
3569,860,2024-08-30T12:45:52,delivered,4.0
3570,860,2024-10-23T01:39:20,delivered,10.0
3571,860,2024-05-15T03:11:20,canceled,
3572,860,2024-02-23T00:58:27,shipped,
3573,860,2024-03-01T06:02:04,delivered,5.0
3574,860,2024-01-23T02:14:12,delivered,12.0
3575,861,2024-11-22T10:56:02,shipped,
3576,861,2024-11-06T18:53:23,shipped,
3577,861,2023-04-01T23:39:08,delivered,5.0
3578,861,2023-05-13T16:36:08,delivered,5.0
3579,861,2024-07-29T08:04:47,canceled,
3580,861,2024-01-31T21:40:55,delivered,9.0
3581,861,2023-06-03T16:06:19,delivered,1.0
3582,861,2023-05-12T01:19:45,delivered,6.0
3583,862,2024-01-21T10:41:39,delivered,7.0
3584,862,2023-11-21T08:27:36,delivered,9.0
3585,862,2024-11-01T14:49:26,canceled,
3586,863,2024-11-11T03:57:53,delivered,5.0
3587,863,2024-09-27T08:31:28,delivered,4.0
3588,863,2024-09-07T11:19:38,shipped,
3589,863,2024-10-14T07:48:27,canceled,
3590,863,2024-12-03T22:20:02,delivered,6.0
3591,863,2024-09-13T16:32:43,delivered,11.0
3592,863,2024-12-06T15:34:02,canceled,
3593,863,2024-10-04T18:26:36,delivered,6.0
3594,863,2024-12-10T20:23:40,delivered,2.0
3595,864,2024-06-01T22:38:11,delivered,3.0
3596,864,2024-08-14T20:08:56,delivered,2.0
3597,864,2024-03-09T08:47:24,delivered,2.0
3598,864,2024-09-10T01:12:54,delivered,13.0
3599,864,2024-05-25T11:37:48,delivered,9.0
3600,864,2024-03-31T14:08:52,delivered,4.0
3601,864,2024-05-04T13:30:26,delivered,2.0
3602,864,2024-11-27T19:28:58,canceled,
3603,864,2024-02-05T03:42:00,delivered,10.0
3604,865,2024-11-08T13:07:47,delivered,3.0
3605,865,2024-12-16T03:36:23,canceled,
3606,866,2024-03-22T14:28:25,canceled,
3607,866,2024-01-07T04:35:33,shipped,
3608,867,2024-08-21T00:15:29,delivered,3.0
3609,867,2024-08-22T03:01:40,delivered,6.0
3610,867,2024-12-03T07:00:34,shipped,
3611,867,2024-12-17T02:58:54,delivered,4.0
3612,867,2024-08-08T01:42:24,canceled,
3613,867,2024-09-26T19:19:40,delivered,5.0
3614,868,2024-08-29T17:24:21,delivered,10.0
3615,868,2024-04-05T19:16:06,delivered,1.0
3616,868,2024-09-06T13:12:33,delivered,2.0
3617,868,2023-11-30T04:36:13,delivered,3.0
3618,868,2023-11-28T05:05:11,delivered,5.0
3619,868,2024-08-22T10:27:53,delivered,6.0
3620,868,2024-02-25T01:03:28,delivered,7.0
3621,869,2024-11-30T15:53:14,shipped,
3622,869,2024-11-30T22:11:26,shipped,
3623,869,2024-11-05T09:58:22,delivered,2.0
3624,869,2024-12-11T20:48:36,canceled,
3625,869,2024-10-03T12:29:55,delivered,2.0
3626,869,2024-12-01T14:38:52,delivered,2.0
3627,869,2024-11-24T09:28:03,shipped,
3628,869,2024-10-04T22:23:16,delivered,8.0
3629,869,2024-12-07T18:56:28,delivered,3.0
3630,870,2024-12-05T22:55:48,delivered,8.0
3631,870,2024-09-16T18:28:12,delivered,9.0
3632,870,2024-06-16T11:15:15,delivered,1.0
3633,871,2023-03-29T22:01:38,canceled,
3634,871,2024-07-28T17:26:10,delivered,3.0
3635,871,2024-02-24T21:37:14,canceled,
3636,871,2023-05-01T23:18:46,delivered,7.0
3637,872,2024-08-21T19:19:12,delivered,4.0
3638,872,2024-04-14T21:00:45,delivered,9.0
3639,873,2023-12-25T14:12:20,delivered,3.0
3640,873,2023-09-26T14:26:54,delivered,10.0
3641,873,2024-08-29T10:48:42,delivered,3.0
3642,874,2024-12-02T12:33:00,canceled,
3643,874,2024-12-24T17:03:15,delivered,7.0
3644,875,2024-09-16T07:07:13,shipped,
3645,875,2024-01-30T02:27:20,shipped,
3646,875,2023-10-28T16:26:11,delivered,5.0
3647,876,2024-12-28T07:53:06,delivered,2.0
3648,876,2024-12-27T14:18:24,canceled,
3649,876,2024-12-28T03:47:21,delivered,12.0
3650,877,2024-04-09T00:31:29,shipped,
3651,877,2024-12-10T05:19:16,shipped,
3652,878,2024-11-09T05:04:20,shipped,
3653,879,2023-12-04T04:01:40,delivered,3.0
3654,879,2024-01-05T03:01:48,delivered,3.0
3655,879,2024-04-04T19:50:03,delivered,4.0
3656,879,2023-08-16T22:28:15,delivered,13.0
3657,879,2024-10-05T09:13:31,canceled,
3658,879,2023-11-23T17:50:32,shipped,
3659,879,2024-01-12T22:54:34,delivered,6.0
3660,880,2024-07-02T12:52:11,delivered,2.0
3661,880,2024-01-26T13:13:55,delivered,8.0
3662,880,2024-06-20T19:34:46,delivered,9.0
3663,880,2024-05-02T01:44:06,delivered,10.0
3664,880,2024-03-23T08:45:39,delivered,5.0
3665,880,2024-01-18T06:55:56,canceled,
3666,880,2024-09-06T12:02:50,delivered,10.0
3667,880,2024-11-05T05:09:12,shipped,
3668,881,2024-08-21T08:03:01,delivered,1.0
3669,881,2024-09-06T22:17:24,delivered,3.0
3670,882,2023-12-17T09:03:21,delivered,4.0
3671,882,2024-04-20T02:20:24,delivered,10.0
3672,882,2024-04-26T21:07:39,delivered,3.0
3673,882,2024-05-08T10:33:50,canceled,
3674,883,2023-03-23T03:38:07,delivered,10.0
3675,884,2024-11-11T21:07:15,delivered,6.0
3676,884,2024-10-24T21:20:53,delivered,3.0
3677,884,2024-12-15T22:24:05,shipped,
3678,884,2024-11-17T04:26:52,delivered,9.0
3679,885,2024-03-24T05:49:04,canceled,
3680,885,2023-08-22T04:50:53,canceled,
3681,886,2024-10-23T01:44:50,delivered,4.0
3682,886,2024-02-12T08:33:23,delivered,9.0
3683,886,2024-02-14T18:05:35,delivered,5.0
3684,886,2023-10-27T21:41:34,delivered,10.0
3685,886,2023-08-03T12:00:02,delivered,4.0
3686,887,2024-12-22T06:36:39,delivered,7.0
3687,887,2024-12-29T06:27:01,delivered,10.0
3688,888,2024-06-01T10:03:43,shipped,
3689,888,2023-10-28T09:16:27,delivered,1.0
3690,888,2024-11-29T18:28:38,delivered,3.0
3691,888,2023-12-17T19:47:26,delivered,15.0
3692,888,2024-12-22T11:16:06,delivered,1.0
3693,888,2024-02-07T13:23:51,canceled,
3694,888,2024-10-06T10:44:28,canceled,
3695,888,2024-04-01T12:50:19,shipped,
3696,888,2024-06-27T21:49:48,shipped,
3697,889,2024-12-23T16:21:19,shipped,
3698,889,2024-12-18T11:07:15,delivered,4.0
3699,889,2024-11-19T11:50:16,canceled,
3700,890,2024-06-02T19:19:07,shipped,
3701,890,2023-09-22T12:41:35,canceled,
3702,891,2023-07-22T07:28:03,delivered,4.0
3703,891,2024-04-12T02:12:47,delivered,5.0
3704,891,2024-07-06T15:45:04,canceled,
3705,891,2024-11-05T18:47:41,shipped,
3706,892,2024-12-23T18:03:11,delivered,2.0
3707,893,2024-04-29T20:50:05,shipped,
3708,893,2024-10-24T04:36:39,delivered,6.0
3709,893,2024-01-18T08:01:18,delivered,5.0
3710,893,2024-06-22T05:17:55,shipped,
3711,894,2024-12-07T22:22:59,shipped,
3712,894,2024-12-21T08:33:02,shipped,
3713,895,2023-07-04T20:41:50,delivered,5.0
3714,895,2024-10-02T21:23:09,delivered,5.0
3715,896,2024-12-31T23:47:32,delivered,12.0
3716,896,2024-12-31T23:23:42,canceled,
3717,896,2024-12-28T10:05:20,delivered,2.0
3718,896,2024-12-27T15:30:42,delivered,9.0
3719,896,2024-12-29T12:54:45,shipped,
3720,896,2024-12-31T09:26:02,delivered,4.0
3721,896,2024-12-30T07:37:13,shipped,
3722,896,2024-12-29T22:03:45,canceled,
3723,896,2024-12-29T13:14:53,shipped,
3724,897,2024-10-23T18:05:26,delivered,6.0
3725,897,2024-08-22T02:37:22,delivered,4.0
3726,897,2024-03-04T11:09:44,canceled,
3727,897,2024-11-03T07:39:52,delivered,4.0
3728,897,2024-05-30T03:25:10,canceled,
3729,897,2024-02-20T11:30:58,canceled,
3730,897,2024-09-29T00:05:42,delivered,5.0
3731,898,2024-11-14T05:42:21,delivered,1.0
3732,898,2024-10-03T11:42:25,delivered,7.0
3733,899,2024-05-25T04:43:45,shipped,
3734,899,2024-12-28T05:01:59,canceled,
3735,899,2024-05-12T07:07:13,delivered,1.0
3736,899,2024-11-10T12:03:06,delivered,6.0
3737,900,2024-12-03T21:38:07,canceled,
3738,900,2024-11-25T08:56:40,delivered,4.0
3739,900,2024-12-24T08:50:53,canceled,
3740,900,2024-12-10T12:32:57,canceled,
3741,900,2024-11-26T01:20:16,delivered,6.0
3742,900,2024-12-13T11:15:23,delivered,12.0
3743,900,2024-12-17T14:15:31,delivered,2.0
3744,900,2024-12-23T09:04:33,canceled,
3745,900,2024-12-27T05:22:09,delivered,1.0
3746,901,2023-04-20T15:14:10,delivered,2.0
3747,901,2023-09-06T19:41:52,canceled,
3748,901,2023-05-03T13:16:39,delivered,9.0
3749,902,2024-12-03T13:30:24,delivered,2.0
3750,902,2024-12-24T12:07:22,delivered,15.0
3751,903,2024-12-01T12:07:04,delivered,3.0
3752,903,2024-12-17T19:37:19,shipped,
3753,903,2024-12-24T07:52:42,delivered,7.0
3754,903,2024-07-23T20:59:30,canceled,
3755,903,2024-08-10T14:57:58,delivered,10.0
3756,903,2024-12-10T08:53:27,delivered,9.0
3757,903,2024-09-20T20:29:28,delivered,3.0
3758,903,2024-10-26T16:10:12,delivered,4.0
3759,903,2024-09-14T03:47:35,delivered,18.0
3760,903,2024-11-15T16:49:45,delivered,1.0
3761,904,2023-02-27T02:01:56,delivered,2.0
3762,904,2023-02-21T16:38:32,delivered,6.0
3763,904,2023-05-16T13:55:20,delivered,9.0
3764,904,2023-09-12T21:24:52,canceled,
3765,905,2023-12-20T21:42:34,delivered,10.0
3766,906,2024-01-05T04:05:42,delivered,8.0
3767,907,2024-06-21T06:18:39,delivered,6.0
3768,908,2024-05-07T08:29:22,canceled,
3769,909,2024-03-20T06:37:12,delivered,3.0
3770,909,2024-05-04T17:52:35,canceled,
3771,909,2024-09-05T06:03:45,shipped,
3772,909,2023-12-23T05:29:15,delivered,2.0
3773,909,2023-07-04T02:52:54,delivered,11.0
3774,909,2024-08-10T13:18:49,shipped,
3775,909,2024-03-11T17:52:45,delivered,3.0
3776,909,2023-06-27T23:32:48,delivered,22.0
3777,910,2024-03-09T12:28:30,delivered,2.0
3778,910,2024-08-06T16:57:30,canceled,
3779,910,2024-07-09T19:55:56,shipped,
3780,910,2024-03-17T15:10:01,delivered,4.0
3781,911,2024-06-16T15:48:02,delivered,3.0
3782,911,2024-10-09T22:05:16,delivered,15.0
3783,912,2024-09-09T05:38:44,delivered,12.0
3784,912,2024-07-27T18:39:53,delivered,2.0
3785,913,2024-11-12T23:26:37,delivered,5.0
3786,913,2024-12-09T02:42:49,canceled,
3787,914,2024-11-17T01:12:41,delivered,6.0
3788,914,2024-12-21T23:20:51,delivered,1.0
3789,914,2024-12-06T13:23:12,canceled,
3790,915,2024-11-01T21:12:46,shipped,
3791,915,2024-09-25T09:33:27,delivered,8.0
3792,916,2024-06-23T09:49:56,delivered,2.0
3793,916,2023-09-01T21:00:02,shipped,
3794,916,2024-12-27T00:43:04,shipped,
3795,917,2023-11-03T17:09:31,delivered,4.0
3796,917,2024-08-17T17:41:27,delivered,6.0
3797,917,2023-08-30T17:09:33,delivered,2.0
3798,918,2024-12-31T21:04:48,delivered,5.0
3799,918,2024-09-24T05:31:19,canceled,
3800,918,2024-08-14T03:01:50,canceled,
3801,918,2023-09-20T01:16:25,shipped,
3802,918,2024-11-08T20:13:00,canceled,
3803,919,2023-08-13T00:25:49,delivered,1.0
3804,919,2023-12-06T20:35:01,delivered,5.0
3805,920,2024-12-23T22:29:32,delivered,1.0
3806,920,2024-12-19T06:16:03,shipped,
3807,920,2024-11-23T21:57:22,delivered,4.0
3808,920,2024-12-28T23:48:34,canceled,
3809,920,2024-06-27T23:18:06,delivered,6.0
3810,920,2024-08-27T11:15:31,delivered,5.0
3811,921,2024-06-15T13:57:56,canceled,
3812,922,2024-11-01T09:23:25,canceled,
3813,922,2023-11-16T10:14:28,delivered,9.0
3814,922,2024-11-20T07:41:20,delivered,1.0
3815,922,2024-12-27T13:20:23,delivered,2.0
3816,923,2023-12-28T16:41:47,shipped,
3817,923,2024-10-05T15:25:41,delivered,4.0
3818,923,2024-08-13T22:08:01,delivered,4.0
3819,924,2024-08-13T13:42:57,delivered,8.0
3820,924,2023-10-17T16:40:05,delivered,4.0
3821,924,2024-09-06T14:14:07,shipped,
3822,925,2024-09-22T22:17:32,delivered,6.0
3823,925,2024-07-20T18:19:30,delivered,14.0
3824,926,2024-12-22T12:56:34,delivered,6.0
3825,926,2024-11-02T20:18:37,delivered,3.0
3826,926,2024-08-24T21:31:24,delivered,5.0
3827,926,2024-02-10T18:51:45,delivered,1.0
3828,927,2024-12-25T09:06:45,delivered,2.0
3829,927,2024-09-07T21:42:58,delivered,2.0
3830,928,2024-04-15T21:00:12,delivered,3.0
3831,928,2024-09-17T16:31:41,canceled,
3832,928,2024-09-13T10:00:44,canceled,
3833,928,2024-07-14T00:18:09,delivered,9.0
3834,928,2024-04-10T22:26:06,delivered,5.0
3835,928,2024-04-02T10:47:43,shipped,
3836,928,2024-06-19T19:57:15,delivered,1.0
3837,928,2024-11-07T10:15:51,delivered,1.0
3838,928,2024-10-23T19:39:16,delivered,9.0
3839,928,2024-03-14T06:21:12,shipped,
3840,929,2024-06-24T17:32:27,canceled,
3841,929,2024-08-01T17:16:25,delivered,2.0
3842,929,2024-09-23T06:40:07,delivered,3.0
3843,930,2024-07-20T12:31:46,delivered,8.0
3844,930,2024-10-09T22:33:41,shipped,
3845,931,2024-11-07T17:08:07,delivered,4.0
3846,931,2024-10-28T10:44:14,delivered,4.0
3847,931,2023-12-10T21:09:44,canceled,
3848,931,2023-07-27T11:57:10,shipped,
3849,931,2024-06-28T02:19:48,canceled,
3850,932,2024-02-03T13:43:18,delivered,5.0
3851,932,2023-10-25T10:09:02,shipped,
3852,932,2024-01-25T15:21:43,canceled,
3853,933,2023-06-24T02:32:42,delivered,4.0
3854,933,2023-07-12T04:49:02,canceled,
3855,933,2023-04-27T16:56:32,delivered,2.0
3856,933,2023-11-08T18:52:35,delivered,3.0
3857,933,2023-06-07T13:47:25,delivered,11.0
3858,933,2023-11-04T01:55:28,delivered,1.0
3859,933,2024-12-20T17:54:55,delivered,6.0
3860,934,2024-06-17T10:20:59,delivered,1.0
3861,934,2024-12-13T02:16:48,delivered,3.0
3862,935,2024-12-07T00:31:19,delivered,5.0
3863,935,2024-08-02T14:23:05,delivered,6.0
3864,935,2024-11-28T12:03:47,shipped,
3865,935,2024-10-04T02:54:33,shipped,
3866,935,2024-09-04T12:19:39,delivered,10.0
3867,935,2024-12-06T13:52:48,delivered,14.0
3868,935,2024-12-25T09:55:18,delivered,6.0
3869,935,2024-12-02T11:17:33,delivered,9.0
3870,936,2024-12-31T19:23:30,delivered,6.0
3871,936,2024-12-29T01:37:06,delivered,6.0
3872,937,2023-10-26T22:27:37,shipped,
3873,937,2023-08-09T06:06:05,delivered,2.0
3874,938,2024-04-20T19:02:24,delivered,13.0
3875,938,2024-06-22T17:29:44,shipped,
3876,938,2024-10-01T12:18:12,delivered,6.0
3877,939,2023-10-21T08:51:16,delivered,3.0
3878,939,2024-06-10T16:20:29,shipped,
3879,940,2024-07-25T19:32:58,delivered,3.0
3880,940,2024-12-19T23:10:41,canceled,
3881,941,2024-07-25T12:27:22,delivered,2.0
3882,941,2024-05-28T16:29:24,delivered,6.0
3883,942,2023-09-13T09:16:22,delivered,10.0
3884,942,2024-08-11T21:15:47,delivered,5.0
3885,942,2024-10-11T04:36:28,delivered,8.0
3886,943,2024-08-09T00:49:28,delivered,6.0
3887,943,2024-01-14T05:32:54,delivered,4.0
3888,943,2024-07-21T18:58:35,shipped,
3889,943,2024-04-16T21:04:30,delivered,8.0
3890,943,2024-02-15T15:07:49,delivered,2.0
3891,944,2024-08-31T21:15:17,delivered,6.0
3892,944,2024-06-27T19:12:39,delivered,4.0
3893,944,2024-03-05T10:48:51,delivered,7.0
3894,945,2024-06-24T15:42:02,delivered,2.0
3895,945,2024-05-11T22:42:16,delivered,3.0
3896,945,2024-11-14T21:55:43,delivered,5.0
3897,946,2024-08-29T01:03:22,delivered,2.0
3898,946,2024-04-09T08:42:26,canceled,
3899,947,2024-07-09T21:12:53,shipped,
3900,947,2024-04-21T15:21:19,delivered,5.0
3901,948,2024-05-03T02:09:13,delivered,6.0
3902,948,2024-05-13T08:55:04,shipped,
3903,949,2023-10-03T18:22:12,delivered,3.0
3904,949,2024-08-13T22:44:21,delivered,5.0
3905,949,2023-04-16T01:23:25,shipped,
3906,949,2024-02-07T07:57:13,delivered,3.0
3907,949,2024-03-17T16:41:21,delivered,5.0
3908,950,2024-08-26T06:01:58,shipped,
3909,950,2024-12-24T15:42:36,canceled,
3910,950,2024-07-28T21:10:00,canceled,
3911,951,2024-09-25T12:29:51,shipped,
3912,951,2023-12-23T12:28:25,delivered,6.0
3913,952,2024-06-20T04:52:44,shipped,
3914,952,2024-03-09T02:42:19,shipped,
3915,952,2023-11-01T11:23:38,delivered,4.0
3916,952,2023-07-23T16:29:52,canceled,
3917,953,2024-09-15T18:13:37,delivered,5.0
3918,953,2023-11-24T22:13:07,canceled,
3919,953,2023-12-07T10:53:58,delivered,4.0
3920,953,2023-11-20T07:26:45,delivered,2.0
3921,954,2024-12-28T22:57:43,delivered,3.0
3922,954,2024-12-27T07:22:19,delivered,10.0
3923,955,2024-12-23T06:51:53,canceled,
3924,955,2024-12-26T06:16:24,canceled,
3925,956,2024-08-27T10:24:11,delivered,1.0
3926,956,2024-07-15T15:53:33,delivered,2.0
3927,957,2023-01-28T20:58:01,delivered,5.0
3928,957,2023-02-14T13:10:08,canceled,
3929,958,2023-07-07T12:52:24,delivered,3.0
3930,958,2024-05-23T22:07:43,delivered,8.0
3931,958,2023-06-26T11:49:47,delivered,11.0
3932,958,2024-09-19T03:09:58,delivered,5.0
3933,958,2023-09-15T09:32:19,shipped,
3934,958,2024-09-26T22:41:51,delivered,4.0
3935,958,2024-03-20T03:10:27,delivered,4.0
3936,958,2023-05-19T05:29:17,delivered,4.0
3937,959,2024-11-03T07:25:14,shipped,
3938,960,2024-10-01T20:24:23,delivered,10.0
3939,960,2024-12-04T19:50:38,canceled,
3940,961,2024-10-07T10:59:46,delivered,6.0
3941,961,2024-12-14T20:57:40,shipped,
3942,962,2023-12-02T06:59:51,delivered,2.0
3943,962,2023-11-21T03:25:33,delivered,11.0
3944,962,2024-06-05T17:48:21,delivered,11.0
3945,963,2024-08-30T02:31:10,delivered,3.0
3946,963,2023-12-21T19:56:48,shipped,
3947,963,2024-05-17T17:26:41,delivered,10.0
3948,964,2024-01-04T07:29:53,delivered,19.0
3949,964,2024-01-14T09:55:08,delivered,9.0
3950,964,2024-09-20T02:47:21,delivered,4.0
3951,964,2023-07-03T18:03:22,delivered,11.0
3952,965,2024-03-03T23:46:32,delivered,4.0
3953,966,2024-12-03T07:36:29,delivered,2.0
3954,966,2024-12-18T23:23:32,shipped,
3955,966,2024-10-23T11:29:07,canceled,
3956,966,2024-10-19T06:50:36,shipped,
3957,966,2024-12-09T14:31:29,delivered,13.0
3958,966,2024-11-20T14:39:28,shipped,
3959,966,2024-12-05T22:00:45,delivered,7.0
3960,966,2024-11-16T07:56:39,canceled,
3961,966,2024-11-25T19:02:19,delivered,4.0
3962,967,2024-05-16T09:59:19,canceled,
3963,968,2024-01-04T06:38:54,delivered,8.0
3964,968,2024-06-12T12:17:35,shipped,
3965,969,2024-11-11T19:09:21,shipped,
3966,969,2024-11-18T00:11:22,shipped,
3967,969,2024-12-20T11:50:01,shipped,
3968,969,2024-12-07T09:59:19,delivered,3.0
3969,969,2024-09-30T22:34:51,delivered,6.0
3970,969,2024-12-12T00:52:16,delivered,1.0
3971,970,2023-07-05T08:33:49,delivered,2.0
3972,970,2023-08-16T19:56:41,canceled,
3973,970,2023-06-14T08:45:25,shipped,
3974,971,2024-09-12T18:53:30,delivered,8.0
3975,971,2024-08-20T18:49:58,delivered,7.0
3976,971,2024-09-19T08:24:22,delivered,3.0
3977,971,2024-09-21T08:18:02,delivered,1.0
3978,971,2024-10-02T17:30:17,delivered,1.0
3979,971,2024-10-20T10:59:31,delivered,4.0
3980,971,2024-08-14T02:53:36,delivered,1.0
3981,971,2024-12-08T11:20:42,canceled,
3982,972,2024-03-17T02:29:30,delivered,4.0
3983,972,2023-10-27T11:10:28,delivered,3.0
3984,973,2024-01-19T14:33:05,canceled,
3985,974,2023-12-08T12:26:26,delivered,4.0
3986,975,2024-06-24T09:24:03,delivered,5.0
3987,976,2024-10-09T13:49:37,shipped,
3988,976,2024-10-05T18:11:53,delivered,8.0
3989,976,2024-08-13T07:13:25,delivered,4.0
3990,976,2024-10-26T10:13:26,delivered,4.0
3991,976,2024-11-20T15:26:13,delivered,4.0
3992,976,2024-11-20T23:25:48,delivered,4.0
3993,976,2024-11-11T21:22:25,delivered,8.0
3994,977,2023-10-20T23:43:30,canceled,
3995,978,2024-10-11T07:33:38,delivered,5.0
3996,978,2024-09-22T23:57:41,delivered,9.0
3997,978,2024-12-10T22:58:23,delivered,1.0
3998,978,2024-06-27T22:00:40,shipped,
3999,979,2023-04-13T19:47:30,delivered,3.0
4000,980,2024-09-15T00:42:04,delivered,6.0
4001,980,2024-09-13T20:27:38,delivered,12.0
4002,980,2024-07-14T15:17:26,delivered,3.0
4003,980,2024-10-04T04:31:07,delivered,6.0
4004,980,2024-09-21T22:19:14,canceled,
4005,980,2024-12-05T11:59:22,delivered,9.0
4006,980,2024-11-09T12:52:43,delivered,3.0
4007,980,2024-11-16T00:16:56,delivered,3.0
4008,981,2024-12-03T02:26:00,canceled,
4009,981,2024-12-20T10:21:38,canceled,
4010,981,2024-08-01T11:23:51,canceled,
4011,981,2024-09-15T07:44:59,shipped,
4012,981,2024-08-13T18:43:41,shipped,
4013,982,2024-12-20T01:40:53,delivered,2.0
4014,982,2024-08-12T03:45:58,delivered,11.0
4015,982,2024-01-01T16:19:42,delivered,2.0
4016,982,2023-10-25T20:37:03,delivered,5.0
4017,982,2023-11-12T06:19:31,canceled,
4018,982,2023-09-29T11:24:35,canceled,
4019,983,2024-11-20T19:43:37,delivered,4.0
4020,983,2024-10-15T19:28:27,delivered,2.0
4021,983,2024-09-19T20:11:58,delivered,5.0
4022,983,2024-07-31T09:58:23,canceled,
4023,983,2024-10-25T17:11:52,delivered,1.0
4024,984,2024-10-20T19:06:11,delivered,4.0
4025,984,2024-12-17T21:38:44,delivered,1.0
4026,984,2024-10-27T04:13:23,delivered,1.0
4027,985,2024-05-27T13:54:06,canceled,
4028,985,2024-10-02T08:46:43,delivered,7.0
4029,986,2023-07-12T10:59:40,delivered,7.0
4030,986,2024-06-28T19:54:06,canceled,
4031,986,2023-07-25T08:46:51,delivered,2.0
4032,986,2024-08-11T18:02:36,delivered,4.0
4033,987,2023-11-14T06:17:00,delivered,9.0
4034,987,2024-09-29T01:07:16,shipped,
4035,987,2024-10-16T21:19:09,delivered,5.0
4036,988,2024-04-01T00:42:39,delivered,5.0
4037,988,2024-09-06T07:24:02,shipped,
4038,989,2024-12-26T13:08:37,delivered,8.0
4039,989,2024-12-29T19:16:56,delivered,2.0
4040,989,2024-12-04T00:21:01,canceled,
4041,990,2024-12-10T01:41:53,delivered,10.0
4042,990,2024-12-31T22:59:33,shipped,
4043,991,2024-08-04T21:07:07,delivered,9.0
4044,991,2023-06-21T20:46:34,shipped,
4045,992,2024-10-26T05:37:37,canceled,
4046,993,2024-09-14T16:01:45,delivered,7.0
4047,993,2024-01-12T17:17:09,delivered,4.0
4048,993,2024-06-04T14:22:49,delivered,1.0
4049,993,2024-10-14T18:33:44,delivered,1.0
4050,993,2023-12-14T01:28:09,delivered,6.0
4051,993,2024-02-27T02:13:16,delivered,2.0
4052,993,2024-10-21T08:13:11,delivered,2.0
4053,993,2024-06-29T09:18:33,delivered,1.0
4054,993,2024-07-26T08:06:27,delivered,6.0
4055,994,2024-03-19T01:25:40,canceled,
4056,994,2024-06-06T03:09:03,delivered,2.0
4057,994,2024-07-09T04:26:53,delivered,1.0
4058,995,2024-12-28T23:02:32,shipped,
4059,995,2024-12-24T07:38:37,delivered,7.0
4060,995,2024-12-19T07:04:04,delivered,4.0
4061,995,2024-12-21T04:42:56,delivered,2.0
4062,995,2024-12-29T08:24:21,delivered,4.0
4063,995,2024-12-20T18:06:21,canceled,
4064,996,2024-12-21T07:34:09,delivered,2.0
4065,996,2024-10-14T00:15:05,shipped,
4066,996,2024-12-30T07:33:32,delivered,8.0
4067,996,2024-11-06T07:09:35,canceled,
4068,996,2024-12-27T19:33:58,shipped,
4069,997,2023-08-11T04:39:21,delivered,10.0
4070,997,2024-08-11T03:40:41,shipped,
4071,997,2023-09-12T17:23:09,delivered,3.0
4072,997,2024-06-17T10:46:10,delivered,8.0
4073,997,2023-10-13T03:29:24,delivered,1.0
4074,997,2024-01-01T16:52:40,shipped,
4075,997,2023-12-16T05:17:46,canceled,
4076,997,2024-07-30T19:01:11,shipped,
4077,997,2023-10-01T19:09:26,shipped,
4078,998,2024-12-02T22:20:26,shipped,
4079,998,2024-08-02T07:41:25,delivered,1.0
4080,998,2024-11-14T12:34:38,delivered,3.0
4081,998,2024-04-28T04:39:06,delivered,7.0
4082,998,2024-11-06T23:13:30,canceled,
4083,998,2024-11-05T23:31:42,delivered,2.0
4084,999,2024-05-28T17:08:59,delivered,3.0
4085,999,2024-08-18T19:21:56,delivered,4.0
4086,1000,2024-02-15T22:24:52,delivered,4.0
4087,1000,2023-08-22T11:18:07,delivered,4.0
4088,1000,2023-07-20T03:45:21,delivered,4.0
4089,1000,2024-05-11T10:44:20,delivered,2.0
4090,1000,2024-10-24T09:21:47,shipped,
4091,1000,2024-09-05T20:29:38,delivered,4.0
4092,1000,2024-04-13T13:11:26,delivered,1.0
4093,1001,2023-09-03T02:42:43,delivered,7.0
4094,1001,2023-03-16T01:57:02,delivered,2.0
4095,1001,2024-06-04T07:25:41,delivered,5.0
4096,1001,2023-08-02T12:46:36,canceled,
4097,1001,2024-05-29T07:27:35,canceled,
4098,1002,2024-02-17T06:11:23,canceled,
4099,1002,2024-07-02T09:45:14,shipped,
4100,1003,2024-04-01T21:07:35,delivered,1.0
4101,1003,2024-09-19T14:25:47,canceled,
4102,1003,2024-02-23T16:06:21,delivered,3.0
4103,1003,2024-07-16T16:17:05,shipped,
4104,1003,2024-05-23T17:04:36,shipped,
4105,1004,2024-12-25T10:10:20,delivered,2.0
4106,1004,2024-05-13T22:26:27,canceled,
4107,1004,2024-05-23T15:06:13,delivered,4.0
4108,1004,2024-07-31T23:14:49,shipped,
4109,1004,2024-11-23T08:59:24,canceled,
4110,1005,2024-09-17T10:55:40,delivered,3.0
4111,1005,2023-10-04T19:38:41,delivered,2.0
4112,1005,2024-01-06T04:45:40,shipped,
4113,1005,2024-01-12T14:09:45,delivered,2.0
4114,1005,2023-12-14T16:21:38,delivered,3.0
4115,1006,2024-04-20T08:56:19,delivered,2.0
4116,1006,2024-08-30T18:29:59,delivered,1.0
4117,1006,2023-09-12T05:27:14,delivered,4.0
4118,1006,2024-08-17T10:12:35,delivered,2.0
4119,1007,2024-04-28T13:02:46,delivered,6.0
4120,1007,2024-03-31T04:04:52,delivered,7.0
4121,1007,2024-07-18T01:10:19,delivered,4.0
4122,1008,2024-12-05T19:52:32,delivered,7.0
4123,1008,2024-11-28T22:38:33,delivered,3.0
4124,1008,2024-12-23T02:08:00,delivered,3.0
4125,1008,2024-12-30T21:13:13,delivered,3.0
4126,1008,2024-11-29T02:57:05,delivered,4.0
4127,1008,2024-11-04T08:39:21,canceled,
4128,1008,2024-11-24T20:04:13,delivered,2.0
4129,1008,2024-12-16T02:33:12,canceled,
4130,1009,2023-10-28T11:01:15,delivered,1.0
4131,1010,2024-05-01T07:53:20,delivered,6.0
4132,1010,2024-12-15T14:36:12,delivered,4.0
4133,1010,2024-06-20T11:29:33,canceled,
4134,1011,2024-02-27T06:05:34,shipped,
4135,1011,2024-05-22T18:53:01,delivered,9.0
4136,1011,2024-07-13T12:52:55,delivered,9.0
4137,1011,2024-11-26T01:59:42,delivered,5.0
4138,1012,2024-03-17T21:45:46,delivered,2.0
4139,1012,2024-12-16T13:36:18,delivered,2.0
4140,1012,2024-11-20T03:27:17,canceled,
4141,1013,2024-02-23T20:59:08,delivered,3.0
4142,1013,2024-09-26T17:55:47,delivered,6.0
4143,1013,2024-05-24T22:13:15,delivered,4.0
4144,1014,2024-12-14T20:20:03,canceled,
4145,1014,2024-12-20T00:37:43,delivered,16.0
4146,1014,2024-12-28T15:23:06,delivered,8.0
4147,1014,2024-12-15T05:06:55,delivered,1.0
4148,1014,2024-12-20T05:56:30,delivered,3.0
4149,1015,2024-05-26T01:30:19,canceled,
4150,1015,2024-04-30T17:24:12,canceled,
4151,1015,2024-09-21T13:13:27,shipped,
4152,1015,2024-08-28T09:16:48,shipped,
4153,1015,2024-02-15T06:36:05,delivered,3.0
4154,1015,2024-02-11T14:08:19,shipped,
4155,1015,2024-02-18T15:37:52,delivered,6.0
4156,1016,2023-10-25T23:25:08,delivered,2.0
4157,1016,2024-09-06T04:47:50,canceled,
4158,1017,2024-07-01T07:07:26,delivered,4.0
4159,1018,2024-05-24T02:10:07,delivered,5.0
4160,1018,2024-08-08T12:24:35,shipped,
4161,1018,2024-11-29T22:02:18,delivered,3.0
4162,1018,2024-09-30T23:03:23,delivered,4.0
4163,1018,2024-12-21T01:45:44,delivered,14.0
4164,1018,2024-04-30T02:22:13,delivered,5.0
4165,1018,2024-10-18T00:12:51,shipped,
4166,1019,2023-10-17T20:16:20,delivered,3.0
4167,1019,2024-08-23T01:32:50,shipped,
4168,1019,2023-10-16T09:20:40,delivered,8.0
4169,1019,2024-06-01T09:35:52,delivered,5.0
4170,1019,2024-08-20T00:25:14,shipped,
4171,1019,2024-11-28T01:15:52,delivered,2.0
4172,1020,2024-06-17T09:32:57,delivered,1.0
4173,1020,2024-02-17T22:30:33,canceled,
4174,1020,2024-08-15T23:48:22,delivered,2.0
4175,1020,2024-03-16T02:50:46,delivered,6.0
4176,1021,2024-04-17T16:32:26,canceled,
4177,1021,2024-10-13T10:28:23,delivered,6.0
4178,1021,2023-07-12T21:51:57,delivered,1.0
4179,1021,2024-02-02T18:02:09,delivered,7.0
4180,1022,2024-04-30T13:39:54,shipped,
4181,1022,2024-02-08T14:06:19,delivered,5.0
4182,1022,2024-06-17T03:05:15,delivered,4.0
4183,1022,2024-12-29T19:39:57,delivered,8.0
4184,1022,2024-05-07T21:43:39,shipped,
4185,1022,2024-09-07T21:38:41,canceled,
4186,1022,2024-11-11T15:02:21,delivered,5.0
4187,1023,2024-05-17T13:46:47,delivered,7.0
4188,1023,2024-10-25T10:45:12,delivered,2.0
4189,1023,2023-12-24T05:22:15,delivered,4.0
4190,1023,2024-02-21T12:23:11,delivered,13.0
4191,1023,2023-11-27T00:01:30,shipped,
4192,1024,2024-12-25T22:32:53,delivered,3.0
4193,1024,2024-11-05T06:32:40,delivered,4.0
4194,1024,2024-10-22T05:28:06,delivered,9.0
4195,1024,2024-10-08T12:01:53,delivered,3.0
4196,1024,2024-10-13T13:31:28,delivered,3.0
4197,1024,2024-12-24T22:42:26,delivered,11.0
4198,1024,2024-09-09T22:00:37,delivered,7.0
4199,1025,2024-03-10T08:14:11,canceled,
4200,1025,2024-03-29T23:19:34,delivered,3.0
4201,1025,2024-10-29T18:38:28,delivered,7.0
4202,1025,2024-01-07T23:07:33,delivered,1.0
4203,1025,2024-12-28T05:30:08,canceled,
4204,1025,2023-08-05T05:24:35,delivered,1.0
4205,1026,2024-11-08T20:36:07,canceled,
4206,1026,2024-11-24T00:33:50,delivered,9.0
4207,1027,2023-07-17T11:18:48,delivered,14.0
4208,1027,2024-06-01T18:54:28,shipped,
4209,1027,2023-09-23T12:06:20,delivered,1.0
4210,1027,2023-11-29T12:37:39,delivered,11.0
4211,1027,2024-08-11T05:13:55,delivered,9.0
4212,1027,2024-11-15T05:25:42,delivered,5.0
4213,1027,2023-06-24T23:16:46,delivered,7.0
4214,1027,2024-06-04T19:09:54,canceled,
4215,1027,2023-08-23T20:09:13,delivered,4.0
4216,1027,2024-02-22T08:23:19,shipped,
4217,1028,2024-10-11T00:15:32,delivered,6.0
4218,1028,2024-09-26T19:22:46,delivered,5.0
4219,1028,2024-10-29T11:41:07,canceled,
4220,1028,2024-12-15T04:42:38,delivered,16.0
4221,1028,2024-10-18T14:12:01,shipped,
4222,1028,2024-11-07T04:57:40,delivered,5.0
4223,1029,2024-12-12T10:45:36,canceled,
4224,1030,2023-05-23T09:21:15,delivered,8.0
4225,1030,2023-07-02T00:33:15,delivered,6.0
4226,1030,2024-02-27T05:10:56,shipped,
4227,1031,2024-12-17T11:21:19,delivered,7.0
4228,1032,2024-12-29T17:26:00,delivered,3.0
4229,1032,2024-06-15T08:50:55,delivered,4.0
4230,1032,2024-03-05T03:21:29,delivered,2.0
4231,1033,2024-08-25T08:14:19,delivered,3.0
4232,1033,2024-12-05T12:57:34,shipped,
4233,1034,2024-07-28T19:03:35,shipped,
4234,1034,2024-07-09T14:41:23,delivered,3.0
4235,1035,2024-11-28T05:35:12,delivered,5.0
4236,1035,2024-10-12T18:44:58,delivered,9.0
4237,1035,2024-09-19T07:40:11,delivered,4.0
4238,1035,2024-10-13T21:55:16,delivered,2.0
4239,1035,2024-09-15T10:33:09,delivered,3.0
4240,1035,2024-11-20T07:56:58,delivered,2.0
4241,1036,2024-06-01T18:04:20,delivered,1.0
4242,1036,2024-03-23T14:01:02,delivered,1.0
4243,1036,2024-02-01T14:38:39,delivered,6.0
4244,1036,2024-02-26T05:04:11,delivered,7.0
4245,1036,2023-07-13T04:22:27,delivered,6.0
4246,1037,2024-10-24T07:44:16,shipped,
4247,1037,2023-08-25T17:30:14,shipped,
4248,1038,2024-11-08T15:32:03,delivered,4.0
4249,1039,2024-01-11T10:53:58,canceled,
4250,1039,2024-08-13T20:45:00,delivered,5.0
4251,1040,2024-11-13T14:35:45,canceled,
4252,1040,2024-10-11T19:46:22,delivered,5.0
4253,1041,2024-10-06T09:11:19,canceled,
4254,1041,2024-10-07T12:22:51,shipped,
4255,1041,2024-11-21T03:20:02,delivered,5.0
4256,1041,2024-12-30T15:45:53,delivered,4.0
4257,1041,2024-09-14T14:09:20,canceled,
4258,1041,2024-11-21T03:12:59,delivered,11.0
4259,1041,2024-11-21T08:12:39,delivered,5.0
4260,1041,2024-09-23T03:01:40,canceled,
4261,1042,2024-12-17T21:05:41,delivered,10.0
4262,1042,2024-12-31T22:46:15,canceled,
4263,1042,2024-12-06T02:40:01,shipped,
4264,1042,2024-12-22T07:02:32,canceled,
4265,1042,2024-12-07T17:47:56,delivered,5.0
4266,1042,2024-12-19T20:40:43,delivered,4.0
4267,1042,2024-12-15T03:15:04,delivered,2.0
4268,1042,2024-12-18T08:00:43,shipped,
4269,1042,2024-12-27T04:44:35,delivered,3.0
4270,1042,2024-12-27T14:47:00,delivered,5.0
4271,1043,2024-03-03T02:43:49,delivered,1.0
4272,1043,2024-01-15T11:12:26,delivered,3.0
4273,1043,2024-05-22T18:10:56,shipped,
4274,1043,2024-11-09T21:58:49,delivered,4.0
4275,1043,2024-10-09T14:20:13,delivered,4.0
4276,1043,2024-05-22T16:45:28,canceled,
4277,1044,2024-05-14T12:28:28,delivered,11.0
4278,1045,2024-08-16T13:53:13,delivered,5.0
4279,1045,2024-12-03T06:36:30,delivered,1.0
4280,1045,2024-09-25T07:03:04,delivered,11.0
4281,1045,2024-08-24T13:14:48,shipped,
4282,1046,2024-08-05T09:43:10,delivered,1.0
4283,1046,2024-12-13T23:30:20,delivered,5.0
4284,1047,2024-05-02T17:48:00,delivered,2.0
4285,1047,2024-08-01T11:13:23,canceled,
4286,1047,2024-10-07T18:10:22,delivered,3.0
4287,1048,2024-12-18T00:10:03,shipped,
4288,1049,2024-08-30T19:30:59,canceled,
4289,1049,2024-12-31T19:04:08,delivered,5.0
4290,1049,2024-05-26T13:46:51,delivered,4.0
4291,1049,2024-11-11T21:31:24,delivered,3.0
4292,1050,2023-08-14T14:57:14,delivered,5.0
4293,1050,2023-07-18T13:55:58,delivered,5.0
4294,1051,2024-09-11T12:46:00,shipped,
4295,1052,2024-06-15T12:11:20,shipped,
4296,1052,2024-08-16T22:32:16,delivered,4.0
4297,1053,2024-07-27T02:51:03,delivered,9.0
4298,1054,2024-02-11T16:08:31,delivered,9.0
4299,1054,2023-11-29T09:13:05,delivered,8.0
4300,1054,2024-06-03T06:10:36,shipped,
4301,1054,2024-02-10T19:05:10,shipped,
4302,1055,2024-04-28T12:06:56,delivered,1.0
4303,1055,2023-09-10T17:33:01,shipped,
4304,1055,2024-03-16T07:14:06,canceled,
4305,1055,2024-02-17T06:47:28,canceled,
4306,1056,2024-08-22T13:49:37,delivered,10.0
4307,1056,2024-10-10T10:04:27,delivered,5.0
4308,1056,2023-11-17T10:00:23,delivered,10.0
4309,1056,2024-10-15T09:22:39,delivered,3.0
4310,1056,2024-10-31T05:08:21,delivered,2.0
4311,1056,2024-09-07T21:10:08,delivered,4.0
4312,1057,2024-11-13T10:14:08,canceled,
4313,1057,2024-08-30T15:43:27,canceled,
4314,1057,2023-12-10T17:41:00,delivered,5.0
4315,1057,2023-11-15T12:13:17,shipped,
4316,1057,2024-05-09T02:32:30,delivered,4.0
4317,1057,2024-11-29T19:25:03,delivered,8.0
4318,1057,2024-05-25T18:51:02,delivered,1.0
4319,1058,2024-12-18T23:04:39,delivered,2.0
4320,1058,2024-01-15T00:47:27,delivered,6.0
4321,1058,2024-06-02T09:48:55,canceled,
4322,1058,2023-12-20T12:25:47,delivered,5.0
4323,1058,2023-11-22T14:55:25,delivered,8.0
4324,1058,2024-08-04T17:07:42,delivered,4.0
4325,1059,2024-06-07T05:49:21,shipped,
4326,1060,2024-05-18T07:57:08,shipped,
4327,1060,2024-11-22T09:13:53,delivered,1.0
4328,1060,2024-05-22T07:32:25,delivered,10.0
4329,1060,2024-11-14T00:19:37,delivered,8.0
4330,1060,2024-05-03T01:38:01,canceled,
4331,1061,2024-12-24T23:20:40,delivered,7.0
4332,1061,2024-12-01T16:34:06,shipped,
4333,1061,2024-12-18T16:04:10,shipped,
4334,1062,2024-11-26T00:23:13,delivered,14.0
4335,1062,2024-11-27T15:45:35,delivered,6.0
4336,1062,2024-11-14T10:35:49,delivered,5.0
4337,1062,2024-12-23T00:21:36,delivered,8.0
4338,1062,2024-12-16T08:54:54,canceled,
4339,1062,2024-11-30T08:56:44,canceled,
4340,1062,2024-12-04T22:43:31,shipped,
4341,1063,2024-12-31T20:27:38,canceled,
4342,1063,2024-12-29T21:23:41,delivered,6.0
4343,1063,2024-12-27T16:47:26,canceled,
4344,1063,2024-12-30T00:11:05,canceled,
4345,1064,2024-07-30T04:31:18,canceled,
4346,1064,2024-09-07T23:37:42,delivered,6.0
4347,1064,2024-10-22T07:07:48,delivered,9.0
4348,1064,2024-09-17T13:02:32,delivered,5.0
4349,1064,2024-09-17T01:04:07,delivered,8.0
4350,1064,2024-08-01T06:33:13,canceled,
4351,1064,2024-08-23T22:51:47,shipped,
4352,1064,2024-10-08T00:09:33,delivered,4.0
4353,1064,2024-11-30T05:05:54,canceled,
4354,1064,2024-10-23T18:49:47,delivered,7.0
4355,1065,2024-07-21T04:31:51,canceled,
4356,1065,2024-04-19T10:49:30,shipped,
4357,1065,2024-07-15T13:04:03,delivered,8.0
4358,1066,2024-01-06T21:22:07,shipped,
4359,1066,2024-05-13T23:13:55,canceled,
4360,1066,2023-09-26T13:38:38,delivered,2.0
4361,1067,2024-01-06T18:45:30,delivered,3.0
4362,1067,2024-06-25T03:35:06,shipped,
4363,1067,2024-07-05T23:32:20,delivered,3.0
4364,1067,2024-12-17T02:53:09,delivered,1.0
4365,1068,2024-08-05T01:57:10,shipped,
4366,1068,2024-12-07T22:35:40,delivered,4.0
4367,1069,2024-06-04T03:45:41,canceled,
4368,1069,2023-05-20T10:42:37,shipped,
4369,1069,2023-08-30T11:50:42,canceled,
4370,1069,2024-02-24T14:49:35,canceled,
4371,1069,2024-01-03T12:06:13,delivered,7.0
4372,1069,2024-05-08T12:37:18,delivered,4.0
4373,1069,2023-12-06T13:24:29,delivered,5.0
4374,1070,2023-10-07T05:33:14,delivered,5.0
4375,1070,2024-08-27T22:50:58,delivered,9.0
4376,1071,2024-11-17T04:16:37,delivered,4.0
4377,1071,2024-12-23T10:30:08,canceled,
4378,1071,2024-12-13T09:02:27,delivered,6.0
4379,1071,2024-06-04T10:22:38,delivered,3.0
4380,1071,2024-07-31T19:55:51,delivered,4.0
4381,1072,2024-02-28T15:53:16,delivered,15.0
4382,1073,2024-11-24T23:59:35,delivered,7.0
4383,1073,2024-10-04T12:30:24,delivered,4.0
4384,1073,2024-10-15T22:43:17,canceled,
4385,1073,2024-09-09T05:38:18,delivered,2.0
4386,1073,2024-09-28T02:17:05,delivered,4.0
4387,1073,2024-09-29T10:03:35,delivered,6.0
4388,1073,2024-08-21T02:02:04,delivered,10.0
4389,1073,2024-11-07T12:56:55,shipped,
4390,1073,2024-11-10T15:50:34,delivered,5.0
4391,1074,2024-12-27T07:48:59,delivered,4.0
4392,1074,2024-10-08T17:36:33,canceled,
4393,1074,2024-11-04T15:05:44,delivered,4.0
4394,1074,2024-04-24T10:58:41,canceled,
4395,1075,2024-07-13T01:51:00,delivered,6.0
4396,1075,2024-05-26T12:00:05,canceled,
4397,1075,2024-12-25T16:37:52,shipped,
4398,1075,2024-01-16T02:29:47,canceled,
4399,1075,2024-12-22T18:50:49,shipped,
4400,1075,2024-05-24T13:32:13,shipped,
4401,1075,2023-12-08T06:18:23,delivered,6.0
4402,1076,2023-05-02T22:14:56,canceled,
4403,1076,2023-11-28T07:54:20,shipped,
4404,1077,2024-10-18T08:35:59,shipped,
4405,1077,2024-10-13T02:17:09,shipped,
4406,1077,2024-04-13T10:18:56,delivered,1.0
4407,1077,2024-06-11T16:29:10,delivered,6.0
4408,1078,2024-05-07T19:47:40,delivered,3.0
4409,1078,2024-06-21T10:42:08,delivered,5.0
4410,1079,2024-07-23T17:30:10,delivered,5.0
4411,1079,2024-07-31T10:00:20,delivered,3.0
4412,1079,2024-06-03T06:03:37,delivered,7.0
4413,1079,2024-06-26T16:06:18,shipped,
4414,1079,2024-04-12T20:00:45,delivered,2.0
4415,1079,2024-07-13T22:11:13,shipped,
4416,1079,2024-10-10T03:12:55,delivered,9.0
4417,1079,2024-06-15T20:43:04,shipped,
4418,1079,2024-08-10T12:01:30,delivered,1.0
4419,1080,2024-09-30T22:23:35,delivered,2.0
4420,1080,2024-11-15T21:14:19,delivered,4.0
4421,1081,2024-02-07T21:27:01,delivered,7.0
4422,1081,2023-09-10T19:34:47,delivered,8.0
4423,1081,2023-09-25T09:41:43,delivered,5.0
4424,1081,2023-12-26T17:01:43,delivered,10.0
4425,1081,2024-02-09T01:56:17,delivered,1.0
4426,1081,2024-09-23T10:57:06,canceled,
4427,1081,2024-10-23T11:53:51,delivered,3.0
4428,1082,2024-12-07T11:51:10,canceled,
4429,1082,2024-12-05T16:45:42,shipped,
4430,1082,2024-12-03T12:16:53,delivered,2.0
4431,1082,2024-12-08T23:11:59,canceled,
4432,1083,2024-11-08T09:30:27,canceled,
4433,1084,2024-12-10T15:04:54,delivered,7.0
4434,1084,2024-12-13T15:48:56,delivered,2.0
4435,1084,2024-12-13T06:27:54,delivered,5.0
4436,1085,2024-12-03T18:34:20,delivered,2.0
4437,1085,2024-02-08T13:25:20,delivered,6.0
4438,1085,2024-11-06T20:54:52,delivered,10.0
4439,1085,2024-11-26T23:56:06,delivered,2.0
4440,1086,2024-10-07T19:55:39,delivered,4.0
4441,1087,2024-10-30T06:49:40,delivered,3.0
4442,1087,2024-12-23T15:24:44,delivered,3.0
4443,1087,2024-09-05T10:09:48,delivered,4.0
4444,1088,2023-06-23T18:24:04,shipped,
4445,1088,2023-10-14T04:37:14,shipped,
4446,1088,2024-03-10T21:07:51,delivered,2.0
4447,1088,2024-04-18T04:49:53,delivered,9.0
4448,1088,2024-07-25T03:29:01,delivered,1.0
4449,1088,2024-10-09T07:03:13,delivered,11.0
4450,1088,2024-09-14T13:20:09,delivered,8.0
4451,1089,2024-12-07T05:34:32,delivered,6.0
4452,1089,2024-08-23T07:19:27,delivered,5.0
4453,1089,2024-12-28T05:38:35,delivered,7.0
4454,1089,2024-08-09T09:03:45,delivered,5.0
4455,1090,2023-11-03T08:04:13,delivered,6.0
4456,1090,2024-05-06T12:22:12,shipped,
4457,1091,2024-05-17T05:27:13,delivered,7.0
4458,1091,2024-10-02T02:05:29,delivered,5.0
4459,1092,2023-06-25T00:16:49,delivered,1.0
4460,1092,2024-09-07T20:01:11,delivered,6.0
4461,1093,2024-01-04T02:35:05,delivered,4.0
4462,1093,2024-11-13T21:48:09,delivered,10.0
4463,1093,2024-09-16T08:21:38,canceled,
4464,1094,2024-06-27T09:55:35,shipped,
4465,1095,2023-11-28T15:14:27,delivered,2.0
4466,1095,2024-03-17T06:51:26,delivered,2.0
4467,1096,2023-11-28T09:52:54,delivered,2.0
4468,1096,2024-10-01T19:14:08,delivered,11.0
4469,1096,2024-09-26T04:01:06,shipped,
4470,1096,2024-02-16T02:30:20,canceled,
4471,1097,2024-11-22T11:05:48,shipped,
4472,1097,2024-10-24T01:49:00,shipped,
4473,1097,2024-11-27T09:01:21,delivered,2.0
4474,1097,2024-11-11T00:14:13,delivered,5.0
4475,1098,2024-10-01T11:01:09,delivered,7.0
4476,1098,2023-10-10T21:01:52,shipped,
4477,1099,2024-11-04T08:29:37,delivered,3.0
4478,1099,2024-12-23T05:20:31,delivered,3.0
4479,1100,2024-12-25T09:48:51,delivered,3.0
4480,1100,2024-11-03T22:39:39,delivered,3.0
4481,1100,2024-10-19T07:43:29,canceled,
4482,1100,2024-12-25T17:08:15,delivered,3.0
4483,1100,2024-11-08T19:16:01,delivered,1.0
4484,1100,2024-11-07T01:20:24,delivered,11.0
4485,1100,2024-12-24T08:37:11,canceled,
4486,1100,2024-10-21T01:06:41,canceled,
4487,1101,2024-11-29T03:03:25,delivered,3.0
4488,1101,2023-12-15T23:40:57,delivered,7.0
4489,1101,2024-04-24T10:28:06,canceled,
4490,1102,2024-11-25T01:34:17,delivered,4.0
4491,1102,2024-12-02T05:26:01,canceled,
4492,1103,2024-09-23T13:25:14,delivered,3.0
4493,1103,2024-12-27T13:54:55,delivered,4.0
4494,1103,2024-09-21T00:26:58,delivered,2.0
4495,1103,2024-11-20T06:38:12,delivered,1.0
4496,1103,2024-09-18T14:57:07,delivered,5.0
4497,1104,2024-07-03T02:21:40,delivered,17.0
4498,1104,2023-06-27T04:16:46,delivered,5.0
4499,1104,2024-08-26T00:07:03,shipped,
4500,1104,2023-06-10T20:14:02,delivered,4.0
4501,1104,2023-10-24T18:11:22,canceled,
4502,1104,2023-11-26T19:12:04,delivered,2.0
4503,1104,2024-11-24T16:48:53,delivered,4.0
4504,1104,2024-09-24T04:53:00,canceled,
4505,1104,2023-10-17T03:39:40,delivered,6.0
4506,1104,2024-07-21T11:08:16,delivered,8.0
4507,1105,2024-11-17T23:08:47,delivered,4.0
4508,1105,2024-12-19T20:29:44,canceled,
4509,1105,2024-12-12T06:05:20,delivered,2.0
4510,1105,2024-11-12T07:27:04,delivered,6.0
4511,1106,2024-12-13T20:42:51,canceled,
4512,1106,2024-12-22T10:16:42,canceled,
4513,1106,2024-12-05T22:12:09,delivered,5.0
4514,1106,2024-11-04T17:00:07,canceled,
4515,1106,2024-11-17T15:08:54,canceled,
4516,1107,2024-09-02T04:06:51,delivered,3.0
4517,1107,2024-10-11T18:10:21,delivered,3.0
4518,1107,2024-10-24T23:50:00,shipped,
4519,1108,2024-02-15T14:04:36,shipped,
4520,1108,2023-06-06T06:27:37,delivered,6.0
4521,1108,2023-04-22T22:16:08,delivered,19.0
4522,1108,2023-10-17T15:30:08,canceled,
4523,1108,2023-05-01T20:42:07,delivered,7.0
4524,1108,2023-09-02T13:27:19,delivered,4.0
4525,1109,2023-05-05T08:55:54,shipped,
4526,1109,2024-06-18T13:36:49,delivered,2.0
4527,1109,2023-08-17T15:25:12,canceled,
4528,1110,2024-10-22T19:59:00,delivered,7.0
4529,1111,2024-11-11T06:46:58,shipped,
4530,1111,2024-11-22T10:34:21,canceled,
4531,1111,2024-11-18T04:38:36,delivered,4.0
4532,1112,2024-12-03T18:35:36,delivered,9.0
4533,1113,2024-10-25T20:40:04,canceled,
4534,1113,2024-12-25T15:59:50,delivered,6.0
4535,1113,2024-10-01T11:30:53,delivered,4.0
4536,1114,2024-08-30T02:52:18,delivered,4.0
4537,1114,2023-06-09T10:58:07,delivered,5.0
4538,1114,2024-01-25T09:00:58,shipped,
4539,1115,2024-12-06T12:48:20,delivered,2.0
4540,1116,2024-01-12T01:49:35,shipped,
4541,1116,2024-05-05T21:32:12,canceled,
4542,1117,2024-05-04T15:12:29,delivered,6.0
4543,1117,2024-02-16T20:59:38,delivered,3.0
4544,1117,2023-11-08T18:57:49,shipped,
4545,1118,2024-06-27T09:54:47,delivered,2.0
4546,1118,2024-12-19T09:55:28,delivered,1.0
4547,1119,2024-01-14T17:43:23,canceled,
4548,1119,2024-03-13T22:39:17,delivered,1.0
4549,1120,2023-08-16T04:10:38,delivered,5.0
4550,1120,2024-12-30T22:23:23,delivered,7.0
4551,1120,2023-08-22T22:51:08,shipped,
4552,1121,2024-11-06T23:05:20,delivered,3.0
4553,1121,2024-11-03T01:22:06,delivered,3.0
4554,1121,2024-08-05T10:25:24,canceled,
4555,1121,2024-05-07T10:20:02,delivered,1.0
4556,1121,2023-10-15T08:23:34,delivered,2.0
4557,1121,2023-12-01T05:14:45,canceled,
4558,1121,2024-03-28T00:08:39,delivered,2.0
4559,1122,2024-10-14T08:57:39,canceled,
4560,1122,2024-07-20T14:00:52,delivered,11.0
4561,1122,2024-08-22T09:26:12,delivered,8.0
4562,1122,2024-03-26T15:11:12,delivered,3.0
4563,1122,2024-04-09T01:52:26,delivered,3.0
4564,1122,2024-04-25T14:14:33,delivered,1.0
4565,1122,2024-04-13T06:27:21,delivered,5.0
4566,1123,2024-06-13T17:45:11,delivered,6.0
4567,1123,2024-11-29T09:12:53,canceled,
4568,1124,2024-09-10T12:13:30,delivered,6.0
4569,1124,2024-07-02T13:05:40,canceled,
4570,1124,2024-02-24T18:51:20,delivered,4.0
4571,1124,2024-05-31T15:41:44,canceled,
4572,1124,2024-02-12T15:59:32,canceled,
4573,1124,2024-09-20T06:12:19,shipped,
4574,1124,2024-12-26T11:04:08,shipped,
4575,1124,2024-02-12T23:24:55,canceled,
4576,1124,2024-10-02T21:13:21,shipped,
4577,1124,2024-02-09T10:20:56,delivered,3.0
4578,1125,2024-06-01T14:26:45,shipped,
4579,1125,2023-11-16T15:00:26,delivered,4.0
4580,1125,2023-06-28T03:56:05,delivered,6.0
4581,1126,2024-08-08T23:32:31,delivered,4.0
4582,1126,2024-08-06T18:41:44,shipped,
4583,1127,2024-07-14T19:47:51,delivered,13.0
4584,1127,2024-05-18T21:50:24,delivered,12.0
4585,1128,2024-12-22T11:54:13,shipped,
4586,1128,2024-06-02T23:16:29,shipped,
4587,1128,2024-06-23T06:58:05,delivered,2.0
4588,1128,2024-10-05T11:27:21,delivered,3.0
4589,1129,2024-09-10T08:35:09,delivered,5.0
4590,1129,2024-08-01T04:33:54,delivered,4.0
4591,1129,2024-11-07T06:20:26,delivered,1.0
4592,1129,2024-09-07T00:21:54,delivered,2.0
4593,1129,2024-10-01T05:47:10,delivered,2.0
4594,1129,2024-08-08T16:19:04,delivered,2.0
4595,1129,2024-09-17T23:43:54,canceled,
4596,1129,2024-12-27T19:29:17,delivered,2.0
4597,1129,2024-11-15T14:23:11,delivered,1.0
4598,1130,2024-11-15T18:10:32,delivered,9.0
4599,1130,2024-07-09T23:40:34,delivered,8.0
4600,1130,2024-11-14T01:18:11,delivered,6.0
4601,1131,2024-10-11T21:47:06,canceled,
4602,1131,2024-12-25T05:15:58,delivered,5.0
4603,1131,2024-08-10T12:36:37,delivered,8.0
4604,1132,2024-11-19T19:21:50,shipped,
4605,1132,2024-06-05T15:48:57,canceled,
4606,1132,2024-01-28T21:09:03,shipped,
4607,1132,2024-07-11T23:56:28,delivered,2.0
4608,1133,2024-12-29T18:36:55,shipped,
4609,1133,2023-12-18T22:48:44,delivered,9.0
4610,1133,2024-08-09T15:31:39,shipped,
4611,1133,2024-09-22T01:26:47,delivered,2.0
4612,1133,2024-03-09T16:37:28,canceled,
4613,1133,2024-07-15T13:22:11,shipped,
4614,1133,2024-08-25T21:03:57,shipped,
4615,1133,2023-12-17T11:36:19,delivered,3.0
4616,1134,2023-06-07T12:36:14,delivered,2.0
4617,1134,2023-04-16T20:20:15,shipped,
4618,1135,2024-08-09T10:17:14,canceled,
4619,1135,2024-09-02T14:32:43,delivered,4.0
4620,1136,2024-11-25T15:09:05,canceled,
4621,1136,2024-10-08T02:34:25,delivered,4.0
4622,1137,2024-02-25T21:04:24,delivered,10.0
4623,1137,2024-01-21T20:06:50,delivered,5.0
4624,1138,2024-02-27T05:55:49,delivered,7.0
4625,1138,2024-03-11T06:52:43,canceled,
4626,1139,2024-05-02T22:17:39,delivered,2.0
4627,1139,2024-06-15T07:34:45,canceled,
4628,1139,2024-01-12T03:37:21,delivered,6.0
4629,1139,2024-10-26T08:23:18,delivered,2.0
4630,1140,2023-06-23T12:12:12,canceled,
4631,1140,2024-02-11T18:04:53,delivered,4.0
4632,1140,2024-08-15T17:43:34,shipped,
4633,1140,2023-07-23T07:14:06,canceled,
4634,1141,2024-07-16T18:47:07,delivered,11.0
4635,1141,2024-11-25T20:45:37,delivered,4.0
4636,1141,2024-11-30T16:08:00,canceled,
4637,1141,2024-12-19T11:39:23,delivered,5.0
4638,1141,2024-10-01T11:32:52,shipped,
4639,1142,2024-09-29T07:55:02,delivered,8.0
4640,1142,2024-07-16T08:41:14,delivered,4.0
4641,1143,2024-09-29T14:39:49,delivered,8.0
4642,1143,2024-09-11T12:10:21,shipped,
4643,1143,2024-05-30T00:58:26,delivered,4.0
4644,1143,2024-10-01T00:40:52,delivered,2.0
4645,1143,2024-11-13T01:21:46,delivered,4.0
4646,1143,2024-08-09T02:45:35,canceled,
4647,1143,2024-06-27T18:51:08,delivered,1.0
4648,1144,2024-07-02T23:21:26,canceled,
4649,1144,2024-01-16T20:40:32,shipped,
4650,1144,2023-11-03T04:40:24,delivered,4.0
4651,1144,2023-10-29T11:10:11,delivered,6.0
4652,1144,2023-05-19T00:45:27,delivered,2.0
4653,1145,2024-08-14T04:01:26,delivered,17.0
4654,1145,2024-12-08T16:34:25,shipped,
4655,1145,2024-09-29T05:20:33,canceled,
4656,1145,2024-10-31T13:00:37,delivered,9.0
4657,1145,2024-09-27T04:45:01,canceled,
4658,1145,2024-09-05T02:47:40,canceled,
4659,1145,2024-12-12T20:21:48,shipped,
4660,1145,2024-12-28T16:31:40,delivered,2.0
4661,1146,2024-05-06T16:55:11,canceled,
4662,1146,2024-10-12T07:45:29,shipped,
4663,1146,2024-07-14T16:37:10,canceled,
4664,1146,2023-09-23T10:00:33,delivered,5.0
4665,1146,2024-02-25T18:15:05,delivered,3.0
4666,1147,2024-09-10T23:29:27,canceled,
4667,1147,2024-09-18T19:36:28,shipped,
4668,1147,2024-12-01T11:20:54,canceled,
4669,1148,2023-10-30T22:48:20,canceled,
4670,1148,2024-06-29T11:36:51,shipped,
4671,1148,2024-01-18T08:40:50,canceled,
4672,1148,2023-07-12T01:12:01,delivered,8.0
4673,1148,2023-10-18T21:14:44,delivered,4.0
4674,1148,2023-03-22T14:56:55,delivered,5.0
4675,1148,2023-02-27T05:06:25,delivered,6.0
4676,1148,2024-06-02T20:20:59,canceled,
4677,1148,2023-04-16T12:36:38,delivered,7.0
4678,1149,2024-03-08T01:18:40,delivered,1.0
4679,1149,2024-10-12T21:36:28,canceled,
4680,1150,2024-12-23T19:08:15,shipped,
4681,1150,2024-12-24T05:59:53,canceled,
4682,1150,2024-12-05T04:55:50,delivered,1.0
4683,1150,2024-12-11T05:05:28,canceled,
4684,1150,2024-09-05T22:31:14,delivered,4.0
4685,1151,2024-12-07T14:39:20,delivered,7.0
4686,1151,2024-12-20T19:34:00,canceled,
4687,1152,2024-10-09T11:18:34,shipped,
4688,1152,2024-07-13T15:14:05,delivered,1.0
4689,1152,2024-05-28T04:35:25,delivered,7.0
4690,1152,2024-06-30T02:09:31,canceled,
4691,1153,2024-07-23T15:05:19,delivered,2.0
4692,1154,2024-11-29T16:51:50,delivered,8.0
4693,1154,2024-06-05T11:52:48,delivered,2.0
4694,1155,2024-01-20T01:03:40,delivered,7.0
4695,1155,2024-05-01T19:18:02,shipped,
4696,1155,2024-08-29T09:20:02,shipped,
4697,1155,2024-10-18T07:47:01,canceled,
4698,1155,2024-02-08T08:17:09,shipped,
4699,1155,2024-10-11T18:12:43,shipped,
4700,1155,2024-12-01T20:53:04,delivered,5.0
4701,1155,2024-09-10T06:58:39,delivered,11.0
4702,1156,2024-07-13T08:55:20,delivered,12.0
4703,1156,2024-08-17T13:47:50,delivered,2.0
4704,1156,2024-05-12T16:53:00,delivered,3.0
4705,1156,2024-10-17T02:04:13,delivered,4.0
4706,1156,2024-07-04T07:12:07,canceled,
4707,1156,2024-08-16T13:53:02,canceled,
4708,1156,2024-03-02T12:02:12,delivered,2.0
4709,1156,2024-05-06T07:28:55,delivered,3.0
4710,1157,2023-06-07T23:11:31,delivered,4.0
4711,1157,2023-02-27T17:47:48,delivered,2.0
4712,1157,2024-10-05T07:25:25,delivered,4.0
4713,1157,2023-06-27T06:25:38,delivered,4.0
4714,1157,2023-08-02T23:32:48,delivered,4.0
4715,1157,2024-02-25T07:17:16,shipped,
4716,1158,2023-06-13T11:23:02,canceled,
4717,1158,2024-11-08T11:19:34,delivered,2.0
4718,1158,2024-01-25T11:27:13,delivered,4.0
4719,1158,2024-08-23T05:36:54,delivered,7.0
4720,1158,2024-11-22T13:25:32,delivered,2.0
4721,1158,2024-12-25T11:19:16,delivered,1.0
4722,1158,2024-10-21T08:22:25,delivered,13.0
4723,1158,2024-11-26T12:08:00,canceled,
4724,1159,2024-12-08T01:06:06,delivered,4.0
4725,1160,2024-09-17T18:30:47,delivered,10.0
4726,1160,2024-11-24T16:25:21,delivered,10.0
4727,1160,2024-03-14T13:02:20,delivered,6.0
4728,1160,2024-06-01T09:57:24,shipped,
4729,1160,2024-05-11T01:14:06,delivered,11.0
4730,1161,2023-11-16T15:49:44,delivered,5.0
4731,1161,2024-07-10T04:56:28,delivered,3.0
4732,1161,2024-04-26T07:34:08,delivered,2.0
4733,1161,2024-08-05T12:48:09,canceled,
4734,1161,2024-09-21T13:49:46,delivered,2.0
4735,1161,2024-12-29T09:15:13,delivered,2.0
4736,1162,2024-05-11T21:57:23,delivered,3.0
4737,1162,2024-03-01T20:52:50,shipped,
4738,1162,2024-04-12T23:01:08,canceled,
4739,1163,2024-04-21T16:01:58,shipped,
4740,1163,2024-10-07T03:47:31,canceled,
4741,1164,2024-02-02T04:47:41,delivered,1.0
4742,1164,2024-10-02T21:16:50,delivered,5.0
4743,1164,2024-06-30T19:20:20,delivered,5.0
4744,1164,2024-06-05T20:16:22,shipped,
4745,1164,2023-11-29T18:10:54,shipped,
4746,1164,2024-11-25T11:09:06,shipped,
4747,1165,2024-12-19T16:37:03,canceled,
4748,1165,2024-12-25T07:01:42,canceled,
4749,1166,2024-02-20T23:59:03,delivered,3.0
4750,1167,2024-01-21T00:51:42,delivered,2.0
4751,1167,2024-05-17T04:42:33,delivered,9.0
4752,1167,2024-01-12T01:06:24,canceled,
4753,1167,2024-05-12T12:14:46,canceled,
4754,1167,2024-10-26T13:45:15,delivered,2.0
4755,1168,2024-01-26T12:45:03,delivered,6.0
4756,1168,2024-02-06T17:21:38,canceled,
4757,1168,2024-04-13T19:08:49,canceled,
4758,1168,2024-08-20T17:51:13,delivered,6.0
4759,1169,2024-12-31T07:39:10,delivered,13.0
4760,1169,2024-09-21T23:15:22,delivered,12.0
4761,1169,2024-12-05T07:51:44,shipped,
4762,1169,2024-09-10T02:54:21,delivered,3.0
4763,1169,2024-11-27T16:03:25,delivered,9.0
4764,1169,2024-09-27T19:00:09,delivered,5.0
4765,1169,2024-10-20T07:53:07,delivered,9.0
4766,1169,2024-11-23T09:03:07,delivered,1.0
4767,1169,2024-07-26T20:24:01,shipped,
4768,1169,2024-11-18T08:04:55,delivered,6.0
4769,1169,2024-09-16T08:28:51,delivered,13.0
4770,1170,2023-10-08T22:17:35,delivered,5.0
4771,1170,2023-08-23T11:20:08,shipped,
4772,1170,2023-11-07T16:31:29,canceled,
4773,1170,2024-06-13T22:05:00,canceled,
4774,1170,2023-06-24T19:07:56,delivered,4.0
4775,1171,2024-09-15T17:11:15,delivered,1.0
4776,1171,2024-11-27T17:23:18,delivered,11.0
4777,1172,2024-12-11T10:10:05,delivered,3.0
4778,1172,2024-07-30T20:45:41,delivered,3.0
4779,1172,2024-06-02T02:44:41,delivered,4.0
4780,1172,2024-10-10T12:46:17,delivered,2.0
4781,1172,2024-05-27T06:05:34,delivered,4.0
4782,1172,2024-11-11T19:36:12,delivered,9.0
4783,1172,2024-07-09T02:26:26,delivered,3.0
4784,1172,2024-07-08T04:25:59,delivered,5.0
4785,1172,2024-11-21T15:24:29,delivered,5.0
4786,1173,2024-01-09T12:24:12,canceled,
4787,1173,2023-02-16T21:23:51,delivered,1.0
4788,1174,2023-12-09T22:31:22,delivered,2.0
4789,1175,2024-05-05T14:19:16,delivered,2.0
4790,1175,2024-05-29T03:48:01,shipped,
4791,1175,2023-12-28T11:13:51,delivered,1.0
4792,1175,2024-11-11T11:47:41,delivered,2.0
4793,1175,2024-08-13T14:03:22,delivered,17.0
4794,1175,2024-03-20T20:53:54,delivered,7.0
4795,1176,2024-12-15T13:45:00,delivered,5.0
4796,1176,2024-11-04T20:22:46,canceled,
4797,1176,2024-09-30T20:31:17,shipped,
4798,1176,2024-09-15T19:24:08,delivered,7.0
4799,1177,2023-08-29T01:59:16,delivered,6.0
4800,1177,2024-09-12T23:20:31,delivered,2.0
4801,1177,2023-09-03T18:21:00,delivered,12.0
4802,1177,2024-04-21T07:53:13,delivered,6.0
4803,1178,2024-07-21T10:08:54,shipped,
4804,1178,2024-09-29T09:41:01,delivered,6.0
4805,1178,2024-07-18T09:25:05,delivered,7.0
4806,1178,2024-10-12T22:52:28,shipped,
4807,1178,2024-10-03T13:35:25,delivered,11.0
4808,1178,2024-09-29T21:27:45,delivered,1.0
4809,1178,2024-08-06T05:47:25,delivered,1.0
4810,1178,2024-12-26T18:04:13,delivered,3.0
4811,1178,2024-07-28T02:38:05,delivered,2.0
4812,1179,2024-05-24T16:40:09,canceled,
4813,1179,2024-09-27T04:11:31,delivered,10.0
4814,1180,2024-12-24T14:08:23,delivered,2.0
4815,1180,2024-12-28T00:01:50,delivered,3.0
4816,1180,2024-03-10T14:49:40,canceled,
4817,1180,2024-04-08T02:39:51,delivered,6.0
4818,1180,2024-10-22T06:52:58,delivered,4.0
4819,1180,2024-08-23T09:43:11,shipped,
4820,1181,2024-09-19T01:00:19,canceled,
4821,1181,2024-10-19T09:54:58,delivered,1.0
4822,1182,2024-03-04T09:00:43,delivered,2.0
4823,1182,2024-08-31T02:53:19,canceled,
4824,1182,2024-07-09T11:14:44,delivered,2.0
4825,1182,2023-12-15T23:11:23,delivered,2.0
4826,1182,2024-06-24T15:53:54,delivered,4.0
4827,1182,2024-10-30T17:49:58,delivered,4.0
4828,1183,2024-04-19T13:38:26,shipped,
4829,1184,2024-07-13T10:34:32,shipped,
4830,1185,2024-09-18T18:25:09,delivered,5.0
4831,1185,2024-09-21T17:07:00,delivered,8.0
4832,1185,2024-11-07T20:49:27,delivered,1.0
4833,1186,2024-08-28T19:05:01,delivered,8.0
4834,1186,2024-06-26T04:28:31,delivered,6.0
4835,1186,2024-10-24T00:14:40,delivered,13.0
4836,1187,2023-10-09T12:47:00,delivered,1.0
4837,1187,2024-11-30T09:40:54,delivered,5.0
4838,1187,2024-12-30T13:49:50,delivered,3.0
4839,1188,2024-04-02T20:59:53,delivered,2.0
4840,1188,2024-07-18T23:46:17,delivered,3.0
4841,1188,2024-07-23T14:32:43,delivered,2.0
4842,1188,2024-06-20T14:35:42,delivered,9.0
4843,1189,2024-12-14T12:50:40,delivered,10.0
4844,1189,2024-08-24T23:19:45,delivered,3.0
4845,1189,2024-08-13T06:44:14,delivered,9.0
4846,1189,2024-11-10T19:16:05,delivered,6.0
4847,1189,2024-05-14T17:02:24,delivered,2.0
4848,1189,2024-05-26T00:10:48,delivered,2.0
4849,1189,2024-05-28T21:39:36,shipped,
4850,1189,2024-03-19T02:14:47,delivered,1.0
4851,1190,2024-06-11T15:43:15,delivered,3.0
4852,1190,2024-12-25T03:11:37,delivered,3.0
4853,1190,2024-02-17T20:37:54,delivered,1.0
4854,1190,2023-12-22T03:57:00,delivered,8.0
4855,1190,2024-03-19T18:16:07,shipped,
4856,1191,2023-12-21T13:31:37,delivered,3.0
4857,1191,2024-09-02T14:17:51,delivered,8.0
4858,1191,2024-03-24T22:09:32,delivered,5.0
4859,1191,2024-07-16T07:41:12,delivered,1.0
4860,1191,2024-08-09T07:16:17,canceled,
4861,1191,2023-04-29T23:54:39,delivered,9.0
4862,1191,2024-04-06T22:29:13,delivered,2.0
4863,1191,2024-09-07T12:56:23,canceled,
4864,1191,2024-07-31T15:55:26,canceled,
4865,1191,2024-05-17T23:47:12,shipped,
4866,1191,2023-03-16T04:27:58,shipped,
4867,1191,2024-04-14T04:41:36,delivered,2.0
4868,1192,2024-07-17T23:04:36,delivered,1.0
4869,1192,2024-09-28T07:08:00,delivered,19.0
4870,1192,2024-09-11T13:10:33,delivered,3.0
4871,1192,2024-06-17T15:48:19,delivered,4.0
4872,1192,2024-11-24T00:08:34,delivered,4.0
4873,1193,2024-12-24T02:48:22,shipped,
4874,1193,2024-11-22T04:37:53,delivered,3.0
4875,1193,2024-12-01T05:47:00,delivered,4.0
4876,1194,2024-09-02T20:49:50,delivered,1.0
4877,1194,2024-11-19T06:14:41,delivered,13.0
4878,1194,2024-09-29T05:28:46,delivered,4.0
4879,1194,2024-11-26T07:54:11,canceled,
4880,1194,2024-10-07T12:50:43,delivered,5.0
4881,1194,2024-09-16T13:57:14,delivered,1.0
4882,1194,2024-10-23T00:31:39,delivered,2.0
4883,1194,2024-12-26T10:20:00,delivered,5.0
4884,1195,2023-04-25T05:08:19,delivered,4.0
4885,1196,2024-07-16T13:26:15,delivered,6.0
4886,1196,2024-06-29T08:59:02,delivered,8.0
4887,1196,2024-10-16T20:34:16,shipped,
4888,1197,2024-08-26T09:49:27,delivered,10.0
4889,1197,2024-06-23T17:02:29,delivered,4.0
4890,1197,2024-08-19T11:57:43,canceled,
4891,1197,2024-07-23T17:48:09,delivered,3.0
4892,1197,2024-10-09T12:54:37,delivered,4.0
4893,1197,2024-10-11T12:59:48,delivered,7.0
4894,1197,2024-09-07T20:17:41,delivered,2.0
4895,1198,2024-11-14T14:47:32,delivered,7.0
4896,1198,2024-10-23T21:00:41,canceled,
4897,1198,2024-12-25T01:51:25,delivered,1.0
4898,1198,2024-12-17T03:34:34,delivered,9.0
4899,1198,2024-10-02T15:53:54,delivered,4.0
4900,1198,2024-12-04T22:19:11,canceled,
4901,1198,2024-11-29T06:35:15,delivered,2.0
4902,1198,2024-10-23T20:34:11,delivered,2.0
4903,1198,2024-12-12T01:34:48,delivered,12.0
4904,1199,2023-09-21T05:23:23,delivered,6.0
4905,1199,2024-06-06T11:28:15,delivered,1.0
4906,1200,2023-11-23T06:34:52,delivered,1.0
4907,1200,2024-12-22T06:48:26,delivered,7.0
4908,1200,2024-03-08T23:47:28,canceled,
4909,1201,2024-12-27T03:14:04,delivered,4.0
4910,1201,2024-12-24T09:08:43,delivered,6.0
4911,1201,2024-12-20T20:30:49,delivered,2.0
4912,1202,2023-07-22T22:59:37,delivered,1.0
4913,1202,2024-08-25T18:12:45,delivered,3.0
4914,1202,2023-09-01T22:50:08,shipped,
4915,1202,2024-06-06T17:33:49,delivered,8.0
4916,1202,2024-01-23T19:40:32,delivered,4.0
4917,1203,2024-10-29T07:42:28,canceled,
4918,1203,2024-09-18T18:43:53,canceled,
4919,1203,2024-11-25T16:14:10,delivered,11.0
4920,1203,2024-10-24T04:23:26,delivered,8.0
4921,1203,2024-08-14T15:20:01,canceled,
4922,1203,2024-10-24T19:14:13,delivered,1.0
4923,1203,2024-09-14T10:48:07,canceled,
4924,1204,2024-08-11T18:01:31,delivered,2.0
4925,1204,2024-11-22T13:20:31,delivered,2.0
4926,1204,2024-12-20T14:04:33,delivered,11.0
4927,1204,2024-12-25T14:52:08,delivered,4.0
4928,1204,2024-06-29T07:58:15,delivered,1.0
4929,1204,2024-12-20T14:23:14,canceled,
4930,1204,2024-05-14T03:12:50,delivered,2.0
4931,1205,2024-05-02T11:52:18,delivered,3.0
4932,1205,2024-10-29T21:24:13,canceled,
4933,1205,2024-10-16T23:20:39,delivered,3.0
4934,1205,2024-03-21T09:56:24,delivered,1.0
4935,1205,2024-03-27T06:43:53,shipped,
4936,1206,2024-04-04T08:02:04,delivered,6.0
4937,1206,2024-08-28T23:14:32,delivered,2.0
4938,1207,2024-10-12T22:04:04,delivered,2.0
4939,1207,2024-09-22T03:09:56,canceled,
4940,1207,2024-10-27T20:40:18,delivered,24.0
4941,1207,2024-09-21T16:46:46,delivered,16.0
4942,1207,2024-09-24T19:52:15,delivered,2.0
4943,1207,2024-10-25T18:09:42,delivered,2.0
4944,1208,2023-04-25T15:57:29,shipped,
4945,1208,2024-04-09T13:44:11,shipped,
4946,1208,2023-03-09T20:34:24,canceled,
4947,1208,2024-08-16T14:52:19,shipped,
4948,1208,2024-08-28T11:54:17,delivered,4.0
4949,1208,2024-12-12T15:33:10,delivered,6.0
4950,1208,2024-10-04T05:19:41,delivered,7.0
4951,1209,2024-09-06T16:18:30,canceled,
4952,1209,2024-10-17T08:55:18,canceled,
4953,1210,2024-11-10T19:40:17,canceled,
4954,1211,2024-11-19T17:14:32,delivered,2.0
4955,1211,2024-11-25T23:13:48,delivered,3.0
4956,1212,2024-10-06T14:28:54,delivered,3.0
4957,1212,2024-12-29T14:03:57,delivered,12.0
4958,1213,2024-08-06T14:24:45,delivered,9.0
4959,1214,2024-12-12T22:25:50,delivered,1.0
4960,1214,2024-08-23T00:41:31,delivered,7.0
4961,1214,2024-10-16T03:02:09,shipped,
4962,1215,2024-04-12T10:54:41,delivered,8.0
4963,1215,2024-04-15T03:41:43,shipped,
4964,1215,2024-05-02T17:04:21,delivered,2.0
4965,1215,2024-11-11T07:24:31,delivered,7.0
4966,1215,2024-04-21T22:59:50,shipped,
4967,1215,2024-03-06T05:49:24,delivered,5.0
4968,1215,2024-06-21T06:34:02,delivered,7.0
4969,1215,2024-10-08T03:37:09,delivered,10.0
4970,1215,2024-07-06T23:11:53,canceled,
4971,1216,2024-02-01T10:35:53,delivered,1.0
4972,1216,2024-01-21T06:41:03,delivered,15.0
4973,1216,2024-08-03T17:37:06,delivered,11.0
4974,1216,2024-11-11T12:39:31,shipped,
4975,1216,2024-05-02T03:33:23,canceled,
4976,1216,2024-09-02T23:08:29,delivered,2.0
4977,1216,2024-12-15T00:30:01,delivered,4.0
4978,1216,2024-11-28T21:11:02,canceled,
4979,1217,2024-12-12T16:51:15,delivered,2.0
4980,1217,2024-12-16T06:20:28,delivered,3.0
4981,1217,2024-12-18T07:57:47,shipped,
4982,1218,2024-09-25T11:22:55,delivered,2.0
4983,1218,2024-12-04T04:11:48,delivered,7.0
4984,1218,2024-12-16T20:06:50,delivered,3.0
4985,1219,2023-08-18T09:15:59,delivered,4.0
4986,1219,2024-12-29T00:21:07,shipped,
4987,1220,2024-08-29T20:40:35,canceled,
4988,1221,2024-02-14T06:06:24,delivered,1.0
4989,1222,2024-02-18T06:28:44,delivered,3.0
4990,1222,2024-01-11T12:45:14,delivered,3.0
4991,1222,2024-10-01T01:33:47,delivered,4.0
4992,1222,2024-06-11T17:00:52,shipped,
4993,1222,2024-11-16T07:49:54,delivered,6.0
4994,1222,2023-12-13T14:35:45,delivered,4.0
4995,1222,2024-06-27T19:33:07,delivered,5.0
4996,1222,2023-11-04T06:32:09,delivered,4.0
4997,1222,2024-05-22T09:20:31,delivered,9.0
4998,1223,2024-12-31T20:52:33,delivered,3.0
4999,1223,2024-12-27T07:35:56,canceled,
5000,1223,2024-12-26T00:26:03,delivered,3.0
5001,1223,2024-12-30T10:13:52,delivered,6.0
5002,1223,2024-12-27T00:05:44,shipped,
5003,1223,2024-12-29T16:15:34,delivered,3.0
5004,1224,2024-12-15T15:52:48,delivered,2.0
5005,1224,2024-12-07T20:21:26,canceled,
5006,1225,2024-10-19T16:21:57,delivered,3.0
5007,1226,2024-01-13T12:22:10,shipped,
5008,1226,2024-03-16T16:05:16,delivered,15.0
5009,1226,2024-08-06T08:49:28,canceled,
5010,1226,2024-03-28T20:33:37,delivered,2.0
5011,1227,2023-12-13T00:23:46,delivered,1.0
5012,1227,2023-11-09T07:02:13,delivered,1.0
5013,1227,2024-12-16T13:57:26,shipped,
5014,1228,2023-06-14T13:14:54,delivered,5.0
5015,1228,2024-08-27T23:13:48,canceled,
5016,1228,2024-09-02T02:49:36,canceled,
5017,1228,2024-07-28T20:38:03,delivered,3.0
5018,1229,2024-12-05T22:57:54,canceled,
5019,1229,2024-12-09T02:02:21,delivered,2.0
5020,1229,2024-12-12T19:46:15,canceled,
5021,1229,2024-12-26T04:23:10,shipped,
5022,1229,2024-12-10T12:12:24,canceled,
5023,1229,2024-12-18T16:55:12,delivered,2.0
5024,1229,2024-12-29T14:31:51,canceled,
5025,1230,2024-09-27T01:25:13,shipped,
5026,1230,2024-08-27T11:09:23,delivered,3.0
5027,1230,2024-09-18T01:27:38,delivered,7.0
5028,1231,2024-09-29T00:09:10,delivered,7.0
5029,1231,2024-04-15T11:07:00,delivered,7.0
5030,1232,2024-06-16T23:55:29,delivered,2.0
5031,1232,2024-01-09T02:09:35,shipped,
5032,1232,2024-03-10T19:04:59,shipped,
5033,1233,2024-04-23T18:16:42,delivered,5.0
5034,1233,2024-02-09T22:53:14,canceled,
5035,1233,2024-06-19T22:49:44,delivered,6.0
5036,1234,2024-01-05T22:17:49,delivered,1.0
5037,1234,2024-09-16T11:13:34,delivered,4.0
5038,1234,2024-02-28T16:33:46,delivered,7.0
5039,1234,2024-12-25T14:18:18,canceled,
5040,1234,2024-12-18T08:43:44,shipped,
5041,1234,2024-08-09T14:45:18,delivered,6.0
5042,1234,2024-04-14T08:32:39,delivered,4.0
5043,1234,2024-01-18T03:47:58,delivered,7.0
5044,1235,2024-11-09T09:31:55,canceled,
5045,1235,2024-11-07T13:37:53,delivered,4.0
5046,1235,2024-12-16T12:30:06,delivered,2.0
5047,1236,2024-11-25T19:13:49,shipped,
5048,1236,2024-08-30T01:10:14,delivered,3.0
5049,1236,2024-11-25T04:16:00,canceled,
5050,1237,2024-06-03T07:24:18,delivered,3.0
5051,1237,2023-11-10T17:00:35,delivered,4.0
5052,1238,2024-03-03T20:40:00,delivered,10.0
5053,1238,2024-10-30T02:57:03,canceled,
5054,1238,2024-08-20T10:55:55,delivered,4.0
5055,1238,2023-12-26T22:43:14,delivered,12.0
5056,1238,2024-02-10T14:06:16,delivered,2.0
5057,1238,2024-06-17T16:05:54,delivered,4.0
5058,1238,2024-08-18T22:30:44,shipped,
5059,1238,2024-08-30T20:45:00,delivered,5.0
5060,1239,2024-12-23T04:20:27,delivered,2.0
5061,1239,2024-12-15T19:15:41,delivered,3.0
5062,1240,2024-12-23T06:27:35,canceled,
5063,1240,2024-09-08T20:18:19,delivered,5.0
5064,1240,2023-08-07T00:56:10,canceled,
5065,1240,2024-01-20T17:25:04,shipped,
5066,1240,2023-12-17T01:43:38,canceled,
5067,1240,2024-02-20T23:00:24,delivered,4.0
5068,1241,2024-11-10T04:09:32,canceled,
5069,1241,2024-12-07T22:48:56,delivered,11.0
5070,1241,2024-10-31T22:06:18,delivered,11.0
5071,1241,2024-09-30T18:53:29,delivered,8.0
5072,1242,2023-09-21T14:02:42,delivered,2.0
5073,1242,2023-09-07T03:43:38,delivered,8.0
5074,1242,2023-10-14T15:07:16,delivered,2.0
5075,1242,2024-12-12T17:29:52,delivered,1.0
5076,1242,2024-06-06T15:07:56,shipped,
5077,1243,2023-06-16T06:17:09,delivered,5.0
5078,1243,2023-11-18T22:28:04,shipped,
5079,1243,2024-11-15T14:22:57,delivered,2.0
5080,1244,2024-04-07T18:23:44,delivered,8.0
5081,1244,2024-01-13T03:05:11,delivered,5.0
5082,1245,2024-03-14T00:30:14,canceled,
5083,1245,2023-11-21T08:58:54,canceled,
5084,1245,2024-12-08T15:24:21,delivered,2.0
5085,1246,2024-04-24T06:10:37,shipped,
5086,1246,2024-07-23T11:47:03,canceled,
5087,1247,2024-07-15T07:46:02,delivered,10.0
5088,1247,2024-03-31T01:02:43,delivered,3.0
5089,1247,2024-08-01T21:52:30,canceled,
5090,1247,2024-03-20T14:11:51,delivered,8.0
5091,1247,2024-12-07T22:46:56,delivered,5.0
5092,1247,2024-10-09T09:55:29,canceled,
5093,1247,2024-01-26T11:31:18,delivered,2.0
5094,1247,2024-03-31T20:44:44,delivered,3.0
5095,1248,2024-10-07T12:56:44,shipped,
5096,1248,2024-06-21T00:32:56,shipped,
5097,1248,2024-05-19T00:37:20,delivered,7.0
5098,1248,2023-10-05T03:10:12,delivered,5.0
5099,1248,2024-01-30T03:46:43,shipped,
5100,1249,2023-12-25T21:12:19,delivered,3.0
5101,1249,2024-09-18T23:03:15,delivered,1.0
5102,1250,2024-03-20T23:20:05,delivered,6.0
5103,1250,2024-05-14T01:23:09,delivered,5.0
5104,1250,2024-06-16T11:45:02,delivered,11.0
5105,1250,2024-06-06T05:37:58,delivered,1.0
5106,1250,2024-05-14T20:03:15,delivered,2.0
5107,1250,2023-08-02T02:59:46,canceled,
5108,1250,2024-05-08T06:11:08,delivered,9.0
5109,1250,2023-12-07T22:36:57,delivered,3.0
5110,1250,2023-11-23T07:36:37,shipped,
5111,1250,2023-08-04T05:10:39,delivered,2.0
5112,1251,2024-11-01T15:56:04,delivered,3.0
5113,1251,2024-11-04T04:41:35,delivered,10.0
5114,1251,2024-12-25T11:39:24,delivered,1.0
5115,1251,2024-11-11T22:08:47,delivered,11.0
5116,1251,2024-11-17T15:11:27,delivered,2.0
5117,1251,2024-12-16T06:06:04,delivered,1.0
5118,1252,2024-06-08T00:48:58,delivered,8.0
5119,1252,2024-12-15T14:50:27,delivered,8.0
5120,1252,2024-06-17T23:41:29,delivered,1.0
5121,1253,2024-02-02T23:59:37,delivered,1.0
5122,1253,2023-11-05T22:19:03,delivered,3.0
5123,1253,2023-09-11T08:55:40,delivered,6.0
5124,1254,2024-11-05T08:25:30,delivered,18.0
5125,1254,2024-04-17T03:09:41,shipped,
5126,1254,2024-07-02T01:58:26,canceled,
5127,1254,2023-12-03T22:57:15,shipped,
5128,1254,2024-07-23T20:08:45,shipped,
5129,1254,2023-12-11T21:07:47,delivered,8.0
5130,1254,2024-11-29T15:02:38,delivered,3.0
5131,1255,2024-12-20T13:44:36,delivered,5.0
5132,1255,2024-10-30T07:34:26,delivered,5.0
5133,1255,2024-12-04T09:06:23,delivered,12.0
5134,1255,2024-11-06T03:55:39,delivered,15.0
5135,1255,2024-12-02T13:31:28,delivered,5.0
5136,1255,2024-11-09T06:59:44,canceled,
5137,1256,2023-06-25T07:29:31,delivered,5.0
5138,1256,2024-02-14T23:50:29,shipped,
5139,1256,2024-04-21T09:07:00,delivered,3.0
5140,1257,2024-11-26T00:31:01,delivered,8.0
5141,1257,2024-09-10T10:48:42,delivered,3.0
5142,1258,2024-08-10T03:54:32,delivered,1.0
5143,1258,2024-09-01T09:17:00,canceled,
5144,1258,2024-09-02T01:59:07,delivered,3.0
5145,1259,2024-05-29T17:24:10,delivered,7.0
5146,1259,2023-12-07T08:20:01,canceled,
5147,1259,2024-11-29T22:34:25,delivered,2.0
5148,1260,2023-12-11T13:37:32,shipped,
5149,1260,2023-09-24T21:32:40,canceled,
5150,1260,2024-05-02T21:58:02,delivered,9.0
5151,1260,2023-09-06T21:15:43,delivered,6.0
5152,1260,2024-04-25T10:52:08,delivered,6.0
5153,1260,2024-02-28T21:16:09,delivered,6.0
5154,1260,2024-07-13T06:11:05,delivered,7.0
5155,1260,2024-12-19T13:40:41,delivered,5.0
5156,1261,2024-10-20T00:20:23,delivered,2.0
5157,1261,2024-10-17T21:48:47,canceled,
5158,1262,2024-05-13T13:40:50,delivered,4.0
5159,1262,2024-02-28T15:25:11,delivered,1.0
5160,1262,2024-06-25T01:37:07,canceled,
5161,1262,2024-12-06T01:00:51,delivered,5.0
5162,1262,2023-09-26T16:48:00,delivered,10.0
5163,1262,2024-03-13T09:49:29,canceled,
5164,1262,2023-08-22T09:02:10,delivered,5.0
5165,1263,2024-06-21T21:23:12,shipped,
5166,1263,2023-05-08T14:01:47,delivered,12.0
5167,1264,2024-04-26T10:30:24,canceled,
5168,1264,2024-07-16T07:19:34,delivered,3.0
5169,1264,2024-07-16T12:19:21,delivered,15.0
5170,1265,2024-11-14T18:29:56,delivered,5.0
5171,1265,2024-09-23T11:50:11,delivered,7.0
5172,1266,2024-07-12T15:05:40,shipped,
5173,1266,2024-01-01T20:35:43,delivered,7.0
5174,1266,2024-06-25T09:08:03,delivered,1.0
5175,1266,2024-06-16T11:25:02,delivered,4.0
5176,1266,2024-07-09T06:50:25,delivered,4.0
5177,1266,2024-01-17T18:35:46,delivered,6.0
5178,1267,2024-05-14T21:36:25,delivered,8.0
5179,1267,2024-11-26T11:21:20,shipped,
5180,1267,2024-09-12T19:08:10,delivered,4.0
5181,1267,2024-11-05T07:12:58,delivered,3.0
5182,1267,2024-05-09T12:39:08,delivered,11.0
5183,1267,2024-07-23T14:09:05,shipped,
5184,1267,2024-07-11T12:39:13,shipped,
5185,1267,2024-06-10T04:53:02,delivered,14.0
5186,1267,2024-04-15T04:01:36,delivered,2.0
5187,1268,2024-08-02T20:46:38,shipped,
5188,1268,2024-12-31T23:43:24,delivered,1.0
5189,1268,2024-10-06T08:14:11,delivered,10.0
5190,1268,2024-07-13T15:02:42,delivered,3.0
5191,1268,2024-12-21T12:50:40,delivered,6.0
5192,1268,2024-08-21T22:08:09,shipped,
5193,1268,2024-07-19T07:54:14,canceled,
5194,1268,2024-08-31T00:40:20,delivered,1.0
5195,1268,2024-11-21T06:20:21,canceled,
5196,1269,2024-08-25T07:32:14,canceled,
5197,1269,2024-06-21T08:20:50,delivered,4.0
5198,1270,2024-10-20T18:44:42,canceled,
5199,1270,2024-06-03T08:50:28,shipped,
5200,1271,2024-12-18T21:12:54,delivered,1.0
5201,1271,2024-09-09T02:26:35,shipped,
5202,1272,2023-06-30T03:44:57,delivered,5.0
5203,1272,2024-08-15T17:38:14,shipped,
5204,1273,2024-07-20T15:26:01,delivered,1.0
5205,1273,2024-04-22T17:28:55,delivered,4.0
5206,1273,2023-11-25T15:04:42,delivered,4.0
5207,1274,2024-10-26T07:00:30,delivered,3.0
5208,1274,2024-10-31T06:17:59,canceled,
5209,1274,2024-11-29T01:07:25,delivered,6.0
5210,1274,2024-11-07T07:18:48,delivered,3.0
5211,1275,2024-06-11T15:05:36,delivered,2.0
5212,1275,2024-06-24T01:43:37,canceled,
5213,1276,2024-06-18T14:39:56,shipped,
5214,1276,2024-02-14T14:29:28,delivered,4.0
5215,1277,2024-10-17T19:43:36,shipped,
5216,1277,2024-12-11T08:39:49,shipped,
5217,1277,2024-08-05T02:41:17,delivered,5.0
5218,1277,2024-11-17T09:45:59,shipped,
5219,1277,2024-08-25T14:51:44,delivered,2.0
5220,1277,2024-09-08T18:30:03,delivered,14.0
5221,1277,2024-12-27T23:51:59,delivered,3.0
5222,1277,2024-08-10T04:46:15,shipped,
5223,1278,2024-04-27T06:54:25,canceled,
5224,1278,2024-03-17T11:38:42,delivered,2.0
5225,1279,2024-12-05T02:47:49,canceled,
5226,1279,2024-11-28T00:35:56,canceled,
5227,1280,2024-04-28T13:22:49,shipped,
5228,1281,2024-07-16T18:46:16,delivered,10.0
5229,1281,2024-12-27T13:16:28,shipped,
5230,1281,2023-12-09T04:15:38,shipped,
5231,1281,2023-12-17T15:06:43,delivered,3.0
5232,1281,2024-11-09T08:21:52,delivered,3.0
5233,1281,2024-08-31T01:30:51,delivered,8.0
5234,1282,2024-02-29T08:08:13,canceled,
5235,1282,2024-11-22T19:59:35,delivered,1.0
5236,1283,2024-09-18T14:25:06,delivered,4.0
5237,1283,2024-10-05T08:08:20,delivered,2.0
5238,1283,2024-07-27T13:09:55,delivered,1.0
5239,1283,2023-10-20T21:05:30,canceled,
5240,1283,2024-06-28T14:46:06,canceled,
5241,1283,2024-04-27T07:03:20,shipped,
5242,1284,2024-07-23T09:29:22,delivered,20.0
5243,1284,2024-07-04T02:45:47,delivered,6.0
5244,1284,2024-08-19T20:00:57,canceled,
5245,1284,2024-07-03T01:49:23,delivered,4.0
5246,1285,2023-12-03T12:02:01,delivered,5.0
5247,1285,2024-07-09T06:24:41,delivered,2.0
5248,1285,2024-02-20T09:54:27,delivered,4.0
5249,1285,2024-02-15T00:30:51,delivered,1.0
5250,1285,2024-11-10T11:29:11,shipped,
5251,1285,2023-09-25T02:33:39,shipped,
5252,1285,2024-06-03T18:26:23,delivered,8.0
5253,1285,2024-10-04T08:26:21,canceled,
5254,1286,2024-06-05T10:18:20,delivered,3.0
5255,1286,2024-01-21T20:53:20,canceled,
5256,1287,2024-06-08T22:00:17,delivered,10.0
5257,1287,2024-12-26T20:56:37,delivered,6.0
5258,1287,2023-12-10T00:28:59,delivered,8.0
5259,1287,2024-06-02T23:12:25,delivered,5.0
5260,1287,2023-10-03T03:46:14,delivered,10.0
5261,1287,2023-09-20T07:08:51,delivered,2.0
5262,1288,2024-02-28T06:02:44,canceled,
5263,1288,2023-11-02T06:36:21,delivered,4.0
5264,1288,2024-01-25T05:04:47,delivered,2.0
5265,1288,2024-09-12T15:14:44,delivered,8.0
5266,1289,2024-09-24T14:05:56,delivered,4.0
5267,1289,2024-04-17T02:35:10,delivered,4.0
5268,1289,2023-11-14T23:34:50,delivered,2.0
5269,1290,2024-12-07T20:01:44,delivered,4.0
5270,1290,2024-09-27T00:46:38,shipped,
5271,1290,2024-10-09T05:51:53,canceled,
5272,1291,2024-08-14T22:42:01,canceled,
5273,1291,2024-09-20T00:18:37,delivered,4.0
5274,1292,2024-09-21T06:04:28,delivered,4.0
5275,1292,2024-02-13T20:03:31,delivered,3.0
5276,1293,2023-06-20T02:49:41,delivered,2.0
5277,1294,2024-11-22T16:28:06,delivered,7.0
5278,1294,2024-11-30T20:20:27,shipped,
5279,1294,2024-05-06T05:40:58,shipped,
5280,1294,2024-07-11T15:56:30,delivered,3.0
5281,1295,2023-12-20T08:40:24,canceled,
5282,1295,2023-06-26T13:45:54,delivered,3.0
5283,1296,2024-12-22T23:25:32,delivered,3.0
5284,1296,2024-12-24T06:22:13,delivered,1.0
5285,1296,2024-12-09T14:44:27,delivered,10.0
5286,1296,2024-12-06T11:15:24,delivered,8.0
5287,1296,2024-12-17T10:56:20,delivered,6.0
5288,1296,2024-12-30T11:45:54,delivered,9.0
5289,1296,2024-12-04T04:05:45,shipped,
5290,1296,2024-12-16T17:20:32,delivered,11.0
5291,1296,2024-12-16T10:26:37,canceled,
5292,1296,2024-12-23T13:24:29,delivered,1.0
5293,1297,2024-12-29T00:20:11,shipped,
5294,1297,2024-12-30T08:07:53,delivered,4.0
5295,1297,2024-12-27T01:52:46,delivered,4.0
5296,1297,2024-12-24T07:31:15,shipped,
5297,1297,2024-12-26T05:02:21,delivered,5.0
5298,1297,2024-12-26T02:48:29,delivered,7.0
5299,1297,2024-12-28T19:18:49,canceled,
5300,1297,2024-12-24T19:29:37,shipped,
5301,1297,2024-12-23T09:48:23,canceled,
5302,1297,2024-12-23T16:53:35,delivered,6.0
5303,1298,2024-12-30T14:11:16,delivered,2.0
5304,1299,2024-12-03T21:07:02,delivered,7.0
5305,1299,2024-12-08T06:32:55,delivered,4.0
5306,1299,2024-12-26T12:32:39,canceled,
5307,1300,2024-08-26T06:45:03,delivered,4.0
5308,1300,2024-04-17T04:28:22,shipped,
5309,1300,2024-02-27T06:23:49,canceled,
5310,1300,2024-09-29T00:02:07,delivered,7.0
5311,1301,2024-11-01T03:27:04,shipped,
5312,1301,2024-10-19T19:37:48,shipped,
5313,1301,2023-12-15T03:06:51,delivered,15.0
5314,1301,2023-12-11T12:38:22,delivered,3.0
5315,1301,2024-04-29T05:29:07,delivered,2.0
5316,1302,2023-05-26T11:13:36,delivered,20.0
5317,1302,2023-08-27T15:31:59,shipped,
5318,1303,2023-10-26T03:21:48,delivered,2.0
5319,1303,2024-06-15T02:10:22,shipped,
5320,1303,2024-07-27T19:31:26,delivered,2.0
5321,1303,2024-01-07T10:51:06,delivered,4.0
5322,1303,2024-11-23T19:35:51,delivered,1.0
5323,1303,2024-06-10T19:49:12,delivered,4.0
5324,1303,2024-03-28T14:23:01,delivered,2.0
5325,1303,2024-07-12T07:37:18,delivered,8.0
5326,1304,2024-11-11T05:44:29,canceled,
5327,1304,2024-11-16T00:31:11,delivered,2.0
5328,1304,2024-11-02T11:20:41,shipped,
5329,1304,2024-12-06T18:11:24,delivered,8.0
5330,1304,2024-11-06T08:43:17,delivered,6.0
5331,1304,2024-12-30T01:15:31,delivered,6.0
5332,1304,2024-12-09T03:33:54,delivered,2.0
5333,1304,2024-09-30T19:05:02,delivered,3.0
5334,1305,2024-04-07T10:33:44,delivered,1.0
5335,1305,2024-09-10T05:32:37,delivered,4.0
5336,1305,2024-04-23T23:04:40,delivered,7.0
5337,1305,2024-04-10T01:19:29,delivered,9.0
5338,1305,2024-03-31T06:39:01,delivered,2.0
5339,1305,2024-10-13T09:32:00,shipped,
5340,1306,2024-10-03T03:51:27,canceled,
5341,1306,2024-07-07T02:38:34,delivered,12.0
5342,1306,2024-07-09T11:37:50,delivered,6.0
5343,1307,2024-12-08T12:42:43,delivered,3.0
5344,1307,2024-11-24T19:06:30,shipped,
5345,1308,2024-01-19T00:30:33,delivered,13.0
5346,1308,2024-12-27T00:33:26,canceled,
5347,1308,2024-06-01T13:38:53,delivered,2.0
5348,1309,2023-04-20T12:35:58,canceled,
5349,1310,2024-08-09T19:41:35,delivered,2.0
5350,1310,2024-07-12T04:26:38,delivered,11.0
5351,1310,2024-09-11T12:59:30,delivered,4.0
5352,1310,2024-06-25T10:39:25,shipped,
5353,1310,2024-12-17T19:59:02,delivered,6.0
5354,1311,2024-12-21T18:31:57,shipped,
5355,1311,2024-12-23T04:01:44,delivered,2.0
5356,1312,2023-08-29T15:11:04,shipped,
5357,1312,2023-05-06T11:55:40,delivered,1.0
5358,1312,2023-08-07T10:08:31,canceled,
5359,1312,2024-11-25T10:45:11,delivered,4.0
5360,1312,2023-09-09T13:18:10,delivered,4.0
5361,1313,2024-06-04T05:31:57,delivered,3.0
5362,1313,2024-02-07T10:45:56,delivered,3.0
5363,1314,2024-09-11T17:32:34,canceled,
5364,1314,2024-09-17T07:39:48,shipped,
5365,1314,2024-12-04T12:58:29,canceled,
5366,1314,2024-08-31T08:11:00,delivered,3.0
5367,1315,2023-11-02T10:28:00,shipped,
5368,1315,2024-06-17T00:44:27,delivered,2.0
5369,1315,2024-04-30T18:36:38,delivered,7.0
5370,1315,2024-06-13T04:17:35,shipped,
5371,1315,2023-11-11T02:09:39,shipped,
5372,1315,2024-04-15T17:07:52,shipped,
5373,1316,2024-11-04T09:09:14,canceled,
5374,1316,2024-08-23T09:19:40,delivered,2.0
5375,1316,2024-11-15T14:25:21,delivered,8.0
5376,1317,2024-07-09T14:44:25,delivered,3.0
5377,1318,2024-08-11T14:20:10,delivered,5.0
5378,1318,2024-10-14T09:35:13,delivered,5.0
5379,1318,2024-08-04T15:53:14,shipped,
5380,1318,2024-07-19T19:25:24,canceled,
5381,1319,2024-02-12T00:10:22,delivered,15.0
5382,1319,2024-05-07T04:15:31,delivered,5.0
5383,1319,2024-03-31T17:35:27,delivered,2.0
5384,1319,2024-11-24T10:32:47,shipped,
5385,1319,2024-07-10T07:08:49,delivered,3.0
5386,1320,2024-11-08T05:26:31,delivered,6.0
5387,1320,2024-11-26T09:44:39,delivered,17.0
5388,1321,2024-09-12T08:22:31,shipped,
5389,1321,2024-04-04T08:45:00,shipped,
5390,1321,2024-05-14T01:31:14,shipped,
5391,1321,2023-10-13T06:35:03,shipped,
5392,1322,2024-08-27T01:05:57,delivered,8.0
5393,1322,2024-12-07T11:05:21,delivered,7.0
5394,1322,2024-11-17T16:51:54,delivered,8.0
5395,1322,2024-04-21T20:58:07,delivered,2.0
5396,1322,2024-10-17T12:14:51,shipped,
5397,1322,2024-04-17T07:18:09,canceled,
5398,1322,2024-09-23T17:07:02,delivered,5.0
5399,1322,2024-05-20T01:51:48,shipped,
5400,1323,2024-12-19T11:25:26,delivered,2.0
5401,1323,2024-07-27T01:09:14,delivered,4.0
5402,1323,2024-06-01T18:18:30,canceled,
5403,1323,2024-05-13T15:26:59,shipped,
5404,1323,2024-12-24T16:50:33,delivered,7.0
5405,1323,2024-06-08T01:10:00,delivered,5.0
5406,1324,2024-12-08T15:16:35,delivered,6.0
5407,1324,2024-10-09T05:49:07,shipped,
5408,1324,2024-07-09T06:03:10,delivered,3.0
5409,1325,2024-12-28T13:21:47,canceled,
5410,1325,2024-05-14T22:44:17,delivered,2.0
5411,1325,2024-09-30T13:23:42,delivered,1.0
5412,1326,2023-12-10T07:48:35,delivered,4.0
5413,1326,2024-04-17T17:59:12,delivered,3.0
5414,1327,2024-08-26T09:17:38,shipped,
5415,1327,2024-09-03T11:07:12,delivered,17.0
5416,1328,2023-10-28T01:19:06,delivered,2.0
5417,1328,2023-09-24T04:28:46,delivered,8.0
5418,1329,2024-07-24T17:42:16,delivered,8.0
5419,1329,2023-12-09T06:25:29,canceled,
5420,1329,2024-08-21T12:01:18,canceled,
5421,1330,2023-10-29T16:30:34,delivered,2.0
5422,1330,2024-06-08T17:40:25,shipped,
5423,1330,2024-11-12T13:38:50,delivered,3.0
5424,1330,2024-09-30T14:57:56,delivered,7.0
5425,1331,2023-12-23T16:12:53,canceled,
5426,1331,2024-06-30T20:23:58,canceled,
5427,1332,2024-11-11T02:26:12,delivered,1.0
5428,1333,2024-12-29T05:12:06,delivered,3.0
5429,1333,2024-12-30T15:39:42,canceled,
5430,1333,2024-12-26T11:47:22,delivered,7.0
5431,1334,2024-09-03T00:43:44,delivered,6.0
5432,1334,2024-10-05T13:43:36,delivered,2.0
5433,1335,2023-06-21T14:53:29,canceled,
5434,1335,2024-07-30T16:55:28,delivered,8.0
5435,1336,2023-05-26T05:40:14,delivered,11.0
5436,1336,2023-05-18T15:59:10,delivered,8.0
5437,1336,2023-02-11T14:56:36,delivered,11.0
5438,1336,2024-10-16T00:51:22,canceled,
5439,1337,2024-10-29T14:49:32,delivered,5.0
5440,1337,2024-05-18T15:57:42,delivered,5.0
5441,1337,2024-06-20T20:55:07,delivered,9.0
5442,1338,2024-09-24T04:35:29,delivered,1.0
5443,1338,2024-09-08T18:39:17,delivered,6.0
5444,1338,2023-12-14T15:52:06,shipped,
5445,1339,2024-11-05T11:39:38,canceled,
5446,1339,2024-12-06T01:11:41,canceled,
5447,1339,2024-10-31T08:38:57,delivered,2.0
5448,1340,2024-09-16T08:14:39,delivered,18.0
5449,1340,2024-12-28T02:01:04,canceled,
5450,1340,2024-08-13T11:45:32,delivered,4.0
5451,1341,2024-07-04T10:06:40,delivered,6.0
5452,1342,2024-08-17T20:34:41,delivered,2.0
5453,1342,2024-10-02T15:48:49,delivered,3.0
5454,1342,2024-02-23T08:43:45,shipped,
5455,1343,2024-12-14T06:48:03,delivered,5.0
5456,1343,2024-12-24T10:47:57,delivered,2.0
5457,1344,2024-07-08T04:00:45,delivered,2.0
5458,1344,2024-05-07T13:18:13,delivered,6.0
5459,1345,2024-03-12T22:40:44,delivered,2.0
5460,1346,2024-03-31T10:31:58,delivered,8.0
5461,1346,2024-09-18T23:52:37,delivered,6.0
5462,1347,2024-08-28T21:43:30,delivered,3.0
5463,1347,2024-02-24T13:56:24,canceled,
5464,1347,2024-08-02T02:17:25,delivered,2.0
5465,1347,2024-09-22T13:13:29,delivered,3.0
5466,1347,2024-06-14T21:24:25,delivered,3.0
5467,1347,2024-05-05T16:32:31,delivered,6.0
5468,1348,2023-05-31T02:24:28,shipped,
5469,1348,2023-10-21T04:04:39,delivered,8.0
5470,1348,2023-08-10T14:26:37,delivered,3.0
5471,1349,2024-12-20T15:42:41,delivered,3.0
5472,1349,2023-05-14T09:31:42,delivered,1.0
5473,1349,2023-04-11T00:05:16,delivered,4.0
5474,1350,2024-01-26T21:13:16,canceled,
5475,1350,2024-08-02T09:55:13,delivered,7.0
5476,1351,2024-12-06T08:57:57,delivered,6.0
5477,1351,2024-12-31T04:20:48,delivered,8.0
5478,1352,2024-11-14T21:53:56,delivered,6.0
5479,1353,2024-07-07T18:45:00,shipped,
5480,1353,2024-01-30T12:00:14,canceled,
5481,1353,2024-10-10T01:31:18,shipped,
5482,1354,2023-12-30T10:17:23,canceled,
5483,1355,2024-01-07T20:07:45,canceled,
5484,1355,2024-01-14T12:20:46,delivered,6.0
5485,1356,2024-09-02T18:52:03,canceled,
5486,1356,2024-05-18T21:31:44,shipped,
5487,1356,2023-12-03T08:35:21,delivered,3.0
5488,1356,2024-07-27T11:02:55,delivered,2.0
5489,1356,2024-03-06T15:39:42,delivered,1.0
5490,1356,2023-12-22T18:24:45,delivered,10.0
5491,1356,2024-10-16T12:37:24,shipped,
5492,1356,2024-02-23T22:38:32,shipped,
5493,1356,2024-09-27T11:41:18,shipped,
5494,1357,2023-04-30T21:04:14,delivered,6.0
5495,1357,2024-01-16T15:45:19,delivered,9.0
5496,1357,2024-09-14T04:22:06,delivered,4.0
5497,1357,2024-10-01T23:00:00,delivered,3.0
5498,1357,2024-12-04T22:42:19,delivered,1.0
5499,1357,2024-11-29T14:25:16,delivered,5.0
5500,1358,2024-12-10T14:02:23,delivered,6.0
5501,1358,2024-12-27T04:44:23,delivered,1.0
5502,1358,2024-11-16T09:52:28,canceled,
5503,1358,2024-12-08T14:02:14,delivered,2.0
5504,1358,2024-11-30T13:13:04,delivered,9.0
5505,1359,2024-12-25T00:29:06,canceled,
5506,1359,2024-11-24T07:17:04,shipped,
5507,1360,2023-12-25T13:26:04,delivered,2.0
5508,1360,2024-11-07T05:07:29,canceled,
5509,1361,2024-08-18T19:18:40,delivered,6.0
5510,1361,2023-09-02T00:33:09,delivered,3.0
5511,1361,2024-11-26T07:08:29,delivered,3.0
5512,1362,2024-09-18T16:41:34,delivered,3.0
5513,1363,2024-10-31T19:37:11,delivered,5.0
5514,1364,2024-12-10T08:23:57,delivered,2.0
5515,1364,2024-12-11T12:21:01,canceled,
5516,1364,2024-12-24T01:11:28,delivered,4.0
5517,1365,2024-11-01T04:53:10,shipped,
5518,1365,2024-08-20T00:58:24,delivered,1.0
5519,1365,2024-11-25T00:38:43,delivered,3.0
5520,1365,2024-06-26T10:25:21,delivered,8.0
5521,1365,2024-08-14T07:46:30,delivered,5.0
5522,1365,2024-08-01T10:15:45,canceled,
5523,1366,2024-03-24T01:06:57,canceled,
5524,1366,2024-06-17T04:30:13,shipped,
5525,1366,2024-09-21T17:03:48,shipped,
5526,1366,2024-09-19T23:17:30,delivered,3.0
5527,1366,2024-10-19T23:30:59,canceled,
5528,1366,2024-03-13T03:33:11,delivered,8.0
5529,1366,2024-02-16T20:04:20,delivered,3.0
5530,1366,2024-11-27T06:18:50,delivered,7.0
5531,1366,2024-10-13T17:19:08,shipped,
5532,1366,2024-07-09T05:11:13,delivered,7.0
5533,1367,2024-12-21T22:25:35,delivered,8.0
5534,1367,2024-11-23T17:55:58,delivered,4.0
5535,1367,2024-02-29T16:14:05,canceled,
5536,1367,2023-11-20T03:52:58,canceled,
5537,1367,2024-05-23T12:32:04,delivered,15.0
5538,1367,2023-09-14T08:16:29,canceled,
5539,1368,2024-06-04T14:25:35,canceled,
5540,1368,2024-10-31T10:50:24,delivered,2.0
5541,1369,2024-09-08T12:03:34,canceled,
5542,1369,2024-12-17T08:58:40,delivered,3.0
5543,1369,2024-06-19T20:58:47,canceled,
5544,1370,2024-10-07T21:28:18,delivered,7.0
5545,1370,2024-04-03T11:18:16,delivered,11.0
5546,1371,2024-10-25T14:58:57,canceled,
5547,1371,2024-12-05T19:07:37,canceled,
5548,1371,2024-12-22T15:49:13,delivered,6.0
5549,1371,2024-10-25T23:12:00,delivered,13.0
5550,1372,2024-08-30T04:10:42,canceled,
5551,1372,2024-09-27T08:21:41,canceled,
5552,1373,2024-12-29T01:52:51,delivered,2.0
5553,1373,2024-12-25T15:23:00,delivered,2.0
5554,1373,2024-12-26T13:48:05,delivered,2.0
5555,1373,2024-12-28T17:57:59,canceled,
5556,1374,2024-05-02T20:10:08,canceled,
5557,1374,2024-10-18T04:55:13,delivered,3.0
5558,1374,2023-11-02T00:50:46,delivered,1.0
5559,1374,2024-05-15T14:50:51,canceled,
5560,1374,2023-10-13T11:43:00,delivered,6.0
5561,1375,2023-07-09T20:34:23,canceled,
5562,1375,2023-09-04T23:01:38,canceled,
5563,1375,2023-06-10T18:36:50,delivered,12.0
5564,1375,2024-05-22T18:44:41,canceled,
5565,1375,2023-11-03T23:59:30,delivered,1.0
5566,1375,2024-03-22T21:26:56,delivered,10.0
5567,1375,2023-10-05T22:32:34,delivered,3.0
5568,1375,2024-05-14T04:11:08,delivered,9.0
5569,1376,2023-09-16T06:33:18,canceled,
5570,1376,2024-11-22T09:19:16,delivered,2.0
5571,1376,2024-03-23T16:52:05,delivered,1.0
5572,1376,2024-11-19T04:44:09,delivered,5.0
5573,1376,2023-09-08T07:31:47,canceled,
5574,1376,2024-01-15T23:33:30,shipped,
5575,1376,2023-08-15T17:07:24,delivered,4.0
5576,1377,2024-09-20T06:38:18,shipped,
5577,1377,2024-10-07T20:59:12,shipped,
5578,1377,2024-05-23T14:18:36,canceled,
5579,1377,2024-07-15T09:56:16,delivered,7.0
5580,1377,2024-11-21T03:16:49,delivered,10.0
5581,1377,2024-05-21T15:24:29,shipped,
5582,1377,2024-11-14T01:50:08,delivered,2.0
5583,1377,2024-08-23T13:32:01,canceled,
5584,1378,2024-03-09T11:51:59,shipped,
5585,1378,2023-10-01T11:39:26,canceled,
5586,1378,2024-09-27T03:24:30,canceled,
5587,1379,2024-10-30T06:24:10,shipped,
5588,1379,2024-10-05T16:47:37,delivered,8.0
5589,1379,2024-11-23T13:47:40,delivered,3.0
5590,1380,2024-10-29T23:53:37,delivered,11.0
5591,1380,2024-11-28T12:09:04,delivered,5.0
5592,1380,2024-10-07T21:13:43,delivered,8.0
5593,1381,2024-10-17T14:19:03,delivered,2.0
5594,1381,2024-10-31T07:18:46,delivered,4.0
5595,1381,2024-08-05T13:03:35,canceled,
5596,1381,2024-11-14T18:35:01,delivered,13.0
5597,1382,2024-12-12T02:01:10,delivered,5.0
5598,1382,2024-02-25T07:06:52,canceled,
5599,1382,2024-11-25T08:58:08,shipped,
5600,1382,2023-08-04T21:41:19,delivered,6.0
5601,1382,2024-05-14T16:46:39,delivered,1.0
5602,1382,2023-12-20T18:49:01,shipped,
5603,1382,2024-06-17T03:14:47,delivered,7.0
5604,1382,2024-10-25T03:29:55,delivered,7.0
5605,1383,2024-12-20T00:20:40,delivered,10.0
5606,1383,2024-11-16T03:49:05,delivered,1.0
5607,1383,2024-11-22T15:19:01,delivered,2.0
5608,1384,2024-11-05T10:27:14,delivered,4.0
5609,1384,2024-12-27T22:07:09,delivered,2.0
5610,1384,2024-09-19T15:03:41,delivered,4.0
5611,1384,2024-09-15T20:18:54,shipped,
5612,1385,2024-12-18T19:54:29,delivered,7.0
5613,1385,2024-12-27T07:05:53,delivered,4.0
5614,1385,2024-12-19T22:08:58,delivered,6.0
5615,1385,2024-12-28T19:11:35,shipped,
5616,1386,2024-12-25T23:37:35,delivered,3.0
5617,1386,2024-11-04T09:41:15,delivered,4.0
5618,1386,2024-06-27T03:44:22,delivered,4.0
5619,1386,2024-03-19T19:09:47,shipped,
5620,1386,2024-08-02T14:40:37,canceled,
5621,1386,2024-08-20T00:55:50,canceled,
5622,1386,2024-11-26T04:02:43,canceled,
5623,1386,2024-04-18T00:03:17,shipped,
5624,1387,2024-10-17T15:18:31,delivered,3.0
5625,1387,2024-03-16T09:14:04,delivered,3.0
5626,1387,2024-06-19T19:20:50,canceled,
5627,1387,2024-02-11T13:59:04,canceled,
5628,1387,2024-11-28T12:01:58,delivered,5.0
5629,1387,2024-12-26T16:10:23,delivered,2.0
5630,1387,2024-02-29T07:13:55,delivered,9.0
5631,1387,2024-10-23T15:40:13,delivered,2.0
5632,1387,2023-11-04T06:36:05,delivered,5.0
5633,1388,2024-11-29T08:54:56,delivered,13.0
5634,1389,2024-12-31T05:59:33,delivered,7.0
5635,1389,2024-04-29T09:11:35,delivered,6.0
5636,1390,2024-07-03T17:24:38,canceled,
5637,1390,2024-02-16T21:23:24,delivered,10.0
5638,1390,2024-03-15T13:44:59,delivered,9.0
5639,1390,2024-12-10T11:32:40,shipped,
5640,1390,2024-03-30T10:51:04,delivered,3.0
5641,1391,2024-12-28T13:17:00,delivered,7.0
5642,1392,2024-12-05T10:54:08,shipped,
5643,1392,2024-10-13T23:49:57,delivered,8.0
5644,1392,2024-08-26T09:33:19,delivered,5.0
5645,1393,2024-11-05T02:20:56,delivered,2.0
5646,1393,2024-11-28T17:21:26,delivered,2.0
5647,1394,2024-05-21T02:53:21,delivered,9.0
5648,1394,2024-04-08T22:36:15,delivered,3.0
5649,1394,2024-11-22T17:04:42,delivered,5.0
5650,1394,2024-06-05T21:39:01,delivered,2.0
5651,1394,2024-04-01T11:47:06,shipped,
5652,1394,2024-10-12T08:22:41,delivered,2.0
5653,1394,2024-04-05T20:48:47,delivered,3.0
5654,1394,2024-07-28T14:52:55,delivered,1.0
5655,1395,2024-08-13T22:12:42,delivered,1.0
5656,1395,2024-07-10T14:47:50,delivered,6.0
5657,1396,2024-08-08T22:18:05,delivered,6.0
5658,1396,2024-11-27T19:43:21,delivered,3.0
5659,1396,2024-05-07T04:22:13,shipped,
5660,1397,2024-05-26T22:54:31,delivered,11.0
5661,1397,2024-05-19T06:55:48,delivered,4.0
5662,1397,2023-10-13T21:24:28,delivered,7.0
5663,1398,2024-08-24T09:00:08,delivered,4.0
5664,1398,2024-08-16T18:19:21,delivered,7.0
5665,1399,2023-05-17T23:23:45,delivered,9.0
5666,1399,2023-05-08T16:09:15,canceled,
5667,1399,2023-04-18T02:58:27,delivered,2.0
5668,1400,2024-04-17T05:22:21,delivered,8.0
5669,1400,2024-07-03T22:36:55,delivered,9.0
5670,1400,2024-08-19T18:11:59,delivered,2.0
5671,1400,2024-04-28T21:15:53,shipped,
5672,1400,2024-08-28T05:59:33,delivered,2.0
5673,1400,2024-10-24T16:45:39,canceled,
5674,1400,2024-09-27T11:04:26,delivered,2.0
5675,1401,2024-12-25T20:02:50,delivered,7.0
5676,1401,2024-09-26T22:31:19,canceled,
5677,1401,2024-10-04T01:12:36,delivered,2.0
5678,1401,2024-09-29T02:59:17,delivered,2.0
5679,1401,2024-08-03T19:28:08,delivered,2.0
5680,1401,2024-11-20T16:22:49,delivered,10.0
5681,1401,2024-11-12T12:08:45,delivered,12.0
5682,1401,2024-11-21T05:39:53,delivered,2.0
5683,1401,2024-07-28T17:27:21,delivered,4.0
5684,1402,2023-09-06T20:37:13,delivered,1.0
5685,1402,2023-03-28T14:51:16,shipped,
5686,1402,2023-09-19T15:28:32,shipped,
5687,1402,2024-04-20T01:40:19,delivered,10.0
5688,1402,2023-10-29T11:54:39,delivered,9.0
5689,1402,2024-12-07T16:05:23,delivered,6.0
5690,1402,2023-12-19T01:25:24,delivered,8.0
5691,1403,2024-10-20T23:42:06,shipped,
5692,1403,2024-07-03T11:50:42,shipped,
5693,1403,2024-09-26T18:20:40,delivered,5.0
5694,1403,2024-12-09T05:25:26,delivered,3.0
5695,1403,2024-06-16T03:07:05,delivered,6.0
5696,1403,2024-11-13T08:54:32,delivered,7.0
5697,1403,2024-08-28T04:10:18,delivered,3.0
5698,1404,2024-10-27T15:54:02,delivered,2.0
5699,1404,2024-11-04T23:49:34,delivered,8.0
5700,1405,2024-01-29T12:13:22,shipped,
5701,1405,2024-12-16T17:23:14,delivered,8.0
5702,1405,2024-01-27T22:05:58,delivered,9.0
5703,1405,2024-03-06T23:38:48,shipped,
5704,1406,2024-12-02T07:41:17,shipped,
5705,1406,2024-09-28T05:59:53,delivered,2.0
5706,1406,2024-09-17T17:38:26,delivered,11.0
5707,1406,2024-11-21T02:21:10,delivered,3.0
5708,1407,2024-07-07T23:09:28,shipped,
5709,1407,2023-12-15T22:07:02,delivered,6.0
5710,1408,2023-08-20T09:56:52,canceled,
5711,1408,2024-10-02T18:03:07,canceled,
5712,1408,2024-06-20T03:48:15,delivered,3.0
5713,1408,2023-11-22T15:55:47,delivered,3.0
5714,1408,2023-08-16T21:28:50,shipped,
5715,1409,2024-06-02T19:25:01,shipped,
5716,1409,2024-09-22T19:51:49,delivered,5.0
5717,1409,2024-02-07T20:00:26,delivered,2.0
5718,1409,2024-03-15T11:51:05,delivered,1.0
5719,1409,2024-05-03T07:58:29,delivered,10.0
5720,1409,2024-09-05T18:13:31,delivered,4.0
5721,1409,2024-01-28T21:15:46,delivered,5.0
5722,1410,2024-06-16T17:46:40,delivered,2.0
5723,1410,2024-11-09T04:21:33,delivered,14.0
5724,1410,2023-11-04T12:15:51,delivered,10.0
5725,1411,2023-10-24T13:55:55,delivered,3.0
5726,1411,2023-07-29T15:11:48,delivered,1.0
5727,1411,2023-08-16T13:28:13,delivered,6.0
5728,1412,2024-02-29T18:12:45,canceled,
5729,1413,2024-12-30T15:04:35,canceled,
5730,1413,2024-12-26T09:21:19,delivered,4.0
5731,1413,2024-12-22T07:58:50,canceled,
5732,1413,2024-12-29T01:37:17,delivered,3.0
5733,1413,2024-12-27T04:54:59,delivered,3.0
5734,1414,2024-05-19T16:10:27,delivered,6.0
5735,1414,2024-05-05T11:22:34,delivered,8.0
5736,1414,2024-04-12T11:19:22,delivered,3.0
5737,1415,2024-11-07T04:30:49,delivered,3.0
5738,1415,2024-10-10T12:51:37,delivered,11.0
5739,1416,2023-12-29T15:39:52,canceled,
5740,1416,2023-12-01T07:33:59,shipped,
5741,1416,2024-10-03T13:06:37,delivered,4.0
5742,1416,2024-09-22T12:48:01,delivered,1.0
5743,1416,2024-11-15T05:08:48,delivered,1.0
5744,1416,2024-06-30T23:15:04,delivered,5.0
5745,1416,2024-07-12T06:15:34,canceled,
5746,1417,2024-05-10T05:30:30,delivered,11.0
5747,1417,2024-08-25T19:16:42,delivered,13.0
5748,1417,2024-08-04T17:06:25,delivered,5.0
5749,1417,2024-12-02T14:54:24,delivered,7.0
5750,1418,2024-12-19T15:58:56,delivered,2.0
5751,1419,2024-07-28T18:31:16,delivered,2.0
5752,1420,2024-10-05T16:15:03,canceled,
5753,1420,2024-06-02T21:14:49,canceled,
5754,1420,2024-05-20T22:06:13,shipped,
5755,1421,2024-09-07T17:48:12,delivered,3.0
5756,1421,2024-12-22T14:40:59,delivered,10.0
5757,1421,2024-10-25T00:09:59,canceled,
5758,1421,2024-09-04T23:38:03,delivered,9.0
5759,1421,2024-07-11T02:45:14,delivered,3.0
5760,1421,2024-12-08T07:30:52,delivered,7.0
5761,1422,2024-02-14T01:30:04,delivered,1.0
5762,1422,2023-07-24T23:49:05,delivered,5.0
5763,1423,2023-12-02T03:50:15,delivered,10.0
5764,1423,2023-11-29T05:44:06,delivered,4.0
5765,1423,2024-03-16T18:13:52,shipped,
5766,1424,2024-04-23T02:37:12,delivered,4.0
5767,1424,2024-05-17T20:30:41,delivered,5.0
5768,1424,2024-06-25T21:06:35,delivered,3.0
5769,1424,2024-08-20T00:26:53,shipped,
5770,1425,2024-08-26T02:10:12,delivered,3.0
5771,1425,2024-09-25T23:46:32,delivered,2.0
5772,1426,2024-12-18T23:16:07,shipped,
5773,1426,2024-10-24T03:48:51,canceled,
5774,1426,2024-09-05T15:31:10,canceled,
5775,1427,2024-07-28T04:33:52,delivered,4.0
5776,1427,2024-10-19T23:43:27,delivered,6.0
5777,1427,2024-11-16T02:20:27,delivered,6.0
5778,1427,2024-05-26T06:41:48,delivered,2.0
5779,1427,2024-12-15T03:23:02,delivered,3.0
5780,1427,2023-09-23T10:35:30,delivered,6.0
5781,1427,2023-12-16T01:57:46,shipped,
5782,1427,2024-03-12T07:11:50,shipped,
5783,1427,2023-07-22T12:25:33,canceled,
5784,1428,2024-11-05T01:26:25,delivered,5.0
5785,1428,2024-08-23T10:21:35,delivered,7.0
5786,1428,2024-06-24T19:17:02,shipped,
5787,1429,2024-09-20T12:01:16,delivered,3.0
5788,1429,2024-10-13T06:17:45,delivered,8.0
5789,1429,2024-10-04T11:56:28,delivered,4.0
5790,1429,2024-10-23T20:02:57,canceled,
5791,1429,2024-11-04T17:48:53,delivered,4.0
5792,1429,2024-12-01T11:20:00,delivered,8.0
5793,1429,2024-09-03T02:05:27,delivered,6.0
5794,1429,2024-10-29T15:36:04,delivered,7.0
5795,1430,2024-08-29T13:05:17,canceled,
5796,1430,2024-07-24T12:14:24,shipped,
5797,1430,2024-11-13T16:55:18,delivered,9.0
5798,1431,2023-11-01T03:27:30,canceled,
5799,1431,2024-10-30T00:05:09,delivered,1.0
5800,1431,2024-08-09T21:08:31,delivered,2.0
5801,1431,2024-07-25T01:07:42,delivered,7.0
5802,1431,2024-05-05T06:45:25,delivered,2.0
5803,1432,2024-03-02T13:57:09,delivered,8.0
5804,1433,2024-08-09T10:03:38,delivered,4.0
5805,1433,2024-05-21T04:15:31,delivered,3.0
5806,1433,2024-04-12T06:55:43,delivered,3.0
5807,1433,2024-09-09T04:24:29,shipped,
5808,1434,2024-09-21T09:06:14,delivered,2.0
5809,1434,2024-08-14T23:11:11,shipped,
5810,1435,2024-07-19T00:12:24,delivered,3.0
5811,1435,2024-08-26T15:11:22,delivered,8.0
5812,1435,2024-11-14T15:44:09,delivered,8.0
5813,1435,2024-09-16T23:44:39,delivered,7.0
5814,1435,2024-11-28T13:42:11,delivered,11.0
5815,1436,2024-12-11T21:09:28,delivered,6.0
5816,1437,2024-02-22T21:06:58,delivered,7.0
5817,1437,2023-12-07T04:40:43,canceled,
5818,1437,2024-05-30T12:39:56,delivered,7.0
5819,1437,2024-06-16T16:54:54,shipped,
5820,1438,2024-12-25T21:39:18,canceled,
5821,1438,2024-12-28T09:04:32,delivered,3.0
5822,1438,2024-11-02T03:24:30,delivered,6.0
5823,1439,2024-06-14T05:43:26,delivered,1.0
5824,1440,2024-06-30T11:07:03,delivered,9.0
5825,1440,2024-04-09T16:09:12,delivered,7.0
5826,1440,2024-12-26T09:36:03,delivered,2.0
5827,1440,2024-07-19T21:44:24,delivered,3.0
5828,1440,2024-09-29T12:48:42,delivered,2.0
5829,1440,2024-02-27T23:38:55,delivered,8.0
5830,1440,2024-02-10T16:48:10,delivered,6.0
5831,1440,2024-02-23T03:46:09,canceled,
5832,1441,2023-12-28T19:22:44,delivered,4.0
5833,1441,2023-08-21T16:34:07,delivered,12.0
5834,1441,2024-06-16T13:01:18,delivered,2.0
5835,1441,2024-12-27T02:19:25,canceled,
5836,1441,2024-04-12T10:35:11,delivered,5.0
5837,1441,2024-08-14T20:07:56,delivered,15.0
5838,1441,2024-07-28T10:12:01,delivered,1.0
5839,1441,2024-03-29T02:32:17,delivered,6.0
5840,1441,2024-07-02T15:53:32,delivered,11.0
5841,1441,2023-10-20T04:37:16,delivered,4.0
5842,1441,2024-03-19T04:35:53,canceled,
5843,1442,2024-09-22T09:31:43,delivered,6.0
5844,1442,2024-10-14T12:39:34,delivered,19.0
5845,1442,2024-06-22T08:40:03,delivered,1.0
5846,1442,2024-08-04T05:20:49,delivered,3.0
5847,1442,2024-08-31T09:21:41,delivered,9.0
5848,1443,2024-08-03T15:46:14,delivered,2.0
5849,1443,2024-10-27T01:13:41,delivered,6.0
5850,1443,2024-08-02T07:45:43,delivered,6.0
5851,1443,2024-08-04T08:08:49,canceled,
5852,1443,2024-09-08T23:02:14,delivered,11.0
5853,1443,2024-11-13T19:46:54,shipped,
5854,1443,2024-11-09T19:29:52,delivered,5.0
5855,1444,2024-01-24T16:29:18,canceled,
5856,1445,2023-02-18T09:59:11,delivered,3.0
5857,1445,2023-11-15T23:15:19,delivered,2.0
5858,1445,2024-12-05T23:46:33,shipped,
5859,1446,2024-12-23T17:23:48,delivered,11.0
5860,1446,2024-12-08T08:47:23,delivered,7.0
5861,1446,2024-11-15T20:31:00,delivered,4.0
5862,1447,2023-05-05T18:52:19,delivered,4.0
5863,1448,2024-08-21T09:46:54,canceled,
5864,1448,2023-11-10T20:33:31,delivered,12.0
5865,1448,2023-06-23T21:48:27,delivered,5.0
5866,1448,2024-08-20T05:34:55,delivered,2.0
5867,1448,2023-12-17T22:04:34,shipped,
5868,1449,2023-10-03T15:30:39,canceled,
5869,1449,2024-06-25T12:36:34,delivered,2.0
5870,1450,2024-12-31T13:52:48,delivered,8.0
5871,1450,2024-12-29T00:56:38,shipped,
5872,1450,2024-12-30T23:53:20,delivered,2.0
5873,1451,2023-04-11T04:28:07,delivered,3.0
5874,1451,2024-04-25T21:12:38,delivered,2.0
5875,1451,2023-06-23T07:38:01,delivered,4.0
5876,1451,2024-02-13T17:41:46,delivered,15.0
5877,1451,2023-08-17T18:53:59,delivered,4.0
5878,1451,2023-05-16T15:27:35,delivered,5.0
5879,1451,2023-10-04T03:20:49,delivered,4.0
5880,1452,2024-11-15T18:00:23,delivered,2.0
5881,1452,2024-10-04T08:27:57,canceled,
5882,1452,2024-12-18T03:41:08,canceled,
5883,1453,2024-04-04T00:25:55,shipped,
5884,1453,2024-11-17T08:40:55,delivered,4.0
5885,1453,2024-06-13T05:13:25,delivered,6.0
5886,1453,2024-07-04T20:37:42,delivered,3.0
5887,1453,2024-07-04T08:14:11,canceled,
5888,1453,2024-01-19T20:55:24,delivered,7.0
5889,1453,2024-10-24T17:54:07,delivered,8.0
5890,1453,2024-08-07T10:45:16,canceled,
5891,1453,2024-09-24T07:40:37,delivered,1.0
5892,1453,2024-12-03T03:37:27,delivered,4.0
5893,1454,2024-10-03T04:38:52,shipped,
5894,1454,2024-10-07T03:42:46,canceled,
5895,1455,2024-12-24T07:33:14,delivered,5.0
5896,1456,2024-06-26T13:34:44,canceled,
5897,1457,2023-10-10T14:44:44,shipped,
5898,1457,2023-11-08T03:46:17,delivered,4.0
5899,1457,2023-09-07T06:11:38,delivered,2.0
5900,1458,2024-09-18T17:16:35,delivered,6.0
5901,1458,2024-12-29T20:57:14,delivered,4.0
5902,1458,2024-09-26T20:27:23,delivered,1.0
5903,1458,2024-12-03T06:10:10,delivered,2.0
5904,1458,2024-08-02T13:40:54,canceled,
5905,1458,2024-06-29T22:28:26,shipped,
5906,1458,2024-07-25T22:44:26,delivered,4.0
5907,1458,2024-11-28T19:49:24,shipped,
5908,1459,2024-07-17T23:39:59,delivered,3.0
5909,1459,2024-06-11T16:12:57,delivered,2.0
5910,1460,2024-02-27T06:09:17,delivered,6.0
5911,1461,2023-10-24T16:00:22,delivered,2.0
5912,1461,2024-02-05T12:57:51,delivered,2.0
5913,1461,2023-12-14T07:26:39,delivered,4.0
5914,1461,2023-12-11T18:36:40,delivered,4.0
5915,1462,2024-11-05T08:27:33,shipped,
5916,1463,2024-10-01T17:31:17,shipped,
5917,1463,2024-07-24T16:54:42,delivered,11.0
5918,1464,2024-04-29T03:39:08,delivered,2.0
5919,1464,2024-02-28T07:52:39,canceled,
5920,1464,2023-07-19T13:53:01,delivered,5.0
5921,1464,2023-09-03T23:28:13,canceled,
5922,1464,2024-02-26T03:17:56,delivered,5.0
5923,1464,2024-09-16T03:23:48,delivered,4.0
5924,1464,2024-02-13T00:55:50,shipped,
5925,1464,2023-10-27T06:55:44,delivered,4.0
5926,1464,2024-11-18T22:40:27,delivered,4.0
5927,1465,2023-11-15T17:40:54,shipped,
5928,1465,2024-06-06T03:33:02,shipped,
5929,1466,2024-03-21T13:30:36,shipped,
5930,1466,2023-09-08T14:14:29,delivered,1.0
5931,1466,2024-04-02T04:37:23,delivered,5.0
5932,1466,2023-10-30T13:06:50,delivered,8.0
5933,1466,2024-05-03T04:53:36,shipped,
5934,1466,2024-01-12T14:00:08,delivered,2.0
5935,1466,2023-11-11T01:14:43,shipped,
5936,1466,2023-06-25T08:31:31,delivered,7.0
5937,1466,2024-12-03T03:35:38,shipped,
5938,1466,2024-07-30T19:38:47,canceled,
5939,1466,2024-04-26T15:51:13,delivered,8.0
5940,1466,2024-12-04T02:53:32,canceled,
5941,1467,2024-05-12T06:45:07,delivered,14.0
5942,1467,2024-07-20T03:05:30,delivered,4.0
5943,1467,2024-04-28T00:21:00,shipped,
5944,1468,2024-12-05T18:08:48,delivered,6.0
5945,1468,2024-08-24T01:17:24,delivered,8.0
5946,1468,2024-11-30T02:51:21,delivered,2.0
5947,1469,2024-01-24T14:06:43,canceled,
5948,1470,2024-11-29T02:37:38,delivered,8.0
5949,1470,2024-07-18T18:54:05,delivered,4.0
5950,1471,2024-06-16T01:21:43,delivered,6.0
5951,1471,2024-07-19T09:10:19,shipped,
5952,1471,2024-05-05T10:45:56,canceled,
5953,1471,2024-08-30T12:46:47,delivered,3.0
5954,1471,2024-10-26T21:09:07,shipped,
5955,1471,2024-08-22T04:53:55,delivered,1.0
5956,1471,2024-04-25T19:18:33,delivered,3.0
5957,1472,2024-05-30T18:27:52,delivered,3.0
5958,1472,2024-10-28T12:50:55,delivered,10.0
5959,1473,2024-07-11T00:49:08,delivered,11.0
5960,1473,2024-11-24T02:34:18,delivered,4.0
5961,1473,2024-08-22T09:59:42,delivered,3.0
5962,1473,2024-09-10T14:06:01,delivered,3.0
5963,1473,2023-10-28T22:47:10,delivered,9.0
5964,1473,2024-07-01T16:41:45,delivered,1.0
5965,1473,2024-03-17T03:37:40,delivered,1.0
5966,1473,2024-01-27T13:49:31,shipped,
5967,1474,2024-07-19T22:05:52,delivered,9.0
5968,1475,2024-12-30T19:44:32,delivered,1.0
5969,1475,2024-11-05T08:48:49,delivered,8.0
5970,1476,2024-12-30T10:09:35,delivered,1.0
5971,1476,2023-07-12T21:03:15,delivered,2.0
5972,1476,2024-09-12T03:21:40,canceled,
5973,1476,2023-12-05T19:18:23,shipped,
5974,1476,2024-12-09T11:16:11,delivered,8.0
5975,1477,2024-06-19T21:07:06,delivered,2.0
5976,1477,2024-11-03T17:59:53,shipped,
5977,1477,2024-10-21T15:13:16,delivered,2.0
5978,1478,2024-06-10T05:23:20,delivered,6.0
5979,1479,2024-09-16T16:33:02,delivered,5.0
5980,1479,2024-07-19T16:04:33,delivered,10.0
5981,1480,2024-10-21T22:13:54,delivered,5.0
5982,1480,2024-11-03T13:51:19,delivered,2.0
5983,1480,2024-12-31T07:40:03,delivered,14.0
5984,1480,2024-12-16T00:33:51,shipped,
5985,1480,2024-12-10T11:35:54,shipped,
5986,1480,2024-12-08T07:44:20,canceled,
5987,1480,2024-12-06T17:39:21,delivered,6.0
5988,1480,2024-12-10T17:23:02,delivered,9.0
5989,1481,2024-12-25T16:23:39,delivered,8.0
5990,1481,2024-12-31T03:06:53,delivered,1.0
5991,1481,2024-12-29T10:16:25,delivered,8.0
5992,1481,2024-12-31T22:40:56,shipped,
5993,1481,2024-12-22T13:28:43,delivered,5.0
5994,1481,2024-12-31T20:00:33,delivered,3.0
5995,1481,2024-12-31T23:49:46,delivered,9.0
5996,1481,2024-12-30T14:55:39,delivered,3.0
5997,1481,2024-12-24T06:41:23,delivered,11.0
5998,1482,2023-11-01T00:21:32,canceled,
5999,1482,2024-07-19T17:07:03,delivered,4.0
6000,1482,2024-07-24T14:09:56,shipped,
6001,1483,2024-12-29T18:07:51,delivered,1.0
6002,1483,2024-08-06T05:44:15,canceled,
6003,1483,2024-10-24T14:40:32,delivered,3.0
6004,1483,2024-12-21T01:07:58,canceled,
6005,1484,2024-05-10T09:37:09,shipped,
6006,1484,2024-04-30T07:09:21,canceled,
6007,1484,2024-01-03T17:32:49,shipped,
6008,1484,2024-07-14T12:55:15,delivered,3.0
6009,1484,2024-08-01T19:07:58,delivered,2.0
6010,1484,2024-01-08T21:21:03,delivered,8.0
6011,1484,2024-05-24T00:47:25,canceled,
6012,1484,2024-10-11T06:24:19,delivered,3.0
6013,1485,2023-06-22T12:41:42,delivered,11.0
6014,1485,2024-08-11T22:45:04,shipped,
6015,1485,2023-06-11T07:09:38,delivered,6.0
6016,1485,2024-11-21T00:40:09,delivered,6.0
6017,1485,2024-06-23T20:54:23,canceled,
6018,1485,2024-01-21T03:33:21,shipped,
6019,1486,2024-11-28T12:49:57,shipped,
6020,1486,2024-09-21T10:56:30,delivered,8.0
6021,1487,2023-10-13T03:53:41,shipped,
6022,1487,2023-11-09T09:34:53,delivered,6.0
6023,1487,2023-12-31T01:00:03,delivered,6.0
6024,1487,2023-10-04T13:22:41,shipped,
6025,1487,2024-10-21T23:31:52,shipped,
6026,1488,2024-12-29T10:33:41,delivered,5.0
6027,1489,2024-06-24T13:00:25,canceled,
6028,1489,2023-07-29T19:17:35,shipped,
6029,1489,2024-06-21T08:47:10,delivered,4.0
6030,1489,2024-01-15T01:57:19,canceled,
6031,1489,2023-08-19T16:19:52,delivered,11.0
6032,1489,2024-05-26T20:57:06,delivered,3.0
6033,1490,2024-12-31T12:00:54,delivered,11.0
6034,1490,2024-12-20T22:04:32,delivered,1.0
6035,1490,2024-12-21T11:06:47,canceled,
6036,1490,2024-12-17T08:57:34,canceled,
6037,1490,2024-12-13T20:19:44,canceled,
6038,1491,2024-12-07T08:45:34,canceled,
6039,1491,2024-12-02T09:46:19,shipped,
6040,1492,2024-12-07T15:52:53,delivered,2.0
6041,1493,2023-09-26T01:53:36,delivered,14.0
6042,1493,2023-12-19T21:43:44,delivered,6.0
6043,1493,2024-07-27T11:24:50,delivered,4.0
6044,1493,2024-05-22T17:41:51,delivered,2.0
6045,1494,2023-06-10T00:39:52,delivered,9.0
6046,1494,2023-01-25T16:45:18,delivered,6.0
6047,1495,2024-11-03T09:04:43,canceled,
6048,1495,2024-10-09T15:22:36,delivered,3.0
6049,1496,2024-12-31T22:35:07,delivered,6.0
6050,1496,2024-12-30T02:52:27,shipped,
6051,1496,2024-12-30T11:46:15,shipped,
6052,1496,2024-12-30T07:58:11,delivered,15.0
6053,1497,2023-05-26T16:47:26,delivered,2.0
6054,1497,2024-06-23T13:05:15,delivered,8.0
6055,1498,2024-02-09T00:14:52,delivered,7.0
6056,1499,2024-11-12T16:12:46,delivered,1.0
6057,1499,2024-07-04T17:30:55,canceled,
6058,1500,2024-02-05T03:33:26,canceled,
6059,1500,2024-04-30T15:03:48,delivered,3.0
6060,1501,2024-09-13T22:26:56,delivered,6.0
6061,1502,2024-02-15T00:33:58,delivered,4.0
6062,1502,2024-06-17T12:11:01,delivered,5.0
6063,1502,2024-04-08T03:05:42,delivered,3.0
6064,1502,2023-07-05T10:04:33,delivered,7.0
6065,1502,2023-06-24T01:11:05,delivered,2.0
6066,1502,2024-01-27T02:33:01,canceled,
6067,1502,2024-07-13T02:06:57,delivered,14.0
6068,1502,2023-12-05T09:58:37,delivered,7.0
6069,1503,2024-09-10T01:48:32,delivered,1.0
6070,1503,2024-08-20T13:41:26,delivered,3.0
6071,1503,2024-12-27T09:57:10,delivered,2.0
6072,1503,2024-10-25T09:35:31,canceled,
6073,1503,2024-10-02T15:06:38,delivered,2.0
6074,1503,2024-08-21T09:23:17,delivered,11.0
6075,1503,2024-06-23T04:12:59,delivered,3.0
6076,1504,2024-09-15T00:46:00,delivered,2.0
6077,1504,2024-01-28T12:53:35,delivered,2.0
6078,1505,2024-11-29T19:58:00,delivered,7.0
6079,1505,2024-04-15T09:33:46,delivered,3.0
6080,1505,2024-08-23T10:09:28,canceled,
6081,1505,2024-08-03T05:16:38,canceled,
6082,1506,2024-12-22T00:41:01,shipped,
6083,1506,2023-05-02T02:21:33,delivered,2.0
6084,1507,2024-12-04T15:06:41,delivered,2.0
6085,1507,2024-11-29T16:10:28,delivered,11.0
6086,1507,2024-11-14T04:14:16,delivered,11.0
6087,1507,2024-09-21T15:59:18,canceled,
6088,1507,2024-10-14T08:00:31,delivered,3.0
6089,1507,2024-12-05T08:12:53,shipped,
6090,1508,2024-12-04T03:48:52,canceled,
6091,1508,2024-10-03T04:25:25,delivered,2.0
6092,1508,2024-09-04T17:59:50,delivered,5.0
6093,1508,2024-12-21T16:38:40,delivered,4.0
6094,1508,2024-12-22T00:13:02,delivered,1.0
6095,1508,2024-09-23T18:27:20,delivered,6.0
6096,1508,2024-11-07T22:45:37,delivered,7.0
6097,1508,2024-10-25T17:46:16,delivered,5.0
6098,1509,2024-02-29T20:08:33,delivered,5.0
6099,1509,2024-04-11T07:28:29,delivered,8.0
6100,1509,2024-07-19T06:26:01,canceled,
6101,1509,2024-08-05T19:28:08,delivered,11.0
6102,1509,2024-07-25T10:12:31,canceled,
6103,1509,2024-09-21T03:43:23,delivered,6.0
6104,1509,2024-09-29T21:15:45,delivered,3.0
6105,1510,2024-11-30T21:30:50,canceled,
6106,1510,2024-12-19T01:03:54,delivered,1.0
6107,1510,2024-10-27T02:12:52,shipped,
6108,1510,2024-10-12T20:21:55,shipped,
6109,1511,2024-04-25T02:32:37,delivered,3.0
6110,1511,2024-04-30T23:48:11,delivered,5.0
6111,1511,2024-07-30T13:31:54,delivered,6.0
6112,1512,2024-01-31T04:29:14,delivered,1.0
6113,1512,2024-08-17T15:02:58,delivered,8.0
6114,1512,2024-02-15T19:43:20,delivered,4.0
6115,1512,2024-03-06T01:58:43,delivered,11.0
6116,1512,2024-11-05T13:40:45,shipped,
6117,1512,2024-07-03T05:23:41,delivered,7.0
6118,1512,2023-09-14T20:00:34,delivered,1.0
6119,1513,2024-12-10T16:51:37,delivered,2.0
6120,1514,2024-05-06T19:30:30,delivered,3.0
6121,1515,2024-12-04T02:02:10,delivered,5.0
6122,1515,2024-12-17T19:39:27,delivered,6.0
6123,1515,2024-12-12T20:31:07,delivered,6.0
6124,1516,2024-11-10T08:11:50,canceled,
6125,1516,2024-12-30T23:40:10,canceled,
6126,1516,2024-12-17T18:04:37,delivered,9.0
6127,1516,2024-11-30T22:42:45,delivered,3.0
6128,1516,2024-12-16T01:51:16,canceled,
6129,1516,2024-12-12T08:49:55,delivered,7.0
6130,1517,2024-08-10T23:50:32,shipped,
6131,1517,2023-12-23T13:24:37,delivered,3.0
6132,1517,2023-05-19T04:18:21,shipped,
6133,1518,2024-07-07T11:57:24,delivered,2.0
6134,1519,2024-08-18T00:00:31,shipped,
6135,1519,2023-04-10T13:56:15,delivered,2.0
6136,1520,2024-11-06T00:05:49,delivered,4.0
6137,1521,2024-04-28T00:28:43,delivered,2.0
6138,1521,2024-07-27T02:39:23,delivered,4.0
6139,1522,2024-02-20T17:02:36,delivered,13.0
6140,1522,2024-11-10T17:15:25,canceled,
6141,1522,2024-05-25T00:29:24,canceled,
6142,1523,2024-03-06T22:39:34,canceled,
6143,1523,2024-08-18T23:07:24,delivered,6.0
6144,1523,2024-04-17T03:42:26,delivered,9.0
6145,1523,2024-07-30T09:24:14,canceled,
6146,1524,2024-01-26T13:36:19,delivered,3.0
6147,1524,2023-11-23T07:52:26,delivered,9.0
6148,1525,2023-06-03T13:55:57,shipped,
6149,1525,2023-08-25T18:36:08,delivered,3.0
6150,1525,2023-06-09T13:27:28,delivered,2.0
6151,1525,2023-02-27T13:21:39,delivered,4.0
6152,1525,2024-03-30T02:56:50,delivered,2.0
6153,1525,2024-09-21T10:48:58,shipped,
6154,1525,2024-08-09T08:04:35,delivered,8.0
6155,1526,2024-07-06T15:40:49,delivered,4.0
6156,1526,2024-09-08T21:42:22,delivered,7.0
6157,1526,2024-09-10T03:57:48,delivered,7.0
6158,1526,2024-05-25T19:26:46,delivered,7.0
6159,1526,2024-10-27T08:18:39,delivered,1.0
6160,1526,2024-06-04T07:13:34,delivered,2.0
6161,1526,2024-12-21T19:07:12,canceled,
6162,1526,2024-05-23T20:45:10,delivered,7.0
6163,1527,2023-10-17T22:13:50,canceled,
6164,1528,2023-10-20T18:02:47,delivered,5.0
6165,1528,2024-11-25T15:51:24,delivered,8.0
6166,1528,2023-06-26T18:11:29,canceled,
6167,1528,2023-06-28T05:49:56,delivered,8.0
6168,1529,2024-09-19T07:22:26,delivered,9.0
6169,1529,2024-11-19T07:02:46,shipped,
6170,1529,2023-12-08T07:19:37,delivered,4.0
6171,1529,2023-10-14T22:09:44,shipped,
6172,1529,2024-12-03T01:50:02,canceled,
6173,1529,2023-11-29T03:47:52,delivered,1.0
6174,1529,2024-09-06T06:50:57,delivered,5.0
6175,1530,2024-12-18T23:37:34,canceled,
6176,1531,2024-11-07T19:49:21,shipped,
6177,1531,2024-11-01T18:21:26,canceled,
6178,1532,2024-03-25T05:48:42,delivered,3.0
6179,1532,2024-05-15T13:27:09,delivered,5.0
6180,1532,2024-08-05T18:20:05,delivered,20.0
6181,1532,2024-10-09T21:43:41,delivered,3.0
6182,1532,2024-12-30T16:36:53,shipped,
6183,1532,2024-03-14T20:18:07,delivered,3.0
6184,1532,2024-02-24T22:29:36,shipped,
6185,1532,2024-07-02T19:19:20,delivered,6.0
6186,1532,2024-07-10T19:26:30,delivered,2.0
6187,1533,2024-08-01T13:43:53,canceled,
6188,1533,2024-11-06T04:55:59,delivered,4.0
6189,1533,2024-12-31T01:04:33,delivered,6.0
6190,1533,2024-11-12T22:03:28,shipped,
6191,1533,2023-09-11T23:18:51,delivered,3.0
6192,1534,2024-12-22T07:42:21,delivered,5.0
6193,1534,2024-11-21T12:10:34,canceled,
6194,1534,2024-04-30T15:58:36,delivered,1.0
6195,1534,2024-01-09T10:27:41,delivered,2.0
6196,1534,2024-09-03T19:40:46,canceled,
6197,1534,2024-11-16T16:00:20,delivered,9.0
6198,1534,2024-03-23T04:20:55,delivered,2.0
6199,1534,2024-03-08T09:50:02,delivered,5.0
6200,1535,2023-07-28T18:05:14,shipped,
6201,1535,2023-05-15T12:48:38,canceled,
6202,1535,2024-08-07T14:52:23,delivered,4.0
6203,1535,2024-06-30T18:57:49,delivered,5.0
6204,1535,2024-03-11T16:06:02,delivered,10.0
6205,1535,2023-08-26T04:15:15,shipped,
6206,1535,2024-02-24T15:33:44,delivered,8.0
6207,1536,2024-10-17T10:56:53,delivered,3.0
6208,1536,2024-10-28T14:37:57,delivered,2.0
6209,1536,2024-11-20T01:59:46,delivered,4.0
6210,1537,2024-12-10T09:52:40,delivered,1.0
6211,1537,2024-10-20T05:57:28,delivered,17.0
6212,1538,2024-10-03T19:34:17,shipped,
6213,1538,2024-01-03T07:23:13,shipped,
6214,1538,2024-05-12T05:01:05,delivered,2.0
6215,1539,2024-09-05T23:38:09,shipped,
6216,1539,2024-08-31T15:40:56,delivered,5.0
6217,1540,2024-10-29T18:06:13,delivered,1.0
6218,1540,2024-09-15T17:51:45,canceled,
6219,1540,2024-10-12T21:06:12,delivered,11.0
6220,1540,2024-07-27T23:34:32,delivered,20.0
6221,1540,2024-11-12T15:01:19,delivered,2.0
6222,1541,2024-08-17T21:18:58,delivered,4.0
6223,1541,2024-08-17T20:37:41,delivered,12.0
6224,1542,2024-09-05T14:16:50,delivered,5.0
6225,1543,2024-05-18T11:14:48,delivered,2.0
6226,1543,2023-08-17T03:29:54,delivered,4.0
6227,1543,2023-11-03T23:49:49,canceled,
6228,1543,2024-04-23T23:41:43,canceled,
6229,1544,2024-11-26T00:09:16,canceled,
6230,1545,2024-11-25T04:45:09,delivered,4.0
6231,1545,2024-06-17T16:39:58,canceled,
6232,1545,2024-01-11T05:44:49,delivered,3.0
6233,1545,2024-11-25T14:33:30,shipped,
6234,1545,2024-05-18T02:09:08,canceled,
6235,1545,2024-10-20T02:23:34,delivered,1.0
6236,1546,2024-02-12T00:02:01,canceled,
6237,1546,2023-06-21T14:49:25,delivered,7.0
6238,1546,2024-08-02T09:21:56,delivered,7.0
6239,1547,2024-06-01T05:06:09,delivered,3.0
6240,1547,2023-08-22T11:38:47,delivered,6.0
6241,1547,2024-03-16T02:53:44,delivered,3.0
6242,1547,2024-11-22T13:37:02,canceled,
6243,1547,2024-06-15T06:59:58,canceled,
6244,1548,2024-07-17T19:34:09,canceled,
6245,1548,2024-09-01T20:25:23,delivered,5.0
6246,1548,2023-11-09T09:28:41,canceled,
6247,1548,2024-04-03T11:45:55,delivered,5.0
6248,1548,2024-01-02T08:18:58,delivered,8.0
6249,1548,2024-02-27T08:24:36,delivered,4.0
6250,1548,2023-12-17T21:57:28,delivered,9.0
6251,1548,2024-09-03T10:27:32,delivered,7.0
6252,1548,2023-12-23T21:35:44,canceled,
6253,1548,2024-09-21T16:37:20,shipped,
6254,1548,2024-03-02T01:57:30,delivered,5.0
6255,1548,2023-12-15T09:31:58,canceled,
6256,1549,2024-05-22T09:58:26,shipped,
6257,1549,2024-12-19T18:33:58,delivered,2.0
6258,1550,2024-06-23T22:51:29,canceled,
6259,1550,2024-11-19T20:50:13,delivered,2.0
6260,1551,2023-12-12T22:20:26,shipped,
6261,1551,2024-08-05T09:27:15,delivered,4.0
6262,1551,2024-05-31T12:41:38,shipped,
6263,1552,2024-10-25T10:20:48,shipped,
6264,1552,2024-12-01T20:31:32,shipped,
6265,1552,2024-12-08T09:30:15,delivered,4.0
6266,1553,2024-12-23T13:47:43,delivered,3.0
6267,1553,2024-09-28T10:26:34,delivered,6.0
6268,1553,2024-09-03T18:43:05,delivered,9.0
6269,1553,2024-09-09T08:42:50,shipped,
6270,1554,2024-03-20T11:44:54,delivered,3.0
6271,1554,2024-04-20T11:52:28,shipped,
6272,1554,2023-11-23T05:40:53,shipped,
6273,1554,2024-01-22T14:19:30,delivered,3.0
6274,1555,2024-01-07T09:33:36,delivered,1.0
6275,1555,2023-11-28T16:54:29,canceled,
6276,1555,2023-06-12T17:45:09,delivered,5.0
6277,1555,2024-05-03T23:29:42,canceled,
6278,1556,2024-05-31T04:44:18,delivered,8.0
6279,1557,2024-06-19T23:54:44,delivered,2.0
6280,1558,2024-10-16T00:07:14,delivered,3.0
6281,1558,2024-10-02T17:31:20,shipped,
6282,1558,2024-12-18T08:47:49,delivered,3.0
6283,1558,2024-12-25T23:43:48,delivered,4.0
6284,1559,2024-03-12T14:09:21,shipped,
6285,1559,2024-05-05T13:10:41,delivered,7.0
6286,1559,2024-03-27T18:27:25,delivered,5.0
6287,1559,2024-08-29T06:01:42,delivered,1.0
6288,1559,2023-12-13T03:39:46,delivered,6.0
6289,1559,2024-05-13T21:57:52,canceled,
6290,1559,2024-07-19T19:47:03,canceled,
6291,1560,2024-01-28T13:08:52,canceled,
6292,1561,2024-11-25T07:01:45,delivered,2.0
6293,1561,2024-11-26T02:35:36,canceled,
6294,1561,2024-12-05T18:01:34,delivered,4.0
6295,1561,2024-12-26T13:48:56,delivered,1.0
6296,1561,2024-10-30T01:34:40,delivered,1.0
6297,1561,2024-12-12T18:59:53,canceled,
6298,1561,2024-12-26T02:03:12,delivered,8.0
6299,1561,2024-11-03T23:39:12,delivered,3.0
6300,1561,2024-12-30T13:56:50,shipped,
6301,1562,2024-09-09T23:04:19,shipped,
6302,1562,2024-10-10T10:26:55,canceled,
6303,1562,2024-06-27T18:46:22,canceled,
6304,1562,2023-08-18T02:47:34,canceled,
6305,1562,2023-11-03T09:28:18,delivered,8.0
6306,1562,2024-08-17T11:50:20,delivered,1.0
6307,1563,2024-05-01T23:42:08,delivered,9.0
6308,1563,2024-01-22T21:36:59,canceled,
6309,1563,2024-05-04T20:55:25,canceled,
6310,1563,2024-11-01T07:22:23,shipped,
6311,1563,2024-11-25T05:08:15,delivered,3.0
6312,1563,2024-05-24T16:24:03,delivered,2.0
6313,1563,2024-05-12T00:12:06,canceled,
6314,1563,2024-05-07T03:59:52,shipped,
6315,1563,2024-01-24T01:06:40,delivered,5.0
6316,1563,2024-07-13T04:45:15,delivered,9.0
6317,1563,2024-04-13T10:06:54,canceled,
6318,1564,2024-12-14T22:32:45,delivered,2.0
6319,1564,2024-12-24T00:20:52,delivered,7.0
6320,1564,2024-12-20T08:32:28,delivered,8.0
6321,1565,2024-05-05T06:44:56,delivered,11.0
6322,1565,2024-07-21T16:48:01,delivered,3.0
6323,1566,2024-08-08T13:12:26,canceled,
6324,1566,2024-10-31T17:27:54,delivered,4.0
6325,1566,2023-07-03T15:46:23,shipped,
6326,1566,2023-12-03T08:47:08,delivered,10.0
6327,1566,2024-09-09T06:45:55,delivered,2.0
6328,1566,2024-09-01T03:33:22,delivered,1.0
6329,1566,2024-10-16T08:00:00,delivered,3.0
6330,1566,2024-04-29T06:00:15,shipped,
6331,1566,2023-09-10T23:07:03,delivered,7.0
6332,1567,2024-10-20T13:45:23,delivered,4.0
6333,1567,2023-12-18T15:43:20,delivered,3.0
6334,1567,2024-07-15T02:06:00,delivered,3.0
6335,1567,2024-01-23T16:45:09,canceled,
6336,1567,2024-10-15T17:05:09,delivered,3.0
6337,1567,2024-01-15T21:38:32,shipped,
6338,1567,2023-12-09T20:40:11,shipped,
6339,1567,2024-10-03T15:17:55,delivered,3.0
6340,1567,2024-08-10T07:58:23,delivered,2.0
6341,1567,2024-08-26T18:49:34,delivered,2.0
6342,1567,2024-09-06T19:37:48,shipped,
6343,1567,2024-12-25T07:53:35,delivered,6.0
6344,1568,2024-12-28T14:15:42,shipped,
6345,1568,2024-12-20T18:17:07,delivered,6.0
6346,1568,2024-12-30T16:01:47,delivered,10.0
6347,1568,2024-12-15T07:04:40,delivered,3.0
6348,1569,2024-11-19T23:57:08,delivered,3.0
6349,1569,2024-11-20T19:00:04,delivered,4.0
6350,1569,2024-09-30T06:38:42,delivered,6.0
6351,1569,2024-10-19T23:23:41,delivered,4.0
6352,1569,2024-09-01T11:52:16,delivered,1.0
6353,1569,2024-12-10T07:53:12,canceled,
6354,1569,2024-08-29T23:15:13,delivered,4.0
6355,1570,2023-11-05T23:47:56,shipped,
6356,1570,2024-09-12T02:42:52,canceled,
6357,1571,2024-11-13T00:51:11,delivered,8.0
6358,1571,2024-08-29T11:06:53,delivered,1.0
6359,1571,2024-02-23T11:57:51,delivered,4.0
6360,1572,2024-06-16T05:40:09,delivered,7.0
6361,1573,2023-07-10T22:39:19,canceled,
6362,1573,2024-10-25T21:43:07,delivered,7.0
6363,1573,2024-07-06T01:49:11,canceled,
6364,1573,2024-10-13T02:38:37,delivered,4.0
6365,1574,2024-10-02T14:09:12,delivered,10.0
6366,1574,2024-05-03T05:56:29,delivered,3.0
6367,1574,2024-07-08T18:53:30,canceled,
6368,1574,2024-05-05T00:25:26,delivered,1.0
6369,1574,2024-06-18T17:37:40,delivered,12.0
6370,1574,2024-08-01T02:20:54,canceled,
6371,1574,2023-10-26T16:17:11,delivered,5.0
6372,1575,2024-09-29T22:14:15,delivered,2.0
6373,1575,2024-09-17T23:29:36,delivered,8.0
6374,1575,2024-10-08T18:25:29,delivered,15.0
6375,1576,2024-12-01T03:00:46,delivered,3.0
6376,1576,2024-12-24T08:27:41,delivered,4.0
6377,1576,2024-12-07T05:16:35,delivered,10.0
6378,1576,2024-12-18T06:01:22,delivered,2.0
6379,1576,2024-12-22T13:29:52,delivered,5.0
6380,1576,2024-12-10T03:19:40,delivered,4.0
6381,1576,2024-12-20T17:22:39,delivered,2.0
6382,1576,2024-12-22T03:44:15,delivered,7.0
6383,1576,2024-12-22T09:02:40,delivered,1.0
6384,1576,2024-12-22T00:30:25,shipped,
6385,1577,2023-10-03T04:16:28,delivered,4.0
6386,1577,2023-09-10T05:21:34,delivered,2.0
6387,1577,2023-05-06T07:26:46,shipped,
6388,1578,2024-12-29T11:51:55,delivered,5.0
6389,1578,2024-12-27T13:36:32,delivered,3.0
6390,1578,2024-12-28T19:02:57,delivered,7.0
6391,1579,2024-12-14T06:12:52,shipped,
6392,1579,2024-12-26T05:47:51,shipped,
6393,1579,2024-11-04T06:32:33,shipped,
6394,1579,2024-06-12T22:56:20,canceled,
6395,1580,2024-12-24T07:55:19,delivered,6.0
6396,1580,2024-12-31T04:56:50,delivered,2.0
6397,1580,2024-12-23T16:45:17,delivered,4.0
6398,1581,2024-08-30T07:12:27,delivered,11.0
6399,1581,2024-03-06T07:49:44,delivered,7.0
6400,1581,2024-07-18T16:09:33,delivered,9.0
6401,1582,2024-11-30T18:32:38,canceled,
6402,1583,2024-07-13T03:16:03,delivered,4.0
6403,1583,2024-08-01T01:07:46,canceled,
6404,1583,2024-04-25T09:02:08,shipped,
6405,1583,2023-12-15T06:24:07,canceled,
6406,1584,2024-08-18T22:16:22,delivered,7.0
6407,1585,2024-06-13T07:06:32,canceled,
6408,1585,2024-07-09T09:49:27,delivered,2.0
6409,1585,2024-05-07T13:57:39,delivered,6.0
6410,1585,2024-03-20T14:50:57,delivered,4.0
6411,1585,2024-07-06T04:26:33,delivered,10.0
6412,1585,2024-06-26T01:36:54,canceled,
6413,1585,2023-12-31T22:02:06,shipped,
6414,1586,2024-08-05T23:57:28,shipped,
6415,1586,2024-12-02T05:07:46,delivered,4.0
6416,1587,2024-10-14T00:32:08,delivered,5.0
6417,1587,2024-12-13T03:51:08,delivered,22.0
6418,1588,2024-08-05T13:42:42,shipped,
6419,1588,2024-12-24T06:24:55,delivered,2.0
6420,1589,2024-08-29T22:20:12,delivered,7.0
6421,1589,2024-05-11T19:55:11,shipped,
6422,1589,2024-02-15T19:58:03,shipped,
6423,1589,2024-03-01T19:07:30,delivered,3.0
6424,1589,2024-10-07T03:37:16,delivered,3.0
6425,1589,2024-02-28T08:54:05,delivered,4.0
6426,1589,2024-11-26T18:24:28,delivered,6.0
6427,1589,2024-04-23T04:06:41,delivered,2.0
6428,1590,2024-10-06T18:03:03,delivered,6.0
6429,1590,2024-12-17T02:38:43,canceled,
6430,1590,2024-12-24T11:05:02,delivered,2.0
6431,1590,2024-09-30T20:45:10,delivered,3.0
6432,1590,2024-10-11T09:31:05,delivered,1.0
6433,1591,2024-07-18T02:23:32,shipped,
6434,1591,2024-12-10T03:19:52,canceled,
6435,1592,2024-04-29T03:48:55,delivered,3.0
6436,1592,2024-11-15T16:02:51,delivered,14.0
6437,1593,2024-09-16T07:44:14,delivered,3.0
6438,1593,2024-09-02T11:13:45,delivered,3.0
6439,1593,2024-11-02T11:27:30,shipped,
6440,1593,2024-09-10T19:24:29,delivered,8.0
6441,1593,2024-10-23T07:57:38,delivered,5.0
6442,1593,2024-09-21T14:25:36,delivered,3.0
6443,1594,2023-07-06T01:32:53,delivered,6.0
6444,1594,2023-09-30T11:47:28,delivered,4.0
6445,1594,2023-10-14T19:46:40,canceled,
6446,1594,2024-06-30T01:09:52,delivered,3.0
6447,1594,2024-10-22T03:18:43,shipped,
6448,1594,2024-01-06T14:07:57,shipped,
6449,1594,2023-11-25T14:40:19,delivered,4.0
6450,1594,2024-08-12T05:42:21,delivered,8.0
6451,1595,2024-09-11T20:48:15,shipped,
6452,1595,2024-12-13T07:27:10,canceled,
6453,1596,2024-11-25T08:46:25,delivered,7.0
6454,1596,2024-12-06T06:49:35,delivered,4.0
6455,1596,2024-11-13T11:22:14,shipped,
6456,1596,2024-12-12T08:53:34,delivered,5.0
6457,1596,2024-12-02T03:39:32,delivered,7.0
6458,1596,2024-12-18T14:24:39,delivered,1.0
6459,1596,2024-12-18T05:27:18,delivered,1.0
6460,1596,2024-12-21T15:16:38,delivered,11.0
6461,1597,2024-07-17T08:12:08,canceled,
6462,1598,2024-11-04T17:29:42,delivered,1.0
6463,1598,2024-12-03T11:39:14,shipped,
6464,1598,2024-12-15T13:43:59,delivered,1.0
6465,1598,2024-11-24T08:46:50,canceled,
6466,1598,2024-12-28T00:38:51,delivered,1.0
6467,1598,2024-11-05T13:08:04,shipped,
6468,1599,2024-11-06T10:28:12,canceled,
6469,1599,2024-08-24T18:16:38,delivered,14.0
6470,1599,2024-08-04T05:06:48,delivered,9.0
6471,1599,2024-10-27T03:49:43,shipped,
6472,1599,2024-07-31T14:46:51,canceled,
6473,1599,2024-08-07T16:37:06,delivered,12.0
6474,1599,2024-12-25T05:52:50,delivered,2.0
6475,1599,2024-08-04T10:12:54,delivered,4.0
6476,1600,2024-12-03T23:12:21,shipped,
6477,1600,2024-12-06T21:59:40,canceled,
6478,1600,2024-12-21T19:35:07,canceled,
6479,1600,2024-12-29T23:15:52,delivered,2.0
6480,1600,2024-12-03T00:07:38,delivered,8.0
6481,1600,2024-12-25T02:55:29,delivered,4.0
6482,1601,2024-08-05T08:16:56,delivered,10.0
6483,1601,2024-04-27T17:04:34,delivered,12.0
6484,1601,2024-09-25T10:45:23,delivered,5.0
6485,1601,2024-11-26T01:51:14,delivered,1.0
6486,1601,2024-09-19T21:13:00,delivered,9.0
6487,1601,2024-07-24T15:27:49,delivered,6.0
6488,1601,2024-06-23T07:23:44,delivered,5.0
6489,1602,2024-03-28T20:35:20,shipped,
6490,1602,2024-04-14T23:28:58,shipped,
6491,1602,2024-06-01T07:12:46,delivered,2.0
6492,1602,2024-06-12T13:12:59,delivered,2.0
6493,1602,2024-06-27T23:58:20,delivered,6.0
6494,1602,2024-11-01T15:20:15,delivered,1.0
6495,1603,2024-08-22T12:36:47,delivered,2.0
6496,1603,2023-02-12T03:30:11,delivered,6.0
6497,1603,2024-09-30T01:19:01,delivered,4.0
6498,1604,2023-11-19T16:13:27,delivered,4.0
6499,1604,2024-10-06T14:47:08,shipped,
6500,1604,2024-10-15T19:46:35,delivered,2.0
6501,1604,2024-08-25T12:53:12,delivered,6.0
6502,1604,2024-11-25T13:56:10,delivered,2.0
6503,1604,2024-11-23T17:27:30,delivered,5.0
6504,1604,2024-12-25T01:44:17,shipped,
6505,1605,2024-12-13T02:49:51,canceled,
6506,1605,2024-08-23T09:01:21,shipped,
6507,1605,2024-10-03T00:34:06,shipped,
6508,1606,2024-07-27T05:15:07,shipped,
6509,1606,2024-12-07T05:34:30,delivered,4.0
6510,1606,2024-12-10T14:54:21,delivered,9.0
6511,1607,2024-12-08T20:29:27,shipped,
6512,1607,2024-12-21T07:28:10,shipped,
6513,1607,2024-12-15T07:05:27,delivered,7.0
6514,1608,2024-11-12T00:32:42,canceled,
6515,1608,2023-12-08T01:55:57,delivered,7.0
6516,1609,2024-09-12T14:37:51,shipped,
6517,1609,2024-02-21T21:10:41,canceled,
6518,1609,2024-01-27T11:57:21,delivered,5.0
6519,1609,2024-02-05T21:54:49,delivered,4.0
6520,1609,2024-06-23T12:40:58,canceled,
6521,1609,2024-08-29T21:31:16,delivered,3.0
6522,1609,2024-12-13T11:06:41,delivered,2.0
6523,1609,2024-07-27T15:02:32,delivered,12.0
6524,1609,2024-09-11T22:45:11,delivered,2.0
6525,1610,2024-11-14T08:14:58,delivered,2.0
6526,1610,2024-12-25T01:33:41,delivered,4.0
6527,1610,2024-05-29T20:47:18,canceled,
6528,1611,2024-12-18T14:53:37,delivered,4.0
6529,1612,2024-03-01T02:17:23,canceled,
6530,1612,2023-12-16T00:46:00,delivered,4.0
6531,1612,2024-11-04T16:09:50,delivered,3.0
6532,1612,2023-07-08T12:53:48,canceled,
6533,1613,2024-12-23T09:45:30,delivered,3.0
6534,1613,2023-09-29T16:04:19,delivered,2.0
6535,1613,2023-03-13T02:27:11,delivered,6.0
6536,1613,2023-10-22T07:01:07,delivered,6.0
6537,1613,2024-12-16T17:31:57,canceled,
6538,1614,2024-07-08T20:26:41,delivered,3.0
6539,1614,2024-02-05T16:47:39,delivered,3.0
6540,1614,2024-07-16T07:27:46,delivered,8.0
6541,1614,2023-12-08T12:31:03,delivered,4.0
6542,1614,2024-06-18T11:06:58,delivered,4.0
6543,1614,2023-06-22T23:44:06,delivered,9.0
6544,1614,2024-03-17T21:34:14,delivered,10.0
6545,1614,2024-10-27T23:33:39,shipped,
6546,1614,2024-10-30T07:04:33,delivered,2.0
6547,1615,2024-11-15T03:47:17,delivered,2.0
6548,1615,2024-03-25T09:38:01,delivered,4.0
6549,1616,2023-09-08T10:14:30,delivered,5.0
6550,1616,2023-11-04T20:14:02,shipped,
6551,1617,2024-05-05T13:44:44,delivered,1.0
6552,1617,2024-08-01T07:20:26,delivered,6.0
6553,1617,2024-02-08T18:47:49,delivered,9.0
6554,1617,2024-04-04T18:56:10,canceled,
6555,1617,2024-05-27T12:21:20,delivered,4.0
6556,1618,2024-11-10T19:06:07,canceled,
6557,1618,2024-10-03T04:04:32,canceled,
6558,1618,2024-07-16T09:17:12,shipped,
6559,1618,2024-09-30T14:49:22,shipped,
6560,1618,2024-04-15T17:17:47,canceled,
6561,1618,2024-12-09T05:52:30,canceled,
6562,1618,2024-09-28T03:45:35,shipped,
6563,1619,2024-02-28T23:59:57,shipped,
6564,1619,2023-09-03T06:22:05,delivered,6.0
6565,1620,2024-10-22T08:41:03,delivered,3.0
6566,1620,2024-11-10T17:14:30,shipped,
6567,1620,2024-05-12T17:11:16,delivered,12.0
6568,1620,2024-07-12T19:19:26,shipped,
6569,1621,2024-05-09T09:02:09,shipped,
6570,1622,2024-05-01T06:19:18,shipped,
6571,1622,2024-07-15T21:54:30,canceled,
6572,1622,2024-07-16T02:06:24,shipped,
6573,1622,2024-06-26T16:18:45,canceled,
6574,1623,2024-01-11T09:58:19,delivered,5.0
6575,1623,2024-05-03T08:55:23,delivered,3.0
6576,1624,2024-12-05T06:20:50,delivered,7.0
6577,1624,2024-12-24T18:37:46,delivered,4.0
6578,1624,2024-12-17T05:47:58,delivered,4.0
6579,1624,2024-05-21T18:08:32,shipped,
6580,1624,2024-07-12T01:21:43,delivered,5.0
6581,1624,2024-01-20T20:26:18,delivered,2.0
6582,1624,2024-01-24T01:21:09,shipped,
6583,1624,2024-03-28T19:58:12,delivered,6.0
6584,1624,2024-12-25T16:20:08,shipped,
6585,1625,2024-12-29T04:43:50,delivered,2.0
6586,1625,2024-12-30T23:19:27,delivered,6.0
6587,1625,2024-12-31T13:05:51,delivered,2.0
6588,1626,2024-09-22T19:58:49,delivered,6.0
6589,1626,2023-09-30T08:58:41,delivered,9.0
6590,1626,2024-03-25T03:07:02,shipped,
6591,1627,2024-12-25T16:29:20,delivered,6.0
6592,1628,2024-12-17T20:29:34,delivered,6.0
6593,1628,2024-11-28T19:30:18,canceled,
6594,1628,2024-12-26T06:59:06,delivered,7.0
6595,1628,2024-12-30T06:03:03,delivered,12.0
6596,1628,2024-12-12T04:45:08,delivered,3.0
6597,1629,2024-03-04T14:11:49,delivered,5.0
6598,1629,2024-05-09T18:49:28,delivered,6.0
6599,1629,2024-06-12T02:36:27,delivered,1.0
6600,1629,2024-01-04T15:57:10,canceled,
6601,1630,2024-11-29T01:07:36,delivered,3.0
6602,1630,2023-12-05T15:54:44,shipped,
6603,1631,2024-07-01T11:36:28,delivered,11.0
6604,1631,2023-09-25T22:22:52,shipped,
6605,1631,2024-11-01T18:17:35,delivered,4.0
6606,1632,2024-08-28T22:39:49,delivered,1.0
6607,1632,2024-10-28T21:24:37,delivered,4.0
6608,1632,2024-11-07T13:35:52,delivered,6.0
6609,1632,2024-10-12T18:59:04,delivered,3.0
6610,1633,2024-04-23T18:02:14,canceled,
6611,1633,2024-10-09T14:21:20,delivered,6.0
6612,1634,2024-07-29T17:26:03,delivered,2.0
6613,1634,2024-09-13T00:14:28,delivered,4.0
6614,1634,2024-04-18T14:51:20,canceled,
6615,1634,2024-08-12T07:03:05,delivered,1.0
6616,1635,2023-12-23T10:40:41,delivered,7.0
6617,1635,2024-10-24T21:28:35,delivered,1.0
6618,1635,2024-08-07T22:33:58,delivered,7.0
6619,1635,2024-07-12T09:34:13,delivered,4.0
6620,1635,2024-01-19T09:46:09,delivered,1.0
6621,1635,2023-12-16T22:55:29,delivered,5.0
6622,1635,2023-08-28T19:54:21,canceled,
6623,1636,2024-10-31T18:42:37,delivered,2.0
6624,1636,2024-10-30T10:31:36,canceled,
6625,1636,2024-12-12T09:28:11,delivered,7.0
6626,1636,2024-12-28T08:46:45,delivered,5.0
6627,1636,2024-11-12T00:48:06,shipped,
6628,1636,2024-11-13T02:33:15,canceled,
6629,1637,2024-08-30T12:01:40,delivered,8.0
6630,1638,2023-03-12T17:18:39,delivered,4.0
6631,1638,2024-08-22T17:39:44,delivered,5.0
6632,1638,2024-04-03T12:41:13,delivered,3.0
6633,1638,2024-12-27T13:28:54,delivered,5.0
6634,1638,2023-05-11T08:35:51,delivered,2.0
6635,1638,2024-02-22T17:43:01,shipped,
6636,1638,2023-08-24T04:40:58,canceled,
6637,1638,2023-11-03T21:53:56,delivered,4.0
6638,1638,2024-05-26T11:25:05,delivered,5.0
6639,1639,2023-11-20T04:48:45,delivered,4.0
6640,1639,2024-04-17T00:52:14,delivered,3.0
6641,1639,2024-05-01T10:51:17,delivered,11.0
6642,1640,2024-09-15T13:43:43,shipped,
6643,1640,2024-12-29T04:24:30,delivered,10.0
6644,1640,2024-10-02T19:52:32,shipped,
6645,1640,2024-12-18T00:17:49,shipped,
6646,1640,2024-09-27T20:33:55,delivered,5.0
6647,1640,2024-11-06T08:42:52,delivered,6.0
6648,1641,2024-12-18T10:23:15,shipped,
6649,1641,2024-05-08T16:40:36,delivered,3.0
6650,1642,2024-12-26T12:30:34,canceled,
6651,1642,2024-12-30T14:59:57,delivered,10.0
6652,1642,2024-12-24T20:00:38,delivered,9.0
6653,1643,2024-06-19T03:17:24,shipped,
6654,1643,2024-01-18T20:20:49,delivered,6.0
6655,1643,2023-11-24T00:40:38,shipped,
6656,1643,2024-12-17T17:29:15,delivered,3.0
6657,1644,2024-12-22T06:58:05,shipped,
6658,1644,2024-12-23T11:44:05,delivered,6.0
6659,1644,2024-12-28T11:05:08,canceled,
6660,1644,2024-12-22T17:26:49,delivered,4.0
6661,1644,2024-12-27T14:47:45,canceled,
6662,1644,2024-12-29T14:58:11,delivered,12.0
6663,1644,2024-12-24T20:27:04,delivered,3.0
6664,1645,2024-10-14T00:22:36,delivered,4.0
6665,1645,2024-09-16T11:02:00,canceled,
6666,1646,2024-12-06T09:12:23,delivered,4.0
6667,1646,2024-09-21T08:11:30,delivered,4.0
6668,1647,2024-05-16T09:20:47,shipped,
6669,1647,2024-03-17T03:57:58,canceled,
6670,1647,2024-12-08T01:08:36,delivered,2.0
6671,1647,2024-11-20T09:05:06,delivered,5.0
6672,1647,2024-01-14T00:51:29,canceled,
6673,1647,2024-01-19T12:56:16,delivered,2.0
6674,1647,2024-06-05T23:02:46,delivered,2.0
6675,1648,2024-09-21T21:47:48,delivered,5.0
6676,1648,2023-10-20T11:30:36,delivered,5.0
6677,1648,2024-10-30T11:54:27,shipped,
6678,1649,2023-07-31T23:43:33,delivered,2.0
6679,1649,2024-12-01T07:11:06,delivered,2.0
6680,1649,2024-07-16T22:24:41,delivered,1.0
6681,1649,2024-01-14T11:40:06,delivered,11.0
6682,1650,2024-12-13T06:22:50,shipped,
6683,1650,2024-11-21T00:30:20,delivered,5.0
6684,1650,2024-12-18T08:56:47,canceled,
6685,1650,2024-12-13T13:25:13,delivered,4.0
6686,1651,2024-10-11T13:27:05,canceled,
6687,1651,2024-09-24T10:14:49,delivered,3.0
6688,1651,2024-12-09T02:14:28,delivered,6.0
6689,1652,2024-06-14T16:33:52,canceled,
6690,1652,2024-03-29T11:01:17,canceled,
6691,1652,2024-12-06T18:40:41,shipped,
6692,1653,2024-05-19T12:09:30,delivered,4.0
6693,1653,2024-05-04T12:28:58,canceled,
6694,1654,2024-04-10T19:24:14,canceled,
6695,1654,2024-02-07T18:04:38,canceled,
6696,1655,2023-07-22T09:01:53,shipped,
6697,1655,2023-07-10T08:54:54,canceled,
6698,1655,2023-06-10T16:51:52,canceled,
6699,1656,2024-02-10T18:18:47,canceled,
6700,1656,2024-07-05T19:30:12,delivered,2.0
6701,1656,2024-06-21T11:28:42,delivered,6.0
6702,1657,2024-11-14T22:27:28,delivered,3.0
6703,1658,2024-11-26T03:29:05,shipped,
6704,1658,2024-12-27T16:32:30,delivered,5.0
6705,1658,2024-11-27T11:29:25,shipped,
6706,1658,2024-12-28T09:06:42,delivered,5.0
6707,1659,2024-11-30T00:35:52,canceled,
6708,1659,2024-12-16T00:36:50,delivered,6.0
6709,1659,2024-12-26T07:40:17,delivered,3.0
6710,1659,2024-11-20T20:23:46,delivered,2.0
6711,1659,2024-11-03T06:52:45,shipped,
6712,1659,2024-12-27T09:53:14,canceled,
6713,1660,2024-12-24T05:47:28,delivered,5.0
6714,1660,2024-04-07T12:36:16,canceled,
6715,1660,2024-01-30T22:06:00,delivered,2.0
6716,1661,2024-03-13T21:38:15,delivered,1.0
6717,1661,2024-03-02T02:36:30,delivered,5.0
6718,1661,2024-08-19T18:22:16,shipped,
6719,1661,2024-06-29T19:19:27,delivered,1.0
6720,1661,2023-11-24T20:36:09,delivered,5.0
6721,1661,2024-08-03T08:49:12,shipped,
6722,1662,2023-10-08T20:25:12,shipped,
6723,1662,2024-07-21T23:25:36,shipped,
6724,1662,2024-01-29T14:43:00,canceled,
6725,1662,2024-01-29T12:25:57,delivered,8.0
6726,1662,2024-09-18T13:43:58,canceled,
6727,1662,2024-12-12T05:41:58,delivered,10.0
6728,1662,2024-05-25T16:27:24,delivered,7.0
6729,1663,2024-04-13T04:37:09,delivered,7.0
6730,1664,2024-11-12T01:42:39,delivered,1.0
6731,1664,2024-01-28T23:02:20,delivered,5.0
6732,1664,2024-05-25T17:28:35,delivered,3.0
6733,1664,2024-04-03T10:50:42,canceled,
6734,1665,2024-12-23T09:47:27,delivered,7.0
6735,1665,2024-10-08T02:56:18,shipped,
6736,1665,2024-06-07T04:23:52,delivered,2.0
6737,1665,2024-12-17T14:28:29,delivered,3.0
6738,1665,2024-11-20T02:37:19,canceled,
6739,1665,2024-12-30T22:56:41,delivered,5.0
6740,1666,2024-04-15T23:15:05,delivered,5.0
6741,1666,2024-03-18T17:47:36,canceled,
6742,1667,2024-05-10T06:39:39,delivered,8.0
6743,1667,2023-06-16T19:47:44,delivered,5.0
6744,1668,2024-05-05T00:24:58,canceled,
6745,1668,2024-08-12T02:54:52,canceled,
6746,1669,2024-02-21T06:29:52,delivered,2.0
6747,1669,2023-08-26T02:09:47,delivered,4.0
6748,1669,2024-08-05T13:44:46,canceled,
6749,1669,2024-02-10T01:22:19,shipped,
6750,1670,2024-11-11T03:30:38,delivered,6.0
6751,1670,2024-11-19T13:54:27,canceled,
6752,1671,2024-12-19T17:15:53,delivered,3.0
6753,1672,2024-02-24T17:53:34,delivered,7.0
6754,1672,2023-08-06T02:10:59,delivered,13.0
6755,1672,2024-11-23T09:21:53,delivered,4.0
6756,1672,2023-08-13T03:48:47,canceled,
6757,1673,2024-10-08T23:13:06,canceled,
6758,1673,2024-07-03T16:32:57,delivered,1.0
6759,1673,2024-02-05T08:11:20,delivered,3.0
6760,1673,2024-05-12T23:03:18,shipped,
6761,1673,2023-07-11T21:13:49,shipped,
6762,1673,2024-01-28T17:35:18,shipped,
6763,1673,2024-08-04T11:27:00,delivered,2.0
6764,1674,2023-10-25T10:31:21,delivered,7.0
6765,1674,2024-02-08T00:54:11,delivered,3.0
6766,1674,2023-11-08T00:04:41,delivered,1.0
6767,1675,2024-11-01T12:43:31,delivered,6.0
6768,1675,2024-09-27T10:34:51,canceled,
6769,1675,2024-09-17T07:40:32,shipped,
6770,1675,2024-02-03T01:55:07,delivered,8.0
6771,1675,2023-12-25T03:16:01,delivered,7.0
6772,1675,2024-08-11T08:11:47,canceled,
6773,1675,2023-09-03T09:24:07,shipped,
6774,1675,2023-07-24T19:29:18,canceled,
6775,1675,2024-09-22T02:52:44,delivered,4.0
6776,1675,2023-08-01T11:01:00,delivered,4.0
6777,1676,2024-09-16T16:54:33,delivered,2.0
6778,1676,2024-10-30T18:48:22,delivered,1.0
6779,1676,2024-11-24T15:07:49,delivered,2.0
6780,1677,2023-07-05T03:06:13,delivered,2.0
6781,1678,2023-08-04T23:47:29,delivered,6.0
6782,1679,2023-05-26T14:22:45,shipped,
6783,1679,2024-03-29T03:40:18,delivered,5.0
6784,1679,2024-07-30T19:59:52,shipped,
6785,1680,2024-06-26T06:45:44,delivered,2.0
6786,1680,2024-08-10T19:36:05,shipped,
6787,1680,2024-10-06T17:33:47,delivered,3.0
6788,1681,2024-11-08T14:02:40,delivered,4.0
6789,1681,2024-11-19T23:41:43,delivered,4.0
6790,1681,2024-06-08T03:38:07,delivered,6.0
6791,1681,2024-11-05T12:51:00,canceled,
6792,1681,2024-11-13T02:47:30,delivered,7.0
6793,1682,2024-10-26T22:12:23,delivered,11.0
6794,1682,2024-07-16T05:07:39,delivered,1.0
6795,1683,2024-12-24T21:31:04,delivered,1.0
6796,1683,2024-12-22T23:23:26,shipped,
6797,1683,2024-12-23T22:53:56,delivered,6.0
6798,1683,2024-12-26T10:36:09,delivered,4.0
6799,1683,2024-12-23T21:06:17,canceled,
6800,1683,2024-12-02T15:48:58,delivered,1.0
6801,1683,2024-12-04T11:41:02,canceled,
6802,1683,2024-12-15T14:28:34,delivered,10.0
6803,1684,2024-06-07T00:58:21,shipped,
6804,1684,2024-07-13T07:16:58,delivered,8.0
6805,1684,2024-10-09T19:12:13,delivered,5.0
6806,1685,2024-11-24T09:03:34,delivered,6.0
6807,1685,2024-06-08T15:27:07,delivered,7.0
6808,1685,2024-11-21T10:34:01,delivered,10.0
6809,1685,2024-06-17T21:56:37,canceled,
6810,1686,2024-04-29T19:14:01,delivered,13.0
6811,1686,2023-04-19T21:59:32,canceled,
6812,1686,2023-09-18T21:15:06,delivered,1.0
6813,1686,2024-10-19T21:27:11,delivered,5.0
6814,1686,2023-08-31T13:44:56,delivered,12.0
6815,1686,2023-11-09T03:42:59,delivered,18.0
6816,1686,2024-10-19T16:55:43,delivered,3.0
6817,1686,2023-07-10T22:40:41,delivered,3.0
6818,1687,2024-04-11T12:25:05,canceled,
6819,1688,2024-03-30T14:35:51,shipped,
6820,1688,2023-11-30T17:21:17,delivered,4.0
6821,1688,2024-05-04T23:55:20,delivered,2.0
6822,1689,2024-02-19T23:23:20,delivered,2.0
6823,1690,2024-12-11T00:50:15,delivered,2.0
6824,1691,2024-05-27T19:10:15,delivered,4.0
6825,1692,2024-12-12T10:51:14,delivered,2.0
6826,1692,2024-08-13T18:02:13,shipped,
6827,1692,2024-09-03T09:19:30,delivered,12.0
6828,1692,2024-09-01T14:05:11,delivered,1.0
6829,1692,2024-10-04T11:15:29,delivered,7.0
6830,1692,2024-10-31T11:20:16,delivered,6.0
6831,1692,2024-08-28T23:28:26,shipped,
6832,1692,2024-08-27T10:39:51,canceled,
6833,1693,2024-12-08T23:20:01,canceled,
6834,1693,2024-08-05T22:54:50,delivered,3.0
6835,1693,2024-12-29T08:34:00,delivered,7.0
6836,1693,2024-08-19T16:42:00,delivered,5.0
6837,1693,2024-11-18T03:49:37,delivered,4.0
6838,1693,2024-12-17T00:09:49,shipped,
6839,1693,2024-09-23T17:44:51,shipped,
6840,1693,2024-07-16T23:55:16,delivered,2.0
6841,1693,2024-11-30T21:40:01,canceled,
6842,1694,2024-11-25T23:07:38,delivered,2.0
6843,1694,2024-05-28T11:51:42,shipped,
6844,1694,2024-11-24T08:55:26,delivered,4.0
6845,1694,2024-06-24T23:18:00,delivered,5.0
6846,1695,2024-10-15T00:31:08,delivered,4.0
6847,1695,2023-10-26T15:04:30,delivered,9.0
6848,1696,2024-11-26T00:56:11,canceled,
6849,1696,2024-11-21T20:05:13,shipped,
6850,1696,2024-07-10T00:01:00,delivered,3.0
6851,1696,2024-11-21T17:26:31,canceled,
6852,1697,2024-12-23T22:49:56,delivered,1.0
6853,1697,2024-07-24T19:44:52,delivered,13.0
6854,1698,2024-06-22T06:03:17,delivered,3.0
6855,1699,2024-02-21T23:34:34,delivered,10.0
6856,1699,2023-09-16T12:41:05,canceled,
6857,1699,2024-03-27T00:05:41,canceled,
6858,1699,2023-10-19T22:33:38,canceled,
6859,1700,2024-12-13T11:13:23,delivered,3.0
6860,1700,2024-12-02T06:05:53,canceled,
6861,1700,2023-11-06T20:22:07,shipped,
6862,1701,2024-06-13T17:44:35,canceled,
6863,1701,2024-07-22T11:47:21,delivered,1.0
6864,1701,2024-10-11T08:21:47,delivered,7.0
6865,1701,2023-11-26T18:46:02,canceled,
6866,1702,2024-03-18T23:50:25,delivered,2.0
6867,1702,2023-05-13T15:49:33,delivered,5.0
6868,1703,2024-06-02T13:18:50,delivered,3.0
6869,1703,2024-07-23T14:54:18,delivered,9.0
6870,1704,2023-05-28T22:11:57,delivered,5.0
6871,1704,2024-02-29T22:50:10,canceled,
6872,1704,2024-07-18T21:41:32,shipped,
6873,1704,2023-07-07T10:00:23,delivered,1.0
6874,1704,2023-06-21T02:35:10,shipped,
6875,1704,2023-09-12T18:41:22,delivered,8.0
6876,1704,2024-09-29T17:36:32,delivered,4.0
6877,1704,2023-05-15T20:58:59,delivered,8.0
6878,1705,2024-10-11T14:29:04,delivered,4.0
6879,1705,2024-09-17T23:54:46,delivered,1.0
6880,1706,2023-08-26T12:56:35,delivered,7.0
6881,1706,2024-03-05T23:56:32,canceled,
6882,1706,2024-11-02T11:42:20,canceled,
6883,1706,2023-12-12T12:01:16,delivered,8.0
6884,1707,2024-12-26T15:21:08,shipped,
6885,1707,2024-12-14T15:27:00,shipped,
6886,1708,2024-12-29T13:50:30,delivered,20.0
6887,1708,2024-12-30T17:36:12,canceled,
6888,1708,2024-12-30T04:13:36,shipped,
6889,1708,2024-12-30T09:48:19,delivered,2.0
6890,1708,2024-12-31T17:38:36,delivered,15.0
6891,1708,2024-12-31T14:03:58,delivered,4.0
6892,1708,2024-12-29T12:08:06,delivered,5.0
6893,1708,2024-12-28T22:29:58,delivered,2.0
6894,1708,2024-12-31T09:05:47,delivered,4.0
6895,1709,2024-10-19T18:22:56,delivered,4.0
6896,1710,2023-11-03T01:39:31,canceled,
6897,1710,2024-01-04T00:33:39,delivered,16.0
6898,1710,2024-09-04T20:12:59,canceled,
6899,1710,2024-07-10T12:31:57,delivered,6.0
6900,1710,2023-11-08T12:04:57,shipped,
6901,1710,2024-07-16T19:40:58,delivered,12.0
6902,1711,2024-10-16T17:21:55,shipped,
6903,1711,2024-10-26T17:13:13,delivered,2.0
6904,1712,2024-01-26T12:30:10,delivered,1.0
6905,1712,2024-07-13T09:04:39,delivered,10.0
6906,1713,2024-10-12T23:08:07,canceled,
6907,1713,2024-10-18T10:28:46,delivered,1.0
6908,1713,2024-10-24T13:32:22,delivered,3.0
6909,1713,2024-09-29T07:07:47,delivered,1.0
6910,1714,2024-07-26T02:23:27,shipped,
6911,1714,2024-07-29T07:12:09,shipped,
6912,1714,2024-09-30T23:50:46,shipped,
6913,1714,2024-08-09T06:29:12,shipped,
6914,1714,2024-12-11T05:31:31,delivered,1.0
6915,1714,2024-07-21T02:56:54,shipped,
6916,1714,2024-12-23T13:44:30,delivered,5.0
6917,1714,2024-08-17T13:47:58,delivered,2.0
6918,1714,2024-11-27T18:55:26,delivered,6.0
6919,1715,2024-10-06T08:07:55,canceled,
6920,1715,2024-12-10T09:52:40,delivered,4.0
6921,1715,2024-10-12T17:28:29,delivered,5.0
6922,1715,2024-11-16T07:43:38,canceled,
6923,1715,2024-09-14T19:10:02,canceled,
6924,1715,2024-12-05T11:31:09,shipped,
6925,1716,2024-01-01T02:57:35,shipped,
6926,1716,2023-08-29T16:16:32,shipped,
6927,1717,2024-12-26T07:03:10,canceled,
6928,1717,2024-12-21T13:29:23,delivered,5.0
6929,1717,2024-12-21T05:05:42,canceled,
6930,1717,2024-12-29T10:59:42,delivered,1.0
6931,1718,2024-05-02T20:34:52,delivered,5.0
6932,1719,2023-11-16T08:16:12,delivered,9.0
6933,1719,2023-11-25T18:56:25,canceled,
6934,1719,2024-03-27T21:10:21,delivered,5.0
6935,1719,2024-10-26T09:31:36,delivered,15.0
6936,1719,2023-12-30T13:27:47,canceled,
6937,1719,2024-10-18T06:35:40,delivered,4.0
6938,1719,2024-04-14T06:31:20,canceled,
6939,1719,2024-10-29T07:33:38,delivered,7.0
6940,1720,2024-12-04T18:43:33,delivered,4.0
6941,1720,2024-12-25T09:20:11,canceled,
6942,1720,2024-12-29T02:42:14,delivered,2.0
6943,1720,2024-12-27T14:07:18,delivered,3.0
6944,1721,2023-12-17T10:11:18,canceled,
6945,1721,2023-11-20T23:38:58,canceled,
6946,1721,2023-12-18T08:56:36,canceled,
6947,1721,2023-11-18T21:34:09,shipped,
6948,1721,2024-04-21T05:29:18,delivered,17.0
6949,1721,2023-08-17T09:47:36,canceled,
6950,1721,2024-01-07T12:46:46,delivered,4.0
6951,1721,2024-06-12T18:28:17,delivered,2.0
6952,1721,2024-04-02T19:30:52,delivered,11.0
6953,1722,2023-07-25T08:56:59,delivered,5.0
6954,1722,2024-01-23T13:06:51,delivered,5.0
6955,1722,2023-05-19T04:13:14,delivered,10.0
6956,1722,2024-03-10T23:53:06,shipped,
6957,1722,2024-03-08T23:06:12,delivered,5.0
6958,1722,2024-07-17T01:18:07,delivered,2.0
6959,1723,2024-12-14T08:12:32,delivered,3.0
6960,1723,2024-11-27T08:43:59,shipped,
6961,1723,2024-11-15T22:18:04,shipped,
6962,1723,2024-12-22T14:10:58,shipped,
6963,1724,2024-12-24T17:46:46,canceled,
6964,1725,2024-11-08T07:22:14,shipped,
6965,1725,2024-07-31T14:08:17,delivered,5.0
6966,1725,2023-09-26T03:44:06,delivered,4.0
6967,1725,2024-04-11T14:15:38,delivered,2.0
6968,1725,2024-08-02T01:25:00,canceled,
6969,1725,2024-04-03T21:30:30,delivered,6.0
6970,1725,2024-09-11T04:50:41,delivered,3.0
6971,1726,2024-12-29T09:10:37,delivered,2.0
6972,1726,2024-12-31T02:19:58,shipped,
6973,1727,2024-11-13T03:40:02,canceled,
6974,1727,2024-03-24T08:49:02,delivered,1.0
6975,1727,2024-09-12T05:21:05,delivered,10.0
6976,1727,2023-11-18T05:15:28,delivered,2.0
6977,1727,2023-11-11T09:48:52,delivered,7.0
6978,1727,2023-11-19T05:18:09,delivered,2.0
6979,1728,2024-05-21T05:24:45,delivered,4.0
6980,1728,2024-05-30T00:32:56,delivered,3.0
6981,1728,2024-10-02T05:51:57,delivered,1.0
6982,1728,2024-12-16T17:46:43,shipped,
6983,1728,2024-08-09T08:22:59,delivered,16.0
6984,1728,2024-06-14T23:09:50,delivered,1.0
6985,1728,2024-11-20T18:54:44,delivered,4.0
6986,1728,2024-08-20T10:24:30,delivered,2.0
6987,1728,2024-12-31T21:42:09,delivered,3.0
6988,1729,2024-08-31T10:00:54,delivered,5.0
6989,1729,2024-10-13T13:42:57,delivered,7.0
6990,1729,2024-11-07T15:24:12,delivered,2.0
6991,1730,2023-11-07T17:50:09,canceled,
6992,1730,2024-11-05T07:12:06,delivered,3.0
6993,1731,2024-08-11T21:46:49,canceled,
6994,1731,2024-10-26T16:24:04,delivered,3.0
6995,1731,2024-06-01T10:56:56,delivered,12.0
6996,1731,2024-07-21T15:44:06,delivered,9.0
6997,1732,2024-07-30T07:09:54,shipped,
6998,1732,2024-12-19T11:50:54,delivered,5.0
6999,1732,2024-04-21T14:00:34,delivered,10.0
7000,1732,2024-09-03T01:32:33,canceled,
7001,1732,2024-08-27T10:53:49,delivered,1.0
7002,1732,2024-06-25T09:09:42,delivered,5.0
7003,1733,2024-12-31T20:39:17,delivered,2.0
7004,1733,2024-12-31T12:41:12,delivered,7.0
7005,1733,2024-12-27T06:53:15,delivered,1.0
7006,1733,2024-11-04T12:27:07,shipped,
7007,1733,2024-12-15T16:16:00,shipped,
7008,1734,2024-03-28T22:11:16,delivered,5.0
7009,1734,2024-07-03T12:23:20,shipped,
7010,1734,2024-03-18T18:31:25,canceled,
7011,1734,2024-08-11T17:22:01,delivered,5.0
7012,1734,2024-10-20T00:09:47,shipped,
7013,1734,2024-11-28T15:51:52,shipped,
7014,1734,2024-07-18T14:20:18,canceled,
7015,1734,2024-10-12T22:56:29,delivered,6.0
7016,1735,2024-02-26T19:56:29,delivered,4.0
7017,1736,2024-10-21T13:13:06,delivered,4.0
7018,1736,2024-06-18T05:04:31,delivered,6.0
7019,1736,2024-06-15T13:26:03,canceled,
7020,1736,2024-08-23T22:47:18,delivered,7.0
7021,1736,2024-10-15T12:55:41,canceled,
7022,1737,2024-01-07T05:12:01,delivered,4.0
7023,1737,2024-08-17T00:57:10,canceled,
7024,1737,2024-12-14T11:23:55,shipped,
7025,1737,2024-07-06T09:42:28,delivered,5.0
7026,1737,2024-05-16T07:13:51,canceled,
7027,1737,2024-07-09T11:39:25,delivered,4.0
7028,1738,2023-05-26T14:51:14,canceled,
7029,1738,2023-03-04T07:33:50,delivered,10.0
7030,1738,2024-12-31T09:42:09,delivered,6.0
7031,1738,2023-03-10T12:12:08,canceled,
7032,1738,2024-02-28T19:25:26,delivered,10.0
7033,1738,2023-03-23T06:47:03,delivered,2.0
7034,1739,2024-11-05T10:02:08,shipped,
7035,1740,2024-12-08T15:57:31,canceled,
7036,1740,2024-12-05T10:34:32,delivered,5.0
7037,1740,2024-11-25T01:20:51,delivered,2.0
7038,1740,2024-12-10T19:05:08,delivered,8.0
7039,1740,2024-11-17T04:55:21,delivered,5.0
7040,1740,2024-12-14T00:20:14,delivered,1.0
7041,1741,2023-07-15T03:48:54,delivered,12.0
7042,1741,2023-03-26T00:55:44,delivered,3.0
7043,1741,2023-05-08T15:59:42,delivered,1.0
7044,1741,2023-12-31T20:45:13,delivered,2.0
7045,1742,2024-02-20T15:04:56,delivered,4.0
7046,1742,2024-04-18T02:40:18,delivered,1.0
7047,1743,2024-08-02T07:32:04,delivered,7.0
7048,1743,2024-07-04T03:12:35,delivered,1.0
7049,1743,2024-12-21T11:31:23,delivered,1.0
7050,1743,2024-10-21T16:11:50,delivered,9.0
7051,1743,2024-07-28T19:01:10,delivered,1.0
7052,1743,2024-10-07T00:45:55,shipped,
7053,1743,2024-05-21T16:40:08,delivered,6.0
7054,1743,2024-05-07T12:11:43,delivered,3.0
7055,1744,2024-12-28T17:08:39,delivered,9.0
7056,1744,2024-06-16T23:33:44,delivered,5.0
7057,1745,2024-04-05T18:09:52,delivered,7.0
7058,1745,2024-11-18T01:18:42,delivered,12.0
7059,1746,2024-03-16T05:18:07,delivered,8.0
7060,1746,2023-12-28T19:52:11,canceled,
7061,1746,2024-12-16T06:26:13,delivered,3.0
7062,1746,2024-07-22T01:15:19,canceled,
7063,1746,2024-02-15T11:33:48,delivered,9.0
7064,1747,2024-08-17T21:12:05,canceled,
7065,1747,2024-10-13T02:42:28,shipped,
7066,1747,2024-10-21T02:08:42,delivered,5.0
7067,1747,2024-12-21T04:09:36,delivered,4.0
7068,1747,2024-12-07T04:01:36,shipped,
7069,1747,2024-09-30T18:47:58,shipped,
7070,1747,2024-09-02T12:12:45,canceled,
7071,1747,2024-10-18T22:40:08,delivered,6.0
7072,1747,2024-08-25T05:24:43,delivered,4.0
7073,1747,2024-12-14T08:50:30,shipped,
7074,1747,2024-11-22T15:55:23,delivered,2.0
7075,1748,2024-08-11T12:10:14,delivered,3.0
7076,1748,2024-09-05T17:03:04,delivered,2.0
7077,1748,2024-12-06T17:08:21,delivered,2.0
7078,1749,2024-08-08T18:28:51,delivered,5.0
7079,1749,2024-12-05T04:54:22,delivered,4.0
7080,1749,2024-04-10T23:02:55,delivered,6.0
7081,1749,2024-04-08T06:57:14,canceled,
7082,1750,2024-05-27T20:59:01,delivered,1.0
7083,1750,2024-05-04T14:01:47,delivered,6.0
7084,1750,2023-07-21T21:28:04,delivered,4.0
7085,1750,2024-04-02T02:06:35,canceled,
7086,1751,2024-12-17T15:24:38,delivered,3.0
7087,1751,2024-12-28T08:42:54,shipped,
7088,1751,2024-12-26T23:51:18,canceled,
7089,1752,2024-05-19T14:14:19,delivered,3.0
7090,1752,2024-03-19T08:19:13,delivered,1.0
7091,1752,2024-01-06T01:36:12,delivered,5.0
7092,1752,2024-06-05T15:35:26,delivered,1.0
7093,1752,2023-02-06T19:09:20,canceled,
7094,1753,2023-07-30T22:09:06,delivered,6.0
7095,1753,2023-12-19T13:07:58,delivered,14.0
7096,1753,2024-11-09T01:17:52,delivered,2.0
7097,1753,2024-04-25T02:50:01,shipped,
7098,1753,2023-10-18T09:30:42,delivered,3.0
7099,1754,2024-10-19T00:28:04,canceled,
7100,1755,2024-04-04T16:01:40,delivered,6.0
7101,1755,2024-11-27T03:59:20,canceled,
7102,1755,2024-12-13T07:39:49,delivered,1.0
7103,1755,2024-03-21T08:37:45,delivered,4.0
7104,1756,2024-12-20T10:09:39,shipped,
7105,1756,2024-12-09T17:24:43,delivered,4.0
7106,1756,2024-12-27T01:28:47,delivered,3.0
7107,1756,2024-12-26T07:14:53,canceled,
7108,1756,2024-12-16T16:13:48,delivered,8.0
7109,1757,2024-11-12T06:27:27,shipped,
7110,1757,2024-11-27T20:21:02,delivered,6.0
7111,1757,2024-12-20T16:05:47,delivered,1.0
7112,1758,2024-06-22T07:24:17,delivered,1.0
7113,1758,2024-02-21T09:25:09,canceled,
7114,1758,2024-10-29T10:21:24,delivered,2.0
7115,1759,2023-04-07T18:51:51,delivered,9.0
7116,1759,2023-05-02T07:33:15,delivered,8.0
7117,1759,2023-08-02T00:06:40,delivered,5.0
7118,1759,2023-07-14T14:44:46,delivered,4.0
7119,1760,2024-06-30T17:48:22,canceled,
7120,1760,2024-07-04T04:08:32,delivered,3.0
7121,1760,2024-07-25T09:29:34,delivered,4.0
7122,1760,2024-11-02T10:31:10,canceled,
7123,1760,2024-07-27T02:43:36,delivered,7.0
7124,1760,2024-08-19T04:48:52,delivered,5.0
7125,1761,2023-05-03T06:10:00,canceled,
7126,1761,2023-09-26T19:02:59,canceled,
7127,1762,2024-12-31T15:00:36,delivered,5.0
7128,1762,2024-11-16T19:18:40,shipped,
7129,1762,2024-12-06T09:06:30,shipped,
7130,1763,2024-03-26T12:49:33,delivered,3.0
7131,1763,2023-12-16T08:29:36,shipped,
7132,1763,2024-04-25T11:03:21,delivered,2.0
7133,1764,2024-06-03T16:03:44,delivered,4.0
7134,1764,2024-03-12T18:38:40,delivered,2.0
7135,1765,2024-11-20T17:02:01,shipped,
7136,1765,2024-02-27T03:48:41,shipped,
7137,1765,2024-08-28T00:35:02,delivered,3.0
7138,1765,2024-02-01T23:23:05,delivered,3.0
7139,1765,2024-02-20T10:45:19,delivered,4.0
7140,1765,2024-12-17T05:48:45,delivered,1.0
7141,1766,2024-10-07T00:09:53,shipped,
7142,1766,2024-04-29T00:43:06,delivered,1.0
7143,1766,2024-08-24T18:24:39,shipped,
7144,1767,2024-02-15T04:42:45,canceled,
7145,1768,2024-07-20T04:45:43,shipped,
7146,1768,2023-09-15T23:15:04,delivered,4.0
7147,1768,2023-12-12T00:38:48,canceled,
7148,1768,2024-08-12T20:02:39,delivered,4.0
7149,1768,2023-07-24T09:14:20,delivered,8.0
7150,1769,2024-05-08T19:02:53,delivered,11.0
7151,1770,2023-06-29T05:00:15,shipped,
7152,1770,2023-11-19T20:14:22,canceled,
7153,1770,2023-06-07T17:27:12,delivered,3.0
7154,1770,2023-08-30T22:29:58,delivered,8.0
7155,1771,2024-05-10T15:28:03,delivered,2.0
7156,1771,2024-07-11T08:13:28,delivered,6.0
7157,1771,2024-01-30T02:33:52,delivered,3.0
7158,1772,2024-12-13T12:38:10,delivered,2.0
7159,1772,2024-12-09T18:03:54,shipped,
7160,1772,2024-12-28T11:11:53,delivered,2.0
7161,1772,2024-12-05T01:40:06,delivered,5.0
7162,1772,2024-11-30T16:08:22,shipped,
7163,1772,2024-12-18T12:09:44,delivered,11.0
7164,1772,2024-12-17T17:37:40,canceled,
7165,1772,2024-12-21T02:10:18,canceled,
7166,1773,2024-04-17T07:36:31,delivered,5.0
7167,1774,2024-12-18T09:13:07,delivered,8.0
7168,1775,2023-08-07T15:49:17,canceled,
7169,1775,2024-07-24T15:08:12,canceled,
7170,1776,2024-12-19T18:30:24,canceled,
7171,1776,2024-12-28T12:27:09,delivered,3.0
7172,1776,2024-12-25T13:10:06,canceled,
7173,1776,2024-12-17T02:11:27,delivered,6.0
7174,1776,2024-12-23T01:04:24,delivered,1.0
7175,1777,2024-05-26T21:40:48,delivered,5.0
7176,1777,2024-05-19T02:14:08,canceled,
7177,1777,2024-10-24T18:35:45,delivered,9.0
7178,1777,2024-12-27T21:51:50,canceled,
7179,1777,2024-12-02T04:36:08,delivered,2.0
7180,1778,2024-04-24T13:55:25,delivered,6.0
7181,1778,2024-01-22T17:09:07,delivered,6.0
7182,1778,2024-11-14T00:14:13,delivered,6.0
7183,1778,2024-03-24T12:57:51,canceled,
7184,1778,2024-12-28T12:26:44,delivered,3.0
7185,1778,2024-02-28T09:10:06,delivered,1.0
7186,1778,2024-01-26T21:16:05,canceled,
7187,1778,2024-12-31T20:50:27,delivered,1.0
7188,1778,2024-02-22T11:59:13,delivered,3.0
7189,1778,2024-12-15T06:10:18,delivered,12.0
7190,1778,2024-01-01T09:27:54,delivered,4.0
7191,1779,2024-12-16T00:24:24,delivered,2.0
7192,1779,2024-07-24T14:01:14,canceled,
7193,1780,2024-07-15T02:16:23,delivered,5.0
7194,1780,2024-03-20T05:20:34,shipped,
7195,1780,2024-01-13T08:10:53,delivered,4.0
7196,1780,2024-08-05T08:44:25,shipped,
7197,1780,2024-01-28T02:12:34,delivered,9.0
7198,1781,2024-05-23T19:30:04,delivered,7.0
7199,1782,2024-11-08T14:01:33,canceled,
7200,1782,2024-12-12T23:09:57,shipped,
7201,1783,2024-06-30T07:15:30,delivered,2.0
7202,1783,2024-08-08T16:56:34,delivered,5.0
7203,1784,2024-12-23T07:02:46,delivered,3.0
7204,1784,2024-12-20T04:27:48,delivered,4.0
7205,1784,2024-12-07T13:45:56,delivered,3.0
7206,1784,2024-12-25T07:11:25,delivered,9.0
7207,1784,2024-11-28T20:43:21,canceled,
7208,1785,2024-04-22T15:28:46,delivered,2.0
7209,1785,2024-05-19T06:10:31,delivered,1.0
7210,1785,2024-10-23T23:24:45,canceled,
7211,1785,2024-04-17T06:16:22,canceled,
7212,1785,2024-01-25T16:54:35,shipped,
7213,1786,2024-12-03T14:44:20,canceled,
7214,1786,2024-12-18T15:25:23,delivered,3.0
7215,1786,2024-11-20T03:20:58,canceled,
7216,1786,2024-12-23T13:04:55,delivered,9.0
7217,1787,2024-12-13T06:16:54,delivered,5.0
7218,1787,2024-12-01T18:18:17,delivered,4.0
7219,1787,2024-12-04T06:53:06,delivered,4.0
7220,1787,2024-10-18T12:25:11,delivered,5.0
7221,1787,2024-12-31T03:29:27,delivered,3.0
7222,1787,2024-10-09T06:34:48,delivered,10.0
7223,1787,2024-10-28T03:04:02,delivered,3.0
7224,1787,2024-11-15T23:46:50,delivered,8.0
7225,1788,2023-10-15T07:37:43,delivered,2.0
7226,1788,2024-04-17T11:23:08,delivered,2.0
7227,1788,2024-04-16T05:52:28,delivered,10.0
7228,1788,2024-02-01T13:08:03,delivered,14.0
7229,1788,2023-12-14T03:13:25,delivered,4.0
7230,1789,2024-05-27T14:41:27,delivered,5.0
7231,1789,2024-10-17T21:26:10,canceled,
7232,1790,2024-12-17T16:20:51,delivered,6.0
7233,1790,2024-12-05T00:04:04,delivered,4.0
7234,1790,2024-12-14T07:08:33,delivered,6.0
7235,1790,2024-11-01T12:00:21,delivered,4.0
7236,1791,2024-11-13T18:46:22,canceled,
7237,1792,2024-12-17T08:33:57,delivered,4.0
7238,1792,2024-12-25T11:21:21,canceled,
7239,1792,2024-12-04T14:42:07,delivered,7.0
7240,1792,2024-12-31T16:19:41,delivered,2.0
7241,1793,2024-02-20T00:50:17,delivered,4.0
7242,1793,2024-10-26T05:06:08,delivered,6.0
7243,1793,2024-09-03T22:57:46,delivered,4.0
7244,1793,2024-04-14T19:42:54,delivered,8.0
7245,1794,2023-08-12T03:26:13,delivered,2.0
7246,1794,2023-09-14T21:33:20,shipped,
7247,1794,2023-05-24T03:49:03,delivered,8.0
7248,1794,2024-04-04T10:51:08,delivered,7.0
7249,1794,2024-11-05T02:13:03,canceled,
7250,1794,2023-05-18T08:38:47,delivered,1.0
7251,1794,2023-05-14T00:13:23,delivered,1.0
7252,1794,2024-09-27T00:37:01,delivered,17.0
7253,1794,2023-12-15T15:09:23,delivered,4.0
7254,1794,2023-10-30T06:45:48,delivered,9.0
7255,1795,2024-04-23T09:41:13,shipped,
7256,1795,2023-09-17T21:02:29,delivered,1.0
7257,1795,2023-08-25T21:42:40,delivered,2.0
7258,1795,2023-06-24T21:55:40,delivered,2.0
7259,1795,2024-09-19T23:25:37,delivered,1.0
7260,1795,2024-05-18T20:53:48,delivered,11.0
7261,1795,2024-12-10T00:59:37,delivered,7.0
7262,1796,2024-03-11T12:23:27,canceled,
7263,1797,2024-03-24T22:43:17,delivered,4.0
7264,1797,2024-09-17T22:59:53,delivered,4.0
7265,1797,2024-11-22T07:33:27,delivered,6.0
7266,1797,2024-05-13T13:31:48,delivered,6.0
7267,1797,2024-03-29T13:03:50,delivered,2.0
7268,1798,2024-08-08T06:17:27,delivered,10.0
7269,1798,2024-12-19T23:33:05,canceled,
7270,1798,2024-03-26T21:41:50,delivered,2.0
7271,1798,2024-12-08T12:01:54,delivered,4.0
7272,1798,2024-07-11T20:45:33,canceled,
7273,1799,2023-10-27T12:07:27,canceled,
7274,1799,2024-11-01T10:31:46,delivered,5.0
7275,1799,2023-11-30T22:49:11,delivered,8.0
7276,1799,2024-08-02T02:40:46,canceled,
7277,1799,2024-11-07T14:34:38,delivered,3.0
7278,1799,2024-12-28T13:07:01,delivered,5.0
7279,1799,2024-12-10T12:05:51,canceled,
7280,1800,2024-04-18T19:19:12,canceled,
7281,1800,2023-10-07T22:04:03,delivered,4.0
7282,1801,2024-11-28T19:20:10,shipped,
7283,1801,2024-12-05T23:05:55,delivered,2.0
7284,1802,2024-11-14T01:38:29,delivered,11.0
7285,1802,2024-11-05T07:30:20,delivered,4.0
7286,1803,2024-07-27T20:12:20,delivered,2.0
7287,1804,2024-12-08T12:55:01,delivered,3.0
7288,1804,2024-11-09T06:52:35,delivered,10.0
7289,1804,2024-11-27T23:48:18,delivered,7.0
7290,1804,2024-11-08T02:37:03,shipped,
7291,1805,2024-08-28T02:43:45,delivered,4.0
7292,1805,2024-05-07T18:44:23,delivered,8.0
7293,1805,2023-12-15T07:00:05,canceled,
7294,1805,2023-11-13T00:18:20,canceled,
7295,1805,2024-06-27T06:01:21,delivered,5.0
7296,1805,2024-08-27T05:19:10,delivered,1.0
7297,1805,2024-05-03T09:47:29,delivered,9.0
7298,1805,2024-10-28T02:13:47,delivered,2.0
7299,1805,2024-02-10T04:42:14,delivered,5.0
7300,1806,2024-12-25T15:42:13,delivered,1.0
7301,1806,2024-10-22T18:45:16,delivered,4.0
7302,1806,2024-11-03T12:28:49,delivered,9.0
7303,1806,2024-09-22T04:47:44,delivered,8.0
7304,1807,2024-05-13T18:47:47,delivered,2.0
7305,1807,2023-09-12T00:04:01,delivered,9.0
7306,1808,2024-02-19T00:50:05,delivered,3.0
7307,1808,2024-05-05T22:46:44,delivered,9.0
7308,1808,2024-08-05T23:33:41,delivered,4.0
7309,1808,2024-03-28T08:46:08,delivered,1.0
7310,1809,2024-07-07T09:36:21,canceled,
7311,1809,2023-09-17T18:39:26,canceled,
7312,1810,2024-11-23T20:48:14,canceled,
7313,1810,2024-11-23T09:50:32,delivered,6.0
7314,1810,2024-10-07T08:25:34,delivered,5.0
7315,1810,2024-09-23T06:31:18,delivered,6.0
7316,1810,2024-06-21T01:50:07,delivered,3.0
7317,1810,2024-08-18T16:46:07,shipped,
7318,1810,2024-12-31T03:03:40,delivered,2.0
7319,1810,2024-08-08T21:35:19,delivered,5.0
7320,1810,2024-09-06T09:19:12,delivered,11.0
7321,1810,2024-06-14T17:37:07,delivered,1.0
7322,1811,2023-10-18T20:37:35,shipped,
7323,1811,2023-07-12T23:25:51,delivered,3.0
7324,1811,2023-08-12T23:48:11,canceled,
7325,1811,2024-01-20T05:18:05,delivered,8.0
7326,1811,2024-01-01T03:53:04,delivered,4.0
7327,1812,2024-08-31T04:59:41,canceled,
7328,1812,2024-12-29T02:22:44,delivered,2.0
7329,1812,2024-07-18T02:23:59,delivered,3.0
7330,1813,2024-09-23T03:02:44,delivered,7.0
7331,1814,2024-12-14T01:00:42,delivered,2.0
7332,1815,2024-03-15T04:50:50,delivered,1.0
7333,1815,2024-06-09T20:30:41,delivered,2.0
7334,1816,2024-10-27T16:22:46,canceled,
7335,1817,2024-10-22T02:50:04,delivered,13.0
7336,1817,2024-10-18T22:30:19,shipped,
7337,1818,2024-08-03T06:55:03,delivered,13.0
7338,1818,2024-08-23T04:07:15,delivered,5.0
7339,1818,2024-12-11T12:58:05,canceled,
7340,1818,2024-02-02T03:27:51,delivered,4.0
7341,1818,2024-09-13T00:17:56,canceled,
7342,1818,2024-10-27T08:08:01,delivered,3.0
7343,1818,2024-04-26T20:05:39,delivered,2.0
7344,1818,2024-03-07T14:47:32,delivered,3.0
7345,1819,2024-12-30T11:11:31,canceled,
7346,1819,2024-12-26T21:11:52,delivered,3.0
7347,1819,2024-12-21T02:28:25,delivered,2.0
7348,1819,2024-12-03T07:10:54,delivered,7.0
7349,1820,2024-09-06T14:35:14,delivered,4.0
7350,1820,2024-07-13T12:20:22,shipped,
7351,1820,2024-11-30T07:31:05,delivered,3.0
7352,1820,2024-09-01T12:36:42,delivered,4.0
7353,1820,2024-08-22T22:49:51,delivered,5.0
7354,1821,2024-06-10T19:14:46,delivered,3.0
7355,1821,2024-06-22T21:55:55,delivered,3.0
7356,1821,2023-09-11T16:04:36,shipped,
7357,1821,2024-03-31T01:53:56,delivered,2.0
7358,1821,2024-05-01T04:14:59,delivered,2.0
7359,1821,2023-03-28T19:09:14,delivered,1.0
7360,1821,2023-11-09T21:24:46,delivered,9.0
7361,1821,2023-11-12T13:38:58,canceled,
7362,1822,2023-11-06T08:49:25,canceled,
7363,1823,2024-06-16T18:55:53,delivered,3.0
7364,1823,2024-12-06T10:22:22,delivered,2.0
7365,1823,2024-10-22T23:02:39,delivered,4.0
7366,1824,2024-05-22T23:11:03,delivered,7.0
7367,1824,2024-05-07T23:22:19,delivered,17.0
7368,1824,2024-02-27T12:17:02,delivered,5.0
7369,1824,2024-06-20T07:07:49,delivered,2.0
7370,1824,2023-07-14T17:08:22,delivered,4.0
7371,1824,2023-06-01T23:14:25,delivered,7.0
7372,1824,2024-03-07T16:18:13,canceled,
7373,1824,2023-04-04T13:21:07,delivered,2.0
7374,1824,2024-11-12T05:55:10,delivered,2.0
7375,1825,2024-10-09T10:30:42,canceled,
7376,1825,2024-09-19T11:40:37,delivered,1.0
7377,1825,2024-05-01T09:49:05,delivered,1.0
7378,1825,2024-04-21T05:36:15,delivered,9.0
7379,1826,2023-11-27T00:07:42,delivered,4.0
7380,1826,2024-10-20T02:14:47,canceled,
7381,1826,2024-06-13T15:16:08,delivered,2.0
7382,1826,2024-02-16T15:59:16,delivered,9.0
7383,1827,2024-12-30T20:51:37,delivered,5.0
7384,1827,2024-12-30T06:31:50,delivered,11.0
7385,1827,2024-12-30T14:27:10,shipped,
7386,1827,2024-12-31T19:41:51,shipped,
7387,1827,2024-12-30T07:54:57,delivered,2.0
7388,1828,2024-03-14T01:12:37,canceled,
7389,1828,2024-12-01T20:44:35,delivered,2.0
7390,1828,2024-07-31T02:07:44,delivered,2.0
7391,1828,2024-04-19T13:12:03,delivered,2.0
7392,1829,2024-12-28T13:42:03,delivered,9.0
7393,1830,2024-11-05T14:50:43,delivered,3.0
7394,1830,2023-10-28T09:50:52,delivered,5.0
7395,1830,2023-05-12T10:26:31,delivered,4.0
7396,1830,2024-07-04T16:39:14,delivered,11.0
7397,1830,2024-11-26T12:06:18,shipped,
7398,1830,2024-08-05T10:40:11,delivered,6.0
7399,1831,2024-07-24T17:42:00,delivered,5.0
7400,1831,2024-10-31T19:17:20,delivered,5.0
7401,1832,2024-12-28T18:47:04,delivered,5.0
7402,1832,2024-10-18T01:12:16,canceled,
7403,1832,2024-12-18T21:08:11,delivered,2.0
7404,1833,2023-12-26T07:39:34,delivered,3.0
7405,1833,2024-07-06T01:05:28,delivered,4.0
7406,1833,2024-02-24T10:08:44,shipped,
7407,1833,2024-12-17T03:59:31,canceled,
7408,1833,2024-04-16T11:49:42,canceled,
7409,1834,2024-10-16T21:24:27,shipped,
7410,1835,2024-08-22T13:52:02,delivered,4.0
7411,1836,2023-07-14T11:21:17,delivered,6.0
7412,1836,2024-08-19T23:36:39,canceled,
7413,1836,2024-03-04T10:41:42,delivered,6.0
7414,1836,2024-09-27T01:12:21,delivered,9.0
7415,1837,2023-12-17T12:01:13,delivered,5.0
7416,1837,2024-03-05T09:59:03,delivered,4.0
7417,1837,2024-06-21T00:20:59,delivered,6.0
7418,1837,2024-05-31T03:08:47,delivered,3.0
7419,1837,2024-12-20T14:18:20,canceled,
7420,1838,2024-12-04T17:39:58,shipped,
7421,1838,2024-12-26T18:31:13,delivered,6.0
7422,1839,2024-11-17T16:32:00,delivered,5.0
7423,1839,2024-12-17T21:43:50,delivered,3.0
7424,1839,2024-11-12T22:05:51,delivered,2.0
7425,1839,2024-11-28T02:34:25,shipped,
7426,1840,2024-07-10T14:12:32,delivered,2.0
7427,1840,2024-07-17T05:53:26,delivered,5.0
7428,1841,2024-12-23T15:52:27,delivered,7.0
7429,1841,2024-12-25T01:44:05,shipped,
7430,1841,2024-12-22T14:17:08,canceled,
7431,1841,2024-12-21T14:09:55,delivered,5.0
7432,1841,2024-12-16T19:44:13,delivered,6.0
7433,1842,2023-09-28T00:55:08,delivered,6.0
7434,1842,2024-03-06T00:29:32,shipped,
7435,1842,2024-10-22T00:34:25,delivered,8.0
7436,1843,2023-11-26T20:24:01,delivered,2.0
7437,1843,2024-10-22T03:10:02,delivered,5.0
7438,1843,2024-02-02T16:22:06,delivered,1.0
7439,1844,2024-10-14T18:19:28,shipped,
7440,1844,2024-05-23T22:14:11,delivered,4.0
7441,1844,2024-12-06T07:48:04,delivered,6.0
7442,1845,2024-12-06T06:19:48,shipped,
7443,1845,2024-06-01T22:57:37,canceled,
7444,1845,2024-12-24T01:07:18,shipped,
7445,1845,2024-08-21T00:42:24,shipped,
7446,1846,2024-10-03T09:46:57,delivered,4.0
7447,1846,2024-12-01T09:25:46,delivered,8.0
7448,1846,2024-10-02T17:38:07,delivered,11.0
7449,1847,2024-12-26T11:28:56,delivered,9.0
7450,1847,2024-05-31T22:31:07,shipped,
7451,1847,2024-08-29T16:06:51,delivered,5.0
7452,1847,2024-11-06T02:29:37,delivered,2.0
7453,1847,2024-04-12T21:35:11,delivered,2.0
7454,1847,2024-06-18T00:10:09,canceled,
7455,1848,2023-11-28T23:21:10,shipped,
7456,1848,2024-10-31T02:23:31,canceled,
7457,1848,2023-11-13T23:58:11,delivered,3.0
7458,1849,2024-08-22T04:19:15,shipped,
7459,1850,2024-12-25T12:00:03,delivered,1.0
7460,1850,2024-12-22T15:45:05,shipped,
7461,1850,2024-12-24T02:18:23,delivered,4.0
7462,1850,2024-12-25T23:37:20,delivered,4.0
7463,1850,2024-12-28T13:48:08,delivered,4.0
7464,1850,2024-12-21T07:11:02,delivered,4.0
7465,1850,2024-12-30T20:52:30,delivered,1.0
7466,1851,2024-02-12T16:23:43,canceled,
7467,1851,2024-03-18T07:10:34,canceled,
7468,1851,2023-10-01T15:13:20,delivered,6.0
7469,1851,2024-10-08T17:05:21,delivered,1.0
7470,1851,2023-09-26T06:46:10,canceled,
7471,1852,2024-02-15T21:29:37,delivered,6.0
7472,1852,2024-12-05T20:59:01,delivered,3.0
7473,1852,2024-08-10T11:53:36,delivered,16.0
7474,1853,2024-09-14T19:40:37,delivered,3.0
7475,1854,2024-11-19T07:29:33,delivered,1.0
7476,1854,2024-05-15T03:11:18,delivered,11.0
7477,1854,2024-04-16T08:11:53,delivered,3.0
7478,1854,2023-08-25T13:51:41,delivered,2.0
7479,1855,2024-04-30T09:30:34,delivered,14.0
7480,1855,2024-01-31T07:41:19,delivered,3.0
7481,1855,2023-10-27T11:47:01,delivered,5.0
7482,1856,2024-11-08T20:48:20,delivered,7.0
7483,1857,2024-06-30T19:38:20,delivered,2.0
7484,1858,2024-09-22T01:30:46,delivered,9.0
7485,1858,2023-12-05T20:16:02,delivered,2.0
7486,1858,2023-11-26T20:32:29,canceled,
7487,1859,2023-06-02T15:33:16,canceled,
7488,1859,2024-01-01T21:43:59,shipped,
7489,1859,2024-01-30T09:03:31,canceled,
7490,1860,2024-12-31T04:02:26,delivered,5.0
7491,1860,2024-12-31T02:58:33,delivered,1.0
7492,1860,2024-12-31T09:55:43,delivered,3.0
7493,1860,2024-12-30T13:55:42,delivered,2.0
7494,1861,2024-11-06T17:37:03,delivered,3.0
7495,1861,2024-11-03T02:50:37,delivered,4.0
7496,1861,2024-12-19T11:00:59,delivered,3.0
7497,1861,2024-12-19T15:31:00,delivered,6.0
7498,1862,2024-10-11T15:39:25,delivered,5.0
7499,1862,2024-12-02T03:50:56,canceled,
7500,1862,2024-10-31T16:27:59,delivered,2.0
7501,1862,2024-08-29T09:23:16,delivered,4.0
7502,1862,2024-12-08T04:15:38,shipped,
7503,1862,2024-06-22T16:29:42,delivered,1.0
7504,1862,2024-11-19T08:31:07,shipped,
7505,1863,2024-07-09T13:47:08,delivered,2.0
7506,1863,2024-09-22T21:26:35,canceled,
7507,1863,2024-08-21T03:14:27,delivered,4.0
7508,1863,2024-11-11T12:50:20,delivered,7.0
7509,1863,2024-06-21T07:56:22,shipped,
7510,1863,2024-10-14T19:02:11,delivered,2.0
7511,1863,2024-07-15T22:29:28,shipped,
7512,1863,2024-08-01T11:14:19,delivered,5.0
7513,1863,2024-11-28T13:16:50,shipped,
7514,1863,2024-09-19T09:00:05,shipped,
7515,1863,2024-12-04T23:56:22,shipped,
7516,1864,2024-12-19T09:49:18,delivered,7.0
7517,1864,2024-05-02T14:45:16,delivered,3.0
7518,1864,2023-06-24T15:55:07,delivered,2.0
7519,1864,2024-02-11T21:44:05,delivered,7.0
7520,1864,2023-11-28T13:26:45,delivered,3.0
7521,1864,2024-11-17T12:15:56,shipped,
7522,1864,2023-11-22T19:35:32,delivered,3.0
7523,1864,2023-07-30T18:57:04,delivered,12.0
7524,1864,2024-10-12T07:26:27,canceled,
7525,1864,2024-11-18T10:53:37,delivered,13.0
7526,1865,2024-09-02T09:35:12,delivered,5.0
7527,1865,2024-08-11T21:06:34,delivered,8.0
7528,1865,2024-10-21T05:11:31,shipped,
7529,1865,2024-10-21T00:49:20,delivered,2.0
7530,1866,2024-12-30T16:56:20,delivered,1.0
7531,1866,2024-09-04T15:41:32,delivered,4.0
7532,1866,2024-12-14T16:04:36,shipped,
7533,1866,2024-02-20T23:28:30,delivered,4.0
7534,1866,2024-03-02T22:37:35,delivered,5.0
7535,1866,2024-05-07T10:12:44,delivered,5.0
7536,1866,2024-05-30T04:18:31,canceled,
7537,1866,2024-09-23T01:48:56,shipped,
7538,1867,2023-12-01T11:34:02,delivered,3.0
7539,1867,2023-10-03T00:09:33,delivered,15.0
7540,1868,2024-10-26T16:03:49,delivered,2.0
7541,1868,2024-12-02T06:25:32,shipped,
7542,1868,2024-10-31T04:36:26,delivered,4.0
7543,1868,2024-08-17T09:11:29,shipped,
7544,1868,2024-10-23T11:24:25,delivered,7.0
7545,1868,2024-09-29T07:40:21,delivered,14.0
7546,1869,2024-11-16T15:05:13,delivered,12.0
7547,1869,2024-01-17T20:26:30,delivered,9.0
7548,1869,2024-01-19T03:14:51,delivered,9.0
7549,1869,2024-07-25T09:16:21,canceled,
7550,1869,2024-01-03T21:10:38,delivered,5.0
7551,1870,2023-10-27T04:19:25,delivered,1.0
7552,1870,2023-07-21T07:25:24,delivered,6.0
7553,1871,2024-10-19T01:32:46,canceled,
7554,1872,2023-06-10T19:55:02,canceled,
7555,1872,2023-05-30T22:46:32,shipped,
7556,1872,2024-05-06T06:51:27,shipped,
7557,1873,2024-07-18T16:47:44,canceled,
7558,1873,2024-03-06T03:05:35,canceled,
7559,1873,2024-01-21T19:48:26,delivered,6.0
7560,1873,2024-10-11T20:17:01,delivered,4.0
7561,1874,2024-10-06T00:13:41,canceled,
7562,1875,2024-12-23T12:57:25,delivered,10.0
7563,1875,2024-02-07T15:24:14,delivered,10.0
7564,1876,2024-11-06T22:03:13,canceled,
7565,1876,2024-12-30T16:26:00,canceled,
7566,1876,2024-12-08T14:16:39,delivered,3.0
7567,1877,2023-11-06T08:25:48,shipped,
7568,1878,2023-11-24T02:05:47,delivered,4.0
7569,1878,2024-07-26T02:44:30,delivered,1.0
7570,1878,2023-12-18T22:38:59,canceled,
7571,1878,2024-03-22T22:25:02,delivered,9.0
7572,1878,2023-10-27T00:53:38,delivered,4.0
7573,1878,2024-01-02T07:45:27,shipped,
7574,1878,2024-02-22T07:52:44,delivered,2.0
7575,1878,2023-12-12T10:55:14,shipped,
7576,1879,2024-09-13T06:14:08,delivered,3.0
7577,1879,2024-05-18T12:03:31,canceled,
7578,1879,2024-01-20T23:06:00,canceled,
7579,1880,2024-03-27T11:17:25,delivered,8.0
7580,1880,2023-03-25T16:15:34,delivered,9.0
7581,1880,2024-10-03T16:58:30,delivered,4.0
7582,1880,2023-09-11T03:44:18,canceled,
7583,1880,2024-06-30T11:56:58,shipped,
7584,1881,2024-12-03T21:44:09,shipped,
7585,1881,2024-05-02T06:24:21,delivered,1.0
7586,1881,2024-02-12T08:21:27,canceled,
7587,1882,2024-06-15T01:59:41,delivered,8.0
7588,1882,2024-09-22T06:16:26,shipped,
7589,1883,2024-07-02T04:09:57,delivered,3.0
7590,1883,2023-08-29T17:58:52,shipped,
7591,1883,2024-02-04T07:34:03,canceled,
7592,1883,2024-06-24T03:46:02,delivered,3.0
7593,1883,2023-10-31T05:58:46,delivered,3.0
7594,1884,2024-08-05T11:01:41,delivered,2.0
7595,1885,2024-08-21T14:29:08,delivered,1.0
7596,1885,2024-05-12T21:46:11,canceled,
7597,1886,2024-09-21T01:11:49,shipped,
7598,1886,2024-11-30T10:48:47,delivered,11.0
7599,1886,2024-12-12T07:34:28,delivered,4.0
7600,1886,2024-08-14T20:13:48,canceled,
7601,1887,2024-02-12T12:42:04,delivered,4.0
7602,1887,2024-05-14T19:47:04,delivered,4.0
7603,1887,2024-06-25T15:12:27,shipped,
7604,1887,2024-10-26T18:04:58,delivered,5.0
7605,1887,2024-08-28T14:48:44,delivered,5.0
7606,1887,2024-07-09T21:48:42,canceled,
7607,1888,2024-05-26T10:11:46,delivered,5.0
7608,1888,2024-02-13T22:26:12,delivered,5.0
7609,1888,2024-07-09T00:06:04,delivered,3.0
7610,1888,2023-05-16T19:51:34,delivered,3.0
7611,1888,2024-05-09T14:49:36,delivered,4.0
7612,1889,2024-08-02T18:28:02,canceled,
7613,1889,2024-09-10T03:43:16,delivered,7.0
7614,1889,2024-04-12T22:55:28,canceled,
7615,1889,2024-06-07T06:42:55,delivered,3.0
7616,1889,2024-09-03T09:39:53,canceled,
7617,1889,2024-06-19T17:56:07,delivered,6.0
7618,1889,2024-05-31T10:41:28,shipped,
7619,1889,2024-05-31T04:47:23,canceled,
7620,1890,2024-06-29T10:02:29,delivered,1.0
7621,1890,2024-10-18T11:24:04,delivered,1.0
7622,1890,2024-09-25T10:40:42,shipped,
7623,1890,2024-12-27T22:21:35,delivered,5.0
7624,1890,2024-12-08T23:35:00,shipped,
7625,1890,2024-12-25T11:42:44,delivered,2.0
7626,1890,2024-02-15T19:57:34,delivered,4.0
7627,1890,2024-11-02T16:39:27,delivered,8.0
7628,1891,2024-08-31T15:24:39,delivered,8.0
7629,1892,2024-08-23T19:45:43,shipped,
7630,1892,2023-12-05T11:27:03,canceled,
7631,1892,2024-11-26T11:43:54,shipped,
7632,1892,2024-10-05T09:48:03,delivered,6.0
7633,1893,2024-07-17T17:52:03,delivered,4.0
7634,1894,2024-05-31T06:07:04,delivered,5.0
7635,1894,2024-06-11T03:16:10,shipped,
7636,1894,2024-08-08T11:40:13,delivered,3.0
7637,1894,2024-10-19T16:07:37,delivered,3.0
7638,1894,2024-07-22T11:19:01,delivered,2.0
7639,1894,2024-09-03T13:27:33,delivered,11.0
7640,1894,2024-08-26T21:05:24,delivered,19.0
7641,1894,2024-12-27T14:38:00,delivered,6.0
7642,1894,2024-06-02T04:06:17,delivered,5.0
7643,1894,2024-04-09T19:43:57,delivered,2.0
7644,1895,2024-10-20T11:24:07,delivered,6.0
7645,1896,2024-11-14T16:51:29,canceled,
7646,1896,2024-10-25T21:13:38,shipped,
7647,1896,2024-10-27T21:48:38,canceled,
7648,1896,2024-10-16T14:09:02,shipped,
7649,1897,2024-08-22T00:45:32,shipped,
7650,1897,2023-10-09T00:42:27,delivered,4.0
7651,1897,2023-08-21T23:57:28,delivered,4.0
7652,1897,2024-02-24T13:18:18,shipped,
7653,1898,2024-10-21T07:28:54,canceled,
7654,1898,2024-09-27T07:17:51,delivered,6.0
7655,1899,2024-05-15T09:46:42,shipped,
7656,1899,2024-04-25T19:15:03,delivered,3.0
7657,1899,2024-11-06T03:10:56,delivered,4.0
7658,1899,2024-04-25T22:12:47,delivered,3.0
7659,1899,2023-10-14T09:40:58,delivered,3.0
7660,1899,2024-12-02T16:05:56,delivered,5.0
7661,1899,2024-09-20T03:34:42,delivered,3.0
7662,1899,2024-05-01T22:26:17,canceled,
7663,1899,2024-05-15T02:29:50,delivered,2.0
7664,1900,2024-09-05T05:09:34,delivered,3.0
7665,1900,2024-09-11T10:41:41,canceled,
7666,1900,2024-10-25T17:52:11,shipped,
7667,1901,2024-12-14T15:07:25,delivered,6.0
7668,1901,2024-12-12T10:35:30,delivered,4.0
7669,1901,2024-12-30T21:31:30,delivered,12.0
7670,1901,2024-12-31T06:47:08,shipped,
7671,1901,2024-12-26T01:35:29,canceled,
7672,1901,2024-12-31T08:07:28,canceled,
7673,1901,2024-12-18T18:00:05,delivered,8.0
7674,1902,2024-01-09T12:25:47,canceled,
7675,1902,2024-05-28T23:16:10,delivered,2.0
7676,1902,2024-06-04T18:57:10,delivered,1.0
7677,1902,2024-03-02T01:42:24,delivered,2.0
7678,1902,2024-10-20T15:14:07,shipped,
7679,1902,2024-03-08T02:57:40,delivered,8.0
7680,1903,2024-12-14T01:56:57,delivered,1.0
7681,1904,2024-01-17T09:45:04,delivered,5.0
7682,1904,2024-04-04T23:10:55,canceled,
7683,1905,2024-08-31T05:32:50,shipped,
7684,1905,2024-04-06T12:06:47,delivered,2.0
7685,1906,2024-07-07T13:43:31,shipped,
7686,1906,2024-06-23T11:52:38,delivered,13.0
7687,1906,2024-12-25T21:18:56,shipped,
7688,1906,2024-09-11T21:37:10,delivered,9.0
7689,1906,2024-11-05T05:20:31,canceled,
7690,1906,2023-09-29T10:30:59,delivered,14.0
7691,1907,2024-08-18T14:59:51,delivered,1.0
7692,1907,2024-07-24T13:59:27,delivered,4.0
7693,1908,2024-07-29T13:13:12,delivered,9.0
7694,1909,2024-01-30T11:35:07,delivered,11.0
7695,1909,2024-09-10T19:26:50,canceled,
7696,1910,2023-09-03T20:23:54,shipped,
7697,1911,2024-06-27T02:59:35,delivered,15.0
7698,1911,2024-04-06T08:39:02,shipped,
7699,1911,2024-11-08T12:23:15,delivered,2.0
7700,1911,2024-11-02T17:39:15,delivered,5.0
7701,1911,2024-10-09T04:26:28,delivered,6.0
7702,1912,2024-08-23T04:12:30,delivered,4.0
7703,1912,2024-04-14T07:24:41,shipped,
7704,1912,2024-06-03T06:46:24,delivered,6.0
7705,1912,2024-12-03T05:19:27,delivered,1.0
7706,1912,2024-10-07T07:53:01,delivered,8.0
7707,1912,2024-11-19T08:36:00,delivered,12.0
7708,1912,2024-12-20T16:36:15,delivered,2.0
7709,1913,2024-08-17T19:19:56,delivered,7.0
7710,1913,2024-10-01T15:06:42,delivered,4.0
7711,1913,2024-11-19T03:38:39,canceled,
7712,1913,2024-12-24T20:31:54,canceled,
7713,1913,2024-12-27T03:23:52,shipped,
7714,1913,2024-10-25T06:36:09,shipped,
7715,1913,2024-10-16T10:23:15,delivered,7.0
7716,1914,2024-08-05T06:54:24,delivered,8.0
7717,1914,2024-08-26T06:50:51,delivered,3.0
7718,1914,2024-09-22T04:38:47,canceled,
7719,1915,2024-12-25T07:51:13,delivered,3.0
7720,1915,2024-10-18T00:53:20,shipped,
7721,1915,2024-12-11T08:11:27,delivered,5.0
7722,1916,2024-01-12T23:35:27,delivered,3.0
7723,1916,2024-08-08T06:12:54,delivered,5.0
7724,1917,2024-12-28T01:02:02,delivered,5.0
7725,1917,2024-09-15T13:19:06,delivered,7.0
7726,1917,2024-08-23T01:48:53,delivered,6.0
7727,1917,2024-09-18T17:08:23,delivered,3.0
7728,1917,2024-11-04T06:25:31,delivered,10.0
7729,1917,2024-08-23T12:56:57,delivered,5.0
7730,1917,2024-12-26T16:52:33,delivered,7.0
7731,1917,2024-11-21T14:46:14,delivered,6.0
7732,1918,2024-05-14T19:28:25,delivered,1.0
7733,1918,2024-03-31T05:14:24,delivered,5.0
7734,1919,2024-08-05T04:36:14,delivered,3.0
7735,1919,2024-11-04T17:09:40,delivered,11.0
7736,1919,2023-09-09T07:50:59,delivered,6.0
7737,1919,2024-11-13T11:22:07,delivered,8.0
7738,1919,2024-04-30T23:24:26,delivered,2.0
7739,1919,2024-07-23T03:18:57,canceled,
7740,1919,2024-01-15T13:19:45,shipped,
7741,1919,2024-06-29T02:49:55,shipped,
7742,1919,2024-11-09T17:16:44,delivered,7.0
7743,1920,2024-08-29T18:58:47,delivered,9.0
7744,1920,2023-11-08T01:55:09,delivered,3.0
7745,1920,2023-10-07T13:12:49,delivered,2.0
7746,1920,2024-02-22T20:16:46,canceled,
7747,1920,2024-09-05T12:45:31,delivered,1.0
7748,1920,2024-02-16T14:19:12,delivered,11.0
7749,1920,2024-06-04T13:41:30,delivered,9.0
7750,1920,2024-12-28T21:40:09,delivered,6.0
7751,1921,2024-06-30T05:46:22,delivered,4.0
7752,1921,2024-06-16T15:54:36,delivered,4.0
7753,1921,2024-04-11T06:05:36,delivered,6.0
7754,1922,2023-12-29T17:56:59,delivered,2.0
7755,1922,2024-04-12T12:56:57,delivered,6.0
7756,1923,2024-10-27T06:12:53,canceled,
7757,1923,2023-12-20T13:20:01,delivered,6.0
7758,1924,2024-04-05T09:53:47,delivered,4.0
7759,1924,2024-04-28T01:27:23,canceled,
7760,1925,2024-10-24T22:39:34,delivered,3.0
7761,1925,2023-07-06T04:28:23,delivered,5.0
7762,1925,2024-12-19T21:57:14,delivered,1.0
7763,1925,2024-04-09T10:11:34,delivered,7.0
7764,1925,2024-02-11T07:46:46,canceled,
7765,1925,2024-11-07T15:08:31,shipped,
7766,1925,2024-11-09T13:26:35,delivered,1.0
7767,1926,2023-12-07T15:33:08,delivered,10.0
7768,1926,2024-07-24T20:54:55,shipped,
7769,1927,2023-10-01T23:00:43,shipped,
7770,1927,2024-02-23T07:45:17,delivered,10.0
7771,1927,2024-03-18T14:41:38,shipped,
7772,1927,2024-10-10T11:56:05,delivered,9.0
7773,1927,2024-07-03T17:31:12,delivered,2.0
7774,1928,2024-04-07T19:46:55,delivered,18.0
7775,1928,2024-08-16T13:35:07,delivered,6.0
7776,1928,2024-06-25T10:19:06,delivered,1.0
7777,1928,2024-06-23T16:53:58,delivered,2.0
7778,1929,2024-11-24T22:40:17,delivered,8.0
7779,1929,2023-12-25T20:22:13,delivered,3.0
7780,1929,2024-03-01T06:35:41,delivered,2.0
7781,1929,2024-11-02T22:58:53,delivered,5.0
7782,1929,2024-06-13T09:57:40,delivered,3.0
7783,1929,2024-11-15T20:32:55,canceled,
7784,1930,2023-07-01T07:41:39,delivered,5.0
7785,1930,2024-12-05T08:05:15,delivered,4.0
7786,1930,2024-10-21T21:31:58,delivered,3.0
7787,1930,2023-06-07T09:02:41,canceled,
7788,1930,2024-08-16T03:41:23,shipped,
7789,1930,2023-12-29T17:19:23,delivered,3.0
7790,1930,2024-07-03T20:47:37,delivered,2.0
7791,1931,2024-07-31T01:43:20,delivered,4.0
7792,1932,2024-11-19T17:08:08,delivered,11.0
7793,1932,2024-11-29T02:00:15,delivered,1.0
7794,1932,2024-05-13T19:48:46,delivered,2.0
7795,1932,2024-09-27T08:52:18,delivered,3.0
7796,1932,2024-05-28T00:13:28,delivered,3.0
7797,1932,2024-06-05T06:09:47,canceled,
7798,1932,2024-04-28T11:36:03,delivered,1.0
7799,1932,2024-05-11T13:47:30,shipped,
7800,1933,2024-04-21T13:54:33,delivered,5.0
7801,1933,2024-12-19T02:21:30,delivered,6.0
7802,1933,2024-09-22T02:53:21,delivered,2.0
7803,1934,2024-07-11T08:21:04,delivered,10.0
7804,1934,2024-05-08T04:04:49,shipped,
7805,1934,2024-12-27T11:59:29,shipped,
7806,1935,2024-09-09T05:18:37,delivered,7.0
7807,1935,2023-07-01T05:40:38,delivered,6.0
7808,1936,2024-12-28T11:30:37,delivered,3.0
7809,1936,2024-12-26T05:42:16,canceled,
7810,1937,2024-07-25T05:10:02,delivered,8.0
7811,1937,2024-06-02T12:34:17,shipped,
7812,1938,2024-02-12T09:10:08,canceled,
7813,1938,2024-07-03T07:50:15,delivered,3.0
7814,1939,2023-07-31T16:51:19,canceled,
7815,1939,2024-08-25T04:32:57,canceled,
7816,1939,2023-09-09T00:36:20,delivered,11.0
7817,1939,2023-08-15T00:31:20,delivered,3.0
7818,1939,2024-07-07T15:29:06,canceled,
7819,1940,2024-03-31T18:34:43,canceled,
7820,1940,2024-01-05T18:10:04,delivered,2.0
7821,1940,2024-06-01T22:17:14,delivered,4.0
7822,1941,2024-09-15T15:11:51,delivered,1.0
7823,1941,2024-09-28T06:21:29,shipped,
7824,1941,2024-12-28T22:09:41,delivered,2.0
7825,1941,2024-11-19T01:30:47,delivered,6.0
7826,1941,2024-09-23T10:50:33,shipped,
7827,1941,2024-08-30T23:13:37,shipped,
7828,1941,2024-10-05T04:17:51,delivered,6.0
7829,1942,2024-12-22T04:03:03,delivered,2.0
7830,1942,2024-12-31T07:42:53,canceled,
7831,1942,2024-12-27T16:54:11,delivered,6.0
7832,1942,2024-12-05T17:03:19,delivered,3.0
7833,1942,2024-12-28T22:59:41,delivered,4.0
7834,1943,2024-10-21T21:37:42,delivered,2.0
7835,1943,2024-12-23T01:05:41,canceled,
7836,1944,2024-11-20T03:38:43,delivered,3.0
7837,1944,2024-08-30T10:42:00,delivered,6.0
7838,1944,2024-08-20T06:16:10,delivered,3.0
7839,1945,2024-09-25T08:54:32,delivered,10.0
7840,1945,2024-06-29T04:49:27,shipped,
7841,1945,2024-11-06T13:17:00,delivered,2.0
7842,1946,2024-12-26T05:24:58,canceled,
7843,1946,2024-09-11T22:22:56,shipped,
7844,1946,2024-11-13T23:15:32,delivered,5.0
7845,1946,2024-11-10T17:32:33,delivered,3.0
7846,1946,2024-08-06T12:57:59,canceled,
7847,1947,2023-07-26T23:10:54,delivered,7.0
7848,1947,2024-04-03T08:51:36,shipped,
7849,1947,2023-07-31T13:02:28,shipped,
7850,1948,2024-06-02T12:18:06,delivered,7.0
7851,1948,2024-04-22T00:49:32,delivered,4.0
7852,1948,2024-12-25T04:59:30,delivered,6.0
7853,1948,2024-12-23T20:16:02,delivered,4.0
7854,1948,2024-01-11T10:44:13,delivered,1.0
7855,1948,2024-08-26T08:12:08,delivered,3.0
7856,1948,2024-11-14T10:31:32,delivered,4.0
7857,1948,2023-10-09T13:55:54,delivered,8.0
7858,1949,2024-07-05T08:14:25,canceled,
7859,1949,2023-08-02T11:15:53,delivered,2.0
7860,1950,2024-11-05T18:18:41,delivered,3.0
7861,1950,2023-12-02T06:46:12,delivered,5.0
7862,1951,2023-12-26T01:07:08,delivered,7.0
7863,1951,2024-06-07T04:04:42,delivered,8.0
7864,1951,2024-10-13T02:18:09,delivered,1.0
7865,1951,2023-09-28T19:40:07,canceled,
7866,1951,2024-03-27T01:51:39,delivered,4.0
7867,1951,2024-12-31T10:39:40,delivered,4.0
7868,1951,2024-09-20T05:53:45,canceled,
7869,1951,2024-08-25T20:31:54,shipped,
7870,1951,2024-03-03T12:22:27,delivered,2.0
7871,1951,2023-09-16T00:46:35,delivered,5.0
7872,1951,2024-06-26T04:18:45,delivered,7.0
7873,1951,2024-08-12T19:10:41,delivered,8.0
7874,1951,2023-06-15T12:36:42,delivered,2.0
7875,1952,2024-08-29T04:39:44,canceled,
7876,1952,2024-05-15T07:49:34,delivered,4.0
7877,1953,2024-12-26T00:18:20,delivered,3.0
7878,1953,2024-12-07T23:49:27,delivered,9.0
7879,1954,2024-12-03T23:59:05,delivered,3.0
7880,1954,2024-11-17T16:32:43,delivered,4.0
7881,1954,2024-12-28T17:49:19,delivered,3.0
7882,1954,2024-11-05T02:16:33,delivered,4.0
7883,1955,2024-10-10T13:17:00,shipped,
7884,1955,2024-11-02T20:30:08,canceled,
7885,1955,2024-11-13T03:09:03,delivered,5.0
7886,1956,2024-06-02T19:56:20,delivered,3.0
7887,1956,2024-01-19T11:47:02,canceled,
7888,1957,2023-08-31T12:41:23,canceled,
7889,1957,2024-12-20T21:16:48,delivered,8.0
7890,1957,2023-11-04T19:36:24,delivered,4.0
7891,1958,2024-11-28T07:45:08,shipped,
7892,1958,2023-10-14T05:36:52,delivered,4.0
7893,1958,2024-11-20T20:19:44,delivered,3.0
7894,1958,2024-03-05T14:27:17,canceled,
7895,1958,2023-12-09T01:42:58,canceled,
7896,1958,2024-07-18T01:18:55,delivered,9.0
7897,1958,2023-11-30T19:53:53,delivered,7.0
7898,1958,2024-06-23T20:35:04,delivered,3.0
7899,1959,2024-07-29T07:28:50,delivered,3.0
7900,1959,2024-09-08T11:21:57,delivered,1.0
7901,1959,2024-06-02T03:37:06,shipped,
7902,1959,2024-08-02T14:53:05,delivered,5.0
7903,1959,2024-09-12T06:15:07,delivered,1.0
7904,1960,2024-05-17T03:23:45,delivered,5.0
7905,1960,2024-06-28T08:45:16,shipped,
7906,1960,2024-01-27T18:36:39,delivered,3.0
7907,1961,2024-03-16T07:14:20,delivered,11.0
7908,1961,2024-08-09T17:47:28,delivered,7.0
7909,1962,2024-09-14T15:17:44,canceled,
7910,1962,2024-10-11T03:39:03,shipped,
7911,1962,2024-07-15T13:21:28,delivered,2.0
7912,1963,2024-09-07T07:10:01,delivered,3.0
7913,1963,2024-10-08T18:24:36,delivered,4.0
7914,1963,2023-08-20T06:48:09,delivered,4.0
7915,1964,2024-09-30T15:34:17,delivered,4.0
7916,1964,2024-09-17T00:42:07,shipped,
7917,1965,2024-06-04T15:19:23,shipped,
7918,1965,2024-12-29T07:36:58,delivered,8.0
7919,1965,2024-09-27T09:52:19,delivered,9.0
7920,1966,2024-06-14T00:30:35,canceled,
7921,1966,2024-06-08T07:07:03,shipped,
7922,1966,2024-05-13T11:35:27,shipped,
7923,1966,2024-01-30T00:11:40,delivered,6.0
7924,1966,2024-01-30T18:42:04,delivered,12.0
7925,1966,2024-10-24T20:04:33,delivered,8.0
7926,1966,2024-11-19T22:59:19,canceled,
7927,1967,2023-09-17T20:37:17,delivered,1.0
7928,1967,2024-02-06T20:21:13,delivered,5.0
7929,1967,2023-11-04T03:30:25,delivered,3.0
7930,1968,2023-10-22T16:56:35,canceled,
7931,1968,2024-10-12T00:17:23,delivered,2.0
7932,1968,2024-10-22T16:00:10,canceled,
7933,1968,2023-12-20T11:08:55,shipped,
7934,1968,2024-03-25T06:07:07,shipped,
7935,1968,2024-09-24T15:53:30,delivered,7.0
7936,1968,2024-12-20T07:18:54,delivered,12.0
7937,1968,2024-05-30T20:43:46,delivered,2.0
7938,1968,2024-12-20T15:32:11,delivered,5.0
7939,1969,2024-08-19T08:59:39,delivered,7.0
7940,1969,2023-12-13T11:40:07,delivered,8.0
7941,1970,2024-07-19T21:42:17,delivered,1.0
7942,1970,2024-09-16T09:10:08,shipped,
7943,1970,2024-12-30T03:23:09,canceled,
7944,1971,2023-03-01T06:50:19,delivered,7.0
7945,1971,2024-06-03T11:19:45,shipped,
7946,1971,2024-01-04T16:13:58,delivered,8.0
7947,1972,2024-11-03T09:12:34,shipped,
7948,1972,2024-11-27T07:55:30,shipped,
7949,1972,2024-10-09T04:37:38,delivered,4.0
7950,1973,2024-05-07T10:10:34,delivered,9.0
7951,1973,2023-10-12T12:23:42,delivered,1.0
7952,1973,2024-04-08T11:46:04,canceled,
7953,1973,2024-06-23T15:36:47,canceled,
7954,1974,2024-08-04T17:51:16,delivered,2.0
7955,1975,2024-04-06T08:19:06,delivered,8.0
7956,1975,2024-07-02T09:35:53,delivered,4.0
7957,1975,2024-10-11T15:20:57,delivered,2.0
7958,1975,2024-03-18T15:19:40,delivered,5.0
7959,1975,2024-06-24T07:47:29,delivered,3.0
7960,1976,2024-08-29T09:19:04,delivered,9.0
7961,1977,2023-10-24T21:18:50,delivered,5.0
7962,1977,2024-09-13T06:46:20,canceled,
7963,1978,2024-02-03T07:55:52,canceled,
7964,1978,2024-12-11T08:56:19,delivered,4.0
7965,1978,2024-10-02T07:12:45,canceled,
7966,1979,2024-04-01T07:41:17,delivered,4.0
7967,1979,2024-10-14T13:05:38,delivered,3.0
7968,1980,2024-11-23T17:17:24,shipped,
7969,1980,2024-12-18T19:08:57,shipped,
7970,1980,2024-12-23T22:46:55,canceled,
7971,1980,2024-12-18T21:09:09,delivered,3.0
7972,1980,2024-12-17T21:54:15,delivered,6.0
7973,1980,2024-10-26T13:40:27,shipped,
7974,1980,2024-12-04T03:30:39,delivered,3.0
7975,1981,2024-11-24T07:26:07,delivered,2.0
7976,1981,2024-04-03T14:17:23,shipped,
7977,1981,2024-08-16T22:04:47,shipped,
7978,1981,2023-09-23T08:20:12,delivered,4.0
7979,1981,2024-08-06T08:18:45,delivered,2.0
7980,1982,2024-09-14T03:24:52,delivered,3.0
7981,1982,2024-10-31T14:49:06,delivered,1.0
7982,1982,2024-09-05T07:51:51,delivered,6.0
7983,1982,2024-12-10T13:36:03,delivered,4.0
7984,1983,2024-12-14T20:44:33,delivered,2.0
7985,1983,2024-02-11T19:39:31,delivered,4.0
7986,1983,2024-11-12T05:59:32,canceled,
7987,1984,2024-05-19T10:57:35,delivered,3.0
7988,1984,2024-08-15T02:32:36,delivered,1.0
7989,1984,2024-08-19T17:52:25,delivered,5.0
7990,1984,2024-12-11T07:08:31,delivered,8.0
7991,1984,2024-07-16T08:15:11,delivered,4.0
7992,1985,2024-09-19T22:49:33,delivered,1.0
7993,1985,2024-12-07T23:19:45,shipped,
7994,1986,2024-08-18T06:29:23,delivered,6.0
7995,1986,2024-08-12T11:21:09,delivered,7.0
7996,1986,2024-09-15T10:10:56,delivered,8.0
7997,1986,2024-10-05T06:40:28,delivered,1.0
7998,1987,2024-03-09T10:53:02,canceled,
7999,1987,2024-10-11T16:00:49,delivered,4.0
8000,1988,2024-11-30T14:19:40,delivered,7.0
8001,1988,2024-05-31T22:02:49,canceled,
8002,1989,2023-11-24T05:08:15,canceled,
8003,1989,2023-05-13T18:01:22,delivered,6.0
8004,1989,2023-06-12T02:56:44,canceled,
8005,1990,2024-09-14T17:28:53,delivered,12.0
8006,1990,2024-11-04T20:39:34,delivered,2.0
8007,1990,2024-12-31T09:59:31,shipped,
8008,1990,2024-12-01T23:26:33,canceled,
8009,1990,2024-11-03T03:20:46,delivered,1.0
8010,1990,2024-12-30T19:20:37,canceled,
8011,1991,2024-07-03T15:52:11,delivered,2.0
8012,1991,2023-09-07T16:04:54,shipped,
8013,1991,2024-05-18T03:30:52,canceled,
8014,1992,2023-08-30T02:23:49,shipped,
8015,1992,2024-12-31T22:01:45,delivered,2.0
8016,1992,2024-07-14T23:11:24,delivered,1.0
8017,1993,2024-10-16T21:01:23,delivered,2.0
8018,1993,2024-08-11T16:06:33,shipped,
8019,1993,2024-08-15T00:00:10,canceled,
8020,1993,2024-11-12T18:05:39,shipped,
8021,1993,2024-09-07T15:25:26,delivered,5.0
8022,1993,2024-11-25T03:11:32,canceled,
8023,1993,2024-12-30T11:04:09,shipped,
8024,1993,2024-09-03T21:55:34,canceled,
8025,1993,2024-08-10T00:16:50,delivered,3.0
8026,1993,2024-09-30T20:07:50,delivered,5.0
8027,1993,2024-09-29T17:52:51,shipped,
8028,1994,2024-11-12T17:37:33,canceled,
8029,1994,2024-11-27T11:48:26,delivered,7.0
8030,1994,2024-12-06T10:28:51,delivered,3.0
8031,1994,2024-10-16T04:41:43,delivered,3.0
8032,1994,2024-11-23T00:41:38,delivered,4.0
8033,1995,2024-02-12T13:35:49,canceled,
8034,1995,2024-04-30T13:27:59,canceled,
8035,1996,2023-11-27T15:26:07,delivered,2.0
8036,1996,2024-01-18T17:53:17,delivered,1.0
8037,1997,2024-06-14T05:32:31,canceled,
8038,1997,2023-10-04T17:31:23,delivered,5.0
8039,1997,2024-10-03T19:13:49,canceled,
8040,1997,2024-07-22T16:44:30,canceled,
8041,1998,2024-11-30T21:57:16,delivered,4.0
8042,1998,2024-12-10T08:08:59,shipped,
8043,1998,2024-08-19T07:07:59,shipped,
8044,1998,2024-11-08T07:39:18,shipped,
8045,1998,2024-11-12T05:26:55,delivered,8.0
8046,1998,2024-08-22T20:17:24,canceled,
8047,1998,2024-11-14T03:43:54,delivered,3.0
8048,1998,2024-09-01T12:06:37,delivered,3.0
8049,1999,2024-06-16T23:00:12,shipped,
8050,1999,2024-04-20T08:28:39,canceled,
8051,2000,2024-04-10T04:09:03,shipped,
8052,2000,2024-06-11T21:43:47,delivered,9.0
8053,2000,2024-05-18T10:32:01,delivered,5.0
8054,2001,2024-06-20T02:05:38,shipped,
8055,2001,2024-01-02T19:27:51,delivered,2.0
8056,2001,2024-09-23T19:35:55,delivered,6.0
8057,2001,2024-02-16T21:54:33,delivered,5.0
8058,2001,2023-08-12T13:03:59,canceled,
8059,2001,2024-03-24T15:39:47,shipped,
8060,2002,2024-08-19T17:41:28,delivered,4.0
8061,2002,2024-08-28T08:34:12,delivered,11.0
8062,2002,2024-08-19T17:11:36,delivered,3.0
8063,2002,2024-07-10T19:32:02,delivered,3.0
8064,2002,2023-11-11T21:07:43,delivered,4.0
8065,2002,2024-03-24T07:25:24,shipped,
8066,2002,2023-11-14T14:26:41,canceled,
8067,2002,2024-02-12T01:15:24,delivered,1.0
8068,2002,2024-01-31T08:15:03,shipped,
8069,2003,2024-12-31T00:18:06,delivered,15.0
8070,2003,2024-08-09T15:36:35,delivered,5.0
8071,2003,2024-09-08T05:51:48,canceled,
8072,2003,2024-04-30T00:35:51,delivered,8.0
8073,2003,2023-12-06T11:18:12,shipped,
8074,2004,2024-10-11T22:06:47,delivered,3.0
8075,2004,2024-10-03T11:42:31,delivered,3.0
8076,2004,2024-10-17T03:39:10,canceled,
8077,2005,2024-12-28T20:53:38,shipped,
8078,2006,2024-09-11T05:51:03,delivered,3.0
8079,2006,2024-08-25T11:47:14,delivered,1.0
8080,2006,2024-09-10T18:05:13,delivered,5.0
8081,2006,2024-12-03T15:16:21,shipped,
8082,2007,2024-08-15T20:29:53,delivered,10.0
8083,2007,2024-04-16T03:56:31,delivered,11.0
8084,2008,2023-07-22T04:15:37,delivered,6.0
8085,2008,2023-08-19T18:07:48,delivered,3.0
8086,2008,2023-10-02T12:40:10,delivered,7.0
8087,2009,2024-12-01T07:58:30,shipped,
8088,2009,2024-09-13T09:19:32,delivered,9.0
8089,2010,2024-01-02T07:43:23,delivered,7.0
8090,2010,2024-05-10T10:10:52,delivered,3.0
8091,2010,2024-07-15T23:52:57,delivered,1.0
8092,2011,2024-10-14T07:14:53,delivered,5.0
8093,2011,2023-04-30T11:32:07,delivered,2.0
8094,2012,2023-04-10T17:32:07,delivered,12.0
8095,2012,2023-05-04T00:28:26,delivered,2.0
8096,2012,2024-12-24T02:19:09,delivered,4.0
8097,2013,2024-09-13T18:17:42,canceled,
8098,2013,2024-11-05T06:56:41,delivered,3.0
8099,2013,2024-09-26T02:31:16,delivered,6.0
8100,2013,2024-12-30T18:54:44,shipped,
8101,2013,2024-11-19T14:26:13,delivered,2.0
8102,2013,2024-10-08T00:16:15,canceled,
8103,2013,2024-10-14T02:03:13,delivered,3.0
8104,2014,2023-03-10T11:39:57,delivered,2.0
8105,2014,2023-05-10T20:47:16,delivered,6.0
8106,2015,2024-11-06T19:53:24,delivered,3.0
8107,2015,2024-07-10T22:19:41,shipped,
8108,2015,2024-05-07T21:38:07,delivered,4.0
8109,2015,2024-08-29T02:31:34,shipped,
8110,2016,2024-11-21T13:34:18,delivered,1.0
8111,2016,2024-08-03T01:20:40,delivered,4.0
8112,2016,2023-12-20T01:43:19,delivered,3.0
8113,2016,2024-11-02T11:14:26,delivered,2.0
8114,2017,2023-11-02T05:02:37,canceled,
8115,2018,2024-04-06T12:10:47,delivered,3.0
8116,2018,2024-06-24T15:45:23,delivered,10.0
8117,2018,2024-06-10T22:29:06,delivered,14.0
8118,2019,2024-10-22T13:33:59,canceled,
8119,2019,2024-05-14T17:38:50,shipped,
8120,2020,2024-08-31T09:03:11,shipped,
8121,2020,2023-09-11T16:48:31,delivered,1.0
8122,2020,2023-03-06T06:56:34,delivered,10.0
8123,2020,2024-08-25T14:06:44,delivered,6.0
8124,2020,2024-05-03T15:23:09,delivered,9.0
8125,2020,2023-12-04T06:49:08,delivered,1.0
8126,2020,2023-03-14T04:45:40,delivered,3.0
8127,2020,2023-08-07T23:01:30,shipped,
8128,2021,2024-10-25T00:16:14,shipped,
8129,2021,2024-09-17T09:34:54,delivered,4.0
8130,2021,2024-08-26T07:32:49,delivered,5.0
8131,2022,2023-10-26T18:44:58,delivered,5.0
8132,2022,2024-11-09T14:17:50,delivered,9.0
8133,2022,2024-03-30T20:09:47,delivered,3.0
8134,2022,2024-12-03T23:56:32,delivered,5.0
8135,2023,2024-03-08T11:55:42,delivered,7.0
8136,2023,2024-02-05T03:22:08,delivered,2.0
8137,2024,2024-07-06T16:31:54,shipped,
8138,2024,2024-09-20T16:31:59,shipped,
8139,2024,2024-03-12T10:16:08,shipped,
8140,2025,2024-09-21T12:39:14,canceled,
8141,2025,2024-09-21T10:44:21,delivered,3.0
8142,2025,2024-12-17T03:23:36,delivered,6.0
8143,2025,2024-12-07T05:09:06,delivered,5.0
8144,2026,2024-06-13T10:34:35,delivered,3.0
8145,2026,2024-10-30T14:31:43,delivered,6.0
8146,2026,2024-07-15T15:47:07,delivered,10.0
8147,2026,2024-10-22T21:49:41,delivered,7.0
8148,2026,2024-05-03T04:50:03,delivered,5.0
8149,2026,2024-06-23T15:37:15,delivered,8.0
8150,2026,2024-11-05T03:55:18,shipped,
8151,2027,2024-06-11T05:49:53,shipped,
8152,2027,2024-11-25T12:12:08,shipped,
8153,2028,2024-01-02T03:09:24,canceled,
8154,2028,2024-01-01T02:48:43,canceled,
8155,2028,2024-05-29T15:41:28,delivered,1.0
8156,2028,2023-11-25T17:39:49,shipped,
8157,2028,2023-12-24T16:13:27,delivered,4.0
8158,2028,2023-10-01T17:34:13,delivered,1.0
8159,2028,2024-08-01T20:18:01,delivered,7.0
8160,2029,2024-12-24T12:25:11,canceled,
8161,2029,2024-11-19T07:10:24,delivered,5.0
8162,2029,2024-12-18T11:04:59,delivered,6.0
8163,2029,2024-11-20T01:00:18,delivered,2.0
8164,2030,2024-12-18T03:47:57,canceled,
8165,2030,2024-12-21T17:39:43,shipped,
8166,2030,2024-11-26T10:31:41,delivered,8.0
8167,2030,2024-12-05T09:29:30,delivered,11.0
8168,2030,2024-11-11T10:32:11,delivered,2.0
8169,2030,2024-11-25T11:19:59,shipped,
8170,2030,2024-12-19T03:10:20,canceled,
8171,2031,2024-07-21T09:10:19,shipped,
8172,2031,2024-11-13T12:43:35,delivered,2.0
8173,2032,2024-12-14T10:03:07,delivered,8.0
8174,2032,2024-12-20T02:47:19,delivered,4.0
8175,2032,2024-12-26T15:29:25,shipped,
8176,2032,2024-12-27T02:30:17,delivered,2.0
8177,2033,2024-10-20T13:37:45,delivered,3.0
8178,2033,2024-06-25T03:42:05,delivered,1.0
8179,2034,2024-12-16T06:53:48,shipped,
8180,2034,2024-12-17T01:19:15,delivered,3.0
8181,2035,2023-09-16T18:50:24,delivered,2.0
8182,2035,2023-09-07T13:55:50,shipped,
8183,2035,2024-10-20T06:11:09,delivered,10.0
8184,2035,2023-07-31T16:35:26,delivered,1.0
8185,2035,2024-07-27T10:01:46,delivered,6.0
8186,2035,2023-07-06T13:45:00,canceled,
8187,2035,2023-08-16T18:37:39,delivered,3.0
8188,2035,2023-07-28T06:27:25,delivered,5.0
8189,2036,2024-07-01T06:40:31,delivered,1.0
8190,2036,2024-09-19T11:47:44,delivered,6.0
8191,2036,2024-10-08T14:02:52,delivered,7.0
8192,2036,2024-05-11T07:40:35,delivered,7.0
8193,2036,2024-12-02T23:55:01,delivered,6.0
8194,2036,2024-12-21T12:31:25,delivered,4.0
8195,2036,2024-02-16T11:06:46,delivered,10.0
8196,2036,2024-05-06T22:22:33,shipped,
8197,2037,2024-06-02T02:15:17,canceled,
8198,2037,2024-12-06T22:39:06,canceled,
8199,2037,2023-05-22T11:26:30,delivered,7.0
8200,2038,2023-04-29T14:04:52,delivered,9.0
8201,2038,2023-07-25T15:48:32,delivered,3.0
8202,2038,2024-10-19T05:41:38,canceled,
8203,2039,2024-07-01T06:18:39,delivered,3.0
8204,2040,2024-08-08T23:31:03,shipped,
8205,2040,2023-08-30T13:06:25,delivered,3.0
8206,2040,2024-10-06T11:37:17,shipped,
8207,2040,2024-01-02T02:19:21,canceled,
8208,2040,2024-11-01T16:12:33,delivered,2.0
8209,2040,2024-07-14T18:40:51,canceled,
8210,2040,2024-12-21T12:07:43,delivered,11.0
8211,2040,2024-04-11T12:38:09,delivered,6.0
8212,2040,2023-02-06T02:50:59,delivered,2.0
8213,2041,2024-12-14T18:46:51,delivered,3.0
8214,2042,2024-12-26T09:31:44,delivered,1.0
8215,2042,2024-11-22T07:48:32,delivered,5.0
8216,2042,2024-10-30T16:31:55,delivered,4.0
8217,2042,2024-11-23T07:17:20,shipped,
8218,2042,2024-10-24T07:49:57,delivered,7.0
8219,2043,2024-11-16T12:21:55,delivered,9.0
8220,2043,2024-11-21T13:49:38,delivered,7.0
8221,2043,2024-12-10T19:23:25,canceled,
8222,2043,2024-12-27T05:31:15,canceled,
8223,2043,2024-11-30T17:19:27,delivered,1.0
8224,2043,2024-10-25T01:24:58,delivered,5.0
8225,2044,2023-11-17T21:11:40,delivered,11.0
8226,2044,2023-07-24T15:12:05,shipped,
8227,2044,2024-04-14T09:26:35,delivered,6.0
8228,2044,2023-10-02T14:54:05,delivered,6.0
8229,2045,2023-10-02T04:08:34,delivered,1.0
8230,2045,2024-05-03T23:31:12,delivered,3.0
8231,2045,2024-06-30T17:47:08,shipped,
8232,2045,2023-06-27T02:51:22,canceled,
8233,2046,2024-03-16T22:02:44,delivered,9.0
8234,2046,2024-01-20T06:46:45,delivered,6.0
8235,2046,2024-04-26T06:55:26,delivered,1.0
8236,2046,2023-05-01T07:33:33,delivered,4.0
8237,2047,2024-10-05T06:51:17,delivered,2.0
8238,2047,2024-06-13T16:10:52,delivered,5.0
8239,2048,2024-01-12T19:57:32,delivered,4.0
8240,2048,2024-10-13T15:54:43,canceled,
8241,2048,2023-12-24T07:50:15,delivered,3.0
8242,2049,2024-11-18T08:28:23,delivered,4.0
8243,2049,2024-09-03T22:06:05,delivered,6.0
8244,2049,2024-08-06T20:24:49,delivered,12.0
8245,2049,2024-10-31T07:54:45,canceled,
8246,2050,2024-02-03T20:44:04,canceled,
8247,2050,2024-10-26T20:41:09,delivered,1.0
8248,2050,2024-11-23T16:45:09,delivered,1.0
8249,2050,2024-11-11T03:02:20,shipped,
8250,2050,2024-01-25T13:11:25,delivered,4.0
8251,2050,2024-05-25T18:55:19,delivered,3.0
8252,2050,2024-07-28T07:40:22,delivered,9.0
8253,2051,2024-05-10T01:14:50,delivered,8.0
8254,2051,2024-03-05T15:49:08,shipped,
8255,2051,2024-07-17T09:46:43,delivered,2.0
8256,2051,2023-03-21T02:09:42,canceled,
8257,2052,2023-10-28T11:05:37,canceled,
8258,2052,2024-03-01T22:20:30,delivered,1.0
8259,2052,2024-02-24T02:50:46,delivered,12.0
8260,2052,2023-09-28T05:14:21,delivered,14.0
8261,2053,2024-12-27T22:55:27,shipped,
8262,2054,2024-09-30T13:56:46,shipped,
8263,2055,2024-10-05T10:54:02,delivered,2.0
8264,2055,2024-03-27T06:04:57,canceled,
8265,2055,2024-04-08T19:57:35,delivered,1.0
8266,2056,2023-02-24T22:44:23,shipped,
8267,2056,2023-11-25T01:44:18,canceled,
8268,2056,2024-11-13T21:17:24,delivered,9.0
8269,2056,2023-06-05T10:37:28,delivered,5.0
8270,2057,2024-09-18T00:31:09,canceled,
8271,2057,2024-07-25T09:41:36,delivered,2.0
8272,2057,2024-10-15T07:58:47,delivered,4.0
8273,2057,2024-10-20T11:02:22,delivered,4.0
8274,2057,2024-07-14T20:55:52,canceled,
8275,2057,2024-08-17T12:23:59,delivered,2.0
8276,2057,2024-03-30T10:31:50,delivered,2.0
8277,2057,2024-05-05T16:30:47,delivered,7.0
8278,2057,2024-09-28T08:38:22,shipped,
8279,2057,2024-10-14T19:13:15,canceled,
8280,2057,2024-10-31T18:19:04,delivered,4.0
8281,2058,2023-10-02T06:01:27,delivered,5.0
8282,2058,2024-07-17T14:11:32,delivered,6.0
8283,2058,2024-12-20T01:25:28,shipped,
8284,2058,2024-10-11T21:22:08,canceled,
8285,2059,2024-07-21T13:01:57,delivered,2.0
8286,2059,2024-08-14T23:38:37,delivered,7.0
8287,2059,2024-06-22T12:45:12,delivered,7.0
8288,2060,2023-12-26T19:20:49,delivered,4.0
8289,2061,2024-07-14T20:02:14,delivered,3.0
8290,2061,2024-09-15T03:08:46,delivered,1.0
8291,2061,2024-07-03T08:23:21,delivered,2.0
8292,2062,2024-09-29T15:08:08,delivered,6.0
8293,2062,2024-06-22T08:35:18,delivered,2.0
8294,2062,2024-10-08T10:34:59,shipped,
8295,2062,2024-08-18T23:53:04,delivered,3.0
8296,2062,2024-12-17T07:43:42,delivered,11.0
8297,2062,2024-06-26T23:22:32,canceled,
8298,2062,2024-06-04T08:59:03,delivered,7.0
8299,2062,2024-07-31T07:08:08,canceled,
8300,2062,2024-09-09T03:12:08,delivered,4.0
8301,2063,2024-11-22T11:58:03,delivered,3.0
8302,2063,2024-11-18T06:41:24,shipped,
8303,2063,2024-11-14T11:50:15,canceled,
8304,2063,2024-12-06T18:37:25,canceled,
8305,2063,2024-12-24T22:17:40,shipped,
8306,2063,2024-12-19T12:56:08,delivered,4.0
8307,2064,2023-12-13T04:20:34,canceled,
8308,2064,2023-06-16T14:06:38,delivered,2.0
8309,2064,2023-09-14T05:13:50,delivered,2.0
8310,2064,2023-09-02T11:46:37,delivered,7.0
8311,2065,2024-06-22T12:09:40,delivered,6.0
8312,2066,2023-11-08T06:54:07,canceled,
8313,2066,2023-12-20T00:36:04,canceled,
8314,2066,2024-05-10T22:02:05,canceled,
8315,2066,2024-12-22T15:03:06,delivered,8.0
8316,2066,2024-11-05T02:41:57,delivered,5.0
8317,2066,2024-03-10T11:24:23,delivered,4.0
8318,2066,2024-07-15T23:35:18,delivered,2.0
8319,2066,2024-05-15T17:27:08,canceled,
8320,2067,2024-02-26T14:04:06,shipped,
8321,2067,2023-11-25T03:14:24,canceled,
8322,2067,2024-12-23T20:25:23,canceled,
8323,2067,2024-11-25T20:01:49,delivered,4.0
8324,2067,2024-10-16T15:11:01,canceled,
8325,2067,2024-09-08T14:00:37,delivered,7.0
8326,2068,2023-07-23T19:39:47,delivered,2.0
8327,2069,2024-06-15T15:22:53,delivered,8.0
8328,2069,2024-09-20T10:18:34,shipped,
8329,2070,2024-02-03T15:14:43,shipped,
8330,2070,2024-09-10T20:37:07,delivered,7.0
8331,2071,2023-06-12T00:23:32,shipped,
8332,2071,2024-03-29T22:23:30,delivered,5.0
8333,2071,2024-06-22T19:13:03,shipped,
8334,2071,2024-02-24T01:34:33,delivered,5.0
8335,2071,2023-10-31T10:23:54,canceled,
8336,2071,2023-05-29T02:51:09,delivered,12.0
8337,2071,2023-11-12T19:13:47,canceled,
8338,2072,2024-04-11T23:14:40,shipped,
8339,2072,2023-07-14T05:04:17,shipped,
8340,2072,2023-05-12T16:55:08,delivered,1.0
8341,2072,2023-11-01T08:49:47,delivered,10.0
8342,2072,2024-10-10T22:28:29,canceled,
8343,2072,2023-07-23T04:22:04,delivered,2.0
8344,2072,2024-07-29T08:52:15,shipped,
8345,2072,2023-09-14T15:59:01,shipped,
8346,2073,2024-09-20T08:57:05,delivered,6.0
8347,2073,2024-09-16T21:35:46,delivered,4.0
8348,2073,2024-10-12T03:47:18,delivered,3.0
8349,2074,2024-09-16T13:43:08,delivered,5.0
8350,2074,2024-09-21T02:21:05,delivered,5.0
8351,2074,2024-09-28T23:09:17,delivered,1.0
8352,2075,2024-05-19T21:23:38,shipped,
8353,2076,2023-12-12T21:29:14,shipped,
8354,2076,2023-06-22T18:50:58,delivered,6.0
8355,2077,2024-05-20T10:32:35,delivered,15.0
8356,2077,2024-04-27T23:02:45,delivered,4.0
8357,2077,2024-06-27T00:46:11,canceled,
8358,2077,2024-11-07T10:10:43,shipped,
8359,2077,2024-07-20T06:13:08,delivered,8.0
8360,2077,2024-03-23T05:10:23,canceled,
8361,2077,2024-08-02T04:03:31,delivered,5.0
8362,2078,2023-08-26T09:56:23,delivered,4.0
8363,2078,2023-06-21T23:50:23,canceled,
8364,2079,2024-02-11T08:45:26,shipped,
8365,2079,2024-12-16T11:39:20,delivered,5.0
8366,2079,2023-12-25T08:50:37,delivered,4.0
8367,2079,2024-07-05T12:10:57,shipped,
8368,2079,2024-09-04T07:39:29,shipped,
8369,2079,2024-01-12T04:19:07,delivered,5.0
8370,2080,2024-09-30T14:56:50,shipped,
8371,2080,2024-01-04T22:33:54,delivered,1.0
8372,2080,2024-01-12T21:59:19,canceled,
8373,2080,2024-06-27T04:23:50,delivered,2.0
8374,2080,2023-11-14T01:56:10,delivered,3.0
8375,2080,2024-01-25T13:29:48,delivered,2.0
8376,2081,2024-12-19T18:34:39,shipped,
8377,2081,2024-12-18T08:49:22,delivered,6.0
8378,2082,2024-10-17T18:01:44,delivered,5.0
8379,2082,2024-07-31T14:27:21,shipped,
8380,2082,2024-11-03T18:39:45,canceled,
8381,2082,2024-07-29T19:51:11,delivered,8.0
8382,2082,2024-11-20T08:21:27,delivered,9.0
8383,2082,2024-10-04T03:13:48,delivered,6.0
8384,2082,2024-09-10T17:16:10,delivered,3.0
8385,2082,2024-11-26T01:06:55,delivered,2.0
8386,2083,2024-11-13T07:50:55,delivered,8.0
8387,2083,2024-12-31T03:21:45,canceled,
8388,2083,2024-11-21T00:45:40,delivered,2.0
8389,2084,2024-08-17T16:54:35,shipped,
8390,2084,2024-12-12T11:55:45,shipped,
8391,2084,2024-11-19T00:34:17,delivered,1.0
8392,2084,2024-03-06T10:04:35,delivered,3.0
8393,2084,2023-12-16T03:09:17,delivered,4.0
8394,2085,2024-07-05T14:09:38,delivered,11.0
8395,2085,2023-07-26T14:07:03,canceled,
8396,2085,2024-10-29T09:44:39,delivered,6.0
8397,2085,2023-08-25T23:20:13,delivered,6.0
8398,2085,2023-08-16T19:19:50,delivered,7.0
8399,2085,2023-06-20T18:38:14,delivered,11.0
8400,2086,2024-12-12T05:05:09,delivered,1.0
8401,2086,2024-07-23T13:28:01,delivered,7.0
8402,2086,2024-10-19T16:47:31,delivered,2.0
8403,2086,2024-05-17T23:40:13,delivered,2.0
8404,2086,2024-12-01T02:42:29,delivered,9.0
8405,2086,2024-06-25T21:16:14,canceled,
8406,2087,2024-08-13T17:22:10,canceled,
8407,2087,2024-09-03T02:29:08,shipped,
8408,2087,2024-10-23T15:25:06,shipped,
8409,2088,2023-09-17T19:51:45,delivered,7.0
8410,2088,2024-05-26T18:41:58,delivered,9.0
8411,2088,2023-07-29T11:05:40,delivered,1.0
8412,2088,2024-06-15T16:37:27,delivered,1.0
8413,2089,2024-06-15T14:08:11,delivered,7.0
8414,2089,2024-12-18T15:35:49,delivered,4.0
8415,2090,2024-04-30T12:12:11,delivered,6.0
8416,2090,2024-04-24T04:19:41,delivered,5.0
8417,2090,2024-03-22T12:17:29,canceled,
8418,2090,2024-09-17T20:44:28,delivered,4.0
8419,2090,2024-06-16T14:54:05,delivered,1.0
8420,2091,2024-01-07T12:34:05,delivered,4.0
8421,2092,2024-12-06T08:39:08,delivered,3.0
8422,2092,2024-11-10T23:30:21,delivered,15.0
8423,2093,2024-12-21T15:41:47,canceled,
8424,2093,2023-08-03T09:12:24,delivered,4.0
8425,2093,2024-12-12T19:40:03,delivered,4.0
8426,2093,2023-11-27T00:07:18,delivered,10.0
8427,2093,2024-03-02T00:20:58,shipped,
8428,2093,2024-04-02T17:50:23,delivered,2.0
8429,2093,2023-08-09T03:51:38,delivered,7.0
8430,2093,2023-07-24T05:23:25,delivered,4.0
8431,2094,2024-09-30T01:41:27,shipped,
8432,2094,2023-02-03T09:52:31,delivered,5.0
8433,2094,2024-09-07T04:03:23,shipped,
8434,2095,2024-08-27T09:42:39,shipped,
8435,2095,2023-11-07T14:52:31,shipped,
8436,2095,2024-01-08T14:09:27,delivered,3.0
8437,2095,2023-08-31T16:34:52,canceled,
8438,2095,2023-12-30T21:45:45,delivered,4.0
8439,2095,2023-12-25T14:00:27,shipped,
8440,2095,2024-12-28T23:01:45,shipped,
8441,2095,2024-03-21T03:30:20,canceled,
8442,2096,2024-04-10T05:57:56,delivered,3.0
8443,2096,2024-04-28T01:23:23,shipped,
8444,2096,2024-04-16T01:29:26,delivered,6.0
8445,2096,2024-12-30T19:27:08,delivered,6.0
8446,2097,2024-09-13T19:24:03,canceled,
8447,2097,2024-08-05T16:05:21,shipped,
8448,2098,2024-01-02T08:13:07,shipped,
8449,2098,2024-08-07T16:47:43,delivered,8.0
8450,2098,2024-11-12T02:56:16,delivered,7.0
8451,2099,2024-06-27T10:03:59,shipped,
8452,2099,2024-06-20T20:06:05,canceled,
8453,2099,2024-10-13T02:44:11,delivered,2.0
8454,2099,2024-07-15T17:17:07,shipped,
8455,2100,2024-12-27T13:01:26,delivered,5.0
8456,2100,2024-11-17T17:31:54,delivered,1.0
8457,2100,2024-12-13T00:25:08,delivered,7.0
8458,2100,2024-11-26T14:26:45,canceled,
8459,2100,2024-11-22T06:30:14,delivered,5.0
8460,2101,2024-12-02T11:43:09,delivered,6.0
8461,2101,2024-08-14T16:45:58,canceled,
8462,2101,2023-06-01T17:11:39,shipped,
8463,2101,2023-06-20T20:47:39,shipped,
8464,2101,2024-08-28T10:09:19,delivered,5.0
8465,2101,2024-11-12T13:33:08,delivered,11.0
8466,2102,2024-10-08T14:42:28,canceled,
8467,2102,2024-09-30T17:33:54,canceled,
8468,2103,2023-09-17T02:03:58,canceled,
8469,2103,2023-08-12T05:11:16,shipped,
8470,2103,2024-06-24T13:36:11,delivered,7.0
8471,2103,2024-03-27T10:50:35,delivered,5.0
8472,2104,2024-05-26T01:30:08,delivered,3.0
8473,2104,2024-09-04T05:38:04,delivered,9.0
8474,2104,2024-07-07T19:41:07,shipped,
8475,2104,2024-02-06T11:39:58,delivered,8.0
8476,2105,2024-02-28T23:22:37,delivered,13.0
8477,2105,2023-08-09T16:37:00,delivered,3.0
8478,2106,2024-10-29T07:02:15,delivered,2.0
8479,2106,2024-02-24T15:18:28,delivered,13.0
8480,2106,2024-03-05T14:07:31,shipped,
8481,2107,2024-08-23T18:23:57,delivered,11.0
8482,2107,2024-12-11T20:02:10,canceled,
8483,2108,2024-06-02T16:04:03,delivered,2.0
8484,2109,2024-11-12T12:32:36,shipped,
8485,2109,2024-04-21T10:53:49,delivered,1.0
8486,2110,2023-09-04T10:05:11,delivered,6.0
8487,2110,2024-04-03T19:35:37,canceled,
8488,2110,2024-11-25T20:22:13,delivered,1.0
8489,2110,2023-09-08T18:58:57,delivered,5.0
8490,2110,2024-07-09T19:18:26,delivered,12.0
8491,2111,2024-12-16T09:57:59,delivered,2.0
8492,2111,2024-12-23T16:11:59,delivered,3.0
8493,2111,2024-12-14T07:02:11,delivered,10.0
8494,2112,2023-09-28T18:06:22,delivered,12.0
8495,2112,2024-08-27T19:00:11,canceled,
8496,2112,2024-01-12T06:21:40,delivered,6.0
8497,2112,2024-07-22T19:28:41,delivered,8.0
8498,2113,2024-07-25T14:45:16,delivered,3.0
8499,2113,2024-07-31T19:20:34,canceled,
8500,2114,2024-09-28T02:19:06,delivered,6.0
8501,2114,2024-10-24T18:58:43,delivered,5.0
8502,2114,2024-12-27T22:42:06,delivered,4.0
8503,2114,2024-12-13T11:27:58,delivered,4.0
8504,2114,2024-09-08T03:43:52,delivered,1.0
8505,2114,2024-11-23T20:37:54,delivered,8.0
8506,2115,2024-10-13T13:27:23,canceled,
8507,2115,2024-09-05T14:06:51,delivered,6.0
8508,2115,2024-10-26T13:37:08,delivered,4.0
8509,2115,2024-11-21T20:26:02,delivered,1.0
8510,2115,2024-09-08T11:32:51,delivered,3.0
8511,2115,2024-07-21T06:33:00,delivered,1.0
8512,2115,2024-08-20T03:00:18,delivered,6.0
8513,2116,2024-10-23T01:52:29,delivered,5.0
8514,2116,2024-07-20T13:06:14,delivered,4.0
8515,2117,2024-06-22T05:26:58,shipped,
8516,2117,2024-05-08T02:24:48,shipped,
8517,2118,2024-12-27T09:33:44,shipped,
8518,2118,2024-12-12T14:12:03,shipped,
8519,2119,2024-09-30T05:01:55,shipped,
8520,2119,2024-10-28T18:35:08,delivered,2.0
8521,2119,2024-09-26T16:58:30,delivered,5.0
8522,2120,2024-07-17T14:17:09,shipped,
8523,2121,2024-09-26T22:22:21,canceled,
8524,2121,2024-10-29T10:48:37,delivered,3.0
8525,2121,2024-05-21T05:21:13,delivered,1.0
8526,2122,2024-01-10T18:16:42,shipped,
8527,2122,2023-11-06T09:45:15,delivered,6.0
8528,2122,2023-10-11T02:59:21,delivered,4.0
8529,2122,2023-06-28T01:33:40,shipped,
8530,2123,2024-10-08T20:38:53,delivered,4.0
8531,2123,2024-08-27T05:12:54,delivered,2.0
8532,2123,2024-08-25T12:25:26,canceled,
8533,2124,2024-09-12T23:29:57,canceled,
8534,2124,2024-08-28T07:39:12,delivered,8.0
8535,2124,2024-09-04T14:06:57,canceled,
8536,2125,2024-10-12T00:17:09,delivered,9.0
8537,2125,2024-09-29T13:32:11,delivered,3.0
8538,2126,2024-07-18T06:24:16,delivered,3.0
8539,2126,2024-11-27T18:32:58,canceled,
8540,2126,2024-06-25T15:30:57,delivered,7.0
8541,2126,2024-08-21T23:08:58,delivered,3.0
8542,2126,2024-07-19T05:06:33,delivered,3.0
8543,2126,2024-10-02T09:22:36,delivered,11.0
8544,2127,2024-02-17T02:00:25,canceled,
8545,2127,2024-08-26T10:06:28,delivered,7.0
8546,2127,2023-11-09T09:52:57,delivered,8.0
8547,2127,2023-09-10T05:26:03,delivered,5.0
8548,2127,2024-01-07T22:27:18,delivered,14.0
8549,2128,2024-04-15T04:02:37,delivered,2.0
8550,2128,2024-11-06T00:45:18,canceled,
8551,2128,2024-10-27T18:08:22,shipped,
8552,2129,2024-12-11T23:34:32,delivered,1.0
8553,2129,2024-01-30T10:56:19,canceled,
8554,2129,2024-06-07T11:51:53,canceled,
8555,2129,2024-05-06T02:31:36,delivered,3.0
8556,2129,2024-04-13T19:09:59,delivered,8.0
8557,2129,2023-06-26T10:52:02,delivered,2.0
8558,2129,2023-10-07T20:49:18,delivered,2.0
8559,2129,2024-02-28T18:41:51,delivered,3.0
8560,2130,2023-04-05T07:00:15,delivered,3.0
8561,2130,2023-10-02T06:49:28,canceled,
8562,2130,2023-09-29T17:52:20,canceled,
8563,2130,2023-08-27T14:09:29,delivered,1.0
8564,2130,2023-09-15T08:34:05,shipped,
8565,2130,2023-04-22T17:47:23,delivered,2.0
8566,2130,2024-01-30T20:43:14,delivered,3.0
8567,2130,2024-02-05T21:04:25,canceled,
8568,2130,2023-07-19T20:30:19,delivered,8.0
8569,2131,2024-03-07T08:43:35,delivered,3.0
8570,2131,2024-07-01T00:58:09,delivered,1.0
8571,2131,2023-11-26T18:31:26,delivered,6.0
8572,2131,2023-07-30T01:27:34,shipped,
8573,2132,2023-11-18T01:32:52,shipped,
8574,2132,2023-07-21T19:15:55,shipped,
8575,2133,2024-04-05T02:34:50,delivered,9.0
8576,2133,2024-12-07T03:21:19,delivered,3.0
8577,2133,2024-05-17T12:49:55,shipped,
8578,2134,2024-07-20T06:58:14,shipped,
8579,2134,2024-02-04T02:07:19,canceled,
8580,2134,2024-09-03T22:55:21,canceled,
8581,2134,2024-06-25T15:38:29,delivered,2.0
8582,2135,2024-09-06T00:43:27,delivered,3.0
8583,2136,2024-07-16T12:23:19,delivered,3.0
8584,2136,2024-05-23T04:36:39,canceled,
8585,2137,2023-12-31T12:43:25,delivered,8.0
8586,2137,2024-07-05T22:09:06,delivered,6.0
8587,2137,2024-05-08T15:42:07,delivered,1.0
8588,2138,2024-10-13T14:26:16,canceled,
8589,2138,2024-08-20T14:59:26,shipped,
8590,2138,2024-10-23T11:06:18,delivered,2.0
8591,2138,2024-06-19T03:59:43,delivered,2.0
8592,2138,2024-08-24T17:48:27,canceled,
8593,2138,2024-12-27T17:17:00,delivered,1.0
8594,2138,2024-08-01T05:21:42,delivered,6.0
8595,2138,2024-12-09T08:07:11,delivered,5.0
8596,2138,2024-07-28T23:22:54,canceled,
8597,2138,2024-12-17T08:34:02,delivered,2.0
8598,2139,2024-05-09T17:58:44,delivered,3.0
8599,2140,2024-12-13T02:51:30,delivered,1.0
8600,2140,2024-11-21T21:47:20,delivered,1.0
8601,2141,2024-09-16T05:55:22,canceled,
8602,2141,2024-11-15T22:09:02,delivered,4.0
8603,2141,2024-08-06T18:30:11,canceled,
8604,2141,2024-05-09T14:22:22,shipped,
8605,2142,2024-08-10T12:39:26,canceled,
8606,2142,2024-11-24T01:44:30,canceled,
8607,2143,2024-10-05T13:29:27,delivered,7.0
8608,2143,2023-09-09T07:43:05,delivered,1.0
8609,2143,2023-12-15T17:53:03,delivered,2.0
8610,2144,2024-11-14T00:36:06,delivered,6.0
8611,2144,2024-09-16T08:54:14,shipped,
8612,2144,2024-11-09T03:58:25,shipped,
8613,2145,2024-05-29T10:11:17,delivered,3.0
8614,2145,2024-07-15T09:05:16,delivered,4.0
8615,2146,2024-08-08T02:25:52,delivered,3.0
8616,2146,2024-12-21T17:42:32,delivered,11.0
8617,2146,2024-11-06T06:00:30,canceled,
8618,2146,2024-11-14T21:46:03,shipped,
8619,2146,2024-11-18T00:48:08,delivered,3.0
8620,2146,2024-08-01T22:14:08,delivered,9.0
8621,2146,2024-08-24T03:05:33,canceled,
8622,2146,2024-09-15T20:02:55,shipped,
8623,2147,2024-07-03T15:41:02,delivered,3.0
8624,2148,2024-04-18T00:48:50,shipped,
8625,2148,2024-03-29T13:44:29,delivered,5.0
8626,2149,2024-06-10T22:55:06,shipped,
8627,2149,2024-06-18T14:43:10,delivered,2.0
8628,2150,2024-11-17T11:32:50,canceled,
8629,2150,2024-12-08T13:54:35,delivered,5.0
8630,2150,2024-11-02T15:08:52,shipped,
8631,2150,2024-11-10T12:19:05,delivered,5.0
8632,2151,2024-11-05T19:28:04,delivered,15.0
8633,2151,2024-10-09T09:14:47,canceled,
8634,2151,2024-09-01T01:25:36,shipped,
8635,2151,2024-08-29T22:08:08,delivered,1.0
8636,2151,2024-12-01T16:06:37,shipped,
8637,2151,2024-09-25T05:00:46,shipped,
8638,2151,2024-11-14T17:15:05,delivered,5.0
8639,2152,2024-10-16T03:24:53,delivered,10.0
8640,2152,2024-06-12T01:56:22,delivered,1.0
8641,2152,2024-09-03T11:19:10,delivered,3.0
8642,2152,2024-05-26T17:14:52,canceled,
8643,2153,2024-12-18T00:12:35,delivered,1.0
8644,2153,2023-07-11T03:17:06,delivered,1.0
8645,2153,2023-12-15T04:16:32,delivered,11.0
8646,2153,2024-03-13T00:17:32,delivered,11.0
8647,2154,2024-06-22T23:23:38,shipped,
8648,2154,2024-11-28T02:50:25,shipped,
8649,2154,2024-05-02T09:42:19,delivered,6.0
8650,2155,2024-10-31T11:44:04,delivered,10.0
8651,2156,2024-12-17T15:31:13,shipped,
8652,2157,2024-11-20T19:51:18,canceled,
8653,2157,2024-01-11T22:36:40,delivered,1.0
8654,2157,2024-11-14T21:30:04,delivered,6.0
8655,2157,2023-08-17T22:10:19,delivered,8.0
8656,2157,2023-06-23T13:41:06,delivered,13.0
8657,2157,2024-08-09T23:07:18,shipped,
8658,2157,2023-06-27T13:43:33,delivered,6.0
8659,2158,2024-12-13T20:54:03,shipped,
8660,2158,2024-11-15T18:17:25,canceled,
8661,2158,2024-06-04T16:36:02,delivered,1.0
8662,2158,2024-06-13T21:44:28,delivered,11.0
8663,2158,2024-10-08T16:53:34,delivered,4.0
8664,2159,2024-11-22T18:27:28,delivered,6.0
8665,2159,2024-08-10T04:50:46,delivered,4.0
8666,2159,2024-06-20T08:33:22,delivered,2.0
8667,2159,2023-05-26T06:23:50,delivered,6.0
8668,2159,2024-01-31T16:20:24,delivered,6.0
8669,2160,2024-07-07T13:24:05,delivered,5.0
8670,2160,2024-10-17T13:05:07,delivered,2.0
8671,2160,2023-11-06T09:02:57,delivered,3.0
8672,2160,2024-09-15T20:24:20,shipped,
8673,2160,2024-06-27T00:32:53,delivered,4.0
8674,2160,2024-07-30T23:54:15,delivered,9.0
8675,2161,2024-03-03T22:31:07,delivered,6.0
8676,2161,2023-08-29T18:08:15,canceled,
8677,2161,2024-09-08T02:29:29,canceled,
8678,2162,2024-12-12T00:22:10,delivered,5.0
8679,2162,2024-10-04T03:01:32,delivered,5.0
8680,2162,2024-04-11T10:41:23,shipped,
8681,2162,2024-06-26T00:06:40,canceled,
8682,2162,2024-04-01T19:42:20,canceled,
8683,2162,2024-01-09T04:04:14,canceled,
8684,2162,2024-12-05T05:45:55,delivered,4.0
8685,2163,2024-04-25T08:43:25,delivered,4.0
8686,2163,2024-08-25T09:07:28,delivered,4.0
8687,2164,2024-12-25T16:34:17,delivered,8.0
8688,2164,2024-12-25T05:58:09,shipped,
8689,2164,2024-12-20T05:11:40,delivered,5.0
8690,2165,2024-03-26T16:20:27,delivered,3.0
8691,2165,2023-09-30T18:35:53,delivered,2.0
8692,2165,2024-01-06T12:08:47,canceled,
8693,2165,2024-10-05T21:47:37,delivered,18.0
8694,2165,2024-05-29T00:48:49,delivered,1.0
8695,2165,2024-03-12T01:10:40,delivered,7.0
8696,2166,2024-09-23T03:16:20,delivered,8.0
8697,2167,2024-07-29T09:20:54,delivered,6.0
8698,2167,2024-05-19T13:15:38,delivered,4.0
8699,2167,2024-02-26T09:00:17,delivered,1.0
8700,2167,2024-09-20T02:43:49,delivered,2.0
8701,2167,2024-12-10T22:33:45,delivered,3.0
8702,2167,2024-11-12T07:09:02,delivered,4.0
8703,2167,2024-11-25T11:12:14,shipped,
8704,2167,2024-07-10T10:43:28,delivered,12.0
8705,2167,2024-10-23T00:03:08,delivered,5.0
8706,2167,2024-05-30T08:24:38,delivered,6.0
8707,2168,2024-09-19T23:42:45,delivered,2.0
8708,2168,2024-11-02T17:40:28,shipped,
8709,2169,2024-10-31T11:14:53,delivered,2.0
8710,2169,2024-11-27T19:56:09,delivered,8.0
8711,2169,2024-12-06T00:53:32,shipped,
8712,2170,2024-07-05T02:45:47,shipped,
8713,2170,2024-02-10T21:47:36,delivered,2.0
8714,2171,2024-09-21T13:15:08,delivered,2.0
8715,2171,2024-11-13T03:07:25,delivered,8.0
8716,2172,2024-08-28T10:12:15,delivered,2.0
8717,2172,2024-06-05T20:57:59,delivered,7.0
8718,2173,2024-11-23T03:27:40,delivered,3.0
8719,2173,2024-12-29T05:30:44,canceled,
8720,2173,2024-06-28T21:12:33,delivered,12.0
8721,2174,2024-09-11T17:49:32,canceled,
8722,2174,2024-07-09T22:07:10,delivered,13.0
8723,2175,2023-10-11T00:05:40,delivered,3.0
8724,2175,2023-07-02T18:39:12,delivered,8.0
8725,2175,2023-12-08T13:15:17,delivered,2.0
8726,2175,2024-07-26T16:23:21,delivered,3.0
8727,2175,2024-07-24T22:34:46,delivered,3.0
8728,2175,2023-11-06T08:18:56,canceled,
8729,2175,2023-07-12T09:03:44,canceled,
8730,2176,2024-12-28T12:49:26,delivered,5.0
8731,2177,2024-10-10T04:59:54,canceled,
8732,2177,2024-08-17T23:04:17,delivered,5.0
8733,2178,2024-12-14T01:01:15,shipped,
8734,2178,2024-12-30T15:37:24,shipped,
8735,2179,2024-08-03T06:18:21,delivered,1.0
8736,2180,2024-05-04T14:03:35,shipped,
8737,2180,2024-08-29T07:05:05,delivered,5.0
8738,2180,2024-02-19T19:02:54,delivered,10.0
8739,2181,2024-12-14T23:21:41,delivered,13.0
8740,2181,2023-08-14T07:55:34,delivered,1.0
8741,2181,2024-05-17T07:16:48,delivered,4.0
8742,2181,2023-05-20T05:46:22,delivered,11.0
8743,2181,2024-07-09T19:42:55,delivered,5.0
8744,2182,2023-11-14T09:23:58,delivered,5.0
8745,2182,2023-09-10T09:56:34,delivered,4.0
8746,2182,2024-09-25T10:54:22,canceled,
8747,2182,2024-03-04T11:42:51,delivered,1.0
8748,2183,2024-10-05T08:58:58,canceled,
8749,2184,2024-12-25T10:06:46,canceled,
8750,2184,2024-12-31T13:26:11,delivered,1.0
8751,2185,2024-06-11T11:34:58,delivered,1.0
8752,2186,2024-06-20T11:43:57,canceled,
8753,2186,2024-11-25T15:25:11,delivered,1.0
8754,2186,2024-11-25T06:18:33,delivered,5.0
8755,2186,2024-12-05T16:08:56,delivered,6.0
8756,2186,2024-12-19T06:00:28,delivered,9.0
8757,2187,2024-04-17T15:38:35,delivered,6.0
8758,2187,2024-06-11T00:12:41,delivered,5.0
8759,2187,2024-11-23T01:42:49,shipped,
8760,2188,2024-10-02T00:09:25,shipped,
8761,2188,2023-10-29T01:18:39,shipped,
8762,2189,2023-09-07T23:32:49,canceled,
8763,2189,2024-01-23T05:15:00,delivered,3.0
8764,2189,2023-10-16T07:42:12,delivered,6.0
8765,2189,2024-06-28T00:24:32,delivered,5.0
8766,2190,2024-12-04T06:06:37,delivered,2.0
8767,2190,2024-12-05T04:57:30,delivered,5.0
8768,2190,2024-12-13T18:39:35,shipped,
8769,2190,2024-11-20T09:07:32,delivered,4.0
8770,2190,2024-07-13T06:29:18,delivered,17.0
8771,2191,2024-04-17T00:27:24,delivered,2.0
8772,2191,2024-04-26T13:49:39,shipped,
8773,2192,2024-09-07T20:27:47,shipped,
8774,2192,2024-12-30T01:49:11,shipped,
8775,2192,2024-05-21T06:48:02,delivered,4.0
8776,2192,2024-12-20T13:57:05,delivered,3.0
8777,2192,2024-10-06T16:37:42,canceled,
8778,2192,2024-05-28T03:44:34,delivered,7.0
8779,2193,2024-08-02T08:32:43,delivered,4.0
8780,2194,2024-12-21T17:46:48,delivered,2.0
8781,2194,2024-10-28T00:46:43,delivered,7.0
8782,2194,2024-07-24T18:25:40,delivered,4.0
8783,2194,2024-04-14T04:55:35,shipped,
8784,2194,2024-11-21T15:31:27,canceled,
8785,2194,2024-11-19T06:42:14,canceled,
8786,2195,2024-08-31T22:36:16,shipped,
8787,2195,2024-05-27T02:58:31,shipped,
8788,2195,2023-10-18T01:37:08,delivered,5.0
8789,2195,2023-11-03T23:27:17,canceled,
8790,2195,2023-10-16T08:27:12,delivered,17.0
8791,2195,2023-12-07T04:09:55,canceled,
8792,2196,2024-01-18T07:21:15,delivered,5.0
8793,2196,2024-09-06T03:09:18,delivered,1.0
8794,2196,2024-02-22T04:00:46,canceled,
8795,2196,2024-07-22T16:58:36,delivered,4.0
8796,2197,2024-07-04T05:18:27,delivered,3.0
8797,2197,2024-10-24T18:12:45,shipped,
8798,2197,2024-12-01T04:10:30,shipped,
8799,2197,2024-11-23T12:13:34,delivered,6.0
8800,2197,2024-11-06T04:22:06,delivered,4.0
8801,2197,2024-06-14T00:50:40,canceled,
8802,2197,2024-03-18T20:38:14,shipped,
8803,2197,2024-08-27T09:01:48,shipped,
8804,2197,2024-06-17T08:33:48,delivered,8.0
8805,2198,2024-05-02T02:55:24,canceled,
8806,2198,2024-11-10T04:23:15,canceled,
8807,2198,2024-11-09T23:48:31,canceled,
8808,2198,2024-05-14T02:22:07,delivered,3.0
8809,2199,2023-09-18T23:21:17,delivered,5.0
8810,2199,2024-04-26T19:26:11,shipped,
8811,2199,2023-09-24T22:08:49,delivered,4.0
8812,2199,2024-09-21T22:19:36,shipped,
8813,2199,2024-02-19T03:07:20,delivered,5.0
8814,2199,2024-01-27T14:10:33,delivered,1.0
8815,2199,2024-04-07T01:45:15,delivered,1.0
8816,2200,2024-10-27T23:51:55,delivered,2.0
8817,2200,2024-10-31T13:40:18,delivered,6.0
8818,2200,2024-12-19T22:42:48,delivered,3.0
8819,2200,2024-12-04T22:02:19,delivered,13.0
8820,2200,2024-12-11T11:56:52,delivered,7.0
8821,2200,2024-12-31T07:07:30,shipped,
8822,2200,2024-12-18T14:01:31,canceled,
8823,2201,2024-12-10T20:33:36,delivered,3.0
8824,2201,2024-12-26T03:51:33,delivered,5.0
8825,2201,2024-12-01T00:15:47,delivered,3.0
8826,2201,2024-12-09T06:24:07,delivered,4.0
8827,2201,2024-12-07T00:49:58,delivered,3.0
8828,2201,2024-12-21T04:40:53,delivered,3.0
8829,2201,2024-12-15T19:20:10,shipped,
8830,2202,2024-08-16T23:40:33,delivered,5.0
8831,2202,2024-05-04T03:35:10,delivered,4.0
8832,2202,2024-05-20T18:18:31,delivered,4.0
8833,2202,2024-05-29T15:49:41,canceled,
8834,2203,2024-07-03T23:58:24,delivered,11.0
8835,2203,2024-05-28T12:19:42,delivered,7.0
8836,2203,2024-07-27T16:02:09,shipped,
8837,2203,2024-04-08T21:39:59,delivered,7.0
8838,2203,2024-03-04T02:25:44,canceled,
8839,2204,2023-02-18T21:23:20,delivered,6.0
8840,2204,2023-11-24T11:19:57,shipped,
8841,2205,2024-12-22T13:37:19,delivered,7.0
8842,2205,2024-12-17T22:23:31,delivered,2.0
8843,2205,2024-11-19T21:11:32,canceled,
8844,2206,2024-12-14T14:12:47,canceled,
8845,2206,2024-12-08T05:31:29,delivered,2.0
8846,2207,2024-10-07T03:46:43,delivered,7.0
8847,2207,2024-11-17T02:23:31,delivered,3.0
8848,2207,2024-11-02T20:02:56,delivered,11.0
8849,2208,2024-07-28T22:43:00,delivered,1.0
8850,2208,2023-10-09T20:42:36,delivered,3.0
8851,2208,2024-09-12T15:14:06,delivered,18.0
8852,2209,2024-11-30T23:31:30,delivered,3.0
8853,2209,2024-11-10T06:18:47,delivered,4.0
8854,2209,2024-12-30T07:25:40,delivered,5.0
8855,2209,2024-10-08T12:12:50,canceled,
8856,2210,2024-12-30T16:28:16,delivered,4.0
8857,2210,2024-12-30T07:47:07,delivered,4.0
8858,2211,2024-09-02T22:51:21,delivered,4.0
8859,2211,2024-02-27T14:31:45,delivered,7.0
8860,2212,2024-09-09T03:25:06,shipped,
8861,2212,2024-03-18T02:49:20,delivered,1.0
8862,2213,2024-08-05T11:47:14,delivered,9.0
8863,2214,2024-11-05T16:46:30,delivered,2.0
8864,2214,2024-04-28T09:25:00,shipped,
8865,2214,2023-12-11T13:47:16,delivered,1.0
8866,2215,2024-01-21T21:22:09,delivered,5.0
8867,2215,2024-07-02T02:17:54,delivered,3.0
8868,2215,2024-01-12T05:51:40,delivered,1.0
8869,2215,2024-07-25T01:41:14,delivered,6.0
8870,2215,2023-12-18T12:10:31,delivered,5.0
8871,2215,2024-12-31T03:11:23,delivered,6.0
8872,2215,2023-12-29T19:49:59,shipped,
8873,2215,2024-02-13T10:34:18,delivered,3.0
8874,2215,2024-08-26T02:38:07,shipped,
8875,2216,2024-11-29T15:54:35,canceled,
8876,2216,2024-12-13T13:43:10,delivered,8.0
8877,2216,2024-10-13T17:40:36,delivered,8.0
8878,2216,2024-11-08T13:21:15,canceled,
8879,2216,2024-10-15T23:00:45,delivered,2.0
8880,2216,2024-12-18T06:17:18,delivered,5.0
8881,2216,2024-10-16T06:43:57,delivered,1.0
8882,2216,2024-11-20T14:01:10,delivered,4.0
8883,2217,2024-11-20T03:04:32,shipped,
8884,2217,2024-09-30T02:22:57,delivered,1.0
8885,2217,2024-10-01T16:05:24,delivered,6.0
8886,2217,2024-10-14T02:01:20,delivered,8.0
8887,2217,2024-10-25T04:34:33,delivered,4.0
8888,2217,2024-09-13T18:09:20,canceled,
8889,2217,2024-10-22T02:44:11,delivered,6.0
8890,2217,2024-10-27T14:17:07,delivered,8.0
8891,2218,2024-11-01T01:42:16,delivered,6.0
8892,2218,2024-02-22T12:36:43,delivered,2.0
8893,2219,2024-12-22T23:02:35,delivered,6.0
8894,2219,2024-12-15T06:39:01,canceled,
8895,2219,2024-11-19T12:23:54,delivered,4.0
8896,2219,2024-12-13T19:49:14,delivered,6.0
8897,2220,2024-11-23T17:13:32,delivered,4.0
8898,2220,2024-10-26T21:42:14,delivered,6.0
8899,2221,2024-11-22T10:45:24,delivered,9.0
8900,2221,2024-10-03T21:11:19,canceled,
8901,2222,2023-11-25T14:47:22,delivered,4.0
8902,2222,2024-12-02T16:56:52,shipped,
8903,2222,2024-01-08T07:46:21,canceled,
8904,2222,2024-09-05T20:51:41,delivered,6.0
8905,2222,2024-09-22T10:59:53,shipped,
8906,2223,2024-12-22T14:23:03,shipped,
8907,2223,2024-12-10T11:57:46,delivered,7.0
8908,2224,2024-10-13T21:21:03,delivered,2.0
8909,2224,2024-05-22T17:27:48,delivered,1.0
8910,2224,2024-05-29T09:49:25,delivered,1.0
8911,2224,2024-08-19T10:15:13,canceled,
8912,2224,2024-11-11T21:53:04,delivered,2.0
8913,2224,2024-06-14T12:11:56,canceled,
8914,2224,2024-06-21T00:22:55,delivered,15.0
8915,2225,2024-11-16T07:55:39,delivered,3.0
8916,2225,2024-08-02T20:26:54,delivered,3.0
8917,2226,2024-12-27T14:23:11,delivered,7.0
8918,2226,2024-11-13T20:30:15,delivered,4.0
8919,2227,2024-09-12T23:19:20,shipped,
8920,2227,2023-12-30T18:49:23,canceled,
8921,2227,2024-10-15T11:40:03,delivered,2.0
8922,2227,2024-03-14T19:22:39,canceled,
8923,2227,2024-04-13T01:20:24,delivered,6.0
8924,2227,2024-09-25T03:09:16,delivered,8.0
8925,2227,2024-04-30T23:06:18,delivered,3.0
8926,2227,2024-10-06T14:17:48,delivered,3.0
8927,2227,2024-02-05T18:24:03,delivered,3.0
8928,2227,2024-04-07T03:01:56,canceled,
8929,2227,2024-02-25T21:34:55,shipped,
8930,2227,2024-01-27T08:53:16,shipped,
8931,2228,2024-11-23T00:07:12,delivered,2.0
8932,2228,2024-12-11T18:58:39,canceled,
8933,2228,2024-11-05T13:01:49,shipped,
8934,2228,2024-12-05T22:29:14,canceled,
8935,2228,2024-12-13T06:44:51,delivered,1.0
8936,2229,2023-12-07T18:11:50,delivered,7.0
8937,2230,2024-07-20T19:18:53,delivered,7.0
8938,2230,2023-11-18T13:46:04,canceled,
8939,2230,2024-03-25T02:11:52,canceled,
8940,2231,2024-08-08T17:30:26,delivered,1.0
8941,2231,2024-02-01T21:07:45,canceled,
8942,2232,2024-10-20T21:31:32,delivered,1.0
8943,2232,2024-09-21T05:53:26,delivered,2.0
8944,2232,2024-10-25T15:38:19,shipped,
8945,2233,2024-11-28T15:49:34,delivered,2.0
8946,2233,2024-12-09T06:23:21,delivered,2.0
8947,2234,2024-12-14T12:01:56,canceled,
8948,2235,2024-01-17T13:39:09,delivered,5.0
8949,2236,2024-09-02T23:37:24,shipped,
8950,2236,2024-08-22T11:32:57,delivered,4.0
8951,2236,2024-10-23T10:22:54,delivered,10.0
8952,2236,2024-12-18T07:35:35,canceled,
8953,2237,2024-07-05T18:18:35,delivered,5.0
8954,2237,2024-11-02T19:22:20,canceled,
8955,2237,2024-10-01T14:47:36,delivered,10.0
8956,2237,2023-11-12T01:08:01,delivered,4.0
8957,2237,2023-12-24T19:18:19,delivered,10.0
8958,2238,2024-05-29T01:09:52,delivered,8.0
8959,2239,2023-05-22T09:16:09,delivered,4.0
8960,2239,2024-12-05T16:12:28,delivered,3.0
8961,2239,2023-10-30T05:04:18,delivered,6.0
8962,2239,2024-11-19T12:43:34,delivered,10.0
8963,2239,2023-02-10T16:06:45,shipped,
8964,2239,2024-05-04T17:14:46,canceled,
8965,2239,2023-05-02T01:43:00,delivered,13.0
8966,2239,2024-02-08T09:39:25,delivered,2.0
8967,2239,2024-05-08T19:01:53,delivered,2.0
8968,2240,2024-12-29T03:48:11,delivered,3.0
8969,2240,2024-12-30T12:42:59,delivered,2.0
8970,2240,2024-12-27T04:52:17,shipped,
8971,2240,2024-12-26T22:53:05,delivered,3.0
8972,2241,2023-07-28T11:13:10,canceled,
8973,2241,2024-08-30T08:34:44,delivered,2.0
8974,2242,2024-06-08T11:16:54,delivered,1.0
8975,2242,2024-01-19T03:43:51,delivered,1.0
8976,2242,2024-12-16T18:15:04,delivered,12.0
8977,2242,2024-04-23T16:37:43,delivered,6.0
8978,2242,2024-09-17T16:11:15,delivered,5.0
8979,2242,2024-03-28T20:14:11,delivered,7.0
8980,2243,2024-12-02T10:47:48,delivered,1.0
8981,2244,2024-11-25T03:26:12,delivered,3.0
8982,2245,2024-06-21T17:59:37,delivered,2.0
8983,2245,2024-10-06T19:56:20,delivered,7.0
8984,2245,2024-08-11T07:25:41,delivered,6.0
8985,2246,2023-07-21T06:01:36,canceled,
8986,2246,2024-12-10T07:23:42,canceled,
8987,2246,2024-03-24T20:48:42,canceled,
8988,2247,2024-10-02T02:47:15,delivered,5.0
8989,2247,2024-08-05T02:58:24,canceled,
8990,2247,2024-09-29T20:23:33,delivered,12.0
8991,2247,2024-08-18T21:24:35,delivered,3.0
8992,2247,2024-11-30T02:03:24,delivered,5.0
8993,2247,2024-10-15T19:37:31,delivered,4.0
8994,2248,2024-07-14T00:54:46,canceled,
8995,2248,2024-09-21T13:13:03,delivered,6.0
8996,2249,2024-06-07T12:01:03,delivered,7.0
8997,2249,2024-12-25T06:16:15,delivered,8.0
8998,2249,2024-11-15T10:38:22,delivered,1.0
8999,2250,2023-11-28T00:03:16,delivered,4.0
9000,2250,2024-10-11T08:34:26,canceled,
9001,2250,2024-06-15T23:35:28,delivered,3.0
9002,2250,2024-01-06T11:00:58,canceled,
9003,2251,2023-08-23T19:59:10,delivered,3.0
9004,2251,2024-12-13T11:43:48,delivered,2.0
9005,2251,2023-07-08T05:35:37,delivered,3.0
9006,2251,2023-11-19T23:59:39,delivered,4.0
9007,2251,2024-04-14T22:29:55,delivered,3.0
9008,2252,2024-11-30T21:49:33,delivered,6.0
9009,2252,2024-11-16T17:51:37,canceled,
9010,2252,2024-11-26T23:13:44,delivered,6.0
9011,2252,2024-12-28T19:39:21,delivered,1.0
9012,2252,2024-12-14T00:35:33,delivered,8.0
9013,2252,2024-12-01T19:31:38,delivered,4.0
9014,2253,2024-09-24T20:06:26,delivered,1.0
9015,2253,2023-11-27T00:10:24,shipped,
9016,2253,2024-05-22T03:46:05,delivered,9.0
9017,2253,2024-12-15T11:39:35,shipped,
9018,2253,2024-08-17T05:26:32,delivered,6.0
9019,2253,2024-01-19T09:25:53,delivered,17.0
9020,2253,2024-11-09T14:16:12,delivered,12.0
9021,2253,2024-12-06T23:27:26,canceled,
9022,2253,2024-09-06T19:46:48,shipped,
9023,2254,2024-12-09T06:04:16,canceled,
9024,2254,2023-11-23T04:37:13,delivered,4.0
9025,2255,2024-09-24T04:20:58,shipped,
9026,2255,2024-03-29T18:30:26,canceled,
9027,2255,2024-11-21T14:33:51,delivered,1.0
9028,2256,2024-03-12T08:44:02,canceled,
9029,2256,2024-06-26T06:30:05,delivered,4.0
9030,2256,2024-06-18T09:22:12,delivered,5.0
9031,2256,2024-02-11T09:37:00,shipped,
9032,2256,2024-09-24T09:35:20,delivered,7.0
9033,2256,2024-07-09T22:19:48,canceled,
9034,2256,2024-04-27T01:09:33,delivered,11.0
9035,2256,2024-08-27T09:47:15,delivered,4.0
9036,2257,2024-09-04T14:34:09,canceled,
9037,2257,2024-10-24T00:04:18,canceled,
9038,2257,2024-12-24T08:51:12,delivered,2.0
9039,2257,2024-11-23T18:29:11,delivered,7.0
9040,2257,2024-12-24T03:24:31,canceled,
9041,2257,2024-11-11T17:01:56,delivered,5.0
9042,2257,2024-10-17T18:15:37,delivered,6.0
9043,2257,2024-08-31T06:42:42,delivered,5.0
9044,2257,2024-11-04T02:02:22,delivered,9.0
9045,2258,2024-12-09T13:49:43,delivered,5.0
9046,2258,2024-06-19T05:35:05,canceled,
9047,2258,2024-11-10T05:38:02,delivered,8.0
9048,2258,2024-06-26T16:32:58,delivered,9.0
9049,2258,2024-08-22T16:15:38,delivered,2.0
9050,2258,2024-04-30T02:19:01,delivered,2.0
9051,2259,2024-07-20T14:15:08,delivered,3.0
9052,2259,2024-06-28T13:24:43,delivered,9.0
9053,2259,2024-10-26T11:03:22,delivered,1.0
9054,2259,2024-09-28T18:29:56,shipped,
9055,2259,2024-08-29T04:31:53,canceled,
9056,2259,2024-10-03T17:54:03,shipped,
9057,2259,2024-09-04T01:54:16,delivered,5.0
9058,2260,2024-11-08T00:04:13,delivered,5.0
9059,2260,2024-10-26T19:25:19,delivered,1.0
9060,2260,2024-11-20T11:23:43,canceled,
9061,2260,2024-11-05T22:27:55,canceled,
9062,2260,2024-10-12T06:55:52,delivered,9.0
9063,2261,2024-10-19T16:03:25,canceled,
9064,2261,2024-09-24T20:47:47,delivered,1.0
9065,2262,2023-12-16T20:03:18,shipped,
9066,2262,2023-07-02T22:26:38,shipped,
9067,2262,2024-10-13T16:50:16,delivered,7.0
9068,2262,2024-07-18T19:07:16,delivered,6.0
9069,2263,2024-03-15T20:56:12,shipped,
9070,2263,2024-01-17T01:08:13,delivered,8.0
9071,2263,2023-08-29T08:06:13,shipped,
9072,2263,2024-04-07T19:51:17,delivered,7.0
9073,2264,2024-05-25T22:17:38,shipped,
9074,2264,2024-01-20T09:55:25,delivered,5.0
9075,2264,2023-06-15T03:51:06,delivered,5.0
9076,2264,2023-10-29T11:45:26,delivered,3.0
9077,2264,2023-08-15T18:21:13,canceled,
9078,2264,2024-03-06T06:23:12,delivered,4.0
9079,2265,2024-08-11T17:39:03,canceled,
9080,2265,2024-07-25T12:31:08,delivered,2.0
9081,2265,2024-12-13T05:21:32,delivered,4.0
9082,2265,2024-09-02T08:04:06,delivered,10.0
9083,2265,2024-08-24T19:44:19,delivered,7.0
9084,2265,2024-09-27T21:13:00,delivered,3.0
9085,2265,2024-11-19T18:31:46,canceled,
9086,2265,2024-07-02T12:50:07,delivered,5.0
9087,2265,2024-12-30T12:03:52,canceled,
9088,2266,2024-03-30T22:20:46,delivered,4.0
9089,2266,2024-11-27T15:53:52,canceled,
9090,2266,2024-10-03T10:34:08,delivered,5.0
9091,2266,2024-11-08T17:29:12,delivered,4.0
9092,2266,2024-12-29T00:04:25,shipped,
9093,2266,2024-03-05T00:50:58,delivered,8.0
9094,2266,2024-11-30T08:36:32,delivered,6.0
9095,2266,2024-05-18T14:52:38,delivered,4.0
9096,2267,2024-12-07T17:38:46,canceled,
9097,2267,2024-01-02T06:40:41,delivered,5.0
9098,2267,2023-09-02T22:44:13,delivered,6.0
9099,2267,2023-11-15T17:17:05,delivered,1.0
9100,2267,2024-05-27T10:19:31,delivered,4.0
9101,2267,2024-08-31T18:53:06,delivered,3.0
9102,2267,2024-03-27T10:17:32,delivered,2.0
9103,2267,2024-09-12T11:21:09,delivered,3.0
9104,2267,2024-07-04T16:21:37,shipped,
9105,2268,2023-07-30T13:41:12,delivered,5.0
9106,2269,2024-05-18T06:57:24,delivered,6.0
9107,2270,2024-06-19T11:32:49,canceled,
9108,2270,2024-07-26T01:04:55,shipped,
9109,2270,2024-12-21T20:31:28,delivered,2.0
9110,2270,2024-07-12T03:00:07,delivered,1.0
9111,2270,2024-06-09T13:18:05,delivered,3.0
9112,2270,2024-10-29T06:14:20,delivered,8.0
9113,2270,2024-06-04T22:07:50,delivered,12.0
9114,2270,2024-12-28T10:29:26,delivered,1.0
9115,2271,2024-02-22T18:12:22,delivered,4.0
9116,2271,2024-02-13T12:55:09,canceled,
9117,2272,2023-05-07T09:39:43,delivered,6.0
9118,2272,2023-07-22T05:35:17,delivered,3.0
9119,2272,2024-07-13T18:40:49,delivered,8.0
9120,2273,2024-10-07T09:42:09,delivered,1.0
9121,2273,2024-06-03T02:55:34,delivered,4.0
9122,2273,2024-04-17T19:18:46,delivered,8.0
9123,2273,2024-12-06T21:40:48,canceled,
9124,2274,2023-10-11T20:15:56,delivered,4.0
9125,2275,2024-10-30T00:06:15,shipped,
9126,2275,2024-12-29T15:31:48,delivered,6.0
9127,2275,2024-10-22T20:45:08,delivered,7.0
9128,2276,2024-12-04T12:38:00,canceled,
9129,2277,2024-01-25T09:10:53,delivered,1.0
9130,2277,2024-12-08T16:48:48,delivered,3.0
9131,2277,2024-08-14T22:28:17,delivered,2.0
9132,2278,2024-05-15T01:43:21,delivered,7.0
9133,2278,2023-10-20T05:41:53,delivered,1.0
9134,2278,2024-04-09T20:45:24,delivered,5.0
9135,2279,2023-06-25T16:29:26,shipped,
9136,2279,2023-11-11T08:39:18,shipped,
9137,2280,2024-09-14T06:57:49,shipped,
9138,2280,2024-10-08T00:09:46,delivered,5.0
9139,2280,2024-08-07T22:37:43,delivered,8.0
9140,2280,2023-05-10T16:42:40,delivered,1.0
9141,2280,2024-12-23T04:03:16,delivered,6.0
9142,2281,2024-10-18T14:33:44,delivered,1.0
9143,2281,2024-11-05T11:03:27,delivered,3.0
9144,2281,2024-12-06T02:54:24,shipped,
9145,2281,2024-11-26T10:13:21,shipped,
9146,2281,2024-10-25T20:46:33,delivered,4.0
9147,2282,2024-11-30T01:14:09,canceled,
9148,2282,2024-11-08T12:58:48,delivered,3.0
9149,2283,2024-11-05T23:06:36,delivered,4.0
9150,2283,2024-11-20T01:40:53,delivered,4.0
9151,2283,2024-07-01T08:19:57,delivered,8.0
9152,2283,2024-08-27T22:04:20,delivered,3.0
9153,2283,2024-03-22T01:12:53,shipped,
9154,2283,2024-03-28T09:08:12,delivered,5.0
9155,2283,2024-04-11T06:32:13,delivered,4.0
9156,2283,2024-12-25T22:02:32,delivered,6.0
9157,2284,2024-06-21T17:12:43,shipped,
9158,2284,2024-05-23T15:30:17,canceled,
9159,2284,2024-10-09T14:43:59,delivered,2.0
9160,2284,2024-07-15T23:26:41,delivered,1.0
9161,2284,2024-09-01T23:19:04,delivered,5.0
9162,2284,2024-12-25T16:49:34,delivered,5.0
9163,2284,2024-07-28T20:06:06,canceled,
9164,2284,2024-06-20T11:21:42,shipped,
9165,2285,2023-08-30T06:04:00,delivered,5.0
9166,2285,2023-03-18T11:42:52,delivered,2.0
9167,2286,2024-07-21T23:23:25,delivered,5.0
9168,2287,2024-12-02T20:33:08,shipped,
9169,2287,2024-07-24T04:34:46,delivered,10.0
9170,2288,2023-12-09T01:38:29,shipped,
9171,2288,2024-01-17T15:22:40,canceled,
9172,2288,2024-06-17T14:37:48,canceled,
9173,2288,2024-12-28T07:19:01,delivered,6.0
9174,2288,2024-11-15T19:36:52,delivered,7.0
9175,2288,2024-01-10T09:35:27,shipped,
9176,2288,2024-09-16T05:59:32,shipped,
9177,2289,2024-01-09T00:17:26,delivered,3.0
9178,2289,2024-04-04T18:12:15,shipped,
9179,2290,2024-11-28T01:16:22,shipped,
9180,2290,2024-12-27T03:00:03,delivered,9.0
9181,2291,2024-10-14T16:59:04,shipped,
9182,2291,2024-12-21T21:07:47,delivered,8.0
9183,2292,2024-12-20T17:59:33,canceled,
9184,2292,2023-08-21T05:22:41,canceled,
9185,2292,2024-01-18T05:53:28,delivered,6.0
9186,2293,2024-01-23T20:53:41,delivered,6.0
9187,2293,2024-02-27T16:37:15,delivered,4.0
9188,2293,2024-02-04T17:31:05,delivered,1.0
9189,2294,2024-05-24T14:21:31,delivered,6.0
9190,2295,2024-11-01T06:54:55,delivered,5.0
9191,2296,2024-07-09T01:37:04,delivered,1.0
9192,2296,2024-04-15T14:25:36,delivered,3.0
9193,2296,2024-08-22T13:39:45,delivered,10.0
9194,2297,2024-02-02T00:20:49,delivered,3.0
9195,2297,2023-10-01T03:27:53,delivered,11.0
9196,2297,2024-01-28T08:14:16,delivered,7.0
9197,2298,2023-11-17T23:12:15,delivered,10.0
9198,2298,2023-12-26T13:49:37,delivered,6.0
9199,2298,2024-10-22T13:59:57,shipped,
9200,2298,2024-11-03T16:31:31,canceled,
9201,2298,2024-02-08T23:35:05,delivered,10.0
9202,2298,2024-01-22T19:08:31,delivered,3.0
9203,2298,2024-05-04T13:20:21,delivered,1.0
9204,2298,2023-12-06T05:08:22,delivered,2.0
9205,2298,2024-10-13T21:33:25,canceled,
9206,2298,2024-02-07T12:15:55,shipped,
9207,2298,2023-12-14T20:50:20,delivered,16.0
9208,2299,2024-09-30T22:42:10,delivered,3.0
9209,2299,2024-08-22T11:23:51,delivered,9.0
9210,2299,2024-06-20T01:22:05,canceled,
9211,2299,2024-12-10T00:03:35,canceled,
9212,2300,2024-10-03T23:07:32,delivered,13.0
9213,2301,2024-01-31T00:13:26,delivered,1.0
9214,2301,2024-06-10T05:15:09,delivered,2.0
9215,2301,2024-05-05T20:04:10,delivered,5.0
9216,2302,2024-12-26T18:49:52,delivered,2.0
9217,2302,2024-12-27T23:25:25,delivered,2.0
9218,2303,2024-06-29T18:07:37,delivered,7.0
9219,2303,2024-04-05T23:28:12,delivered,3.0
9220,2303,2023-12-21T13:49:52,delivered,9.0
9221,2303,2024-02-27T08:45:01,delivered,3.0
9222,2303,2024-12-24T06:50:29,shipped,
9223,2303,2024-11-18T12:09:09,delivered,14.0
9224,2304,2024-01-23T11:08:50,shipped,
9225,2304,2024-08-18T14:13:34,delivered,9.0
9226,2304,2024-03-30T13:10:40,delivered,2.0
9227,2305,2024-04-27T07:51:50,shipped,
9228,2305,2023-10-26T12:16:50,delivered,5.0
9229,2306,2023-08-23T16:34:58,delivered,6.0
9230,2306,2023-06-09T08:26:34,delivered,3.0
9231,2306,2024-03-29T17:34:34,delivered,4.0
9232,2306,2024-09-27T11:53:44,canceled,
9233,2306,2023-04-17T19:42:46,delivered,6.0
9234,2307,2023-10-10T01:35:16,delivered,2.0
9235,2307,2024-09-07T09:50:42,delivered,5.0
9236,2307,2023-09-09T21:15:34,shipped,
9237,2307,2024-11-18T08:47:22,delivered,10.0
9238,2307,2024-03-14T00:43:06,delivered,5.0
9239,2307,2024-03-11T18:20:37,delivered,15.0
9240,2307,2024-07-26T11:02:18,delivered,7.0
9241,2308,2024-11-22T16:00:51,delivered,2.0
9242,2308,2024-08-14T15:49:40,delivered,3.0
9243,2308,2024-12-22T12:25:31,delivered,4.0
9244,2308,2024-08-07T04:45:03,canceled,
9245,2308,2024-10-29T11:21:52,shipped,
9246,2308,2024-01-29T03:16:59,delivered,9.0
9247,2309,2024-10-09T06:57:01,shipped,
9248,2309,2024-12-19T02:45:24,canceled,
9249,2309,2024-10-21T11:34:56,delivered,1.0
9250,2309,2024-10-10T09:13:40,delivered,1.0
9251,2310,2024-07-11T05:20:08,delivered,8.0
9252,2310,2024-10-13T07:17:07,canceled,
9253,2310,2024-10-14T23:40:20,delivered,16.0
9254,2310,2024-09-09T11:39:39,shipped,
9255,2310,2024-09-06T12:58:06,delivered,10.0
9256,2310,2023-08-31T12:34:19,canceled,
9257,2311,2024-09-17T07:58:36,canceled,
9258,2311,2024-09-18T18:34:38,delivered,6.0
9259,2311,2024-05-27T23:23:18,delivered,3.0
9260,2311,2024-04-22T14:51:48,shipped,
9261,2311,2024-06-19T00:51:31,delivered,2.0
9262,2312,2024-01-29T12:51:15,delivered,1.0
9263,2312,2024-10-09T22:46:37,shipped,
9264,2312,2024-10-20T13:52:35,delivered,3.0
9265,2312,2024-07-06T15:57:39,delivered,3.0
9266,2312,2023-04-30T06:46:33,delivered,3.0
9267,2313,2024-11-19T06:46:34,delivered,3.0
9268,2313,2024-10-25T03:30:51,delivered,2.0
9269,2313,2024-10-18T12:29:56,delivered,4.0
9270,2313,2024-12-07T20:05:16,delivered,4.0
9271,2313,2024-11-24T16:17:35,delivered,6.0
9272,2313,2024-11-02T09:00:11,delivered,12.0
9273,2313,2024-12-16T08:58:18,delivered,2.0
9274,2313,2024-11-09T08:44:29,delivered,3.0
9275,2314,2024-09-15T18:31:18,shipped,
9276,2314,2024-07-16T11:49:09,delivered,2.0
9277,2314,2024-07-21T16:07:26,delivered,19.0
9278,2315,2023-04-18T23:31:16,canceled,
9279,2315,2024-03-29T07:37:43,delivered,6.0
9280,2316,2023-03-07T23:44:12,delivered,7.0
9281,2316,2023-03-11T11:37:52,delivered,10.0
9282,2316,2023-09-01T03:58:39,shipped,
9283,2316,2024-05-17T00:07:46,shipped,
9284,2316,2023-10-18T13:01:47,canceled,
9285,2316,2023-02-25T16:22:07,delivered,6.0
9286,2316,2024-09-10T14:00:08,canceled,
9287,2317,2024-12-07T09:49:51,delivered,6.0
9288,2317,2024-11-12T03:12:33,delivered,9.0
9289,2317,2024-12-30T08:30:58,shipped,
9290,2317,2024-12-23T04:52:11,delivered,2.0
9291,2318,2024-02-09T18:51:39,delivered,1.0
9292,2318,2023-08-03T16:08:48,canceled,
9293,2318,2023-02-24T04:43:10,delivered,4.0
9294,2318,2024-05-08T17:39:16,delivered,6.0
9295,2318,2023-12-06T09:15:49,delivered,5.0
9296,2318,2024-10-13T01:23:32,delivered,2.0
9297,2319,2024-03-05T20:16:04,delivered,4.0
9298,2319,2024-06-12T17:50:19,delivered,9.0
9299,2319,2024-08-26T09:48:53,delivered,15.0
9300,2319,2024-07-02T12:17:31,delivered,7.0
9301,2319,2024-10-21T04:34:16,delivered,9.0
9302,2319,2024-11-17T23:41:28,canceled,
9303,2319,2024-05-25T05:52:23,delivered,14.0
9304,2319,2024-06-03T16:17:06,delivered,2.0
9305,2320,2024-10-16T09:16:36,delivered,11.0
9306,2320,2024-01-29T12:21:38,shipped,
9307,2321,2024-10-07T05:06:40,delivered,3.0
9308,2322,2024-10-21T22:48:49,canceled,
9309,2322,2024-05-11T01:13:17,canceled,
9310,2322,2024-10-09T05:28:20,delivered,4.0
9311,2322,2024-12-23T01:43:11,delivered,12.0
9312,2322,2024-07-16T13:34:41,delivered,5.0
9313,2322,2024-10-16T14:58:39,delivered,2.0
9314,2322,2024-08-14T20:36:05,delivered,1.0
9315,2323,2024-12-30T13:39:45,canceled,
9316,2323,2023-10-10T22:03:17,shipped,
9317,2323,2024-06-22T04:09:30,delivered,4.0
9318,2323,2024-06-16T11:40:40,delivered,2.0
9319,2323,2024-12-20T18:06:25,delivered,18.0
9320,2323,2023-10-28T18:19:52,canceled,
9321,2323,2024-09-30T14:33:55,delivered,5.0
9322,2323,2023-09-03T21:57:45,delivered,5.0
9323,2323,2023-11-22T13:48:12,shipped,
9324,2324,2024-01-09T09:26:07,canceled,
9325,2324,2023-03-23T09:29:24,delivered,5.0
9326,2324,2024-10-29T09:50:24,delivered,2.0
9327,2324,2023-07-14T15:26:23,delivered,9.0
9328,2324,2024-09-12T00:38:21,delivered,7.0
9329,2325,2024-11-23T09:02:21,delivered,4.0
9330,2325,2024-12-20T07:52:13,delivered,11.0
9331,2325,2024-10-08T12:02:27,delivered,4.0
9332,2325,2024-04-01T21:37:26,delivered,2.0
9333,2326,2024-12-26T13:15:14,canceled,
9334,2327,2023-11-15T06:06:30,delivered,2.0
9335,2327,2024-01-23T08:22:45,delivered,6.0
9336,2327,2024-07-26T13:59:51,shipped,
9337,2327,2024-09-12T06:00:27,shipped,
9338,2328,2024-11-27T08:08:44,delivered,4.0
9339,2328,2024-12-02T23:44:32,canceled,
9340,2328,2024-09-22T02:55:20,canceled,
9341,2328,2024-11-04T16:17:58,canceled,
9342,2328,2024-12-26T09:35:50,delivered,11.0
9343,2329,2024-11-28T16:23:54,delivered,1.0
9344,2329,2024-12-01T03:09:18,delivered,11.0
9345,2329,2024-12-09T05:12:33,delivered,8.0
9346,2330,2024-06-28T18:21:45,canceled,
9347,2330,2024-09-02T08:18:41,canceled,
9348,2330,2024-11-26T16:49:54,delivered,12.0
9349,2330,2024-06-26T21:01:55,delivered,20.0
9350,2330,2024-11-03T21:13:43,delivered,1.0
9351,2331,2024-10-29T23:02:33,delivered,3.0
9352,2331,2023-09-03T17:30:50,delivered,6.0
9353,2332,2024-07-24T11:17:51,delivered,8.0
9354,2332,2023-10-15T06:03:35,shipped,
9355,2332,2024-09-21T20:35:48,canceled,
9356,2332,2024-08-10T01:05:26,shipped,
9357,2332,2023-12-12T03:10:45,shipped,
9358,2332,2023-05-27T11:20:14,canceled,
9359,2332,2024-01-13T14:38:13,delivered,4.0
9360,2332,2024-04-28T09:27:00,canceled,
9361,2332,2024-12-05T23:17:28,delivered,2.0
9362,2332,2023-12-16T03:38:55,canceled,
9363,2332,2024-10-02T02:35:44,delivered,2.0
9364,2332,2023-06-20T09:46:39,canceled,
9365,2333,2024-08-23T16:20:45,shipped,
9366,2333,2024-06-04T14:06:11,delivered,5.0
9367,2333,2024-09-29T10:11:27,shipped,
9368,2334,2024-12-03T02:51:54,shipped,
9369,2334,2024-12-21T18:52:26,canceled,
9370,2335,2023-11-04T06:23:52,delivered,7.0
9371,2335,2024-03-24T21:55:38,canceled,
9372,2336,2024-08-30T05:19:24,delivered,13.0
9373,2336,2024-08-29T09:50:37,canceled,
9374,2336,2024-02-25T13:53:30,delivered,2.0
9375,2336,2024-11-22T02:06:13,canceled,
9376,2337,2024-12-30T18:27:21,delivered,6.0
9377,2337,2024-12-25T18:20:30,delivered,7.0
9378,2337,2024-12-27T04:17:28,delivered,5.0
9379,2337,2024-12-29T22:56:32,delivered,6.0
9380,2337,2024-12-27T18:18:57,delivered,4.0
9381,2338,2024-12-04T16:00:01,shipped,
9382,2338,2024-09-10T16:24:10,delivered,2.0
9383,2338,2023-11-20T08:15:47,canceled,
9384,2338,2023-12-07T22:16:37,shipped,
9385,2338,2024-11-07T00:47:10,delivered,4.0
9386,2338,2024-10-16T14:27:25,delivered,8.0
9387,2338,2024-09-22T10:23:27,delivered,8.0
9388,2339,2023-08-22T14:18:25,shipped,
9389,2339,2023-05-02T17:00:50,delivered,7.0
9390,2339,2023-11-28T14:40:54,delivered,2.0
9391,2339,2024-04-08T12:18:02,delivered,5.0
9392,2339,2023-09-12T14:13:35,delivered,1.0
9393,2339,2023-06-06T07:36:14,shipped,
9394,2339,2023-07-03T06:24:27,delivered,14.0
9395,2340,2024-12-02T06:39:56,delivered,6.0
9396,2340,2024-10-16T19:59:16,delivered,9.0
9397,2340,2024-10-07T16:14:15,shipped,
9398,2341,2024-12-20T01:40:22,delivered,2.0
9399,2341,2024-12-31T20:42:43,canceled,
9400,2341,2024-12-20T22:55:49,delivered,2.0
9401,2342,2024-02-09T21:28:07,canceled,
9402,2343,2024-09-27T05:38:05,delivered,6.0
9403,2343,2023-01-17T10:24:21,delivered,3.0
9404,2343,2023-01-10T20:06:34,delivered,7.0
9405,2343,2024-10-17T02:51:00,delivered,3.0
9406,2344,2024-12-22T04:53:48,delivered,1.0
9407,2344,2024-12-07T22:41:25,delivered,4.0
9408,2344,2024-12-02T03:11:15,delivered,9.0
9409,2344,2024-12-31T07:56:27,delivered,2.0
9410,2344,2024-12-15T16:36:07,canceled,
9411,2345,2024-06-11T02:33:15,delivered,4.0
9412,2345,2024-09-15T15:04:30,delivered,2.0
9413,2345,2024-03-16T19:30:46,delivered,8.0
9414,2345,2024-12-30T10:30:08,canceled,
9415,2345,2024-12-06T06:42:48,delivered,6.0
9416,2345,2024-09-07T18:22:17,shipped,
9417,2345,2024-10-10T21:09:01,delivered,2.0
9418,2346,2024-11-18T20:22:20,shipped,
9419,2346,2024-11-16T17:30:16,delivered,4.0
9420,2346,2024-12-29T18:07:16,delivered,4.0
9421,2346,2024-12-01T01:15:37,delivered,3.0
9422,2346,2024-12-03T04:30:03,delivered,3.0
9423,2346,2024-12-05T09:48:33,delivered,7.0
9424,2346,2024-12-03T21:46:39,delivered,12.0
9425,2346,2024-12-07T19:59:09,delivered,3.0
9426,2347,2023-11-08T07:49:59,shipped,
9427,2347,2023-12-13T02:58:14,delivered,2.0
9428,2347,2023-09-05T00:23:09,delivered,5.0
9429,2348,2024-09-28T21:02:53,canceled,
9430,2349,2024-02-25T03:18:09,delivered,4.0
9431,2349,2024-02-16T05:15:18,delivered,18.0
9432,2349,2023-07-31T02:02:18,delivered,7.0
9433,2349,2024-11-07T10:41:00,delivered,7.0
9434,2349,2024-08-05T17:02:24,delivered,11.0
9435,2349,2024-12-29T15:06:37,delivered,9.0
9436,2349,2024-07-05T06:48:26,shipped,
9437,2349,2024-12-04T17:55:41,delivered,8.0
9438,2350,2024-11-01T02:06:48,delivered,3.0
9439,2350,2024-10-29T01:42:36,canceled,
9440,2350,2024-11-09T12:31:40,shipped,
9441,2350,2024-12-09T12:32:37,delivered,6.0
9442,2350,2024-12-01T04:19:40,delivered,6.0
9443,2350,2024-12-24T18:42:25,delivered,6.0
9444,2351,2024-04-24T13:16:41,delivered,2.0
9445,2351,2024-12-27T10:56:36,canceled,
9446,2351,2024-09-30T23:57:48,delivered,1.0
9447,2351,2024-05-07T10:17:49,delivered,5.0
9448,2351,2024-11-23T20:20:56,shipped,
9449,2351,2024-06-15T14:04:24,delivered,8.0
9450,2351,2024-08-20T10:45:39,delivered,6.0
9451,2351,2024-05-19T02:10:13,delivered,6.0
9452,2351,2024-08-12T07:48:39,delivered,2.0
9453,2351,2024-04-24T15:53:51,delivered,6.0
9454,2352,2024-10-11T13:28:18,delivered,7.0
9455,2352,2024-12-10T19:19:33,delivered,6.0
9456,2352,2024-04-09T03:38:16,delivered,3.0
9457,2353,2023-12-29T21:17:44,delivered,7.0
9458,2353,2024-07-20T20:50:15,delivered,3.0
9459,2353,2024-05-29T10:25:32,canceled,
9460,2354,2024-04-25T08:28:10,delivered,6.0
9461,2355,2024-12-16T00:35:06,delivered,4.0
9462,2355,2024-04-15T19:56:05,delivered,4.0
9463,2355,2024-07-13T12:44:10,delivered,5.0
9464,2355,2024-08-28T05:32:02,delivered,6.0
9465,2355,2023-11-11T21:43:09,shipped,
9466,2355,2024-08-11T23:50:15,delivered,5.0
9467,2356,2024-12-07T02:26:49,delivered,11.0
9468,2356,2024-12-07T19:18:35,delivered,3.0
9469,2356,2024-12-15T14:40:19,shipped,
9470,2356,2024-12-04T04:58:46,delivered,7.0
9471,2356,2024-12-13T18:03:22,canceled,
9472,2357,2024-04-14T07:43:53,delivered,6.0
9473,2357,2024-04-19T19:53:04,delivered,2.0
9474,2357,2024-05-09T22:54:59,delivered,5.0
9475,2357,2024-10-30T21:28:01,shipped,
9476,2357,2024-03-14T16:22:24,delivered,4.0
9477,2357,2024-10-13T22:58:56,delivered,2.0
9478,2357,2024-07-02T03:59:49,delivered,2.0
9479,2358,2024-12-19T20:33:59,delivered,13.0
9480,2358,2023-12-10T22:27:06,delivered,11.0
9481,2359,2023-04-24T17:59:50,delivered,6.0
9482,2359,2024-07-22T13:40:34,delivered,9.0
9483,2360,2024-11-11T23:20:22,canceled,
9484,2360,2024-11-18T11:23:17,shipped,
9485,2360,2024-12-14T03:02:41,shipped,
9486,2360,2024-11-12T06:44:13,delivered,6.0
9487,2360,2024-12-13T21:31:42,delivered,10.0
9488,2361,2023-11-10T08:20:04,delivered,2.0
9489,2361,2023-12-04T15:47:41,delivered,1.0
9490,2361,2023-11-13T19:23:13,canceled,
9491,2362,2024-02-08T14:06:50,canceled,
9492,2362,2024-05-27T17:53:03,delivered,3.0
9493,2362,2024-11-15T15:08:55,shipped,
9494,2363,2024-10-23T22:29:18,canceled,
9495,2363,2024-10-17T00:12:30,delivered,5.0
9496,2363,2024-09-28T09:08:20,delivered,4.0
9497,2363,2024-12-31T08:24:42,delivered,4.0
9498,2363,2024-10-12T13:10:04,shipped,
9499,2363,2024-11-27T10:39:27,delivered,3.0
9500,2363,2024-12-17T00:24:43,delivered,14.0
9501,2364,2023-04-26T01:50:39,shipped,
9502,2364,2023-04-13T08:05:08,shipped,
9503,2364,2024-02-06T00:27:13,delivered,11.0
9504,2364,2024-06-05T07:49:35,delivered,7.0
9505,2364,2023-12-01T02:09:39,delivered,6.0
9506,2364,2024-08-08T12:15:25,delivered,8.0
9507,2364,2024-09-27T23:07:38,shipped,
9508,2365,2024-01-27T08:28:58,delivered,2.0
9509,2365,2024-06-01T18:45:54,shipped,
9510,2365,2024-04-10T05:13:32,delivered,7.0
9511,2366,2024-10-24T11:07:17,delivered,2.0
9512,2366,2023-12-02T23:00:07,canceled,
9513,2366,2024-07-24T06:27:07,delivered,1.0
9514,2366,2023-11-17T19:07:28,delivered,3.0
9515,2366,2024-09-01T02:12:16,delivered,5.0
9516,2366,2023-09-17T17:21:50,canceled,
9517,2366,2023-10-07T13:49:35,delivered,6.0
9518,2366,2023-06-17T06:01:32,delivered,1.0
9519,2366,2024-04-23T23:34:56,delivered,7.0
9520,2367,2024-07-29T03:22:58,delivered,4.0
9521,2367,2024-10-13T08:12:27,delivered,4.0
9522,2367,2024-12-06T01:40:46,shipped,
9523,2367,2024-10-25T03:19:04,shipped,
9524,2368,2024-11-06T02:24:08,canceled,
9525,2368,2024-12-23T05:15:06,delivered,1.0
9526,2368,2024-05-02T03:27:23,delivered,4.0
9527,2368,2024-10-10T09:00:07,delivered,6.0
9528,2368,2024-11-29T14:13:34,delivered,8.0
9529,2368,2023-12-03T23:32:32,delivered,5.0
9530,2368,2024-10-22T16:23:14,delivered,2.0
9531,2368,2024-09-08T23:30:13,delivered,2.0
9532,2369,2024-12-18T04:58:27,shipped,
9533,2369,2024-12-27T09:25:48,delivered,5.0
9534,2369,2024-12-12T16:18:13,delivered,2.0
9535,2369,2024-12-18T21:10:19,canceled,
9536,2369,2024-12-11T13:31:24,delivered,5.0
9537,2369,2024-12-22T08:23:39,delivered,9.0
9538,2369,2024-12-18T08:23:45,delivered,8.0
9539,2369,2024-12-08T22:07:40,delivered,7.0
9540,2369,2024-12-15T06:15:06,shipped,
9541,2369,2024-12-09T01:48:33,delivered,7.0
9542,2370,2024-11-16T10:14:37,delivered,2.0
9543,2370,2024-06-17T14:24:39,delivered,4.0
9544,2370,2024-09-27T00:35:10,shipped,
9545,2370,2024-10-26T10:10:14,delivered,1.0
9546,2370,2024-12-31T07:24:37,delivered,3.0
9547,2370,2024-11-05T21:49:28,delivered,3.0
9548,2370,2024-09-22T05:57:53,delivered,6.0
9549,2370,2024-10-06T04:51:42,delivered,3.0
9550,2370,2024-12-01T19:36:33,shipped,
9551,2370,2024-10-02T17:23:23,delivered,10.0
9552,2370,2024-10-04T14:06:20,delivered,4.0
9553,2371,2023-10-21T23:24:24,delivered,17.0
9554,2371,2024-06-11T21:28:14,delivered,3.0
9555,2372,2024-09-25T17:26:42,canceled,
9556,2373,2024-01-28T16:06:29,canceled,
9557,2374,2024-12-28T16:36:57,shipped,
9558,2374,2024-10-23T14:31:09,delivered,4.0
9559,2374,2024-12-21T14:54:19,canceled,
9560,2374,2024-09-23T08:02:18,delivered,4.0
9561,2374,2024-06-20T23:17:06,canceled,
9562,2375,2024-12-19T02:46:31,delivered,6.0
9563,2375,2024-10-26T22:50:19,delivered,4.0
9564,2375,2024-06-25T02:42:12,delivered,3.0
9565,2375,2024-12-24T03:46:05,canceled,
9566,2375,2024-10-02T19:08:57,delivered,3.0
9567,2375,2024-10-28T04:15:54,delivered,5.0
9568,2375,2024-07-02T10:52:55,delivered,4.0
9569,2376,2024-11-25T01:20:28,shipped,
9570,2376,2024-12-05T21:18:51,delivered,19.0
9571,2376,2024-12-01T14:07:31,delivered,3.0
9572,2376,2024-11-27T19:49:45,delivered,3.0
9573,2376,2024-12-31T14:20:00,shipped,
9574,2376,2024-12-22T17:50:15,delivered,11.0
9575,2376,2024-12-19T14:02:32,delivered,11.0
9576,2376,2024-12-10T14:40:25,delivered,1.0
9577,2376,2024-11-25T09:21:03,delivered,5.0
9578,2376,2024-12-07T18:34:54,delivered,6.0
9579,2377,2024-10-17T11:33:19,delivered,15.0
9580,2378,2024-12-17T17:04:51,shipped,
9581,2378,2024-11-16T23:54:32,shipped,
9582,2378,2024-08-16T04:30:03,shipped,
9583,2378,2024-02-28T15:04:51,delivered,9.0
9584,2378,2024-11-01T23:19:50,delivered,4.0
9585,2378,2024-04-20T06:32:12,canceled,
9586,2378,2024-09-01T03:02:10,canceled,
9587,2378,2024-07-26T20:26:40,delivered,5.0
9588,2378,2024-08-17T12:55:12,delivered,4.0
9589,2379,2024-10-15T19:49:27,shipped,
9590,2379,2024-12-13T19:00:25,delivered,8.0
9591,2380,2024-12-25T14:23:43,shipped,
9592,2380,2024-12-15T16:10:48,delivered,3.0
9593,2380,2024-12-18T09:32:03,delivered,1.0
9594,2380,2024-12-29T16:38:21,delivered,2.0
9595,2380,2024-12-10T17:03:23,delivered,4.0
9596,2380,2024-12-14T09:45:11,delivered,1.0
9597,2380,2024-12-19T15:01:53,delivered,2.0
9598,2380,2024-12-29T17:09:37,delivered,3.0
9599,2381,2024-09-24T01:35:04,delivered,9.0
9600,2381,2024-12-31T02:52:59,delivered,7.0
9601,2381,2024-08-15T01:41:32,delivered,9.0
9602,2382,2024-01-06T15:39:32,delivered,14.0
9603,2382,2023-10-13T04:58:10,delivered,7.0
9604,2382,2024-03-09T03:41:34,delivered,3.0
9605,2382,2024-06-10T06:46:11,canceled,
9606,2382,2023-09-24T00:50:39,delivered,2.0
9607,2382,2023-05-22T21:00:31,delivered,2.0
9608,2383,2024-10-19T12:08:06,delivered,2.0
9609,2383,2024-09-03T03:33:04,delivered,4.0
9610,2383,2024-07-17T15:21:28,delivered,1.0
9611,2384,2023-04-01T21:49:29,canceled,
9612,2384,2024-04-26T05:22:15,shipped,
9613,2385,2024-12-02T05:33:22,delivered,4.0
9614,2385,2024-12-28T03:36:59,delivered,3.0
9615,2386,2024-06-18T18:13:08,delivered,2.0
9616,2386,2023-11-05T16:29:09,delivered,5.0
9617,2387,2024-08-18T15:05:34,shipped,
9618,2387,2024-09-14T08:07:13,delivered,6.0
9619,2388,2024-06-09T02:08:32,delivered,1.0
9620,2388,2024-07-20T15:22:20,delivered,5.0
9621,2389,2024-09-21T19:23:19,shipped,
9622,2389,2024-06-21T06:53:42,shipped,
9623,2389,2024-10-16T22:29:48,delivered,17.0
9624,2389,2024-10-31T18:11:19,delivered,6.0
9625,2389,2024-08-08T09:09:51,delivered,3.0
9626,2389,2024-11-07T16:50:26,canceled,
9627,2389,2024-10-24T00:07:00,delivered,7.0
9628,2389,2024-07-27T23:46:23,canceled,
9629,2390,2024-12-24T11:22:29,canceled,
9630,2390,2024-12-30T00:17:23,delivered,6.0
9631,2390,2024-12-05T01:13:18,canceled,
9632,2390,2024-12-17T13:15:45,shipped,
9633,2390,2024-12-12T09:26:58,shipped,
9634,2390,2024-12-12T10:51:47,delivered,6.0
9635,2390,2024-12-14T15:56:44,canceled,
9636,2390,2024-12-19T11:27:47,delivered,3.0
9637,2391,2023-12-20T03:58:07,delivered,3.0
9638,2391,2023-10-19T03:08:17,delivered,4.0
9639,2391,2024-07-20T20:50:29,delivered,9.0
9640,2391,2024-05-20T04:09:21,delivered,2.0
9641,2392,2024-12-18T07:26:17,canceled,
9642,2392,2024-12-27T12:05:38,delivered,1.0
9643,2392,2024-12-06T05:40:53,delivered,3.0
9644,2392,2024-12-09T12:00:16,delivered,5.0
9645,2393,2024-06-23T13:58:36,delivered,4.0
9646,2393,2024-12-12T03:44:34,delivered,6.0
9647,2393,2024-10-19T21:04:09,delivered,6.0
9648,2393,2024-05-19T21:29:53,delivered,2.0
9649,2394,2024-12-09T01:06:41,delivered,6.0
9650,2394,2024-11-12T07:53:07,canceled,
9651,2395,2024-06-30T07:03:29,delivered,6.0
9652,2395,2024-04-02T05:01:56,shipped,
9653,2395,2024-09-12T05:18:42,shipped,
9654,2396,2024-10-31T18:10:34,shipped,
9655,2396,2024-08-04T23:29:49,delivered,4.0
9656,2396,2024-12-08T16:03:42,delivered,2.0
9657,2397,2023-06-02T04:51:11,shipped,
9658,2397,2024-11-06T12:41:32,delivered,2.0
9659,2398,2024-12-01T07:43:13,delivered,2.0
9660,2398,2024-12-07T14:13:21,delivered,6.0
9661,2398,2024-11-02T07:40:49,delivered,1.0
9662,2398,2024-11-05T22:07:16,delivered,9.0
9663,2399,2024-10-12T02:26:35,delivered,3.0
9664,2399,2024-08-04T16:25:08,shipped,
9665,2399,2024-08-31T10:33:31,delivered,2.0
9666,2400,2024-08-15T21:52:04,shipped,
9667,2401,2024-12-24T01:35:53,delivered,9.0
9668,2401,2024-09-29T17:17:46,shipped,
9669,2401,2024-01-07T22:37:50,canceled,
9670,2401,2024-01-23T10:11:34,delivered,6.0
9671,2401,2023-04-22T20:47:33,canceled,
9672,2401,2024-01-26T01:45:53,delivered,2.0
9673,2401,2024-10-17T19:09:53,shipped,
9674,2402,2023-11-25T18:05:48,delivered,7.0
9675,2402,2024-01-10T12:00:16,delivered,8.0
9676,2403,2024-03-26T07:31:43,delivered,1.0
9677,2403,2024-02-15T20:32:51,delivered,4.0
9678,2404,2024-08-27T11:11:55,delivered,2.0
9679,2404,2024-05-25T21:24:22,canceled,
9680,2404,2024-03-09T08:01:22,delivered,10.0
9681,2405,2024-07-12T00:37:57,delivered,5.0
9682,2405,2024-04-21T10:01:19,delivered,7.0
9683,2405,2024-10-13T04:04:50,delivered,4.0
9684,2406,2024-11-27T23:42:56,delivered,3.0
9685,2406,2024-10-21T05:18:19,canceled,
9686,2406,2024-10-29T00:39:58,canceled,
9687,2407,2024-09-03T19:26:39,delivered,6.0
9688,2407,2024-10-20T17:38:37,canceled,
9689,2407,2024-10-24T08:25:39,delivered,3.0
9690,2407,2024-08-06T03:28:15,canceled,
9691,2407,2024-09-05T00:22:44,delivered,1.0
9692,2408,2023-05-19T11:12:05,delivered,11.0
9693,2409,2024-08-29T00:19:44,delivered,13.0
9694,2409,2024-06-19T02:44:32,delivered,10.0
9695,2409,2024-07-13T23:53:02,delivered,3.0
9696,2409,2024-09-18T13:16:35,delivered,7.0
9697,2409,2024-08-05T08:41:43,delivered,5.0
9698,2409,2024-11-02T15:34:40,delivered,9.0
9699,2409,2024-12-11T07:19:37,delivered,18.0
9700,2409,2024-12-22T03:26:40,delivered,1.0
9701,2410,2024-05-16T21:12:07,shipped,
9702,2410,2024-04-20T02:26:53,delivered,7.0
9703,2410,2024-11-29T02:04:10,canceled,
9704,2411,2024-10-31T04:42:40,delivered,6.0
9705,2411,2024-06-16T11:05:54,canceled,
9706,2411,2024-08-04T05:44:28,delivered,7.0
9707,2411,2024-07-08T08:39:22,delivered,6.0
9708,2412,2024-10-04T14:57:38,shipped,
9709,2412,2024-11-21T16:18:14,canceled,
9710,2412,2024-03-08T05:24:26,delivered,17.0
9711,2412,2024-02-12T23:38:19,delivered,4.0
9712,2413,2024-05-25T14:19:27,delivered,3.0
9713,2413,2024-11-05T10:30:25,delivered,5.0
9714,2413,2024-12-18T05:26:38,delivered,6.0
9715,2414,2024-01-29T14:48:22,shipped,
9716,2414,2024-02-14T03:02:20,delivered,3.0
9717,2415,2024-07-08T08:05:56,canceled,
9718,2415,2024-03-25T05:41:06,delivered,1.0
9719,2416,2024-03-13T06:09:40,delivered,4.0
9720,2416,2023-12-07T02:07:20,delivered,3.0
9721,2416,2023-07-05T15:09:50,delivered,1.0
9722,2416,2024-03-16T01:59:43,delivered,6.0
9723,2416,2023-03-05T15:58:19,delivered,4.0
9724,2417,2024-07-18T12:59:44,canceled,
9725,2417,2024-11-16T19:15:27,delivered,5.0
9726,2418,2024-04-26T21:57:51,delivered,5.0
9727,2419,2024-10-18T11:06:33,canceled,
9728,2419,2024-10-27T06:08:54,delivered,4.0
9729,2419,2024-10-04T06:24:50,shipped,
9730,2419,2024-10-08T04:51:54,canceled,
9731,2419,2024-11-18T03:50:42,delivered,3.0
9732,2420,2024-09-16T20:09:35,delivered,5.0
9733,2420,2024-07-23T02:40:02,shipped,
9734,2421,2024-12-17T04:26:01,delivered,6.0
9735,2421,2024-08-21T00:23:20,delivered,13.0
9736,2422,2024-12-21T18:58:35,delivered,4.0
9737,2422,2024-11-05T01:05:58,delivered,3.0
9738,2422,2024-11-05T14:05:48,delivered,1.0
9739,2422,2024-12-11T19:29:44,canceled,
9740,2422,2024-11-21T02:31:57,delivered,3.0
9741,2423,2023-12-29T17:36:13,shipped,
9742,2423,2024-08-09T17:36:08,delivered,12.0
9743,2423,2024-06-25T05:02:34,delivered,2.0
9744,2424,2024-07-12T01:06:12,delivered,5.0
9745,2424,2024-09-20T02:37:37,delivered,9.0
9746,2424,2024-03-27T05:00:35,delivered,5.0
9747,2424,2024-03-05T23:39:26,delivered,2.0
9748,2425,2024-09-16T13:05:06,shipped,
9749,2425,2024-07-31T20:04:22,delivered,5.0
9750,2425,2024-05-04T12:21:44,delivered,14.0
9751,2426,2024-08-01T14:31:58,canceled,
9752,2426,2024-10-30T20:14:56,shipped,
9753,2426,2024-09-05T23:20:59,delivered,13.0
9754,2427,2024-09-16T12:15:55,shipped,
9755,2427,2024-11-07T02:02:30,delivered,8.0
9756,2427,2024-11-30T01:34:39,delivered,5.0
9757,2427,2024-12-04T06:37:27,shipped,
9758,2427,2024-11-23T18:25:08,shipped,
9759,2427,2024-10-31T23:55:29,shipped,
9760,2427,2024-12-06T17:33:26,shipped,
9761,2427,2024-12-30T13:19:11,delivered,1.0
9762,2428,2024-11-27T03:09:26,canceled,
9763,2428,2024-11-27T14:08:57,canceled,
9764,2429,2024-09-11T10:22:23,shipped,
9765,2429,2024-08-30T08:19:37,delivered,6.0
9766,2429,2024-11-14T16:57:16,shipped,
9767,2429,2024-09-29T14:24:29,delivered,8.0
9768,2429,2024-06-02T11:58:54,delivered,2.0
9769,2429,2024-10-21T11:11:27,canceled,
9770,2429,2024-12-16T15:34:33,delivered,13.0
9771,2429,2024-05-16T17:08:55,shipped,
9772,2430,2024-05-04T03:29:33,delivered,2.0
9773,2430,2023-05-09T05:26:26,delivered,5.0
9774,2430,2024-08-30T07:21:57,delivered,9.0
9775,2431,2024-06-30T21:17:15,delivered,2.0
9776,2431,2024-09-19T05:33:08,delivered,3.0
9777,2431,2024-08-04T19:52:57,shipped,
9778,2432,2024-07-19T20:27:47,delivered,3.0
9779,2432,2024-12-02T20:17:45,delivered,4.0
9780,2433,2024-11-14T03:52:19,delivered,3.0
9781,2433,2024-11-24T12:38:36,canceled,
9782,2433,2024-12-07T07:10:21,shipped,
9783,2433,2024-12-25T17:04:09,canceled,
9784,2433,2024-12-03T03:03:12,delivered,6.0
9785,2434,2024-08-24T17:30:53,delivered,5.0
9786,2434,2024-12-19T10:20:32,shipped,
9787,2434,2024-12-08T16:24:52,delivered,3.0
9788,2435,2024-08-14T10:45:30,delivered,7.0
9789,2435,2024-02-28T17:33:42,delivered,9.0
9790,2435,2024-12-07T20:54:30,canceled,
9791,2435,2024-03-16T03:10:08,delivered,6.0
9792,2435,2024-06-10T10:10:13,delivered,2.0
9793,2436,2024-03-14T06:38:53,delivered,13.0
9794,2436,2024-04-20T17:29:28,delivered,6.0
9795,2437,2024-12-18T08:41:53,delivered,3.0
9796,2437,2024-08-24T07:34:19,delivered,2.0
9797,2437,2024-12-08T18:48:32,delivered,2.0
9798,2438,2024-04-28T01:40:49,delivered,10.0
9799,2438,2024-10-10T05:45:03,delivered,18.0
9800,2438,2024-12-19T03:08:29,canceled,
9801,2438,2024-10-20T00:32:28,delivered,7.0
9802,2438,2024-11-28T07:41:47,canceled,
9803,2438,2024-07-03T12:59:22,delivered,3.0
9804,2438,2024-07-14T14:04:35,delivered,10.0
9805,2438,2024-10-01T23:17:53,canceled,
9806,2439,2024-03-13T06:02:19,shipped,
9807,2439,2024-03-03T13:38:05,delivered,4.0
9808,2440,2024-09-01T19:26:28,delivered,5.0
9809,2440,2023-11-26T01:54:08,delivered,3.0
9810,2440,2024-07-08T22:43:04,delivered,9.0
9811,2440,2024-04-23T04:56:03,canceled,
9812,2440,2024-12-20T23:58:02,delivered,2.0
9813,2440,2024-08-10T20:00:17,delivered,6.0
9814,2440,2023-08-17T10:12:56,canceled,
9815,2440,2024-11-14T23:22:30,delivered,3.0
9816,2441,2024-11-25T04:24:00,delivered,1.0
9817,2441,2024-07-21T17:36:01,delivered,9.0
9818,2441,2024-06-13T13:16:54,shipped,
9819,2442,2024-06-27T03:29:49,delivered,1.0
9820,2442,2023-09-30T08:10:45,delivered,8.0
9821,2442,2024-12-12T01:24:09,shipped,
9822,2442,2023-09-29T08:39:04,delivered,6.0
9823,2442,2024-10-29T20:47:04,delivered,4.0
9824,2443,2024-04-06T17:39:12,shipped,
9825,2443,2023-09-26T09:41:18,delivered,10.0
9826,2443,2023-12-10T09:28:07,canceled,
9827,2443,2023-07-30T17:03:16,shipped,
9828,2443,2023-11-07T17:00:23,delivered,3.0
9829,2443,2024-08-25T06:45:56,delivered,7.0
9830,2443,2024-01-15T22:35:37,delivered,11.0
9831,2443,2024-11-20T14:00:06,delivered,6.0
9832,2443,2024-08-19T12:22:01,shipped,
9833,2443,2024-10-27T05:27:45,delivered,4.0
9834,2444,2024-03-25T23:59:08,delivered,2.0
9835,2445,2024-08-18T07:47:24,canceled,
9836,2446,2024-11-20T09:51:06,delivered,11.0
9837,2446,2024-12-31T17:06:58,delivered,3.0
9838,2446,2024-12-04T00:21:25,delivered,9.0
9839,2446,2024-12-26T02:14:10,delivered,3.0
9840,2446,2024-11-24T20:01:11,delivered,1.0
9841,2446,2024-11-30T09:59:53,delivered,1.0
9842,2446,2024-12-10T00:51:41,canceled,
9843,2446,2024-12-22T11:22:06,delivered,4.0
9844,2447,2024-12-07T12:53:11,shipped,
9845,2447,2023-11-14T05:48:40,delivered,1.0
9846,2447,2024-01-31T00:59:48,canceled,
9847,2448,2024-11-20T03:07:16,delivered,5.0
9848,2449,2024-09-27T04:53:19,delivered,14.0
9849,2449,2024-11-05T19:40:29,delivered,1.0
9850,2450,2024-12-12T06:07:02,delivered,3.0
9851,2450,2023-09-16T10:43:37,delivered,3.0
9852,2450,2023-09-12T17:34:21,delivered,11.0
9853,2451,2023-03-08T12:31:37,delivered,4.0
9854,2451,2024-10-19T01:23:34,shipped,
9855,2451,2024-04-11T18:41:21,delivered,2.0
9856,2452,2023-09-11T12:23:02,delivered,5.0
9857,2452,2023-09-07T05:26:42,delivered,6.0
9858,2453,2024-11-11T02:09:16,canceled,
9859,2453,2024-09-21T20:42:22,delivered,5.0
9860,2453,2024-04-01T17:55:52,canceled,
9861,2454,2024-11-15T20:56:40,delivered,3.0
9862,2454,2024-11-15T20:58:29,canceled,
9863,2454,2024-12-21T02:31:50,canceled,
9864,2454,2024-12-29T03:07:41,canceled,
9865,2454,2024-09-08T01:51:50,delivered,5.0
9866,2454,2024-08-15T17:48:35,delivered,4.0
9867,2454,2024-06-24T18:06:54,delivered,2.0
9868,2455,2023-12-17T15:12:44,delivered,3.0
9869,2455,2023-07-14T20:00:36,delivered,1.0
9870,2455,2023-09-27T11:03:44,canceled,
9871,2455,2023-11-03T21:00:51,delivered,2.0
9872,2455,2024-06-02T09:01:34,delivered,8.0
9873,2455,2023-12-19T08:21:57,delivered,1.0
9874,2456,2024-12-31T18:54:49,delivered,8.0
9875,2456,2024-10-11T02:39:08,delivered,1.0
9876,2457,2023-05-28T11:01:08,delivered,4.0
9877,2457,2024-05-29T18:21:43,delivered,1.0
9878,2457,2024-07-29T22:27:01,delivered,2.0
9879,2457,2024-07-27T01:15:14,shipped,
9880,2458,2024-11-27T05:25:53,delivered,4.0
9881,2458,2024-12-11T22:29:27,delivered,4.0
9882,2458,2024-11-18T04:27:41,canceled,
9883,2458,2024-12-15T09:30:29,delivered,6.0
9884,2459,2024-09-27T21:12:18,delivered,1.0
9885,2460,2024-11-18T08:06:58,delivered,3.0
9886,2460,2024-09-03T20:15:29,canceled,
9887,2460,2024-08-23T02:18:51,delivered,16.0
9888,2461,2024-04-22T00:03:02,shipped,
9889,2461,2024-08-17T08:51:41,delivered,2.0
9890,2461,2024-10-11T10:27:52,canceled,
9891,2461,2024-12-15T16:19:54,canceled,
9892,2461,2024-08-24T09:08:04,delivered,4.0
9893,2461,2024-08-20T08:35:56,shipped,
9894,2462,2024-12-21T06:54:47,delivered,7.0
9895,2462,2024-12-13T00:25:14,canceled,
9896,2462,2024-12-23T05:30:11,delivered,2.0
9897,2462,2024-12-25T09:18:02,delivered,4.0
9898,2462,2024-12-12T12:33:34,canceled,
9899,2462,2024-12-29T04:10:56,canceled,
9900,2462,2024-12-18T12:25:20,delivered,11.0
9901,2462,2024-12-28T06:34:58,delivered,11.0
9902,2462,2024-12-23T02:22:26,shipped,
9903,2463,2024-02-24T18:50:42,delivered,3.0
9904,2463,2024-02-22T14:53:42,delivered,1.0
9905,2463,2024-04-20T23:41:29,delivered,6.0
9906,2463,2024-01-17T21:07:06,delivered,4.0
9907,2463,2024-07-22T20:23:14,delivered,3.0
9908,2463,2024-09-13T21:56:06,canceled,
9909,2463,2024-04-09T04:07:50,delivered,9.0
9910,2463,2024-10-08T14:52:19,canceled,
9911,2463,2024-02-22T07:08:59,delivered,1.0
9912,2464,2024-06-14T12:57:37,delivered,5.0
9913,2464,2024-09-07T07:06:16,canceled,
9914,2464,2024-08-16T17:32:45,delivered,3.0
9915,2464,2024-10-01T18:07:15,delivered,6.0
9916,2465,2024-08-25T05:09:35,delivered,3.0
9917,2465,2024-11-11T11:31:03,delivered,11.0
9918,2465,2024-06-30T18:58:02,delivered,6.0
9919,2465,2024-11-15T21:45:52,delivered,11.0
9920,2466,2024-02-18T11:08:56,delivered,7.0
9921,2466,2024-03-24T05:26:34,delivered,1.0
9922,2466,2024-07-01T21:11:07,delivered,7.0
9923,2466,2023-08-05T03:34:10,canceled,
9924,2466,2023-11-17T04:07:42,canceled,
9925,2466,2024-11-28T06:53:04,canceled,
9926,2466,2024-05-18T15:35:05,canceled,
9927,2466,2024-08-22T05:59:05,canceled,
9928,2466,2024-08-03T04:28:53,delivered,3.0
9929,2467,2024-12-22T15:38:31,delivered,6.0
9930,2467,2024-10-09T15:41:56,canceled,
9931,2467,2024-09-15T15:02:26,shipped,
9932,2467,2024-10-24T02:44:32,shipped,
9933,2468,2024-03-05T12:53:43,delivered,4.0
9934,2468,2024-04-05T21:22:44,delivered,9.0
9935,2469,2024-03-11T06:38:46,delivered,11.0
9936,2470,2024-11-30T08:08:22,delivered,2.0
9937,2470,2024-11-01T08:07:17,delivered,10.0
9938,2470,2024-12-21T23:56:35,delivered,2.0
9939,2470,2024-12-19T06:20:48,shipped,
9940,2471,2024-06-19T02:42:05,delivered,1.0
9941,2471,2023-10-22T09:39:26,delivered,3.0
9942,2471,2024-06-29T13:43:32,delivered,6.0
9943,2472,2024-10-05T21:30:30,delivered,7.0
9944,2472,2024-12-30T16:23:45,delivered,2.0
9945,2472,2024-11-04T07:11:23,delivered,3.0
9946,2472,2024-11-05T11:49:39,shipped,
9947,2473,2024-12-10T17:21:41,delivered,1.0
9948,2473,2024-12-27T00:15:03,delivered,4.0
9949,2473,2024-12-08T08:34:36,delivered,3.0
9950,2473,2024-12-05T04:24:03,delivered,3.0
9951,2474,2024-11-19T03:57:15,delivered,4.0
9952,2474,2024-11-22T17:46:16,canceled,
9953,2474,2024-11-25T19:29:33,delivered,3.0
9954,2474,2024-12-08T14:04:08,delivered,5.0
9955,2474,2024-12-04T16:24:18,delivered,5.0
9956,2474,2024-12-04T23:18:37,canceled,
9957,2474,2024-12-18T13:22:32,delivered,5.0
9958,2474,2024-12-09T12:47:54,canceled,
9959,2474,2024-11-27T05:32:48,canceled,
9960,2475,2024-12-31T01:17:43,delivered,6.0
9961,2475,2024-12-28T20:57:18,delivered,2.0
9962,2475,2024-12-28T13:25:38,delivered,10.0
9963,2475,2024-12-30T22:39:09,delivered,4.0
9964,2475,2024-12-31T12:12:09,delivered,2.0
9965,2475,2024-12-30T09:51:39,canceled,
9966,2475,2024-12-30T13:45:23,canceled,
9967,2475,2024-12-31T16:50:05,delivered,2.0
9968,2475,2024-12-28T05:50:29,delivered,2.0
9969,2475,2024-12-30T04:51:38,delivered,5.0
9970,2476,2023-10-01T13:00:33,delivered,4.0
9971,2476,2023-11-30T03:58:36,delivered,1.0
9972,2476,2024-02-14T09:18:43,delivered,3.0
9973,2476,2023-11-19T10:49:03,delivered,9.0
9974,2476,2024-07-04T16:51:55,delivered,2.0
9975,2476,2024-03-03T16:14:05,delivered,15.0
9976,2476,2023-10-11T23:12:39,delivered,5.0
9977,2476,2024-11-22T18:42:52,shipped,
9978,2477,2024-12-30T13:14:04,delivered,5.0
9979,2477,2024-09-10T11:35:30,delivered,1.0
9980,2477,2024-10-04T04:21:58,delivered,2.0
9981,2477,2024-09-10T15:19:41,delivered,1.0
9982,2477,2024-11-24T18:39:55,delivered,4.0
9983,2478,2024-04-09T23:40:40,delivered,10.0
9984,2478,2024-12-08T05:36:52,delivered,2.0
9985,2478,2024-11-07T13:53:50,shipped,
9986,2478,2024-08-01T20:53:51,canceled,
9987,2479,2024-06-11T12:56:33,delivered,8.0
9988,2479,2024-10-15T12:22:12,shipped,
9989,2479,2024-06-08T23:29:44,delivered,5.0
9990,2479,2024-08-30T01:40:18,delivered,7.0
9991,2480,2024-12-18T02:14:25,shipped,
9992,2480,2024-08-15T19:57:57,delivered,3.0
9993,2481,2024-12-19T08:38:07,delivered,5.0
9994,2481,2024-12-02T13:11:40,delivered,9.0
9995,2482,2024-12-28T12:21:47,delivered,2.0
9996,2482,2024-12-05T10:53:29,delivered,3.0
9997,2482,2024-12-13T10:51:10,shipped,
9998,2483,2024-03-15T14:09:41,delivered,5.0
9999,2483,2023-10-30T22:34:54,delivered,4.0
10000,2483,2024-01-29T11:16:59,shipped,
10001,2483,2023-11-16T13:36:33,canceled,
10002,2483,2024-06-06T06:55:26,canceled,
10003,2483,2024-04-09T23:12:55,delivered,9.0
10004,2484,2023-08-29T07:01:29,delivered,5.0
10005,2485,2023-11-22T02:41:15,canceled,
10006,2485,2023-06-06T20:13:06,delivered,3.0
10007,2485,2024-08-14T06:57:36,canceled,
10008,2485,2023-05-24T16:14:36,canceled,
10009,2485,2024-11-12T21:53:45,shipped,
10010,2485,2024-07-26T00:23:43,canceled,
10011,2485,2024-05-18T15:39:03,shipped,
10012,2485,2023-11-10T07:08:42,delivered,4.0
10013,2485,2023-12-06T19:23:04,delivered,3.0
10014,2486,2024-06-24T22:04:37,canceled,
10015,2486,2024-06-11T01:58:58,delivered,2.0
10016,2486,2024-05-22T10:10:22,delivered,9.0
10017,2486,2024-10-18T09:39:20,delivered,1.0
10018,2486,2024-06-18T09:02:04,shipped,
10019,2486,2024-08-01T18:49:56,delivered,8.0
10020,2487,2024-03-07T18:58:35,delivered,1.0
10021,2487,2023-03-14T01:17:03,delivered,9.0
10022,2487,2023-08-09T00:23:50,delivered,12.0
10023,2487,2024-03-18T23:53:55,shipped,
10024,2487,2024-02-22T11:46:13,canceled,
10025,2487,2024-02-21T01:47:44,delivered,1.0
10026,2488,2024-11-12T13:43:21,delivered,9.0
10027,2488,2024-05-21T11:07:45,delivered,4.0
10028,2488,2023-10-23T03:09:39,delivered,2.0
10029,2488,2024-08-29T10:01:54,shipped,
10030,2489,2024-10-14T09:25:02,shipped,
10031,2489,2024-06-28T05:27:51,delivered,5.0
10032,2489,2024-09-09T17:46:47,shipped,
10033,2489,2024-09-08T06:22:05,delivered,9.0
10034,2489,2024-01-13T18:04:58,delivered,6.0
10035,2489,2024-04-23T19:54:13,shipped,
10036,2489,2023-07-15T00:53:30,delivered,3.0
10037,2489,2023-08-26T04:49:33,delivered,3.0
10038,2490,2024-12-24T14:29:09,delivered,12.0
10039,2490,2024-12-30T19:48:28,delivered,8.0
10040,2490,2024-12-19T18:15:02,delivered,4.0
10041,2490,2024-12-31T09:13:46,canceled,
10042,2490,2024-12-16T02:00:04,canceled,
10043,2490,2024-12-18T17:12:57,shipped,
10044,2491,2023-12-23T15:44:54,delivered,7.0
10045,2491,2024-07-30T19:06:46,delivered,5.0
10046,2491,2024-12-30T21:49:06,canceled,
10047,2491,2023-11-02T13:58:29,delivered,1.0
10048,2492,2024-12-12T16:26:08,shipped,
10049,2493,2024-07-14T00:06:57,shipped,
10050,2493,2023-09-13T21:58:12,shipped,
10051,2494,2024-07-13T05:52:50,canceled,
10052,2494,2023-07-27T21:34:14,shipped,
10053,2494,2024-10-24T16:13:52,canceled,
10054,2494,2024-03-08T07:37:44,canceled,
10055,2494,2024-04-21T12:18:55,shipped,
10056,2494,2024-02-19T04:37:40,delivered,7.0
10057,2494,2024-11-04T19:20:17,delivered,7.0
10058,2494,2023-04-17T05:58:09,delivered,12.0
10059,2494,2024-08-30T19:10:46,delivered,16.0
10060,2494,2024-08-21T06:18:04,delivered,4.0
10061,2495,2024-05-29T02:36:12,delivered,2.0
10062,2495,2024-08-21T20:56:55,canceled,
10063,2495,2024-10-10T16:22:08,delivered,8.0
10064,2495,2024-05-30T02:02:10,delivered,4.0
10065,2495,2024-06-28T10:07:43,delivered,5.0
10066,2495,2024-05-07T18:36:33,delivered,3.0
10067,2495,2024-07-31T15:58:52,delivered,10.0
10068,2496,2024-10-27T13:37:13,canceled,
10069,2496,2024-11-17T08:26:22,canceled,
10070,2497,2023-12-30T18:29:14,delivered,5.0
10071,2497,2023-09-24T15:19:02,delivered,9.0
10072,2497,2024-02-05T23:09:20,canceled,
10073,2497,2024-09-25T15:58:01,delivered,1.0
10074,2497,2024-09-14T07:53:20,delivered,4.0
10075,2497,2024-01-20T17:36:40,delivered,4.0
10076,2497,2024-07-28T04:34:11,shipped,
10077,2497,2024-12-14T03:35:51,shipped,
10078,2497,2024-01-13T03:35:08,shipped,
10079,2498,2024-10-04T00:22:53,delivered,9.0
10080,2498,2024-12-07T00:29:36,canceled,
10081,2499,2024-01-18T05:48:26,delivered,3.0
10082,2499,2024-03-22T03:53:46,canceled,
10083,2500,2024-12-30T21:32:16,delivered,2.0
10084,2500,2024-12-15T08:14:03,delivered,7.0
10085,2500,2024-12-29T16:43:16,shipped,
10086,2500,2024-12-31T04:22:59,delivered,9.0
10087,2501,2024-12-20T15:47:09,delivered,7.0
10088,2501,2024-12-23T17:55:21,shipped,
10089,2502,2024-04-26T00:50:30,delivered,7.0
10090,2502,2024-08-01T05:18:50,canceled,
10091,2503,2024-04-01T02:24:09,delivered,8.0
10092,2503,2024-09-06T00:39:35,delivered,3.0
10093,2504,2024-08-15T19:46:40,shipped,
10094,2504,2024-11-21T19:28:55,delivered,3.0
10095,2504,2024-08-02T20:22:14,delivered,3.0
10096,2504,2024-11-11T13:38:07,delivered,5.0
10097,2505,2023-02-07T05:07:08,delivered,1.0
10098,2505,2023-11-04T06:42:43,canceled,
10099,2506,2024-07-13T16:49:01,delivered,2.0
10100,2506,2024-07-22T16:53:34,delivered,5.0
10101,2507,2024-06-23T09:51:48,canceled,
10102,2507,2024-06-26T08:03:10,shipped,
10103,2508,2024-12-17T22:21:39,canceled,
10104,2508,2024-10-15T07:23:28,shipped,
10105,2508,2024-12-08T14:17:20,delivered,10.0
10106,2508,2024-11-02T15:22:57,delivered,3.0
10107,2508,2024-12-21T12:59:46,delivered,2.0
10108,2508,2024-10-10T20:35:08,shipped,
10109,2508,2024-12-05T04:42:42,delivered,1.0
10110,2508,2024-11-26T09:58:58,shipped,
10111,2509,2024-09-01T11:47:01,canceled,
10112,2509,2024-07-21T02:12:43,shipped,
10113,2509,2024-01-14T14:35:16,shipped,
10114,2509,2024-02-07T10:07:52,shipped,
10115,2509,2024-11-05T10:52:13,delivered,1.0
10116,2510,2024-07-30T15:37:14,delivered,5.0
10117,2510,2024-11-04T05:19:17,delivered,5.0
10118,2510,2024-11-27T20:16:05,canceled,
10119,2510,2024-09-05T21:03:18,delivered,5.0
10120,2511,2024-10-13T17:20:02,delivered,2.0
10121,2511,2024-05-23T06:17:40,delivered,6.0
10122,2512,2024-01-01T22:35:47,shipped,
10123,2512,2023-11-09T07:49:14,delivered,3.0
10124,2512,2023-11-16T21:25:59,delivered,3.0
10125,2513,2024-03-26T05:21:08,delivered,1.0
10126,2513,2024-02-06T03:55:37,canceled,
10127,2513,2023-09-01T08:38:07,delivered,1.0
10128,2514,2024-02-18T01:31:32,delivered,2.0
10129,2515,2024-06-16T20:00:00,delivered,5.0
10130,2515,2024-12-02T21:48:39,shipped,
10131,2515,2024-11-09T17:57:28,delivered,11.0
10132,2516,2024-09-02T09:24:12,shipped,
10133,2517,2024-07-22T06:00:37,delivered,3.0
10134,2518,2024-08-15T17:40:22,delivered,1.0
10135,2519,2024-11-21T19:50:14,delivered,2.0
10136,2519,2024-07-04T15:51:18,delivered,3.0
10137,2520,2024-09-07T15:45:49,canceled,
10138,2520,2024-09-15T05:42:54,canceled,
10139,2521,2023-05-03T20:11:27,delivered,2.0
10140,2521,2024-04-17T14:27:45,delivered,2.0
10141,2521,2024-02-19T22:13:28,canceled,
10142,2521,2023-06-21T14:52:49,canceled,
10143,2521,2023-10-10T17:04:29,delivered,5.0
10144,2521,2024-01-29T07:05:48,delivered,3.0
10145,2521,2023-10-20T09:21:07,delivered,5.0
10146,2521,2023-11-06T00:09:13,canceled,
10147,2522,2024-09-04T14:13:12,delivered,6.0
10148,2522,2024-07-31T04:29:35,canceled,
10149,2522,2024-08-17T05:00:23,delivered,2.0
10150,2522,2024-09-14T17:52:11,delivered,4.0
10151,2522,2024-06-29T14:10:26,delivered,1.0
10152,2523,2023-12-01T12:52:59,delivered,3.0
10153,2523,2023-09-02T10:15:06,canceled,
10154,2523,2023-05-14T03:36:50,delivered,6.0
10155,2523,2023-04-30T08:24:34,delivered,4.0
10156,2523,2023-02-20T18:00:30,delivered,9.0
10157,2523,2024-05-28T04:10:11,canceled,
10158,2523,2023-11-08T05:12:20,delivered,9.0
10159,2523,2023-12-11T20:42:45,delivered,5.0
10160,2524,2024-12-19T03:32:28,delivered,2.0
10161,2524,2023-12-11T10:12:02,shipped,
10162,2524,2024-01-26T09:41:17,delivered,8.0
10163,2525,2024-02-29T15:37:00,delivered,4.0
10164,2525,2023-05-25T05:04:39,canceled,
10165,2525,2024-03-22T07:32:57,delivered,3.0
10166,2525,2024-11-17T09:56:46,shipped,
10167,2525,2024-04-25T10:12:21,delivered,9.0
10168,2526,2024-11-11T16:03:44,delivered,24.0
10169,2526,2024-10-20T11:01:17,canceled,
10170,2526,2024-12-05T10:08:01,delivered,1.0
10171,2526,2024-10-10T05:52:35,delivered,2.0
10172,2527,2024-11-06T10:19:44,canceled,
10173,2527,2024-06-20T04:22:07,delivered,9.0
10174,2527,2024-08-05T22:36:22,delivered,3.0
10175,2527,2024-09-22T03:38:58,shipped,
10176,2527,2024-05-31T11:44:54,shipped,
10177,2527,2024-07-14T17:31:21,delivered,8.0
10178,2527,2024-10-11T01:12:27,delivered,15.0
10179,2528,2024-09-20T03:19:18,delivered,1.0
10180,2528,2024-07-26T21:29:42,delivered,6.0
10181,2529,2024-02-10T09:55:02,delivered,3.0
10182,2530,2024-08-31T01:21:37,delivered,6.0
10183,2530,2024-12-25T05:26:05,canceled,
10184,2530,2024-12-09T20:25:23,delivered,2.0
10185,2531,2023-12-03T03:31:26,delivered,4.0
10186,2531,2024-07-19T20:46:18,delivered,4.0
10187,2531,2024-09-29T04:02:56,delivered,2.0
10188,2531,2024-07-30T01:40:38,delivered,1.0
10189,2531,2024-10-31T00:00:37,delivered,5.0
10190,2531,2024-03-18T05:30:11,canceled,
10191,2531,2024-08-17T02:34:40,delivered,5.0
10192,2531,2023-11-09T17:06:10,shipped,
10193,2531,2024-09-08T12:18:13,delivered,4.0
10194,2531,2023-11-08T02:18:03,delivered,6.0
10195,2532,2024-05-02T20:08:07,delivered,4.0
10196,2532,2023-07-10T17:58:20,delivered,3.0
10197,2532,2023-11-29T12:44:47,delivered,6.0
10198,2532,2024-12-12T21:15:51,shipped,
10199,2532,2023-06-09T07:14:21,canceled,
10200,2532,2023-07-09T07:23:15,delivered,8.0
10201,2532,2023-09-29T09:17:22,canceled,
10202,2532,2024-04-11T04:39:55,shipped,
10203,2532,2024-03-31T06:29:34,delivered,9.0
10204,2533,2024-03-03T00:31:36,delivered,5.0
10205,2533,2024-04-06T15:15:31,canceled,
10206,2534,2024-08-12T00:20:26,delivered,10.0
10207,2534,2024-09-20T09:23:08,delivered,1.0
10208,2534,2024-10-26T02:14:41,delivered,2.0
10209,2535,2024-05-24T13:27:07,delivered,8.0
10210,2536,2024-07-30T22:38:32,delivered,7.0
10211,2536,2024-02-18T18:15:21,delivered,9.0
10212,2536,2024-06-20T14:04:22,delivered,2.0
10213,2537,2024-07-07T09:29:58,shipped,
10214,2538,2024-09-16T13:40:44,delivered,5.0
10215,2538,2024-11-18T12:23:32,shipped,
10216,2538,2024-05-27T00:09:54,delivered,9.0
10217,2539,2024-11-08T21:42:49,delivered,3.0
10218,2539,2024-03-04T19:15:16,delivered,9.0
10219,2539,2024-05-21T16:05:31,delivered,4.0
10220,2540,2024-12-30T21:54:45,canceled,
10221,2540,2024-10-26T07:26:12,shipped,
10222,2541,2024-09-03T00:50:28,delivered,3.0
10223,2541,2024-07-13T07:10:02,canceled,
10224,2541,2024-11-07T06:56:49,shipped,
10225,2542,2024-12-21T06:11:46,shipped,
10226,2542,2024-12-30T04:23:01,delivered,4.0
10227,2542,2024-12-13T00:30:00,delivered,5.0
10228,2543,2024-08-15T10:15:09,delivered,6.0
10229,2543,2024-05-25T10:12:56,shipped,
10230,2544,2024-06-21T22:29:49,shipped,
10231,2544,2024-06-06T08:26:21,delivered,2.0
10232,2544,2024-12-21T11:22:10,delivered,3.0
10233,2545,2024-11-16T22:38:00,delivered,12.0
10234,2545,2024-11-13T19:45:44,canceled,
10235,2546,2024-12-16T03:59:31,shipped,
10236,2546,2024-12-26T18:17:16,canceled,
10237,2547,2023-10-30T13:06:12,delivered,5.0
10238,2548,2024-02-02T06:59:39,canceled,
10239,2548,2024-12-16T19:45:05,delivered,10.0
10240,2548,2024-04-28T17:17:15,shipped,
10241,2549,2024-12-06T23:19:43,delivered,4.0
10242,2549,2024-04-06T16:46:12,delivered,7.0
10243,2549,2024-03-12T23:05:07,delivered,6.0
10244,2550,2024-08-04T08:16:33,delivered,2.0
10245,2551,2024-05-22T05:51:14,shipped,
10246,2551,2023-12-09T01:34:44,canceled,
10247,2551,2023-10-14T16:16:53,canceled,
10248,2551,2023-08-17T03:12:18,canceled,
10249,2551,2024-02-16T04:00:52,delivered,4.0
10250,2551,2024-08-07T04:51:43,canceled,
10251,2551,2023-10-17T09:33:09,canceled,
10252,2551,2024-04-22T04:16:08,canceled,
10253,2552,2024-07-03T22:16:32,delivered,1.0
10254,2552,2024-11-25T20:35:10,delivered,6.0
10255,2553,2024-10-04T11:08:02,canceled,
10256,2553,2024-12-28T16:08:59,delivered,3.0
10257,2553,2024-12-11T08:20:36,delivered,8.0
10258,2554,2024-05-19T11:02:02,delivered,3.0
10259,2554,2024-11-24T04:28:58,canceled,
10260,2555,2024-05-03T00:49:25,delivered,8.0
10261,2555,2024-01-09T00:16:08,delivered,1.0
10262,2556,2024-03-19T22:28:07,canceled,
10263,2556,2024-06-19T03:01:14,shipped,
10264,2556,2024-10-01T23:04:58,delivered,8.0
10265,2556,2024-04-12T01:08:22,delivered,2.0
10266,2556,2024-01-10T08:28:55,delivered,2.0
10267,2557,2024-11-02T22:44:23,shipped,
10268,2558,2023-09-29T21:51:18,delivered,3.0
10269,2558,2024-10-24T10:19:15,delivered,5.0
10270,2558,2024-01-25T04:57:12,delivered,2.0
10271,2558,2024-09-04T16:27:47,delivered,9.0
10272,2558,2024-11-20T04:01:41,delivered,7.0
10273,2558,2024-11-05T14:38:28,delivered,2.0
10274,2559,2024-12-24T08:34:53,delivered,5.0
10275,2559,2024-08-28T05:19:12,delivered,4.0
10276,2559,2024-10-24T03:06:48,shipped,
10277,2559,2024-10-22T06:52:42,delivered,5.0
10278,2560,2023-05-10T14:18:29,delivered,1.0
10279,2560,2024-05-06T09:49:42,shipped,
10280,2561,2023-12-23T17:53:26,delivered,8.0
10281,2562,2024-12-13T14:18:53,delivered,13.0
10282,2562,2024-11-20T04:38:28,delivered,2.0
10283,2562,2024-11-24T16:36:58,delivered,11.0
10284,2563,2023-08-27T12:08:55,delivered,4.0
10285,2563,2024-07-05T06:38:39,delivered,6.0
10286,2563,2023-12-11T16:14:33,delivered,8.0
10287,2564,2023-06-15T00:22:49,delivered,4.0
10288,2564,2024-11-11T20:16:47,delivered,4.0
10289,2564,2023-12-14T13:34:52,delivered,2.0
10290,2565,2024-11-25T16:11:54,delivered,3.0
10291,2566,2024-10-26T21:59:04,delivered,5.0
10292,2566,2024-12-23T02:36:49,canceled,
10293,2567,2024-12-13T08:19:42,delivered,2.0
10294,2567,2024-12-13T11:57:51,canceled,
10295,2568,2023-10-18T22:55:05,delivered,4.0
10296,2568,2023-08-01T01:57:35,delivered,1.0
10297,2568,2023-09-16T01:05:42,shipped,
10298,2568,2023-08-08T04:03:01,delivered,7.0
10299,2569,2024-11-21T04:29:32,delivered,10.0
10300,2569,2024-04-18T11:55:15,delivered,1.0
10301,2569,2024-11-21T17:29:05,delivered,9.0
10302,2570,2024-04-26T13:56:58,delivered,1.0
10303,2570,2024-04-27T00:21:46,delivered,6.0
10304,2570,2024-03-28T03:28:36,delivered,5.0
10305,2570,2024-01-07T00:48:03,canceled,
10306,2571,2024-12-31T10:42:04,canceled,
10307,2571,2024-06-04T22:35:03,delivered,6.0
10308,2571,2024-09-25T06:59:04,delivered,11.0
10309,2571,2023-07-24T10:35:12,delivered,4.0
10310,2571,2024-02-26T05:41:27,delivered,5.0
10311,2571,2023-11-18T02:52:24,delivered,6.0
10312,2571,2024-04-24T19:59:40,shipped,
10313,2572,2024-08-05T06:21:11,delivered,12.0
10314,2572,2024-07-26T14:55:36,shipped,
10315,2572,2024-09-15T14:54:03,shipped,
10316,2572,2024-06-02T22:54:48,delivered,5.0
10317,2573,2023-06-04T22:33:20,delivered,1.0
10318,2573,2024-05-26T12:01:46,shipped,
10319,2573,2023-11-18T21:38:26,canceled,
10320,2573,2023-12-01T23:36:09,shipped,
10321,2573,2024-09-30T11:14:53,delivered,9.0
10322,2573,2023-09-02T08:30:52,delivered,2.0
10323,2574,2024-01-27T23:52:13,delivered,16.0
10324,2574,2023-09-07T23:47:48,canceled,
10325,2574,2024-06-01T15:21:41,delivered,2.0
10326,2574,2024-04-05T14:52:34,shipped,
10327,2574,2024-11-24T19:54:34,canceled,
10328,2574,2023-10-10T23:35:31,delivered,4.0
10329,2574,2024-01-14T16:42:47,delivered,1.0
10330,2574,2024-01-10T09:12:43,delivered,3.0
10331,2574,2024-09-21T04:53:02,delivered,9.0
10332,2574,2024-10-18T02:20:27,shipped,
10333,2575,2024-04-06T00:16:32,shipped,
10334,2575,2024-08-21T19:07:37,canceled,
10335,2576,2024-05-12T14:48:13,delivered,7.0
10336,2576,2024-04-11T00:00:20,delivered,3.0
10337,2576,2024-12-28T23:45:56,delivered,1.0
10338,2577,2024-04-13T11:13:29,delivered,6.0
10339,2577,2024-05-10T06:30:29,shipped,
10340,2577,2024-09-25T21:05:50,canceled,
10341,2578,2023-12-30T10:09:21,shipped,
10342,2578,2024-11-23T01:38:05,canceled,
10343,2578,2024-03-01T05:12:39,delivered,9.0
10344,2578,2024-11-18T02:37:35,shipped,
10345,2578,2024-07-06T17:10:16,delivered,2.0
10346,2578,2024-05-01T07:02:02,delivered,1.0
10347,2578,2024-09-12T07:59:02,delivered,4.0
10348,2579,2024-03-08T22:47:00,delivered,1.0
10349,2579,2024-09-10T17:13:14,delivered,6.0
10350,2579,2024-10-27T19:31:48,delivered,6.0
10351,2579,2024-04-16T03:30:16,canceled,
10352,2579,2024-09-14T13:45:16,canceled,
10353,2579,2024-11-24T13:14:02,delivered,4.0
10354,2579,2024-09-27T01:38:28,delivered,3.0
10355,2579,2024-09-14T17:03:25,delivered,2.0
10356,2579,2024-10-04T09:05:12,delivered,3.0
10357,2580,2024-11-28T14:17:04,delivered,2.0
10358,2580,2024-11-02T00:16:33,delivered,2.0
10359,2580,2024-11-04T04:37:34,delivered,1.0
10360,2580,2024-10-12T15:52:09,delivered,11.0
10361,2580,2024-10-07T19:01:19,canceled,
10362,2580,2024-08-13T19:03:42,shipped,
10363,2581,2024-11-20T06:11:39,delivered,11.0
10364,2581,2024-10-18T22:57:18,canceled,
10365,2581,2024-12-08T18:25:47,shipped,
10366,2581,2024-11-17T05:17:58,delivered,2.0
10367,2581,2024-10-22T10:07:07,delivered,4.0
10368,2581,2024-12-25T12:36:32,delivered,5.0
10369,2582,2024-01-19T15:05:54,delivered,2.0
10370,2582,2024-12-29T10:36:06,delivered,9.0
10371,2582,2024-05-13T14:04:30,delivered,8.0
10372,2582,2024-05-30T21:20:33,delivered,3.0
10373,2583,2024-05-12T09:40:33,delivered,14.0
10374,2583,2023-03-28T15:29:55,canceled,
10375,2584,2024-07-11T18:13:36,delivered,2.0
10376,2584,2024-06-16T15:14:50,shipped,
10377,2584,2024-12-08T21:10:18,delivered,7.0
10378,2584,2024-09-17T18:16:47,delivered,3.0
10379,2584,2024-03-18T02:15:29,delivered,2.0
10380,2585,2024-07-17T16:49:06,delivered,1.0
10381,2585,2024-06-25T14:15:18,delivered,7.0
10382,2585,2024-07-08T02:15:32,delivered,1.0
10383,2585,2024-05-03T20:13:23,delivered,6.0
10384,2586,2024-12-25T10:36:09,canceled,
10385,2586,2024-12-05T15:53:55,delivered,10.0
10386,2586,2024-12-06T05:12:20,delivered,2.0
10387,2586,2024-12-05T17:35:23,delivered,8.0
10388,2586,2024-12-16T18:23:29,delivered,2.0
10389,2587,2024-12-24T17:16:42,delivered,5.0
10390,2587,2024-12-20T15:54:42,delivered,2.0
10391,2587,2024-10-16T16:50:34,delivered,8.0
10392,2587,2024-10-24T20:10:05,delivered,9.0
10393,2588,2024-01-30T09:14:07,shipped,
10394,2588,2024-12-20T01:17:33,delivered,12.0
10395,2589,2024-08-09T05:13:42,delivered,1.0
10396,2590,2024-11-14T12:07:40,delivered,6.0
10397,2591,2024-10-20T08:43:20,delivered,3.0
10398,2591,2024-05-20T19:37:30,delivered,4.0
10399,2591,2024-05-23T01:00:33,delivered,2.0
10400,2591,2024-12-19T02:22:10,shipped,
10401,2591,2024-06-20T05:24:26,shipped,
10402,2591,2024-08-17T14:00:50,delivered,1.0
10403,2591,2024-05-19T20:08:58,delivered,19.0
10404,2591,2024-12-31T08:16:19,delivered,7.0
10405,2591,2024-05-19T06:26:13,delivered,4.0
10406,2592,2024-12-16T14:05:50,delivered,3.0
10407,2592,2024-12-01T02:53:45,delivered,3.0
10408,2592,2024-12-29T05:49:22,delivered,8.0
10409,2592,2024-08-23T19:53:26,delivered,6.0
10410,2592,2024-10-06T01:25:01,delivered,2.0
10411,2592,2024-11-06T21:27:31,delivered,4.0
10412,2592,2024-09-29T16:47:13,delivered,12.0
10413,2593,2024-05-30T15:51:43,canceled,
10414,2593,2023-09-02T00:47:15,shipped,
10415,2593,2024-04-29T22:10:26,delivered,2.0
10416,2593,2023-08-09T07:02:19,delivered,7.0
10417,2593,2024-10-25T09:15:51,canceled,
10418,2593,2023-10-26T04:55:12,delivered,1.0
10419,2594,2024-09-15T04:33:39,delivered,3.0
10420,2594,2024-09-16T03:19:05,delivered,4.0
10421,2594,2024-09-30T19:13:14,delivered,4.0
10422,2594,2024-08-29T23:45:14,delivered,2.0
10423,2594,2024-09-08T03:55:41,delivered,10.0
10424,2594,2024-08-16T07:31:24,canceled,
10425,2594,2024-12-17T01:58:13,shipped,
10426,2595,2024-11-07T13:29:13,canceled,
10427,2595,2024-10-30T02:46:54,delivered,10.0
10428,2595,2024-12-23T19:59:54,delivered,7.0
10429,2595,2024-12-22T07:45:52,delivered,9.0
10430,2595,2024-12-27T03:00:07,canceled,
10431,2596,2023-11-12T05:53:17,delivered,2.0
10432,2596,2024-08-15T20:31:38,delivered,1.0
10433,2596,2024-07-18T23:09:00,delivered,19.0
10434,2596,2024-02-14T11:34:14,canceled,
10435,2596,2024-07-24T15:21:07,delivered,1.0
10436,2596,2024-08-15T00:18:16,delivered,4.0
10437,2596,2024-12-25T21:35:22,delivered,15.0
10438,2596,2024-02-01T10:10:31,delivered,1.0
10439,2596,2024-02-12T23:53:14,delivered,3.0
10440,2596,2024-03-20T01:01:43,canceled,
10441,2596,2024-12-05T21:15:15,delivered,2.0
10442,2597,2024-04-01T21:00:03,delivered,4.0
10443,2598,2024-08-28T23:19:07,delivered,1.0
10444,2598,2024-08-12T10:57:55,delivered,11.0
10445,2599,2023-12-23T14:37:26,delivered,1.0
10446,2599,2023-09-12T12:13:42,shipped,
10447,2599,2024-11-12T03:53:02,delivered,8.0
10448,2599,2024-05-07T10:05:35,delivered,4.0
10449,2599,2023-12-03T23:44:08,delivered,7.0
10450,2599,2024-08-22T02:07:09,shipped,
10451,2600,2024-03-04T14:51:15,delivered,4.0
10452,2600,2024-03-16T13:35:10,shipped,
10453,2600,2024-10-25T12:45:24,delivered,8.0
10454,2600,2023-08-11T06:04:16,canceled,
10455,2600,2024-11-28T12:21:25,shipped,
10456,2600,2023-08-13T21:22:53,delivered,4.0
10457,2600,2023-12-04T07:48:31,delivered,3.0
10458,2600,2024-08-11T18:43:11,delivered,13.0
10459,2601,2024-11-18T02:24:52,shipped,
10460,2601,2024-11-20T19:03:04,delivered,7.0
10461,2601,2024-08-12T23:07:53,delivered,5.0
10462,2601,2024-10-07T23:36:19,delivered,4.0
10463,2601,2024-08-17T16:56:08,delivered,8.0
10464,2601,2024-10-12T07:49:45,delivered,6.0
10465,2601,2024-12-03T01:57:16,delivered,2.0
10466,2601,2024-09-06T07:15:48,delivered,3.0
10467,2602,2024-07-05T08:16:38,canceled,
10468,2603,2024-11-11T04:52:54,canceled,
10469,2603,2024-09-25T22:39:38,delivered,1.0
10470,2604,2024-07-25T12:58:05,delivered,7.0
10471,2604,2024-01-22T14:14:38,delivered,3.0
10472,2604,2024-04-20T05:32:25,delivered,3.0
10473,2604,2023-12-02T16:11:58,canceled,
10474,2605,2024-12-14T22:49:36,delivered,7.0
10475,2606,2024-12-03T10:14:33,delivered,7.0
10476,2606,2024-05-05T00:40:26,canceled,
10477,2606,2024-04-13T18:52:37,delivered,1.0
10478,2606,2024-10-24T05:59:48,delivered,9.0
10479,2606,2024-04-14T10:17:48,shipped,
10480,2606,2024-07-07T03:56:05,shipped,
10481,2607,2024-12-01T04:35:59,delivered,5.0
10482,2607,2024-12-27T03:45:32,delivered,1.0
10483,2607,2024-12-14T19:36:01,shipped,
10484,2607,2024-12-28T21:42:23,delivered,3.0
10485,2607,2024-10-22T19:14:54,delivered,7.0
10486,2607,2024-08-28T10:11:50,delivered,6.0
10487,2607,2024-08-20T12:07:11,delivered,9.0
10488,2607,2024-11-27T16:34:38,shipped,
10489,2607,2024-11-08T19:39:29,delivered,3.0
10490,2608,2023-12-25T15:26:08,delivered,6.0
10491,2608,2024-03-16T05:48:49,delivered,12.0
10492,2609,2024-06-12T16:26:55,delivered,4.0
10493,2609,2024-10-14T12:14:29,shipped,
10494,2609,2023-10-31T08:52:02,delivered,2.0
10495,2610,2023-10-02T14:30:30,delivered,7.0
10496,2610,2024-10-07T12:21:11,delivered,4.0
10497,2611,2023-09-28T02:28:11,delivered,5.0
10498,2611,2024-12-29T21:00:04,delivered,2.0
10499,2611,2023-05-02T02:30:54,canceled,
10500,2611,2024-06-28T14:12:50,canceled,
10501,2611,2024-12-13T20:36:53,canceled,
10502,2611,2024-10-29T07:05:17,delivered,3.0
10503,2612,2024-12-19T21:10:27,shipped,
10504,2613,2024-08-24T21:48:59,canceled,
10505,2613,2023-03-13T18:11:59,canceled,
10506,2613,2024-10-07T18:37:30,delivered,3.0
10507,2613,2024-08-10T02:33:38,delivered,4.0
10508,2613,2024-04-13T04:44:39,delivered,1.0
10509,2613,2023-05-19T22:11:34,delivered,3.0
10510,2614,2024-11-05T17:32:30,delivered,13.0
10511,2614,2024-11-13T07:02:12,canceled,
10512,2614,2024-07-17T05:15:46,canceled,
10513,2615,2024-12-29T13:54:23,delivered,2.0
10514,2615,2024-12-05T00:25:08,delivered,8.0
10515,2615,2024-09-27T06:35:21,delivered,11.0
10516,2615,2024-08-23T08:10:20,delivered,2.0
10517,2616,2024-06-12T03:25:30,delivered,11.0
10518,2617,2024-08-16T18:42:17,delivered,2.0
10519,2617,2024-11-30T06:29:06,canceled,
10520,2617,2024-06-22T10:47:12,delivered,8.0
10521,2617,2024-04-07T22:05:50,delivered,4.0
10522,2617,2024-08-30T12:15:22,delivered,4.0
10523,2617,2023-11-08T06:24:02,delivered,4.0
10524,2617,2024-11-09T11:33:56,shipped,
10525,2618,2024-08-18T00:12:00,delivered,4.0
10526,2618,2024-12-10T23:44:09,delivered,3.0
10527,2618,2023-10-16T08:37:19,canceled,
10528,2619,2024-12-23T00:36:49,delivered,6.0
10529,2619,2024-10-17T14:53:27,delivered,2.0
10530,2619,2024-12-09T08:24:11,shipped,
10531,2620,2024-07-06T01:25:52,delivered,3.0
10532,2620,2024-01-04T01:22:52,canceled,
10533,2620,2024-09-28T04:51:23,canceled,
10534,2620,2024-10-30T04:24:40,delivered,4.0
10535,2621,2024-12-20T13:30:27,delivered,3.0
10536,2621,2024-12-05T04:24:45,shipped,
10537,2621,2024-12-12T09:58:51,delivered,14.0
10538,2622,2023-11-30T06:11:41,delivered,2.0
10539,2623,2023-11-19T02:50:12,delivered,4.0
10540,2623,2024-10-31T05:45:19,canceled,
10541,2623,2024-12-07T04:24:29,delivered,8.0
10542,2624,2023-07-30T19:40:11,delivered,4.0
10543,2624,2023-07-14T10:18:29,delivered,2.0
10544,2624,2023-09-05T05:00:22,delivered,7.0
10545,2625,2024-01-04T14:17:34,delivered,6.0
10546,2625,2024-11-05T05:10:05,delivered,2.0
10547,2626,2024-09-05T06:31:14,canceled,
10548,2626,2024-09-03T23:46:24,delivered,2.0
10549,2626,2024-09-08T04:26:52,shipped,
10550,2626,2024-05-20T17:40:37,delivered,6.0
10551,2626,2024-05-28T03:55:59,delivered,2.0
10552,2626,2024-06-03T15:50:17,canceled,
10553,2627,2024-12-17T10:38:42,delivered,3.0
10554,2628,2024-12-20T20:22:58,shipped,
10555,2628,2024-12-22T13:51:04,delivered,6.0
10556,2629,2023-07-02T22:26:00,shipped,
10557,2630,2024-11-21T13:24:05,delivered,15.0
10558,2630,2024-09-24T22:12:20,delivered,2.0
10559,2630,2024-09-04T01:52:13,canceled,
10560,2630,2024-10-22T13:47:21,delivered,16.0
10561,2631,2024-10-01T03:26:37,delivered,4.0
10562,2631,2024-09-30T11:18:45,delivered,5.0
10563,2631,2023-12-01T12:40:33,shipped,
10564,2631,2024-03-02T09:01:55,canceled,
10565,2632,2024-05-03T22:56:31,shipped,
10566,2632,2024-01-10T00:35:42,delivered,4.0
10567,2632,2024-11-24T17:12:26,shipped,
10568,2632,2023-12-26T02:12:41,canceled,
10569,2632,2023-11-08T05:07:58,shipped,
10570,2632,2024-03-22T00:30:33,delivered,7.0
10571,2632,2024-12-05T23:54:19,delivered,1.0
10572,2632,2024-05-13T15:43:16,canceled,
10573,2632,2023-10-17T22:40:46,delivered,3.0
10574,2633,2024-10-12T22:12:13,shipped,
10575,2633,2024-07-16T01:17:45,delivered,4.0
10576,2633,2024-07-10T03:29:54,delivered,2.0
10577,2633,2024-06-08T20:30:45,shipped,
10578,2633,2024-03-10T09:51:10,delivered,7.0
10579,2633,2023-11-27T22:15:44,canceled,
10580,2633,2024-10-15T07:10:50,delivered,6.0
10581,2634,2024-09-11T01:49:07,shipped,
10582,2634,2024-07-09T13:13:28,delivered,3.0
10583,2634,2023-08-19T06:53:07,delivered,2.0
10584,2634,2024-08-24T22:25:54,delivered,5.0
10585,2634,2024-08-06T08:52:21,shipped,
10586,2634,2023-12-21T10:48:03,canceled,
10587,2635,2024-08-23T20:30:32,canceled,
10588,2635,2024-09-28T10:11:42,delivered,3.0
10589,2635,2024-05-05T06:38:50,shipped,
10590,2635,2024-08-14T21:15:02,delivered,5.0
10591,2635,2024-06-24T18:42:06,delivered,2.0
10592,2635,2024-12-03T16:42:48,delivered,1.0
10593,2635,2024-10-18T07:59:36,delivered,8.0
10594,2636,2024-11-30T12:25:06,delivered,7.0
10595,2636,2024-06-07T16:04:24,shipped,
10596,2636,2024-05-28T02:26:41,delivered,1.0
10597,2636,2024-03-30T18:25:54,canceled,
10598,2636,2024-01-10T12:14:55,canceled,
10599,2636,2024-03-26T12:39:38,delivered,1.0
10600,2637,2024-12-20T05:47:51,delivered,5.0
10601,2637,2024-12-23T13:41:23,delivered,5.0
10602,2637,2024-12-23T08:06:14,delivered,4.0
10603,2637,2024-11-28T02:52:13,delivered,8.0
10604,2637,2024-12-25T22:55:18,delivered,12.0
10605,2637,2024-12-21T20:38:31,delivered,5.0
10606,2637,2024-12-20T16:07:49,delivered,10.0
10607,2637,2024-12-05T18:21:57,delivered,4.0
10608,2638,2024-08-12T05:24:45,delivered,16.0
10609,2638,2024-05-31T23:54:38,delivered,9.0
10610,2638,2024-12-01T13:15:04,delivered,15.0
10611,2638,2024-05-09T14:28:15,delivered,3.0
10612,2638,2024-09-13T14:16:24,delivered,5.0
10613,2638,2024-08-22T20:45:57,delivered,2.0
10614,2638,2024-12-20T21:17:10,canceled,
10615,2638,2024-07-24T10:19:03,delivered,3.0
10616,2638,2024-09-11T11:29:20,delivered,9.0
10617,2639,2024-12-26T07:30:27,delivered,4.0
10618,2639,2024-11-16T22:58:06,delivered,4.0
10619,2639,2024-07-24T09:00:13,delivered,3.0
10620,2639,2024-11-27T19:34:47,delivered,8.0
10621,2639,2024-04-24T13:23:14,delivered,2.0
10622,2639,2024-04-19T07:27:37,delivered,5.0
10623,2640,2024-12-12T03:38:03,delivered,5.0
10624,2640,2024-04-15T22:14:40,canceled,
10625,2640,2024-09-25T23:12:40,delivered,9.0
10626,2640,2024-07-27T11:21:01,delivered,3.0
10627,2640,2024-07-18T13:42:15,delivered,4.0
10628,2640,2024-05-16T16:26:59,delivered,5.0
10629,2640,2023-11-22T07:25:01,delivered,2.0
10630,2640,2024-02-03T10:18:27,delivered,5.0
10631,2640,2024-02-08T05:13:47,delivered,12.0
10632,2640,2023-12-23T16:37:50,delivered,5.0
10633,2640,2024-04-29T15:50:48,delivered,3.0
10634,2641,2024-07-29T17:47:19,delivered,7.0
10635,2641,2024-09-05T15:03:20,delivered,2.0
10636,2642,2024-10-11T15:44:46,delivered,3.0
10637,2642,2024-10-21T22:53:28,delivered,5.0
10638,2642,2023-12-06T05:44:42,delivered,13.0
10639,2642,2023-11-06T07:07:40,delivered,3.0
10640,2643,2024-10-26T16:19:56,delivered,2.0
10641,2643,2024-11-10T15:40:24,delivered,9.0
10642,2643,2024-10-21T19:07:33,canceled,
10643,2643,2024-11-26T21:40:46,delivered,6.0
10644,2643,2024-11-18T23:13:18,delivered,2.0
10645,2643,2024-12-17T04:13:07,delivered,10.0
10646,2643,2024-11-13T00:20:40,delivered,3.0
10647,2644,2024-07-13T11:56:56,delivered,7.0
10648,2644,2024-09-25T14:02:04,delivered,1.0
10649,2644,2024-08-26T19:56:03,shipped,
10650,2644,2023-11-28T02:18:45,delivered,6.0
10651,2645,2024-11-20T21:25:10,delivered,7.0
10652,2645,2024-08-28T20:13:04,canceled,
10653,2645,2024-09-09T02:00:07,delivered,4.0
10654,2646,2024-04-13T02:42:28,delivered,2.0
10655,2647,2023-06-28T07:19:32,delivered,7.0
10656,2648,2023-08-06T20:52:38,delivered,9.0
10657,2648,2023-02-02T10:35:08,shipped,
10658,2648,2023-01-26T11:26:59,canceled,
10659,2648,2023-10-15T21:12:52,shipped,
10660,2649,2024-10-14T06:09:45,delivered,2.0
10661,2649,2024-12-05T02:25:35,delivered,9.0
10662,2649,2024-12-19T08:22:18,delivered,4.0
10663,2650,2024-10-24T09:47:03,delivered,6.0
10664,2650,2024-08-23T12:26:56,canceled,
10665,2651,2024-03-21T04:32:39,shipped,
10666,2651,2024-08-17T16:12:34,canceled,
10667,2652,2024-06-03T13:23:23,canceled,
10668,2652,2024-10-13T08:18:45,delivered,7.0
10669,2652,2023-10-30T14:58:18,delivered,1.0
10670,2652,2024-10-24T08:19:20,delivered,13.0
10671,2652,2024-02-25T20:23:04,delivered,3.0
10672,2652,2024-09-12T20:47:36,canceled,
10673,2653,2024-08-02T04:10:06,delivered,10.0
10674,2653,2024-09-08T04:20:59,delivered,6.0
10675,2654,2024-08-10T08:41:16,delivered,6.0
10676,2654,2024-08-01T06:17:58,delivered,4.0
10677,2655,2024-07-16T22:27:44,delivered,1.0
10678,2655,2024-04-28T13:49:53,shipped,
10679,2655,2024-11-10T04:50:47,canceled,
10680,2656,2024-09-03T01:12:35,delivered,5.0
10681,2656,2024-04-14T11:55:05,delivered,2.0
10682,2657,2024-08-27T23:16:24,shipped,
10683,2657,2024-02-13T21:00:48,delivered,2.0
10684,2657,2024-10-01T11:08:30,delivered,5.0
10685,2657,2024-12-02T08:13:26,delivered,3.0
10686,2657,2024-04-03T13:12:17,canceled,
10687,2657,2024-06-10T14:10:28,delivered,13.0
10688,2657,2024-02-14T02:52:00,delivered,10.0
10689,2657,2024-05-08T06:54:55,delivered,4.0
10690,2657,2024-09-18T08:19:45,delivered,6.0
10691,2657,2024-02-20T07:32:45,canceled,
10692,2658,2024-09-27T01:35:51,delivered,3.0
10693,2658,2024-11-21T19:11:47,canceled,
10694,2659,2023-10-04T10:37:33,shipped,
10695,2660,2024-06-22T22:52:56,delivered,1.0
10696,2660,2024-10-17T08:06:42,shipped,
10697,2660,2024-08-15T08:58:12,canceled,
10698,2661,2024-10-17T12:36:12,shipped,
10699,2661,2023-12-29T14:04:47,delivered,5.0
10700,2662,2024-07-30T19:19:55,delivered,15.0
10701,2662,2024-01-21T17:46:36,delivered,3.0
10702,2662,2024-09-22T16:29:32,delivered,8.0
10703,2662,2024-05-05T18:28:48,canceled,
10704,2662,2024-04-02T13:32:41,canceled,
10705,2662,2024-05-31T09:40:19,canceled,
10706,2662,2024-10-19T08:56:48,delivered,3.0
10707,2662,2024-10-31T09:42:11,delivered,4.0
10708,2662,2024-08-28T21:29:52,canceled,
10709,2662,2024-11-05T18:36:24,delivered,1.0
10710,2663,2024-03-21T01:48:12,shipped,
10711,2663,2023-08-24T20:52:48,delivered,3.0
10712,2663,2024-01-15T13:40:59,delivered,1.0
10713,2663,2023-01-20T01:02:59,canceled,
10714,2663,2024-05-15T01:26:59,shipped,
10715,2663,2024-03-07T12:12:58,delivered,2.0
10716,2663,2024-10-15T21:17:28,delivered,1.0
10717,2663,2023-08-20T18:42:39,canceled,
10718,2663,2024-01-21T07:54:15,delivered,3.0
10719,2663,2024-10-17T02:53:44,canceled,
10720,2663,2024-04-09T23:44:08,canceled,
10721,2664,2024-11-29T02:15:03,delivered,21.0
10722,2664,2024-11-03T04:46:28,shipped,
10723,2664,2024-10-23T21:07:46,delivered,9.0
10724,2664,2024-11-16T09:25:34,delivered,7.0
10725,2664,2024-12-28T01:26:47,delivered,5.0
10726,2665,2024-09-20T21:53:45,canceled,
10727,2665,2024-10-28T10:10:47,delivered,2.0
10728,2666,2024-05-24T18:10:01,shipped,
10729,2667,2023-11-01T01:05:20,delivered,6.0
10730,2667,2024-01-01T10:04:11,delivered,2.0
10731,2668,2024-09-17T12:23:00,canceled,
10732,2668,2024-12-06T19:45:50,canceled,
10733,2668,2024-10-26T17:29:46,shipped,
10734,2668,2024-09-25T15:31:45,delivered,12.0
10735,2668,2024-09-13T10:05:43,delivered,4.0
10736,2668,2024-12-27T18:27:57,delivered,1.0
10737,2668,2024-10-30T02:24:53,shipped,
10738,2668,2024-12-03T15:15:15,delivered,6.0
10739,2669,2024-12-08T19:24:43,shipped,
10740,2669,2024-09-11T03:59:25,delivered,4.0
10741,2670,2023-07-29T07:11:04,delivered,4.0
10742,2670,2024-06-27T06:40:47,delivered,5.0
10743,2670,2024-06-26T11:29:30,shipped,
10744,2671,2024-06-17T12:31:20,shipped,
10745,2671,2024-12-14T16:14:47,delivered,7.0
10746,2671,2024-07-21T16:05:00,delivered,1.0
10747,2671,2024-07-03T19:03:50,delivered,3.0
10748,2671,2024-08-22T04:03:07,delivered,8.0
10749,2671,2024-10-03T08:23:33,canceled,
10750,2671,2024-11-05T09:46:31,delivered,1.0
10751,2671,2024-11-12T01:39:16,canceled,
10752,2671,2024-12-31T08:10:51,delivered,4.0
10753,2672,2024-10-06T16:54:50,delivered,2.0
10754,2673,2024-12-09T11:07:07,delivered,1.0
10755,2673,2024-06-23T19:58:24,delivered,2.0
10756,2674,2024-11-05T06:31:26,shipped,
10757,2674,2024-07-30T14:54:11,delivered,4.0
10758,2674,2024-01-29T23:29:58,delivered,1.0
10759,2674,2023-09-05T07:22:59,delivered,1.0
10760,2674,2023-04-07T18:56:56,delivered,14.0
10761,2674,2023-12-03T20:27:46,shipped,
10762,2674,2024-07-30T10:48:01,delivered,7.0
10763,2674,2024-10-29T21:10:25,delivered,5.0
10764,2674,2024-07-16T15:34:59,delivered,8.0
10765,2674,2023-07-30T20:31:12,delivered,2.0
10766,2674,2023-12-30T05:23:44,canceled,
10767,2675,2024-10-06T00:59:46,delivered,2.0
10768,2675,2024-08-26T15:32:08,delivered,4.0
10769,2676,2024-04-06T05:30:41,delivered,5.0
10770,2676,2024-05-24T16:47:18,delivered,11.0
10771,2676,2024-04-21T01:23:08,delivered,2.0
10772,2677,2024-11-08T23:24:08,canceled,
10773,2677,2024-07-16T16:02:01,delivered,1.0
10774,2678,2023-04-03T20:36:23,delivered,3.0
10775,2678,2024-06-19T12:51:47,delivered,2.0
10776,2679,2024-02-02T12:28:34,canceled,
10777,2679,2024-04-06T07:29:43,delivered,4.0
10778,2679,2024-10-24T02:36:44,canceled,
10779,2679,2024-05-25T23:23:31,delivered,8.0
10780,2679,2024-07-26T19:53:49,delivered,5.0
10781,2680,2024-12-26T18:22:56,delivered,10.0
10782,2680,2024-12-22T19:14:29,canceled,
10783,2680,2024-12-23T08:35:13,shipped,
10784,2680,2024-12-31T16:51:16,delivered,3.0
10785,2681,2024-11-23T14:38:49,delivered,8.0
10786,2681,2024-10-12T09:24:23,delivered,6.0
10787,2681,2024-12-04T23:52:18,delivered,10.0
10788,2682,2024-11-11T21:32:37,delivered,2.0
10789,2682,2023-09-29T19:43:51,delivered,10.0
10790,2682,2024-02-28T15:24:06,delivered,7.0
10791,2683,2024-11-05T23:03:39,delivered,3.0
10792,2683,2024-11-17T07:04:00,delivered,1.0
10793,2683,2024-09-09T04:01:44,canceled,
10794,2684,2024-04-04T17:10:27,delivered,5.0
10795,2684,2024-08-04T00:39:19,canceled,
10796,2684,2024-08-17T05:42:45,shipped,
10797,2684,2023-12-11T08:30:46,delivered,8.0
10798,2684,2024-02-20T10:31:33,delivered,6.0
10799,2684,2024-11-30T18:10:44,delivered,5.0
10800,2684,2023-11-09T18:17:12,delivered,3.0
10801,2684,2024-08-01T18:57:31,shipped,
10802,2685,2024-12-17T12:42:43,shipped,
10803,2685,2024-12-03T19:03:05,canceled,
10804,2685,2024-12-09T04:32:07,shipped,
10805,2685,2024-12-16T07:53:05,delivered,10.0
10806,2686,2024-10-19T18:53:19,delivered,7.0
10807,2686,2024-08-31T11:38:15,delivered,2.0
10808,2687,2024-11-03T13:33:38,delivered,3.0
10809,2687,2024-12-21T12:12:49,canceled,
10810,2687,2024-11-20T12:48:42,delivered,13.0
10811,2687,2024-11-26T22:33:29,delivered,1.0
10812,2687,2024-11-19T21:15:29,shipped,
10813,2687,2024-11-30T20:03:40,delivered,5.0
10814,2687,2024-12-18T12:58:16,canceled,
10815,2688,2024-06-15T00:01:11,delivered,11.0
10816,2689,2024-06-24T12:26:45,delivered,2.0
10817,2689,2024-05-17T16:58:04,delivered,5.0
10818,2689,2024-08-11T20:57:11,delivered,4.0
10819,2690,2024-11-04T17:20:30,canceled,
10820,2690,2024-07-23T05:47:21,delivered,4.0
10821,2690,2024-11-22T08:48:56,delivered,20.0
10822,2691,2024-10-19T03:30:35,delivered,11.0
10823,2691,2024-09-14T13:36:27,delivered,5.0
10824,2691,2024-10-30T17:38:20,delivered,5.0
10825,2692,2024-11-29T22:10:55,delivered,4.0
10826,2692,2024-07-18T01:16:43,delivered,4.0
10827,2692,2024-10-07T14:16:22,delivered,6.0
10828,2692,2024-12-13T08:06:20,delivered,2.0
10829,2692,2024-11-13T20:48:23,canceled,
10830,2692,2024-07-14T04:03:58,shipped,
10831,2693,2024-11-11T22:10:38,delivered,2.0
10832,2693,2024-09-23T12:08:25,shipped,
10833,2693,2024-10-11T12:01:06,delivered,1.0
10834,2693,2024-11-08T00:23:17,delivered,2.0
10835,2694,2024-12-11T21:48:59,delivered,2.0
10836,2694,2024-11-04T13:13:42,delivered,3.0
10837,2694,2024-06-21T16:47:33,delivered,1.0
10838,2694,2024-10-17T22:23:55,shipped,
10839,2695,2024-05-25T13:11:58,canceled,
10840,2696,2024-02-05T02:19:59,delivered,7.0
10841,2696,2024-08-11T23:20:16,shipped,
10842,2696,2023-12-22T14:02:40,delivered,3.0
10843,2696,2024-11-01T20:06:11,shipped,
10844,2697,2024-12-23T20:06:18,canceled,
10845,2697,2024-10-13T12:50:12,delivered,2.0
10846,2697,2024-10-27T16:44:31,delivered,3.0
10847,2698,2023-11-10T15:59:19,delivered,10.0
10848,2698,2024-07-22T14:48:46,canceled,
10849,2698,2024-03-25T20:10:44,delivered,5.0
10850,2698,2024-12-21T22:34:25,delivered,17.0
10851,2698,2024-05-10T10:38:32,delivered,8.0
10852,2698,2024-05-21T17:46:17,delivered,3.0
10853,2698,2024-05-15T03:05:27,shipped,
10854,2699,2023-07-02T06:36:38,shipped,
10855,2699,2024-07-19T07:19:37,canceled,
10856,2699,2023-06-07T06:25:52,delivered,3.0
10857,2699,2023-11-07T20:21:31,delivered,12.0
10858,2700,2023-11-23T06:10:50,canceled,
10859,2700,2024-11-30T03:05:59,canceled,
10860,2700,2024-09-26T06:21:25,shipped,
10861,2700,2024-08-09T19:20:27,delivered,3.0
10862,2701,2024-12-05T08:01:00,delivered,7.0
10863,2701,2024-09-14T01:29:03,delivered,8.0
10864,2701,2024-09-21T06:44:26,delivered,4.0
10865,2701,2024-11-14T19:09:41,shipped,
10866,2701,2024-09-17T22:55:30,delivered,3.0
10867,2701,2024-12-13T15:07:15,delivered,4.0
10868,2702,2024-11-13T02:11:28,delivered,12.0
10869,2702,2024-11-24T12:06:32,delivered,2.0
10870,2702,2024-12-13T02:54:42,delivered,3.0
10871,2702,2024-12-09T01:01:26,shipped,
10872,2702,2024-11-12T02:18:05,delivered,16.0
10873,2703,2024-08-22T02:10:11,delivered,1.0
10874,2703,2024-08-16T02:11:00,shipped,
10875,2704,2024-11-26T02:00:06,shipped,
10876,2704,2024-07-19T22:26:42,shipped,
10877,2704,2023-12-29T17:56:39,delivered,9.0
10878,2705,2024-12-08T13:53:15,canceled,
10879,2705,2024-11-29T18:00:56,delivered,5.0
10880,2705,2024-12-28T12:43:08,shipped,
10881,2706,2024-09-20T08:43:01,delivered,4.0
10882,2706,2024-07-29T08:17:43,delivered,2.0
10883,2706,2024-12-13T17:13:17,shipped,
10884,2707,2024-11-22T07:01:25,canceled,
10885,2707,2024-10-09T00:29:30,shipped,
10886,2707,2024-11-05T07:02:09,delivered,4.0
10887,2708,2024-11-27T01:16:39,canceled,
10888,2708,2024-12-30T12:02:10,shipped,
10889,2708,2024-12-10T12:45:05,delivered,3.0
10890,2708,2024-12-17T15:46:47,delivered,5.0
10891,2708,2024-10-31T14:11:50,delivered,5.0
10892,2708,2024-10-26T17:12:46,delivered,2.0
10893,2708,2024-11-22T20:27:21,delivered,4.0
10894,2708,2024-12-22T19:31:42,delivered,9.0
10895,2708,2024-12-12T04:14:21,delivered,3.0
10896,2709,2023-10-01T09:29:19,canceled,
10897,2709,2024-04-16T10:50:00,shipped,
10898,2709,2023-12-02T08:37:41,shipped,
10899,2710,2024-03-29T14:31:18,delivered,1.0
10900,2710,2024-02-01T03:29:13,shipped,
10901,2710,2023-10-10T06:52:01,delivered,5.0
10902,2711,2024-10-26T02:53:32,delivered,14.0
10903,2711,2024-09-19T16:49:35,delivered,6.0
10904,2712,2023-09-13T06:55:31,delivered,3.0
10905,2712,2024-08-08T04:16:25,delivered,1.0
10906,2713,2024-10-19T04:14:37,delivered,6.0
10907,2714,2024-11-11T17:56:01,shipped,
10908,2714,2024-12-15T22:03:04,delivered,5.0
10909,2714,2024-09-24T06:01:53,shipped,
10910,2714,2024-05-16T17:11:00,delivered,3.0
10911,2714,2023-03-31T01:53:10,shipped,
10912,2714,2023-08-20T23:03:40,delivered,8.0
10913,2714,2023-11-15T14:51:57,canceled,
10914,2714,2024-03-20T00:08:10,delivered,4.0
10915,2714,2024-04-11T18:49:11,shipped,
10916,2715,2023-12-03T13:13:48,canceled,
10917,2715,2023-11-07T18:24:22,shipped,
10918,2715,2024-12-23T09:35:14,delivered,3.0
10919,2715,2024-02-29T04:23:34,delivered,3.0
10920,2715,2023-10-17T06:56:53,delivered,4.0
10921,2716,2023-07-05T11:57:56,delivered,2.0
10922,2717,2023-08-30T04:13:10,canceled,
10923,2717,2024-12-24T15:33:56,delivered,11.0
10924,2718,2024-08-28T11:33:35,delivered,3.0
10925,2718,2024-07-19T09:51:20,delivered,5.0
10926,2718,2024-08-31T13:02:25,delivered,8.0
10927,2718,2024-08-03T01:07:45,delivered,4.0
10928,2718,2024-06-12T18:35:31,delivered,1.0
10929,2718,2024-03-19T02:58:52,delivered,3.0
10930,2719,2024-08-27T11:36:13,delivered,8.0
10931,2719,2024-08-12T17:36:47,canceled,
10932,2719,2024-11-28T20:50:47,delivered,9.0
10933,2719,2024-08-26T18:24:24,delivered,1.0
10934,2719,2024-11-22T05:07:20,delivered,7.0
10935,2719,2024-12-30T16:58:31,delivered,8.0
10936,2720,2024-06-30T16:19:18,canceled,
10937,2720,2024-09-07T09:30:05,shipped,
10938,2721,2023-10-30T04:20:55,canceled,
10939,2721,2024-10-20T02:51:19,delivered,5.0
10940,2721,2023-11-17T12:00:49,delivered,1.0
10941,2721,2024-11-23T07:10:35,canceled,
10942,2721,2024-06-06T04:01:17,delivered,2.0
10943,2721,2023-06-24T19:08:40,shipped,
10944,2721,2023-04-20T15:19:35,delivered,10.0
10945,2721,2024-07-02T12:31:55,shipped,
10946,2722,2024-12-05T19:30:02,delivered,2.0
10947,2722,2024-08-18T02:07:21,shipped,
10948,2722,2024-09-08T07:32:28,delivered,4.0
10949,2722,2024-12-27T12:11:34,canceled,
10950,2722,2024-05-17T02:03:21,shipped,
10951,2722,2024-09-11T15:54:00,delivered,7.0
10952,2723,2024-06-15T18:28:45,delivered,2.0
10953,2723,2024-06-17T05:52:50,delivered,3.0
10954,2724,2024-01-18T20:09:14,canceled,
10955,2724,2024-05-25T10:33:13,delivered,2.0
10956,2724,2023-11-06T14:19:56,shipped,
10957,2725,2024-05-04T04:51:27,delivered,6.0
10958,2725,2024-04-11T22:14:20,canceled,
10959,2725,2024-11-24T18:00:06,delivered,4.0
10960,2725,2024-04-17T00:48:39,canceled,
10961,2726,2024-08-07T04:47:33,delivered,3.0
10962,2726,2023-09-30T11:26:00,delivered,5.0
10963,2726,2024-06-29T12:13:08,delivered,6.0
10964,2726,2024-02-17T14:53:54,delivered,4.0
10965,2726,2024-07-27T13:19:55,shipped,
10966,2727,2023-09-29T23:28:00,delivered,4.0
10967,2727,2024-10-10T07:02:51,delivered,2.0
10968,2728,2024-11-10T05:48:37,delivered,3.0
10969,2728,2024-12-30T16:13:44,delivered,7.0
10970,2728,2024-11-26T12:48:25,delivered,2.0
10971,2728,2024-12-28T04:57:28,delivered,1.0
10972,2728,2024-12-15T03:01:21,delivered,5.0
10973,2728,2024-11-21T21:30:48,canceled,
10974,2729,2024-11-10T18:15:58,delivered,2.0
10975,2729,2024-10-03T06:25:27,delivered,9.0
10976,2729,2024-10-26T23:24:54,delivered,10.0
10977,2730,2024-12-29T23:21:58,canceled,
10978,2730,2024-12-16T15:01:34,shipped,
10979,2730,2024-12-29T22:08:53,delivered,5.0
10980,2730,2024-12-18T17:31:24,delivered,6.0
10981,2730,2024-12-12T12:04:43,delivered,4.0
10982,2730,2024-12-13T13:18:38,delivered,10.0
10983,2730,2024-12-18T05:43:40,delivered,5.0
10984,2730,2024-12-26T06:20:13,shipped,
10985,2730,2024-12-18T03:16:56,delivered,3.0
10986,2731,2024-09-02T09:53:30,delivered,7.0
10987,2731,2024-07-06T09:54:23,delivered,8.0
10988,2731,2024-07-03T21:17:47,canceled,
10989,2732,2024-10-07T09:52:17,delivered,1.0
10990,2733,2023-09-11T16:03:21,delivered,8.0
10991,2734,2024-11-09T01:33:05,shipped,
10992,2734,2024-05-01T09:49:44,delivered,7.0
10993,2735,2024-08-19T23:14:57,delivered,3.0
10994,2735,2023-08-30T22:43:11,shipped,
10995,2735,2023-08-03T20:03:38,delivered,5.0
10996,2735,2024-04-27T18:16:50,shipped,
10997,2736,2024-06-08T18:40:05,delivered,2.0
10998,2736,2023-11-22T02:25:47,shipped,
10999,2736,2024-04-28T14:36:45,delivered,5.0
11000,2736,2024-10-01T21:54:59,delivered,7.0
11001,2737,2024-07-31T18:36:41,delivered,6.0
11002,2737,2024-08-01T18:08:28,delivered,2.0
11003,2738,2024-12-28T04:38:59,delivered,2.0
11004,2738,2024-04-12T01:40:31,delivered,7.0
11005,2739,2023-04-29T04:04:25,delivered,1.0
11006,2739,2024-02-19T02:13:45,canceled,
11007,2739,2023-06-21T16:32:25,delivered,13.0
11008,2739,2024-03-07T16:22:48,shipped,
11009,2739,2024-08-18T00:52:12,delivered,8.0
11010,2739,2023-12-10T07:02:50,shipped,
11011,2739,2024-11-29T06:07:55,shipped,
11012,2740,2024-05-22T23:52:51,shipped,
11013,2740,2024-05-13T02:00:55,delivered,3.0
11014,2740,2024-09-16T22:56:41,delivered,8.0
11015,2740,2024-10-18T17:42:27,delivered,1.0
11016,2741,2024-10-16T13:43:36,delivered,3.0
11017,2741,2024-10-11T05:17:53,delivered,4.0
11018,2741,2024-09-23T05:43:29,delivered,7.0
11019,2741,2024-11-09T09:00:31,canceled,
11020,2741,2024-10-15T08:35:40,delivered,6.0
11021,2741,2024-10-03T06:33:42,delivered,11.0
11022,2741,2024-12-28T12:53:05,shipped,
11023,2741,2024-09-15T16:36:58,delivered,1.0
11024,2741,2024-11-09T03:02:54,canceled,
11025,2742,2024-12-28T20:54:35,canceled,
11026,2743,2023-09-24T10:31:17,canceled,
11027,2743,2024-02-11T03:59:04,delivered,3.0
11028,2744,2024-08-07T21:56:10,delivered,4.0
11029,2745,2024-12-07T18:30:21,delivered,7.0
11030,2745,2024-10-07T21:25:59,delivered,3.0
11031,2746,2023-02-07T00:58:00,shipped,
11032,2746,2024-03-30T15:58:37,shipped,
11033,2746,2023-12-25T12:30:39,delivered,12.0
11034,2746,2023-11-11T05:07:46,shipped,
11035,2746,2023-08-17T17:48:47,delivered,5.0
11036,2747,2024-07-24T19:24:19,delivered,7.0
11037,2747,2024-11-01T23:13:32,canceled,
11038,2747,2024-11-24T19:42:38,delivered,2.0
11039,2747,2024-06-25T02:46:46,delivered,2.0
11040,2747,2024-09-01T07:50:56,delivered,4.0
11041,2747,2024-07-24T12:36:36,delivered,8.0
11042,2747,2024-10-30T12:48:56,delivered,2.0
11043,2747,2024-09-18T22:38:57,canceled,
11044,2747,2024-12-18T08:07:22,delivered,3.0
11045,2748,2024-09-09T14:23:54,delivered,2.0
11046,2748,2024-06-19T12:12:19,shipped,
11047,2749,2023-10-20T09:28:48,delivered,2.0
11048,2750,2024-06-21T05:03:22,delivered,1.0
11049,2750,2024-03-31T03:01:21,delivered,2.0
11050,2750,2024-06-12T04:35:27,canceled,
11051,2750,2024-10-04T19:37:20,delivered,2.0
11052,2750,2024-10-12T15:20:07,delivered,8.0
11053,2750,2024-10-12T10:20:00,shipped,
11054,2750,2024-07-09T21:39:40,canceled,
11055,2750,2024-11-01T11:23:12,delivered,3.0
11056,2751,2024-11-24T02:56:42,delivered,6.0
11057,2751,2024-07-25T21:11:04,canceled,
11058,2751,2024-12-14T06:55:08,delivered,8.0
11059,2752,2024-03-08T16:08:20,delivered,6.0
11060,2752,2024-07-10T22:05:08,delivered,5.0
11061,2752,2024-12-10T04:34:12,delivered,3.0
11062,2752,2024-04-27T00:28:33,delivered,8.0
11063,2752,2024-04-06T06:15:00,delivered,2.0
11064,2752,2024-10-31T02:34:37,delivered,6.0
11065,2753,2024-12-17T02:41:26,delivered,4.0
11066,2754,2023-12-25T15:01:52,delivered,5.0
11067,2755,2024-07-16T13:38:53,shipped,
11068,2756,2024-05-16T19:11:20,delivered,17.0
11069,2756,2024-05-13T00:28:00,shipped,
11070,2757,2024-10-23T02:56:39,delivered,4.0
11071,2757,2023-07-25T00:46:52,delivered,5.0
11072,2758,2024-11-19T08:04:12,delivered,8.0
11073,2758,2024-09-24T18:18:33,delivered,5.0
11074,2759,2024-09-30T01:12:39,delivered,4.0
11075,2759,2024-05-08T20:20:28,shipped,
11076,2759,2024-11-21T06:14:28,delivered,3.0
11077,2759,2024-03-14T03:32:42,delivered,10.0
11078,2759,2024-03-18T21:49:38,delivered,7.0
11079,2759,2024-10-26T00:57:06,delivered,3.0
11080,2759,2024-03-11T21:10:33,delivered,6.0
11081,2760,2024-08-31T15:32:12,canceled,
11082,2760,2023-10-26T01:12:25,delivered,9.0
11083,2760,2024-02-03T02:47:36,shipped,
11084,2760,2024-04-23T05:04:58,delivered,5.0
11085,2760,2024-11-08T02:53:38,delivered,11.0
11086,2760,2024-11-17T13:45:47,delivered,3.0
11087,2761,2024-12-30T13:33:36,delivered,9.0
11088,2761,2024-12-28T03:01:41,delivered,3.0
11089,2761,2024-12-31T07:47:47,delivered,8.0
11090,2761,2024-12-30T02:58:30,delivered,12.0
11091,2762,2024-11-20T08:08:13,canceled,
11092,2762,2024-12-11T05:55:16,delivered,2.0
11093,2763,2024-09-04T13:33:02,shipped,
11094,2763,2023-11-30T21:50:06,delivered,4.0
11095,2763,2023-12-03T18:41:24,shipped,
11096,2764,2023-06-04T20:42:58,delivered,3.0
11097,2764,2023-05-17T06:18:35,canceled,
11098,2764,2023-09-02T12:15:34,shipped,
11099,2765,2024-12-26T05:09:21,canceled,
11100,2765,2024-11-09T05:14:56,delivered,5.0
11101,2765,2024-11-17T23:09:08,delivered,3.0
11102,2765,2024-11-24T13:52:22,delivered,1.0
11103,2765,2024-11-29T15:20:05,delivered,7.0
11104,2765,2024-12-11T23:13:25,delivered,3.0
11105,2765,2024-11-20T06:16:46,delivered,9.0
11106,2765,2024-12-10T19:32:04,shipped,
11107,2765,2024-12-07T00:58:17,delivered,4.0
11108,2766,2024-12-18T09:30:47,delivered,7.0
11109,2766,2024-12-09T14:17:14,canceled,
11110,2767,2024-12-03T17:18:40,delivered,6.0
11111,2767,2024-04-15T16:13:00,delivered,7.0
11112,2767,2024-09-02T23:22:47,shipped,
11113,2767,2024-09-27T10:59:58,delivered,2.0
11114,2767,2024-08-29T21:46:25,canceled,
11115,2767,2024-03-14T06:39:43,shipped,
11116,2767,2024-10-12T10:49:43,delivered,5.0
11117,2767,2024-11-27T06:40:22,delivered,5.0
11118,2768,2024-08-11T13:48:02,delivered,6.0
11119,2768,2023-10-12T01:29:12,delivered,4.0
11120,2768,2023-09-30T19:00:50,delivered,3.0
11121,2769,2024-04-04T10:28:34,delivered,7.0
11122,2770,2024-10-01T02:25:16,canceled,
11123,2771,2023-10-26T12:17:11,delivered,10.0
11124,2771,2024-05-14T20:50:17,shipped,
11125,2771,2023-12-08T01:46:57,delivered,14.0
11126,2771,2024-05-19T20:33:17,delivered,20.0
11127,2771,2023-11-09T13:07:15,delivered,5.0
11128,2771,2024-03-01T02:16:09,shipped,
11129,2771,2024-11-08T15:37:45,delivered,1.0
11130,2772,2024-04-04T13:59:20,delivered,4.0
11131,2772,2024-08-01T10:02:16,canceled,
11132,2773,2024-07-23T09:51:50,canceled,
11133,2773,2024-12-25T01:11:59,canceled,
11134,2774,2024-11-09T15:21:31,delivered,2.0
11135,2774,2024-05-02T11:37:20,delivered,5.0
11136,2774,2024-06-13T01:21:18,delivered,10.0
11137,2775,2023-11-27T13:13:41,delivered,2.0
11138,2775,2024-12-13T02:09:53,delivered,6.0
11139,2775,2024-04-30T12:35:36,delivered,4.0
11140,2776,2024-10-29T08:44:42,canceled,
11141,2777,2024-06-07T06:46:44,delivered,13.0
11142,2777,2024-10-21T07:02:55,canceled,
11143,2777,2024-08-17T05:37:40,delivered,2.0
11144,2777,2024-10-19T01:25:14,canceled,
11145,2777,2024-12-25T14:24:12,delivered,7.0
11146,2777,2024-06-01T15:48:53,shipped,
11147,2777,2024-08-15T23:26:49,delivered,2.0
11148,2777,2024-10-07T08:36:33,canceled,
11149,2777,2024-06-26T09:57:57,delivered,5.0
11150,2777,2024-08-16T03:06:36,delivered,6.0
11151,2777,2024-10-12T20:26:21,delivered,4.0
11152,2777,2024-07-31T12:14:42,delivered,3.0
11153,2778,2024-03-09T22:34:20,delivered,4.0
11154,2778,2024-02-06T18:58:53,canceled,
11155,2779,2024-07-31T15:47:47,delivered,3.0
11156,2779,2024-12-18T23:29:23,delivered,5.0
11157,2779,2024-11-05T20:35:53,delivered,7.0
11158,2779,2024-09-23T13:45:04,delivered,2.0
11159,2780,2023-12-14T19:26:44,delivered,2.0
11160,2780,2024-10-09T14:03:45,delivered,1.0
11161,2781,2024-12-22T03:28:14,delivered,10.0
11162,2781,2024-11-28T03:29:34,delivered,9.0
11163,2781,2024-09-12T11:56:12,shipped,
11164,2781,2024-10-17T20:47:41,delivered,6.0
11165,2781,2024-08-21T15:25:20,delivered,2.0
11166,2781,2024-09-08T05:04:01,delivered,3.0
11167,2781,2024-08-21T05:39:16,canceled,
11168,2781,2024-09-25T05:23:04,delivered,3.0
11169,2781,2024-11-26T17:46:28,delivered,1.0
11170,2781,2024-08-22T00:39:56,canceled,
11171,2781,2024-09-29T04:07:12,canceled,
11172,2782,2024-12-30T22:35:31,delivered,10.0
11173,2782,2024-12-30T00:15:17,canceled,
11174,2782,2024-12-23T02:59:16,delivered,2.0
11175,2783,2024-04-03T15:53:22,delivered,12.0
11176,2783,2024-06-05T02:25:10,delivered,2.0
11177,2783,2023-06-21T06:22:20,delivered,3.0
11178,2783,2024-02-27T06:31:07,delivered,1.0
11179,2783,2024-10-14T10:26:58,delivered,7.0
11180,2784,2024-11-19T04:27:13,delivered,4.0
11181,2784,2024-06-29T09:58:47,shipped,
11182,2784,2024-09-02T13:41:44,delivered,2.0
11183,2785,2024-12-17T01:32:59,canceled,
11184,2785,2024-12-19T16:23:25,delivered,1.0
11185,2785,2024-12-18T04:52:36,delivered,1.0
11186,2785,2024-12-22T19:00:25,shipped,
11187,2785,2024-12-20T14:13:43,canceled,
11188,2785,2024-12-31T06:07:52,delivered,1.0
11189,2785,2024-12-21T21:18:14,delivered,4.0
11190,2786,2024-09-17T05:49:45,shipped,
11191,2786,2024-12-06T08:35:52,shipped,
11192,2786,2023-11-22T04:25:42,delivered,5.0
11193,2786,2024-02-25T17:35:25,shipped,
11194,2787,2024-06-06T09:22:42,shipped,
11195,2787,2024-11-20T18:34:24,canceled,
11196,2787,2024-12-02T06:19:58,delivered,9.0
11197,2787,2024-08-01T21:12:35,delivered,3.0
11198,2787,2024-12-14T06:04:39,shipped,
11199,2788,2024-01-21T04:44:10,shipped,
11200,2788,2024-12-03T19:00:00,shipped,
11201,2789,2024-11-15T10:39:12,shipped,
11202,2789,2024-11-26T16:25:34,delivered,18.0
11203,2790,2024-01-22T00:09:52,delivered,1.0
11204,2790,2023-09-25T19:24:41,shipped,
11205,2790,2024-12-22T07:10:34,delivered,2.0
11206,2790,2024-03-18T02:02:07,delivered,6.0
11207,2791,2024-12-17T00:44:32,delivered,2.0
11208,2791,2024-11-12T06:15:15,shipped,
11209,2791,2024-10-17T16:33:08,delivered,15.0
11210,2791,2024-12-23T22:36:25,delivered,21.0
11211,2791,2024-11-26T23:24:41,delivered,4.0
11212,2791,2024-10-15T01:49:36,delivered,4.0
11213,2791,2024-10-23T15:00:07,delivered,4.0
11214,2791,2024-12-08T11:33:36,delivered,6.0
11215,2791,2024-11-24T09:25:57,delivered,3.0
11216,2792,2024-06-15T03:25:18,delivered,6.0
11217,2792,2023-09-27T23:44:20,delivered,4.0
11218,2792,2023-12-07T01:52:36,delivered,5.0
11219,2792,2024-11-19T09:42:14,delivered,10.0
11220,2792,2024-07-26T14:36:02,canceled,
11221,2792,2024-05-28T04:32:19,delivered,7.0
11222,2792,2023-05-24T03:24:20,delivered,2.0
11223,2792,2024-08-02T08:24:26,delivered,2.0
11224,2792,2024-05-19T11:42:34,delivered,6.0
11225,2793,2024-12-11T04:11:51,shipped,
11226,2793,2024-06-14T09:39:38,delivered,1.0
11227,2793,2024-11-20T11:24:56,delivered,6.0
11228,2793,2024-10-17T23:59:57,canceled,
11229,2793,2024-06-24T23:37:02,delivered,11.0
11230,2793,2024-09-24T01:02:04,delivered,10.0
11231,2793,2024-10-21T07:58:29,delivered,3.0
11232,2794,2024-04-13T01:06:15,shipped,
11233,2794,2024-12-15T06:37:00,canceled,
11234,2795,2023-06-11T07:56:14,canceled,
11235,2795,2024-02-04T18:55:39,delivered,1.0
11236,2795,2023-06-09T06:02:48,delivered,3.0
11237,2795,2024-02-19T21:07:49,delivered,5.0
11238,2796,2024-11-28T13:42:43,delivered,3.0
11239,2796,2023-12-21T11:51:33,canceled,
11240,2796,2024-03-03T19:54:35,delivered,7.0
11241,2796,2024-08-19T01:43:15,delivered,7.0
11242,2796,2024-03-03T07:09:35,delivered,9.0
11243,2797,2023-04-28T18:51:52,delivered,3.0
11244,2797,2023-04-04T16:34:49,delivered,7.0
11245,2797,2023-05-27T10:34:57,canceled,
11246,2797,2023-12-18T12:56:18,delivered,4.0
11247,2797,2023-05-30T02:14:34,delivered,7.0
11248,2798,2024-04-21T20:20:29,shipped,
11249,2798,2024-06-07T11:37:05,delivered,4.0
11250,2798,2023-04-13T06:24:19,delivered,7.0
11251,2799,2024-08-09T07:22:53,shipped,
11252,2799,2024-07-05T16:26:14,delivered,5.0
11253,2800,2024-11-23T20:04:22,canceled,
11254,2800,2024-12-31T15:11:07,shipped,
11255,2801,2024-08-11T06:15:08,delivered,3.0
11256,2801,2024-04-07T06:09:40,shipped,
11257,2801,2024-12-10T05:25:29,delivered,7.0
11258,2802,2023-09-08T01:10:40,shipped,
11259,2802,2023-05-13T04:57:52,delivered,11.0
11260,2802,2023-12-13T07:05:01,shipped,
11261,2802,2023-07-30T08:59:14,shipped,
11262,2802,2024-10-23T02:02:33,delivered,3.0
11263,2802,2023-11-21T22:42:52,canceled,
11264,2802,2024-09-30T06:22:08,shipped,
11265,2802,2024-03-12T03:31:36,delivered,8.0
11266,2803,2024-12-13T01:07:23,canceled,
11267,2803,2024-10-26T15:04:34,shipped,
11268,2803,2024-11-24T16:38:51,canceled,
11269,2803,2024-12-09T05:12:27,shipped,
11270,2803,2024-12-12T22:05:34,delivered,3.0
11271,2803,2024-12-18T20:11:30,delivered,11.0
11272,2803,2024-11-03T17:36:47,shipped,
11273,2804,2024-04-22T14:43:22,canceled,
11274,2804,2024-08-01T14:19:39,delivered,3.0
11275,2804,2024-07-29T10:57:38,delivered,4.0
11276,2804,2024-06-30T13:17:58,shipped,
11277,2804,2024-05-07T07:49:52,delivered,9.0
11278,2804,2024-10-06T17:06:15,delivered,2.0
11279,2804,2024-08-20T11:22:13,delivered,1.0
11280,2804,2024-12-24T04:01:15,canceled,
11281,2805,2024-08-24T02:49:53,delivered,2.0
11282,2805,2024-03-23T05:17:22,shipped,
11283,2806,2024-10-02T00:08:21,shipped,
11284,2806,2024-12-02T16:05:38,delivered,3.0
11285,2806,2024-12-29T19:14:47,delivered,2.0
11286,2806,2024-12-31T17:46:20,shipped,
11287,2806,2024-08-18T20:16:40,delivered,4.0
11288,2806,2024-10-07T03:51:28,delivered,5.0
11289,2806,2024-12-10T00:30:44,delivered,2.0
11290,2806,2024-12-24T15:29:51,delivered,14.0
11291,2806,2024-07-31T01:17:34,delivered,3.0
11292,2807,2024-08-29T09:05:56,delivered,2.0
11293,2807,2024-10-28T20:29:53,shipped,
11294,2807,2023-11-02T02:59:15,delivered,10.0
11295,2808,2024-09-16T21:49:50,canceled,
11296,2808,2024-11-18T16:00:23,shipped,
11297,2809,2024-10-02T19:05:17,delivered,2.0
11298,2809,2024-10-15T03:26:37,delivered,6.0
11299,2809,2024-11-28T13:14:15,shipped,
11300,2809,2024-07-10T05:01:34,delivered,8.0
11301,2810,2024-10-08T03:06:06,delivered,2.0
11302,2811,2024-11-22T22:05:25,delivered,5.0
11303,2811,2024-11-27T15:36:44,delivered,3.0
11304,2811,2024-11-30T15:42:14,delivered,5.0
11305,2812,2024-08-20T18:12:44,delivered,11.0
11306,2812,2024-12-01T04:06:43,delivered,8.0
11307,2812,2024-07-15T18:39:18,delivered,4.0
11308,2812,2024-12-15T18:17:04,delivered,9.0
11309,2812,2024-12-22T13:21:44,shipped,
11310,2812,2024-03-08T17:56:12,shipped,
11311,2812,2024-07-05T21:41:47,shipped,
11312,2812,2024-10-18T20:29:24,delivered,7.0
11313,2813,2024-11-14T15:16:58,shipped,
11314,2813,2024-11-06T04:51:54,canceled,
11315,2813,2024-11-05T00:15:00,shipped,
11316,2814,2024-10-21T11:28:41,delivered,2.0
11317,2814,2024-10-25T15:34:41,canceled,
11318,2815,2023-12-29T15:20:54,delivered,2.0
11319,2815,2024-11-07T16:23:25,delivered,6.0
11320,2815,2023-12-19T17:41:14,canceled,
11321,2815,2024-03-02T01:21:43,delivered,8.0
11322,2816,2024-07-22T05:09:45,canceled,
11323,2816,2024-12-27T11:11:55,shipped,
11324,2816,2024-07-11T09:08:11,delivered,3.0
11325,2816,2024-07-20T14:37:48,delivered,5.0
11326,2816,2024-12-21T18:03:33,delivered,7.0
11327,2817,2024-08-19T14:57:05,delivered,5.0
11328,2817,2024-07-02T18:56:40,delivered,6.0
11329,2817,2024-08-11T21:36:49,canceled,
11330,2818,2024-02-18T23:21:33,delivered,14.0
11331,2818,2023-12-22T15:39:16,delivered,3.0
11332,2818,2023-08-16T12:12:32,canceled,
11333,2818,2024-05-20T07:37:47,delivered,1.0
11334,2818,2023-08-04T05:45:55,delivered,7.0
11335,2818,2024-01-27T10:18:44,delivered,4.0
11336,2819,2023-08-13T16:27:14,delivered,3.0
11337,2819,2024-01-16T19:07:35,delivered,4.0
11338,2820,2023-08-28T07:46:43,delivered,4.0
11339,2820,2023-05-17T11:57:09,delivered,1.0
11340,2820,2024-09-21T14:00:56,delivered,1.0
11341,2820,2024-01-21T00:49:21,canceled,
11342,2820,2023-07-13T11:30:26,canceled,
11343,2820,2024-04-15T00:37:02,delivered,1.0
11344,2820,2023-12-12T20:50:10,delivered,4.0
11345,2820,2023-09-20T10:01:46,canceled,
11346,2820,2024-01-17T07:07:10,delivered,3.0
11347,2820,2023-06-18T15:31:09,delivered,3.0
11348,2821,2024-05-24T12:02:53,canceled,
11349,2821,2024-05-21T13:40:08,delivered,8.0
11350,2821,2024-10-20T03:32:25,delivered,3.0
11351,2821,2023-11-21T10:59:46,shipped,
11352,2821,2024-08-26T14:10:20,delivered,5.0
11353,2822,2024-11-24T03:45:45,delivered,1.0
11354,2822,2024-09-17T02:48:05,shipped,
11355,2823,2024-08-23T10:01:19,delivered,6.0
11356,2823,2024-09-07T17:14:11,delivered,13.0
11357,2823,2024-08-20T02:35:10,shipped,
11358,2823,2024-01-17T09:14:45,delivered,11.0
11359,2823,2024-07-17T05:07:01,canceled,
11360,2823,2024-12-14T11:55:36,canceled,
11361,2824,2024-04-15T01:08:59,shipped,
11362,2824,2023-11-21T02:19:30,delivered,6.0
11363,2825,2024-06-26T08:20:37,delivered,4.0
11364,2826,2024-04-19T05:59:28,delivered,6.0
11365,2826,2024-03-12T15:30:00,shipped,
11366,2827,2023-02-18T22:20:01,delivered,5.0
11367,2827,2023-12-10T11:03:32,delivered,8.0
11368,2828,2023-11-10T01:02:56,delivered,3.0
11369,2828,2024-06-06T13:27:05,delivered,6.0
11370,2829,2024-11-25T16:14:22,canceled,
11371,2829,2024-09-01T04:57:57,shipped,
11372,2829,2024-12-06T15:43:15,shipped,
11373,2830,2024-12-31T00:55:18,canceled,
11374,2830,2024-10-16T05:41:16,delivered,1.0
11375,2831,2024-06-26T18:16:26,delivered,3.0
11376,2832,2024-06-28T10:04:06,delivered,4.0
11377,2833,2024-10-30T03:54:31,delivered,8.0
11378,2833,2024-08-06T15:07:17,delivered,2.0
11379,2833,2024-08-29T13:22:59,delivered,9.0
11380,2834,2024-11-25T23:02:32,shipped,
11381,2834,2024-08-20T14:59:55,delivered,3.0
11382,2834,2024-07-13T02:04:01,delivered,10.0
11383,2834,2024-08-22T05:18:59,shipped,
11384,2834,2024-11-19T03:12:24,canceled,
11385,2834,2024-07-15T21:40:39,delivered,7.0
11386,2835,2024-06-29T11:53:18,canceled,
11387,2835,2024-04-23T03:19:46,delivered,3.0
11388,2836,2024-01-25T07:24:45,delivered,13.0
11389,2837,2024-10-03T05:24:00,delivered,2.0
11390,2837,2024-10-15T15:16:12,shipped,
11391,2837,2024-05-19T01:47:24,canceled,
11392,2837,2024-09-06T11:56:19,delivered,6.0
11393,2837,2024-11-27T12:02:07,delivered,5.0
11394,2837,2024-10-04T10:20:19,delivered,2.0
11395,2837,2024-11-06T22:27:08,delivered,3.0
11396,2838,2024-08-03T18:34:36,delivered,6.0
11397,2839,2024-11-28T21:06:03,delivered,5.0
11398,2839,2024-11-29T21:21:05,delivered,1.0
11399,2839,2024-12-22T00:38:38,delivered,2.0
11400,2840,2024-12-04T04:52:45,canceled,
11401,2840,2024-09-16T01:59:35,delivered,2.0
11402,2841,2024-09-04T01:13:07,delivered,6.0
11403,2841,2024-12-30T17:29:28,delivered,1.0
11404,2841,2024-09-27T16:13:46,canceled,
11405,2842,2024-02-19T03:16:06,delivered,7.0
11406,2842,2023-09-25T17:06:23,canceled,
11407,2842,2024-07-06T22:21:27,canceled,
11408,2842,2023-12-18T06:24:24,delivered,3.0
11409,2843,2024-07-19T22:59:33,delivered,9.0
11410,2844,2023-11-25T10:18:39,shipped,
11411,2844,2024-06-29T12:28:43,delivered,10.0
11412,2844,2023-12-08T23:45:22,delivered,5.0
11413,2845,2024-04-25T21:34:32,delivered,3.0
11414,2845,2024-07-28T13:38:55,delivered,4.0
11415,2845,2024-08-31T12:16:31,delivered,2.0
11416,2845,2024-06-11T07:27:51,delivered,1.0
11417,2845,2024-03-18T09:10:01,canceled,
11418,2846,2024-01-29T13:14:54,delivered,5.0
11419,2846,2024-02-17T23:39:37,delivered,3.0
11420,2846,2024-05-27T07:42:00,canceled,
11421,2846,2024-01-10T12:34:14,delivered,2.0
11422,2847,2024-11-24T15:30:01,delivered,4.0
11423,2847,2024-10-08T20:19:01,delivered,4.0
11424,2848,2024-12-31T08:58:25,shipped,
11425,2848,2024-12-30T23:05:08,delivered,6.0
11426,2848,2024-12-31T02:38:34,delivered,2.0
11427,2848,2024-12-21T04:06:04,canceled,
11428,2848,2024-12-20T02:24:09,delivered,8.0
11429,2849,2024-11-24T21:07:36,canceled,
11430,2849,2024-04-20T21:54:05,delivered,2.0
11431,2850,2024-08-25T01:26:09,delivered,1.0
11432,2850,2024-04-19T13:15:04,delivered,1.0
11433,2850,2023-12-08T22:56:30,shipped,
11434,2850,2024-09-19T15:38:34,delivered,2.0
11435,2851,2024-11-29T08:12:01,delivered,2.0
11436,2851,2024-12-05T16:56:54,canceled,
11437,2851,2024-12-28T14:23:45,delivered,2.0
11438,2851,2024-12-16T07:35:14,shipped,
11439,2851,2024-11-21T07:13:17,delivered,4.0
11440,2851,2024-11-25T10:55:09,delivered,17.0
11441,2852,2024-02-01T12:04:06,delivered,3.0
11442,2852,2023-07-02T12:28:26,delivered,2.0
11443,2852,2024-10-20T05:04:15,delivered,1.0
11444,2852,2023-09-22T22:56:18,delivered,4.0
11445,2853,2024-04-27T18:51:42,delivered,3.0
11446,2853,2023-11-13T23:12:48,shipped,
11447,2853,2023-12-18T20:49:55,canceled,
11448,2853,2024-09-18T15:47:51,delivered,2.0
11449,2853,2023-07-30T21:06:06,shipped,
11450,2853,2024-09-07T19:44:01,canceled,
11451,2853,2023-09-07T17:06:53,delivered,2.0
11452,2854,2024-01-01T19:24:40,delivered,4.0
11453,2854,2024-12-08T10:18:17,delivered,1.0
11454,2854,2024-11-03T09:05:50,canceled,
11455,2854,2024-06-18T10:53:29,shipped,
11456,2854,2024-04-18T23:05:38,delivered,6.0
11457,2854,2024-03-10T18:20:15,shipped,
11458,2854,2024-10-01T21:17:12,delivered,4.0
11459,2854,2024-02-03T11:37:11,delivered,5.0
11460,2854,2024-04-17T06:34:35,delivered,3.0
11461,2855,2023-09-13T13:50:52,delivered,8.0
11462,2855,2024-08-17T14:43:50,delivered,3.0
11463,2855,2024-11-11T12:55:31,delivered,3.0
11464,2855,2024-05-30T21:27:54,delivered,10.0
11465,2856,2024-06-30T20:36:51,delivered,6.0
11466,2857,2024-12-29T09:10:36,delivered,1.0
11467,2857,2024-12-21T07:42:11,canceled,
11468,2858,2024-12-14T02:33:31,delivered,4.0
11469,2858,2024-12-20T07:33:38,delivered,10.0
11470,2858,2024-12-24T15:32:19,delivered,5.0
11471,2858,2024-09-17T15:16:35,delivered,2.0
11472,2858,2024-09-18T07:32:00,canceled,
11473,2858,2024-06-01T05:23:19,canceled,
11474,2858,2024-10-04T23:09:20,delivered,4.0
11475,2858,2024-06-30T23:46:31,shipped,
11476,2858,2024-09-15T10:19:10,shipped,
11477,2858,2024-06-13T00:20:53,delivered,4.0
11478,2859,2024-01-16T08:57:16,shipped,
11479,2859,2024-12-18T13:51:17,delivered,4.0
11480,2859,2024-01-03T13:45:48,delivered,11.0
11481,2859,2024-09-26T08:46:15,shipped,
11482,2859,2024-09-28T15:38:02,shipped,
11483,2859,2024-08-19T20:30:05,delivered,3.0
11484,2859,2024-06-09T19:04:47,delivered,6.0
11485,2859,2023-11-13T13:24:22,delivered,3.0
11486,2859,2024-08-01T23:25:40,shipped,
11487,2859,2024-12-01T17:21:13,delivered,5.0
11488,2859,2023-12-02T07:38:46,delivered,13.0
11489,2859,2024-11-27T04:51:16,delivered,3.0
11490,2860,2024-07-06T10:20:58,delivered,3.0
11491,2860,2024-06-20T18:38:00,delivered,1.0
11492,2860,2024-09-10T11:22:25,shipped,
11493,2860,2024-12-23T02:18:18,delivered,9.0
11494,2860,2024-05-27T18:23:26,canceled,
11495,2860,2024-01-12T09:56:37,delivered,7.0
11496,2860,2024-04-18T17:27:12,canceled,
11497,2860,2024-06-01T22:55:09,delivered,4.0
11498,2861,2024-10-17T05:09:17,shipped,
11499,2861,2024-12-15T20:56:11,shipped,
11500,2861,2024-09-05T13:26:29,delivered,3.0
11501,2861,2024-02-11T17:35:24,shipped,
11502,2861,2024-01-09T22:16:24,canceled,
11503,2861,2023-09-10T19:44:21,delivered,5.0
11504,2861,2024-03-02T05:07:31,shipped,
11505,2861,2024-04-21T17:50:27,delivered,6.0
11506,2861,2024-05-23T08:16:49,delivered,3.0
11507,2861,2024-12-06T19:04:44,canceled,
11508,2862,2024-07-09T07:01:41,delivered,5.0
11509,2862,2024-02-05T10:38:42,canceled,
11510,2862,2024-03-12T12:55:21,delivered,4.0
11511,2862,2023-10-16T22:48:25,delivered,13.0
11512,2862,2024-02-24T05:02:45,delivered,4.0
11513,2862,2024-11-30T07:00:25,delivered,4.0
11514,2863,2024-08-25T07:17:47,canceled,
11515,2864,2024-06-12T01:50:46,canceled,
11516,2864,2024-10-01T17:15:23,delivered,4.0
11517,2865,2023-07-16T23:26:54,delivered,3.0
11518,2865,2024-05-08T07:34:51,delivered,5.0
11519,2865,2024-09-09T15:37:29,delivered,9.0
11520,2866,2024-11-23T22:33:01,shipped,
11521,2866,2024-10-07T19:58:21,canceled,
11522,2866,2024-11-15T11:31:41,delivered,4.0
11523,2866,2024-12-17T21:29:46,delivered,5.0
11524,2866,2024-11-24T18:49:33,delivered,4.0
11525,2866,2024-12-08T23:21:42,canceled,
11526,2866,2024-12-03T04:26:00,delivered,8.0
11527,2867,2024-08-28T00:34:06,delivered,4.0
11528,2867,2024-08-29T19:36:33,delivered,10.0
11529,2867,2024-07-23T16:35:35,shipped,
11530,2868,2024-08-31T16:38:06,shipped,
11531,2868,2024-07-28T18:39:17,shipped,
11532,2868,2024-09-08T01:15:06,delivered,4.0
11533,2869,2024-12-18T04:19:52,shipped,
11534,2869,2024-10-27T07:30:41,shipped,
11535,2869,2024-10-11T14:36:49,delivered,4.0
11536,2870,2024-07-18T16:28:03,delivered,6.0
11537,2870,2024-10-30T17:53:19,delivered,5.0
11538,2870,2024-11-20T22:15:43,delivered,2.0
11539,2871,2024-03-24T13:22:00,delivered,5.0
11540,2871,2023-10-13T07:12:35,delivered,2.0
11541,2872,2024-07-16T17:24:35,canceled,
11542,2872,2023-08-10T20:09:11,delivered,3.0
11543,2872,2023-12-12T15:07:52,delivered,5.0
11544,2872,2023-08-31T18:05:01,shipped,
11545,2873,2024-06-24T02:24:47,canceled,
11546,2873,2024-10-20T22:04:53,delivered,1.0
11547,2873,2024-04-11T23:31:39,delivered,6.0
11548,2873,2024-01-06T06:52:28,delivered,1.0
11549,2874,2023-08-30T07:15:06,delivered,2.0
11550,2874,2023-11-18T13:32:15,delivered,4.0
11551,2875,2023-08-09T10:37:40,delivered,4.0
11552,2875,2024-05-04T07:38:25,delivered,1.0
11553,2875,2024-02-25T02:00:49,delivered,6.0
11554,2875,2024-08-31T17:47:50,shipped,
11555,2875,2024-10-18T21:27:31,delivered,2.0
11556,2875,2024-05-28T09:20:29,delivered,2.0
11557,2875,2023-12-08T03:06:17,canceled,
11558,2876,2024-10-27T18:49:09,delivered,7.0
11559,2876,2024-08-31T05:49:47,delivered,3.0
11560,2877,2024-12-02T00:47:02,delivered,8.0
11561,2877,2024-07-08T04:23:39,delivered,2.0
11562,2878,2024-12-28T05:03:59,delivered,4.0
11563,2878,2024-11-30T04:22:44,delivered,7.0
11564,2878,2023-11-19T11:42:34,delivered,4.0
11565,2879,2024-12-10T04:37:38,delivered,1.0
11566,2879,2024-02-09T21:42:57,delivered,3.0
11567,2879,2024-09-08T17:08:49,shipped,
11568,2879,2024-03-24T22:45:48,delivered,4.0
11569,2880,2024-12-10T13:51:19,delivered,1.0
11570,2880,2024-12-20T20:41:25,delivered,2.0
11571,2880,2024-12-07T12:53:29,canceled,
11572,2880,2024-12-06T06:59:45,canceled,
11573,2881,2024-05-29T05:43:07,delivered,1.0
11574,2881,2024-06-20T09:36:55,shipped,
11575,2882,2024-12-16T18:23:26,delivered,11.0
11576,2882,2024-12-19T14:43:05,delivered,1.0
11577,2883,2024-05-21T03:46:18,canceled,
11578,2883,2024-06-17T01:49:03,shipped,
11579,2883,2024-11-19T04:18:37,delivered,3.0
11580,2884,2024-12-24T14:11:42,delivered,6.0
11581,2884,2024-12-28T21:38:01,delivered,3.0
11582,2884,2024-12-31T07:04:38,delivered,3.0
11583,2884,2024-12-25T07:49:58,canceled,
11584,2884,2024-12-23T08:34:14,delivered,12.0
11585,2884,2024-12-06T19:43:38,delivered,7.0
11586,2884,2024-12-21T03:02:08,delivered,8.0
11587,2885,2023-09-28T08:34:51,delivered,1.0
11588,2885,2024-02-18T21:22:50,delivered,4.0
11589,2886,2024-12-13T03:39:56,delivered,4.0
11590,2887,2024-06-17T00:04:15,shipped,
11591,2887,2023-09-24T14:07:28,delivered,7.0
11592,2887,2024-01-28T18:39:22,delivered,14.0
11593,2888,2024-04-21T19:38:56,delivered,4.0
11594,2888,2024-11-15T16:11:26,delivered,6.0
11595,2888,2024-04-08T10:21:58,delivered,4.0
11596,2888,2024-06-28T20:16:55,shipped,
11597,2888,2024-12-29T14:30:37,delivered,4.0
11598,2889,2023-10-23T06:54:54,delivered,4.0
11599,2889,2024-06-25T18:34:15,delivered,9.0
11600,2889,2024-01-24T10:31:35,delivered,5.0
11601,2890,2024-10-13T22:51:17,delivered,2.0
11602,2890,2024-12-20T18:46:30,canceled,
11603,2890,2024-12-14T17:14:55,delivered,4.0
11604,2890,2024-09-26T05:31:46,canceled,
11605,2890,2024-11-18T01:26:26,shipped,
11606,2890,2024-10-17T13:37:35,delivered,1.0
11607,2890,2024-07-23T01:42:29,canceled,
11608,2890,2024-12-02T19:06:24,canceled,
11609,2890,2024-07-28T20:10:17,shipped,
11610,2891,2024-12-10T08:57:30,shipped,
11611,2891,2024-03-29T16:27:01,canceled,
11612,2891,2024-11-20T20:48:40,delivered,2.0
11613,2892,2024-10-30T02:48:17,delivered,9.0
11614,2892,2024-12-30T22:24:52,delivered,1.0
11615,2893,2024-01-15T16:11:15,delivered,11.0
11616,2893,2024-01-13T14:54:24,canceled,
11617,2893,2024-08-28T04:33:04,delivered,3.0
11618,2894,2023-07-20T20:38:00,shipped,
11619,2894,2024-07-15T00:29:31,delivered,4.0
11620,2894,2024-07-07T04:50:43,delivered,6.0
11621,2894,2024-07-15T12:06:24,canceled,
11622,2895,2024-10-23T14:50:45,canceled,
11623,2895,2024-05-05T05:55:24,delivered,12.0
11624,2895,2024-09-03T08:52:38,delivered,7.0
11625,2895,2024-11-11T10:07:37,delivered,7.0
11626,2895,2024-05-29T16:21:41,delivered,3.0
11627,2895,2024-06-27T08:16:23,delivered,6.0
11628,2896,2024-07-29T06:05:18,delivered,4.0
11629,2896,2024-05-10T08:59:22,canceled,
11630,2896,2024-12-31T00:27:29,delivered,7.0
11631,2896,2024-05-06T19:51:40,delivered,5.0
11632,2896,2024-07-07T19:47:25,delivered,4.0
11633,2897,2024-07-02T09:28:59,delivered,3.0
11634,2897,2024-09-20T02:49:56,delivered,10.0
11635,2897,2024-09-24T09:34:14,delivered,4.0
11636,2898,2024-07-11T16:53:26,delivered,1.0
11637,2898,2023-11-30T20:39:29,delivered,2.0
11638,2898,2023-12-19T08:29:18,canceled,
11639,2898,2023-12-05T20:38:36,delivered,3.0
11640,2898,2024-03-18T09:57:09,delivered,2.0
11641,2898,2024-10-31T20:37:35,canceled,
11642,2898,2024-07-23T22:24:34,shipped,
11643,2898,2024-01-29T16:13:46,canceled,
11644,2898,2024-01-26T23:58:04,delivered,6.0
11645,2899,2023-12-16T22:18:05,canceled,
11646,2899,2024-12-28T21:55:43,canceled,
11647,2899,2024-11-30T02:28:09,delivered,5.0
11648,2899,2024-06-10T02:26:07,delivered,6.0
11649,2899,2024-01-07T16:50:34,delivered,6.0
11650,2900,2024-06-18T10:40:08,delivered,8.0
11651,2900,2024-09-16T02:10:50,delivered,2.0
11652,2900,2024-02-16T19:41:33,shipped,
11653,2900,2024-02-15T16:07:33,delivered,6.0
11654,2900,2024-12-21T08:43:17,shipped,
11655,2900,2023-06-25T04:07:52,delivered,9.0
11656,2900,2024-08-21T15:39:00,delivered,8.0
11657,2900,2024-09-30T21:39:21,shipped,
11658,2901,2024-12-17T21:06:05,canceled,
11659,2901,2024-12-06T00:44:41,shipped,
11660,2902,2023-06-23T08:18:13,delivered,3.0
11661,2902,2024-09-26T10:16:42,delivered,5.0
11662,2902,2023-09-12T04:40:25,delivered,8.0
11663,2903,2024-05-16T15:31:50,shipped,
11664,2903,2024-04-07T01:06:01,delivered,6.0
11665,2903,2023-10-09T21:10:41,delivered,5.0
11666,2903,2024-09-26T09:12:08,delivered,3.0
11667,2903,2024-12-31T23:11:16,delivered,1.0
11668,2904,2024-10-03T20:37:39,shipped,
11669,2904,2024-09-12T07:16:06,canceled,
11670,2904,2024-07-09T10:42:02,delivered,2.0
11671,2904,2024-07-04T01:30:52,canceled,
11672,2905,2023-09-09T17:09:10,canceled,
11673,2905,2024-03-13T09:50:26,delivered,14.0
11674,2905,2024-03-05T21:28:21,canceled,
11675,2905,2024-01-08T14:08:00,delivered,5.0
11676,2906,2024-04-28T09:04:02,canceled,
11677,2906,2024-04-22T20:53:33,shipped,
11678,2907,2023-07-15T17:30:27,delivered,5.0
11679,2907,2024-04-17T08:32:47,delivered,4.0
11680,2907,2023-06-01T15:03:31,delivered,10.0
11681,2908,2024-10-09T04:03:53,delivered,4.0
11682,2909,2023-11-28T12:21:02,shipped,
11683,2909,2024-05-19T05:35:03,delivered,2.0
11684,2909,2024-08-24T23:25:20,shipped,
11685,2909,2023-12-08T23:43:29,canceled,
11686,2909,2024-06-25T03:20:13,delivered,2.0
11687,2910,2024-10-08T21:16:25,shipped,
11688,2911,2024-03-11T03:00:51,delivered,3.0
11689,2911,2024-10-03T03:04:10,delivered,10.0
11690,2912,2024-06-13T12:46:46,delivered,11.0
11691,2912,2024-11-28T08:37:03,delivered,7.0
11692,2913,2024-11-14T19:33:49,canceled,
11693,2913,2024-09-07T01:50:12,delivered,7.0
11694,2913,2024-09-04T10:08:26,delivered,8.0
11695,2914,2023-07-28T19:00:11,delivered,2.0
11696,2914,2023-05-06T07:19:27,delivered,12.0
11697,2914,2023-03-10T20:24:41,shipped,
11698,2914,2024-08-11T11:33:00,canceled,
11699,2914,2024-05-16T11:45:41,delivered,1.0
11700,2914,2023-07-31T13:57:04,shipped,
11701,2914,2023-06-16T04:54:09,delivered,7.0
11702,2915,2024-03-26T18:55:09,delivered,3.0
11703,2915,2024-08-05T18:58:09,delivered,2.0
11704,2915,2024-07-23T21:04:26,shipped,
11705,2915,2024-11-01T07:45:28,delivered,7.0
11706,2915,2023-09-03T14:38:22,shipped,
11707,2916,2024-02-26T02:13:14,delivered,6.0
11708,2917,2024-03-14T01:10:44,delivered,12.0
11709,2917,2024-11-23T18:45:18,delivered,5.0
11710,2917,2024-08-25T22:10:28,canceled,
11711,2918,2024-10-06T04:12:50,delivered,16.0
11712,2918,2024-10-21T21:41:17,delivered,3.0
11713,2919,2024-11-17T14:46:44,delivered,12.0
11714,2919,2024-08-30T01:22:24,shipped,
11715,2919,2024-07-14T17:51:39,delivered,4.0
11716,2919,2024-09-09T03:20:41,shipped,
11717,2919,2024-10-30T00:37:25,canceled,
11718,2919,2024-12-16T08:26:41,shipped,
11719,2919,2024-10-22T08:23:48,delivered,2.0
11720,2919,2024-12-09T15:18:58,shipped,
11721,2919,2024-08-07T18:27:34,delivered,13.0
11722,2920,2024-02-28T07:38:03,canceled,
11723,2920,2024-07-26T12:58:20,delivered,17.0
11724,2920,2024-01-23T19:16:07,delivered,12.0
11725,2921,2024-06-28T09:11:31,delivered,11.0
11726,2921,2024-11-26T09:58:52,delivered,3.0
11727,2921,2024-10-21T04:48:42,canceled,
11728,2921,2024-03-14T06:45:22,delivered,5.0
11729,2921,2024-08-22T23:54:26,delivered,4.0
11730,2921,2024-12-02T05:01:27,shipped,
11731,2922,2024-11-22T02:09:19,canceled,
11732,2922,2024-08-07T23:07:14,delivered,1.0
11733,2922,2024-07-31T19:05:14,delivered,8.0
11734,2923,2024-07-03T21:14:20,canceled,
11735,2923,2024-11-12T16:49:12,delivered,6.0
11736,2924,2024-10-30T17:07:53,delivered,6.0
11737,2924,2024-05-10T04:14:06,delivered,3.0
11738,2924,2024-10-24T05:50:30,delivered,6.0
11739,2925,2024-01-04T09:43:04,canceled,
11740,2925,2024-02-09T15:59:01,canceled,
11741,2925,2024-04-12T20:11:00,delivered,5.0
11742,2926,2023-10-21T21:09:52,delivered,1.0
11743,2926,2023-11-06T17:16:39,delivered,4.0
11744,2926,2024-10-25T11:39:09,canceled,
11745,2926,2023-08-01T00:52:43,delivered,5.0
11746,2927,2024-09-25T07:17:59,delivered,6.0
11747,2927,2024-11-20T21:59:20,delivered,5.0
11748,2927,2024-12-31T21:38:54,delivered,10.0
11749,2927,2024-11-29T23:52:49,delivered,1.0
11750,2927,2024-11-03T16:24:03,delivered,7.0
11751,2927,2024-12-15T05:22:38,shipped,
11752,2928,2024-10-30T03:01:59,shipped,
11753,2928,2024-10-27T13:38:55,delivered,2.0
11754,2928,2024-11-23T20:13:00,delivered,8.0
11755,2928,2024-12-26T09:44:47,delivered,5.0
11756,2928,2024-12-25T22:18:00,delivered,4.0
11757,2928,2024-11-20T08:32:43,delivered,1.0
11758,2928,2024-12-21T14:36:38,delivered,11.0
11759,2928,2024-11-16T14:02:57,delivered,4.0
11760,2929,2024-11-21T12:21:49,delivered,4.0
11761,2929,2024-09-15T05:10:15,delivered,4.0
11762,2929,2024-12-29T17:54:47,delivered,4.0
11763,2929,2024-04-22T21:19:03,delivered,10.0
11764,2929,2024-03-14T05:11:24,delivered,3.0
11765,2929,2024-05-07T09:16:20,delivered,4.0
11766,2929,2023-10-20T00:39:44,delivered,9.0
11767,2929,2024-12-21T22:14:55,delivered,4.0
11768,2929,2024-10-04T17:51:09,delivered,2.0
11769,2930,2024-06-09T23:22:29,delivered,1.0
11770,2930,2024-01-11T17:53:27,delivered,9.0
11771,2931,2024-12-19T04:31:41,delivered,5.0
11772,2932,2024-08-12T11:47:08,delivered,5.0
11773,2932,2024-06-17T04:51:40,delivered,2.0
11774,2932,2024-05-17T16:14:17,delivered,6.0
11775,2932,2024-08-23T16:34:16,delivered,2.0
11776,2933,2024-01-19T09:52:01,delivered,4.0
11777,2933,2023-09-10T08:26:33,delivered,4.0
11778,2934,2024-10-21T16:15:18,shipped,
11779,2934,2024-09-20T09:30:03,delivered,5.0
11780,2934,2024-11-20T23:22:04,delivered,4.0
11781,2934,2024-12-11T21:46:57,delivered,7.0
11782,2935,2024-06-21T03:09:43,delivered,5.0
11783,2935,2024-07-18T22:26:31,delivered,2.0
11784,2936,2023-12-09T14:45:18,delivered,3.0
11785,2936,2024-02-25T15:46:54,delivered,6.0
11786,2936,2024-12-18T08:37:05,shipped,
11787,2936,2024-09-14T20:24:12,delivered,2.0
11788,2937,2024-12-05T07:20:43,canceled,
11789,2937,2024-11-19T03:16:07,delivered,11.0
11790,2937,2024-11-10T22:02:57,delivered,4.0
11791,2938,2024-04-12T06:25:51,delivered,2.0
11792,2939,2024-12-26T21:11:03,delivered,7.0
11793,2939,2024-10-18T15:12:38,shipped,
11794,2939,2024-12-26T23:22:33,delivered,2.0
11795,2939,2024-11-26T10:18:16,shipped,
11796,2939,2024-10-27T00:21:13,delivered,2.0
11797,2939,2024-09-26T12:58:43,delivered,2.0
11798,2940,2024-10-22T19:02:10,delivered,3.0
11799,2941,2024-09-17T14:09:32,delivered,8.0
11800,2942,2024-09-07T07:15:39,delivered,1.0
11801,2942,2024-11-04T10:58:55,delivered,4.0
11802,2942,2024-01-31T01:27:22,delivered,13.0
11803,2942,2024-06-23T08:58:32,delivered,2.0
11804,2942,2024-05-24T03:17:41,delivered,2.0
11805,2942,2024-08-19T20:42:34,shipped,
11806,2942,2024-02-27T02:04:45,shipped,
11807,2943,2024-05-22T02:36:55,delivered,1.0
11808,2943,2024-07-07T13:02:45,delivered,12.0
11809,2943,2024-07-30T02:03:00,delivered,10.0
11810,2943,2023-12-10T03:36:35,delivered,2.0
11811,2943,2024-08-31T16:42:20,delivered,7.0
11812,2944,2024-11-06T14:16:05,delivered,11.0
11813,2944,2024-11-04T00:19:25,shipped,
11814,2944,2024-12-17T23:06:33,delivered,2.0
11815,2944,2024-12-04T00:47:51,delivered,5.0
11816,2945,2024-12-28T18:31:30,shipped,
11817,2945,2024-12-30T03:06:54,shipped,
11818,2946,2024-11-19T11:21:09,delivered,1.0
11819,2946,2024-11-06T10:15:07,delivered,2.0
11820,2946,2024-10-02T02:17:43,shipped,
11821,2946,2024-11-03T19:37:36,delivered,11.0
11822,2946,2024-10-05T11:54:48,delivered,4.0
11823,2947,2024-12-16T12:37:42,delivered,8.0
11824,2948,2024-10-22T08:32:49,delivered,6.0
11825,2948,2024-12-21T13:50:09,shipped,
11826,2949,2024-12-07T18:39:40,delivered,9.0
11827,2949,2024-12-18T07:21:59,delivered,3.0
11828,2949,2024-11-24T13:56:42,shipped,
11829,2950,2024-12-27T11:44:12,canceled,
11830,2950,2024-10-31T15:53:28,delivered,9.0
11831,2951,2024-01-30T23:18:02,canceled,
11832,2952,2024-05-25T20:06:55,delivered,2.0
11833,2952,2023-05-31T01:52:21,delivered,1.0
11834,2952,2024-06-24T10:21:35,delivered,7.0
11835,2953,2024-12-13T11:04:59,delivered,6.0
11836,2953,2024-05-28T08:42:46,delivered,1.0
11837,2953,2024-05-22T00:46:50,canceled,
11838,2953,2024-03-08T06:18:02,canceled,
11839,2953,2024-01-01T19:37:13,delivered,4.0
11840,2954,2024-12-18T15:53:08,canceled,
11841,2955,2023-09-09T14:29:19,delivered,4.0
11842,2955,2024-11-28T23:48:29,shipped,
11843,2955,2023-11-12T03:25:41,shipped,
11844,2955,2024-07-02T15:55:09,canceled,
11845,2956,2024-11-30T22:11:21,delivered,5.0
11846,2956,2024-05-20T15:42:04,delivered,8.0
11847,2956,2024-08-03T09:18:19,canceled,
11848,2957,2024-11-04T17:21:10,delivered,1.0
11849,2957,2023-09-29T00:49:20,canceled,
11850,2958,2024-06-13T04:08:03,delivered,5.0
11851,2958,2024-10-19T22:48:35,delivered,3.0
11852,2958,2024-10-15T16:23:31,delivered,6.0
11853,2958,2024-11-25T00:34:22,shipped,
11854,2959,2023-11-02T11:39:31,delivered,9.0
11855,2959,2023-07-17T13:57:26,delivered,6.0
11856,2959,2024-05-04T13:42:21,delivered,4.0
11857,2959,2024-05-29T10:05:36,delivered,9.0
11858,2959,2023-09-28T18:16:10,canceled,
11859,2960,2024-05-10T05:23:34,shipped,
11860,2960,2024-06-03T23:23:30,delivered,5.0
11861,2960,2024-09-07T00:46:37,shipped,
11862,2960,2024-05-21T02:35:48,delivered,2.0
11863,2960,2024-06-17T14:11:00,delivered,2.0
11864,2960,2024-03-28T19:57:05,shipped,
11865,2960,2024-12-05T16:04:57,delivered,11.0
11866,2961,2024-03-05T05:44:38,delivered,3.0
11867,2961,2024-10-21T20:55:58,delivered,2.0
11868,2961,2024-07-06T02:45:31,delivered,8.0
11869,2961,2024-06-30T00:35:10,shipped,
11870,2961,2024-04-30T11:22:14,delivered,2.0
11871,2961,2023-06-20T11:58:46,canceled,
11872,2961,2024-03-04T20:24:26,delivered,4.0
11873,2961,2023-08-10T15:25:21,delivered,3.0
11874,2961,2023-07-25T06:21:03,shipped,
11875,2962,2024-11-01T19:24:57,shipped,
11876,2962,2024-03-14T21:52:21,delivered,1.0
11877,2963,2023-08-01T02:05:02,delivered,2.0
11878,2963,2023-08-17T23:45:24,delivered,1.0
11879,2963,2023-07-07T13:58:42,delivered,2.0
11880,2963,2024-04-22T17:10:58,delivered,3.0
11881,2963,2024-01-11T11:03:35,delivered,8.0
11882,2964,2024-11-29T18:03:51,delivered,6.0
11883,2965,2024-08-19T15:12:26,delivered,4.0
11884,2965,2024-02-27T10:54:23,canceled,
11885,2966,2024-12-15T00:35:26,canceled,
11886,2966,2024-12-05T07:26:10,delivered,5.0
11887,2966,2024-12-06T07:15:41,canceled,
11888,2967,2024-10-05T08:53:52,canceled,
11889,2967,2024-09-13T14:57:21,delivered,5.0
11890,2967,2024-09-28T06:15:25,delivered,11.0
11891,2967,2024-09-25T06:25:29,shipped,
11892,2967,2024-12-30T00:16:23,delivered,2.0
11893,2968,2023-06-18T07:04:58,delivered,6.0
11894,2969,2024-08-30T22:49:30,delivered,1.0
11895,2970,2023-02-01T00:50:12,delivered,6.0
11896,2970,2023-03-18T22:43:58,shipped,
11897,2970,2023-11-03T15:14:08,delivered,4.0
11898,2970,2023-02-08T13:09:12,shipped,
11899,2970,2024-01-06T09:34:05,delivered,4.0
11900,2970,2023-07-10T08:33:18,shipped,
11901,2970,2024-05-18T10:18:23,delivered,5.0
11902,2970,2023-12-19T22:22:29,delivered,6.0
11903,2970,2024-09-09T19:23:43,delivered,6.0
11904,2970,2024-02-21T07:41:29,canceled,
11905,2971,2024-11-21T23:24:32,shipped,
11906,2971,2024-12-22T19:28:23,shipped,
11907,2971,2024-12-19T11:01:48,delivered,1.0
11908,2972,2024-02-02T15:40:32,delivered,3.0
11909,2972,2024-08-13T00:22:44,canceled,
11910,2972,2024-02-20T07:49:03,delivered,2.0
11911,2972,2024-11-30T01:23:12,canceled,
11912,2972,2024-05-26T05:25:30,delivered,7.0
11913,2973,2024-11-02T18:48:40,shipped,
11914,2973,2024-05-04T19:44:35,delivered,2.0
11915,2973,2024-07-28T18:01:38,canceled,
11916,2974,2024-05-20T18:21:45,canceled,
11917,2974,2023-10-24T15:51:19,delivered,3.0
11918,2974,2023-12-07T16:43:24,shipped,
11919,2975,2024-05-14T15:49:16,canceled,
11920,2975,2024-11-02T14:39:27,shipped,
11921,2975,2024-06-10T05:49:58,delivered,4.0
11922,2975,2024-08-25T11:05:15,delivered,6.0
11923,2975,2024-09-09T10:59:29,shipped,
11924,2976,2024-12-29T02:27:04,canceled,
11925,2976,2024-12-15T10:43:27,shipped,
11926,2976,2024-12-24T23:40:07,canceled,
11927,2977,2024-07-30T04:25:43,delivered,14.0
11928,2977,2024-02-09T02:41:50,delivered,8.0
11929,2977,2024-12-21T03:59:47,canceled,
11930,2977,2023-10-15T13:05:24,delivered,3.0
11931,2977,2023-08-29T17:42:57,delivered,4.0
11932,2977,2024-07-24T18:39:34,canceled,
11933,2978,2024-09-12T15:19:31,delivered,3.0
11934,2979,2024-10-15T23:19:51,delivered,2.0
11935,2980,2024-08-13T12:15:07,shipped,
11936,2980,2024-10-12T10:42:59,delivered,2.0
11937,2980,2024-12-01T05:06:06,shipped,
11938,2981,2024-11-04T22:36:44,shipped,
11939,2981,2024-08-31T21:44:50,delivered,3.0
11940,2981,2024-11-20T11:42:38,delivered,7.0
11941,2981,2024-11-26T03:57:07,delivered,3.0
11942,2981,2024-08-09T08:08:26,delivered,1.0
11943,2982,2024-12-19T17:47:35,delivered,1.0
11944,2982,2024-11-29T15:44:32,shipped,
11945,2982,2024-11-02T21:59:07,canceled,
11946,2983,2024-04-20T23:32:34,delivered,8.0
11947,2983,2024-07-11T20:46:23,delivered,4.0
11948,2983,2024-04-04T15:13:44,delivered,4.0
11949,2983,2024-01-30T03:47:02,delivered,1.0
11950,2984,2024-12-04T21:29:05,delivered,9.0
11951,2984,2024-11-25T18:09:18,delivered,12.0
11952,2984,2024-10-08T21:22:59,shipped,
11953,2985,2024-01-28T02:27:05,delivered,4.0
11954,2985,2024-03-11T07:37:42,shipped,
11955,2985,2023-09-05T02:26:27,delivered,5.0
11956,2986,2024-11-17T18:02:54,canceled,
11957,2987,2024-11-23T13:14:47,canceled,
11958,2987,2024-02-19T09:35:27,delivered,4.0
11959,2987,2024-09-26T10:14:56,delivered,5.0
11960,2988,2024-04-05T09:10:35,delivered,4.0
11961,2988,2024-03-27T04:55:23,shipped,
11962,2988,2024-05-17T14:46:14,shipped,
11963,2989,2024-04-21T16:33:44,delivered,1.0
11964,2990,2024-11-26T08:03:12,delivered,5.0
11965,2990,2024-02-16T22:30:04,delivered,6.0
11966,2990,2024-08-09T20:34:01,delivered,2.0
11967,2990,2023-12-20T23:23:50,delivered,3.0
11968,2990,2023-04-13T18:49:59,delivered,6.0
11969,2991,2024-10-04T01:51:01,delivered,1.0
11970,2991,2024-12-12T19:16:03,delivered,4.0
11971,2991,2024-12-16T15:11:43,canceled,
11972,2991,2024-07-11T23:34:28,delivered,8.0
11973,2991,2024-08-25T14:51:35,delivered,1.0
11974,2992,2024-09-23T05:47:53,canceled,
11975,2992,2024-07-28T06:25:02,delivered,9.0
11976,2992,2024-08-06T14:46:46,shipped,
11977,2993,2024-09-15T01:41:38,delivered,7.0
11978,2993,2024-11-13T02:40:23,delivered,5.0
11979,2994,2024-12-11T05:56:47,shipped,
11980,2994,2024-12-08T16:34:36,delivered,1.0
11981,2994,2024-12-10T17:31:39,shipped,
11982,2994,2024-12-13T06:53:34,delivered,8.0
11983,2994,2024-12-10T09:49:49,delivered,9.0
11984,2994,2024-12-31T02:05:18,canceled,
11985,2994,2024-12-28T20:48:48,canceled,
11986,2995,2024-05-30T15:34:09,delivered,10.0
11987,2995,2024-12-18T23:03:25,delivered,1.0
11988,2996,2023-12-22T06:57:06,canceled,
11989,2997,2024-09-14T22:45:28,delivered,2.0
11990,2998,2024-02-17T13:41:32,shipped,
11991,2998,2024-10-29T19:06:05,delivered,4.0
11992,2999,2024-07-24T19:58:30,delivered,4.0
11993,2999,2024-07-29T07:48:43,delivered,2.0
11994,2999,2024-11-09T13:03:33,canceled,
11995,2999,2024-09-16T07:41:02,delivered,8.0
11996,2999,2024-09-25T12:25:18,delivered,10.0
11997,2999,2024-10-27T17:46:17,canceled,
11998,2999,2024-08-08T07:37:37,shipped,
11999,2999,2024-09-12T03:48:30,canceled,
12000,3000,2024-09-02T18:11:34,canceled,
