order_item_id,order_id,product_id,quantity,price,freight_value
1,1,22,1,412.18,22.82
2,1,176,1,199.66,23.02
3,1,63,1,555.18,37.97
4,2,176,1,199.66,22.49
5,3,42,1,145.78,10.85
6,3,54,3,387.71,14.66
7,4,32,1,17.9,1.83
8,5,212,1,619.34,27.32
9,5,15,1,114.86,6.91
10,5,25,1,28.3,2.0
11,6,131,1,203.22,18.68
12,7,232,1,155.86,17.75
13,8,107,1,87.92,7.87
14,9,151,1,116.4,3.58
15,9,104,1,82.65,3.5
16,9,12,1,94.84,6.06
17,10,120,1,44.88,3.25
18,10,69,3,33.1,2.44
19,10,62,1,19.26,0.9
20,11,227,1,49.54,5.39
21,12,150,1,43.62,3.01
22,13,106,1,27.76,1.88
23,13,121,1,272.89,14.65
24,13,136,1,763.13,49.01
25,13,232,1,155.86,12.87
26,14,165,1,6.2,0.72
27,15,191,1,39.7,3.58
28,16,206,1,760.6,60.02
29,16,214,1,211.86,11.99
30,17,228,3,95.03,5.63
31,18,15,1,114.86,13.33
32,19,119,1,69.61,2.89
33,19,217,1,36.43,3.99
34,19,183,2,101.22,10.69
35,19,120,1,44.88,4.84
36,20,178,1,1065.13,54.47
37,21,139,1,488.45,24.11
38,22,235,1,75.26,7.49
39,23,66,3,27.73,2.85
40,24,167,1,139.5,10.28
41,24,223,1,155.25,7.72
42,25,122,1,69.41,4.64
43,26,202,1,130.75,13.1
44,26,162,2,6.54,0.26
45,27,237,1,10.34,0.81
46,28,117,1,45.11,4.52
47,29,137,1,112.97,10.05
48,29,81,2,44.98,3.45
49,29,208,2,113.76,7.12
50,30,235,1,75.26,8.08
51,31,124,1,434.69,26.01
52,32,26,1,16.21,0.54
53,33,55,1,167.62,11.03
54,34,25,1,28.3,0.91
55,35,3,1,51.08,2.78
56,36,52,1,30.53,1.28
57,37,50,1,44.06,1.61
58,38,56,1,38.8,3.76
59,38,151,1,116.4,9.17
60,38,113,1,29.13,3.28
61,38,218,1,62.27,2.4
62,39,225,2,59.74,6.41
63,40,14,1,94.71,3.04
64,41,191,1,39.7,1.55
65,42,182,1,19.48,1.09
66,43,99,1,14.4,1.06
67,44,57,1,185.85,5.86
68,44,72,1,112.92,8.44
69,45,70,1,41.53,1.65
70,45,10,1,26.93,1.35
71,46,176,2,199.66,14.02
72,46,58,1,7.39,0.54
73,47,80,1,37.9,3.9
74,48,6,1,251.86,12.26
75,49,125,1,111.51,7.39
76,50,246,1,30.72,1.08
77,51,183,1,101.22,6.11
78,51,9,1,82.19,3.58
79,52,173,1,57.93,3.86
80,52,121,1,272.89,8.32
81,52,104,1,82.65,7.62
82,53,59,1,105.0,6.11
83,54,107,1,87.92,6.46
84,54,35,1,76.68,6.13
85,54,232,1,155.86,15.05
86,55,232,1,155.86,10.65
87,55,29,1,617.47,22.83
88,55,88,1,2.59,0.11
89,56,241,1,40.34,1.93
90,56,67,1,53.0,5.74
91,56,116,1,53.02,2.13
92,56,243,1,83.89,9.2
93,57,47,2,18.06,1.76
94,58,214,1,211.86,8.6
95,58,97,1,244.48,29.24
96,58,245,1,178.52,16.92
97,58,157,1,234.71,25.64
98,59,33,1,30.54,2.47
99,59,124,1,434.69,19.53
100,59,12,1,94.84,5.32
101,60,35,1,76.68,6.47
102,60,234,3,17.93,1.3
103,60,42,1,145.78,7.14
104,60,135,1,212.24,12.67
105,61,60,1,85.87,8.1
106,62,176,1,199.66,8.69
107,62,205,1,172.47,6.21
108,62,161,1,84.35,9.95
109,63,22,1,412.18,15.85
110,63,155,1,18.82,1.34
111,64,182,1,19.48,1.41
112,65,1,3,826.88,90.54
113,66,5,1,88.33,4.91
114,67,24,1,89.79,5.16
115,67,64,1,191.61,16.52
116,68,105,1,262.49,20.66
117,69,113,1,29.13,1.14
118,70,78,1,180.73,7.09
119,70,15,1,114.86,11.68
120,71,126,3,25.06,2.49
121,71,133,1,37.44,3.12
122,72,219,1,66.09,2.98
123,72,67,1,53.0,5.33
124,73,43,1,137.44,5.9
125,74,67,1,53.0,5.86
126,75,166,1,30.99,2.78
127,75,43,1,137.44,8.17
128,76,29,1,617.47,40.38
129,77,119,1,69.61,4.04
130,77,106,1,27.76,2.14
131,77,12,1,94.84,7.37
132,78,145,1,366.49,38.49
133,78,180,1,209.32,19.68
134,78,27,1,852.23,89.99
135,79,172,1,356.67,33.01
136,79,27,1,852.23,44.78
137,80,95,3,25.87,1.59
138,81,121,1,272.89,27.12
139,81,164,1,31.65,1.94
140,82,181,1,14.39,0.93
141,83,109,1,151.47,10.57
142,84,121,1,272.89,16.25
143,84,120,1,44.88,5.03
144,85,24,1,89.79,4.9
145,86,231,1,80.77,9.66
146,86,117,1,45.11,4.21
147,87,25,1,28.3,3.05
148,87,63,1,555.18,63.0
149,87,124,1,434.69,52.05
150,88,237,1,10.34,1.01
151,89,243,1,83.89,2.73
152,90,49,1,38.8,1.45
153,90,51,1,71.14,7.47
154,91,75,1,553.99,19.73
155,92,113,1,29.13,3.45
156,92,124,2,434.69,20.64
157,92,44,1,39.31,3.35
158,93,160,1,19.67,1.87
159,93,106,3,27.76,1.75
160,94,201,1,68.19,6.16
161,95,25,1,28.3,1.22
162,96,86,1,124.98,6.85
163,96,6,1,251.86,12.06
164,97,85,1,106.96,11.32
165,98,79,1,47.16,3.79
166,99,84,1,54.94,2.07
167,99,20,1,71.62,8.14
168,100,217,3,36.43,1.69
169,100,55,1,167.62,6.33
170,101,26,1,16.21,1.64
171,101,161,1,84.35,4.18
172,102,250,1,583.02,61.43
173,103,229,2,16.22,0.56
174,103,72,1,112.92,10.56
175,103,48,1,93.17,4.29
176,103,212,1,619.34,26.41
177,104,149,1,71.93,7.88
178,104,44,1,39.31,1.81
179,104,146,1,98.43,5.57
180,105,121,1,272.89,16.91
181,105,249,1,52.62,3.3
182,106,134,1,140.62,12.91
183,107,199,1,5.9,0.38
184,108,70,1,41.53,3.66
185,109,193,1,286.41,26.63
186,109,182,1,19.48,1.47
187,109,199,1,5.9,0.62
188,110,119,1,69.61,3.71
189,110,42,1,145.78,10.51
190,111,237,1,10.34,0.9
191,112,158,1,19.01,1.57
192,113,15,1,114.86,12.76
193,113,23,1,629.48,37.15
194,114,245,1,178.52,12.13
195,114,169,2,69.98,4.21
196,115,235,1,75.26,4.33
197,116,150,1,43.62,4.49
198,116,129,1,858.28,61.01
199,117,37,1,136.42,14.33
200,117,65,1,165.64,8.73
201,117,17,1,29.84,1.9
202,118,146,1,98.43,11.55
203,118,246,1,30.72,3.35
204,118,210,1,56.9,5.62
205,118,11,1,685.7,76.17
206,119,214,1,211.86,24.55
207,120,113,1,29.13,1.31
208,120,238,2,115.34,6.58
209,121,54,1,387.71,37.87
210,121,28,2,164.02,6.84
211,121,75,1,553.99,33.23
212,122,151,1,116.4,11.89
213,122,242,1,135.54,9.66
214,123,73,1,85.1,4.09
215,123,117,1,45.11,2.05
216,124,95,1,25.87,1.79
217,124,163,1,20.16,1.92
218,125,40,1,97.22,7.09
219,126,228,1,95.03,6.22
220,126,217,1,36.43,1.79
221,127,170,1,527.03,49.31
222,128,9,1,82.19,4.82
223,128,191,1,39.7,4.53
224,128,226,2,134.28,8.86
225,129,195,1,45.11,2.95
226,129,45,1,30.04,1.09
227,129,22,1,412.18,30.48
228,130,71,1,179.59,19.7
229,131,19,1,11.93,0.72
230,132,131,2,203.22,22.82
231,132,232,1,155.86,13.73
232,133,53,1,270.94,15.49
233,133,145,1,366.49,14.06
234,134,102,1,683.61,38.04
235,134,46,1,645.92,41.86
236,134,104,1,82.65,8.59
237,135,90,1,11.62,0.77
238,135,199,1,5.9,0.45
239,136,217,1,36.43,3.5
240,136,13,1,31.08,2.77
241,137,218,1,62.27,3.66
242,138,48,1,93.17,6.87
243,138,200,1,16.92,1.97
244,139,89,1,179.88,9.58
245,139,71,1,179.59,15.64
246,140,53,1,270.94,27.17
247,141,36,1,55.53,5.59
248,142,221,1,80.15,2.98
249,142,186,1,66.12,2.02
250,142,11,1,685.7,79.09
251,143,98,1,25.53,1.95
252,144,34,1,127.18,9.14
253,145,102,1,683.61,23.59
254,145,187,1,95.65,8.03
255,145,250,1,583.02,36.87
256,146,17,1,29.84,2.35
257,147,62,1,19.26,1.35
258,147,67,1,53.0,3.01
259,148,141,1,483.07,16.08
260,149,94,1,33.91,1.27
261,150,29,1,617.47,42.48
262,151,151,1,116.4,13.12
263,151,86,1,124.98,13.91
264,152,135,1,212.24,7.14
265,152,41,1,63.66,3.78
266,152,24,1,89.79,3.0
267,153,202,2,130.75,9.95
268,153,200,1,16.92,1.61
269,154,213,1,31.81,2.1
270,155,67,1,53.0,5.8
271,155,140,1,11.94,1.26
272,156,121,1,272.89,22.21
273,157,168,1,9.01,0.96
274,158,204,1,103.62,7.52
275,158,55,1,167.62,16.5
276,158,46,1,645.92,44.78
277,159,66,1,27.73,2.51
278,160,26,1,16.21,0.49
279,160,210,1,56.9,2.77
280,160,117,1,45.11,4.53
281,161,200,1,16.92,1.42
282,162,151,1,116.4,5.85
283,162,189,1,150.51,14.12
284,162,190,1,239.32,11.94
285,163,162,1,6.54,0.57
286,163,127,1,82.05,4.89
287,164,158,1,19.01,1.12
288,165,15,1,114.86,8.6
289,166,71,1,179.59,11.69
290,166,142,1,230.98,15.31
291,167,111,1,97.83,8.49
292,168,74,3,35.45,3.45
293,169,212,1,619.34,43.75
294,169,98,1,25.53,1.84
295,169,27,1,852.23,37.52
296,170,31,1,34.65,2.39
297,171,75,1,553.99,53.72
298,172,169,1,69.98,4.48
299,173,174,1,8.1,0.4
300,174,80,1,37.9,4.09
301,175,38,1,147.17,9.08
302,176,215,1,237.45,23.59
303,177,202,1,130.75,10.19
304,178,36,1,55.53,3.1
305,178,215,1,237.45,26.88
306,178,63,2,555.18,24.5
307,178,142,1,230.98,25.08
308,179,207,1,51.95,5.13
309,180,133,1,37.44,3.32
310,181,90,1,11.62,0.38
311,182,6,3,251.86,21.61
312,183,97,1,244.48,16.33
313,184,66,1,27.73,1.46
314,185,72,1,112.92,3.62
315,186,250,3,583.02,62.8
316,187,179,1,246.47,23.43
317,187,48,1,93.17,4.8
318,187,26,1,16.21,1.18
319,187,168,1,9.01,0.85
320,188,139,1,488.45,53.97
321,188,21,1,285.75,13.9
322,189,126,1,25.06,2.98
323,189,190,2,239.32,24.34
324,190,158,1,19.01,1.95
325,190,113,1,29.13,3.07
326,191,72,1,112.92,10.73
327,192,181,1,14.39,1.72
328,193,120,1,44.88,4.91
329,193,104,1,82.65,6.48
330,193,147,1,81.1,7.66
331,194,24,3,89.79,6.58
332,195,32,1,17.9,1.78
333,195,73,1,85.1,5.34
334,195,118,1,13.3,1.26
335,195,115,1,27.12,2.06
336,196,189,1,150.51,15.18
337,196,202,1,130.75,5.14
338,197,21,1,285.75,27.14
339,197,228,1,95.03,5.99
340,197,68,1,38.67,3.45
341,198,3,1,51.08,2.75
342,199,215,1,237.45,26.34
343,200,66,1,27.73,1.57
344,200,221,1,80.15,5.61
345,201,242,1,135.54,7.42
346,201,194,1,41.9,1.39
347,202,104,1,82.65,4.12
348,203,246,1,30.72,3.53
349,203,230,1,231.23,10.23
350,203,196,1,47.98,4.18
351,203,75,1,553.99,40.32
352,204,29,1,617.47,63.27
353,205,158,1,19.01,1.07
354,205,15,1,114.86,7.42
355,205,25,1,28.3,2.47
356,205,220,2,669.86,21.78
357,206,155,1,18.82,0.59
358,207,152,1,343.16,25.03
359,207,68,1,38.67,4.29
360,208,104,1,82.65,8.82
361,209,54,1,387.71,34.26
362,209,146,1,98.43,10.67
363,209,95,1,25.87,1.9
364,210,43,1,137.44,15.84
365,210,15,3,114.86,6.98
366,211,239,1,762.58,33.18
367,212,29,1,617.47,38.34
368,213,37,3,136.42,14.48
369,214,63,1,555.18,26.78
370,215,214,1,211.86,8.24
371,216,61,1,30.27,1.65
372,217,120,1,44.88,3.15
373,217,194,1,41.9,3.23
374,218,178,1,1065.13,53.84
375,219,6,1,251.86,13.58
376,220,122,1,69.41,5.35
377,220,120,1,44.88,1.59
378,221,215,1,237.45,17.05
379,221,70,1,41.53,3.25
380,222,132,1,74.95,3.57
381,223,205,1,172.47,6.72
382,224,192,1,82.67,2.55
383,224,210,1,56.9,3.91
384,224,189,1,150.51,16.77
385,224,39,1,136.95,12.98
386,225,239,1,762.58,65.05
387,225,74,1,35.45,2.52
388,225,250,2,583.02,17.52
389,225,212,1,619.34,60.64
390,226,171,1,100.35,4.6
391,226,67,1,53.0,4.01
392,226,77,1,170.84,13.03
393,227,179,1,246.47,12.92
394,228,220,1,669.86,57.83
395,228,232,1,155.86,6.24
396,228,215,1,237.45,23.29
397,228,169,1,69.98,3.25
398,229,198,1,52.95,2.37
399,230,52,1,30.53,3.46
400,231,187,1,95.65,9.57
401,232,232,1,155.86,8.96
402,232,197,1,235.87,23.35
403,232,179,1,246.47,17.86
404,232,64,1,191.61,17.56
405,233,45,1,30.04,1.32
406,234,192,3,82.67,8.33
407,234,98,1,25.53,2.72
408,234,187,1,95.65,8.12
409,235,214,1,211.86,17.71
410,236,9,1,82.19,9.37
411,236,152,1,343.16,24.87
412,236,81,1,44.98,4.82
413,237,150,1,43.62,4.16
414,237,174,2,8.1,0.85
415,237,69,1,33.1,1.93
416,237,98,1,25.53,1.47
417,238,118,1,13.3,0.47
418,238,89,1,179.88,12.01
419,239,250,1,583.02,18.51
420,239,221,1,80.15,7.49
421,239,203,1,67.83,3.31
422,240,212,1,619.34,36.52
423,240,192,1,82.67,8.36
424,240,220,1,669.86,39.73
425,241,15,3,114.86,8.64
426,241,230,1,231.23,24.76
427,242,87,1,391.01,37.17
428,242,34,1,127.18,14.59
429,243,220,1,669.86,77.96
430,243,230,1,231.23,21.64
431,243,25,1,28.3,1.49
432,244,49,1,38.8,1.36
433,245,6,1,251.86,28.49
434,245,222,1,22.72,0.91
435,246,212,1,619.34,41.64
436,247,180,1,209.32,11.91
437,248,122,1,69.41,4.13
438,248,233,2,339.7,26.9
439,248,124,1,434.69,38.89
440,248,67,1,53.0,4.25
441,249,63,1,555.18,60.16
442,250,220,1,669.86,65.15
443,251,134,1,140.62,10.05
444,252,103,1,1102.59,107.27
445,253,97,1,244.48,16.74
446,254,41,1,63.66,7.14
447,254,238,1,115.34,8.78
448,255,37,1,136.42,14.81
449,255,162,1,6.54,0.39
450,256,230,1,231.23,20.14
451,257,145,1,366.49,36.74
452,257,134,2,140.62,10.95
453,257,4,1,95.98,9.78
454,257,21,3,285.75,30.34
455,258,112,1,335.91,40.1
456,259,152,1,343.16,24.68
457,259,187,2,95.65,10.53
458,260,94,1,33.91,1.24
459,261,146,1,98.43,9.87
460,261,232,1,155.86,15.05
461,261,46,1,645.92,74.52
462,261,34,1,127.18,14.0
463,262,248,1,40.02,4.18
464,263,116,1,53.02,2.31
465,263,109,1,151.47,16.21
466,264,129,2,858.28,61.11
467,264,176,1,199.66,17.95
468,264,133,1,37.44,3.72
469,264,214,1,211.86,17.31
470,265,209,1,115.41,5.42
471,265,113,1,29.13,1.26
472,265,98,1,25.53,1.47
473,266,228,1,95.03,9.52
474,267,136,1,763.13,82.69
475,268,67,1,53.0,3.03
476,269,246,1,30.72,3.06
477,270,217,1,36.43,3.83
478,270,5,1,88.33,5.63
479,271,119,1,69.61,2.4
480,271,181,2,14.39,1.0
481,272,174,1,8.1,0.84
482,273,75,1,553.99,52.74
483,274,203,1,67.83,7.78
484,275,147,1,81.1,3.83
485,275,191,1,39.7,4.71
486,276,243,1,83.89,6.36
487,277,23,1,629.48,64.4
488,278,250,1,583.02,67.11
489,279,34,2,127.18,6.44
490,280,169,1,69.98,8.09
491,281,225,1,59.74,6.35
492,281,30,2,58.74,2.7
493,281,8,1,6.03,0.19
494,281,168,1,9.01,0.69
495,282,201,1,68.19,5.7
496,283,210,1,56.9,3.83
497,284,134,1,140.62,16.44
498,284,239,1,762.58,73.8
499,285,25,1,28.3,2.85
500,285,96,1,826.6,27.03
501,285,17,1,29.84,1.44
502,285,205,1,172.47,11.44
503,286,201,1,68.19,2.22
504,287,107,1,87.92,8.45
505,287,186,1,66.12,2.84
506,288,212,1,619.34,58.85
507,288,193,1,286.41,12.97
508,288,63,1,555.18,21.66
509,289,113,1,29.13,3.46
510,290,84,1,54.94,5.88
511,290,43,1,137.44,10.76
512,291,36,1,55.53,4.01
513,291,3,1,51.08,5.68
514,291,55,1,167.62,6.96
515,292,181,2,14.39,1.36
516,292,127,2,82.05,5.99
517,293,105,1,262.49,20.03
518,293,127,1,82.05,8.41
519,293,98,1,25.53,1.09
520,294,97,1,244.48,16.22
521,294,187,1,95.65,10.5
522,294,27,1,852.23,33.64
523,295,29,1,617.47,59.09
524,295,196,1,47.98,2.74
525,296,248,3,40.02,3.06
526,296,164,1,31.65,3.76
527,297,135,1,212.24,13.53
528,298,169,1,69.98,2.4
529,298,95,1,25.87,1.24
530,299,27,1,852.23,74.24
531,299,71,1,179.59,18.89
532,300,120,1,44.88,3.66
533,300,217,1,36.43,2.68
534,301,159,2,124.76,8.82
535,302,68,1,38.67,2.69
536,302,1,3,826.88,80.25
537,302,52,1,30.53,2.72
538,303,81,1,44.98,2.38
539,304,166,2,30.99,2.78
540,304,2,1,120.72,10.88
541,305,203,1,67.83,6.81
542,305,245,1,178.52,12.21
543,305,231,1,80.77,2.61
544,306,139,3,488.45,51.14
545,307,104,1,82.65,8.98
546,308,84,1,54.94,6.43
547,308,161,1,84.35,9.91
548,309,250,1,583.02,61.57
549,310,225,1,59.74,5.8
550,311,204,1,103.62,8.36
551,312,147,1,81.1,6.37
552,313,226,1,134.28,5.95
553,314,124,1,434.69,49.9
554,315,116,1,53.02,6.17
555,316,249,1,52.62,6.18
556,316,189,1,150.51,16.62
557,317,88,1,2.59,0.1
558,317,21,1,285.75,26.79
559,317,40,1,97.22,8.76
560,318,133,1,37.44,1.6
561,318,226,1,134.28,9.84
562,319,77,1,170.84,15.06
563,320,240,1,694.84,25.26
564,321,112,1,335.91,13.81
565,321,126,1,25.06,2.42
566,321,250,1,583.02,67.04
567,322,105,1,262.49,14.38
568,322,17,1,29.84,1.77
569,322,114,1,164.19,14.34
570,323,120,1,44.88,1.76
571,324,161,1,84.35,5.86
572,324,173,1,57.93,6.02
573,325,84,1,54.94,2.41
574,325,64,1,191.61,20.93
575,326,208,1,113.76,13.13
576,327,192,1,82.67,7.14
577,327,189,1,150.51,10.28
578,327,237,1,10.34,0.47
579,327,221,1,80.15,7.52
580,328,63,1,555.18,42.78
581,328,171,1,100.35,3.81
582,329,120,1,44.88,4.86
583,330,15,1,114.86,4.03
584,330,130,1,76.27,3.01
585,331,153,2,179.31,15.71
586,331,181,1,14.39,0.86
587,331,229,1,16.22,1.46
588,332,127,2,82.05,3.21
589,332,154,1,53.6,5.5
590,333,36,1,55.53,3.83
591,333,91,1,56.23,3.03
592,334,190,1,239.32,25.22
593,335,33,1,30.54,2.57
594,336,169,1,69.98,5.72
595,336,196,1,47.98,1.95
596,337,98,1,25.53,2.4
597,338,198,1,52.95,5.01
598,339,242,1,135.54,11.06
599,339,23,1,629.48,48.5
600,340,182,1,19.48,1.95
601,340,159,1,124.76,11.26
602,340,204,1,103.62,3.35
603,340,30,1,58.74,4.76
604,341,242,2,135.54,5.27
605,342,160,1,19.67,1.4
606,343,68,1,38.67,2.36
607,343,21,1,285.75,33.61
608,344,250,1,583.02,58.61
609,345,26,1,16.21,1.61
610,346,72,1,112.92,6.66
611,347,3,1,51.08,5.42
612,347,231,1,80.77,8.65
613,348,118,1,13.3,1.36
614,348,152,1,343.16,40.13
615,348,21,1,285.75,16.71
616,349,189,1,150.51,5.74
617,349,122,1,69.41,4.62
618,349,156,3,99.5,8.55
619,349,25,1,28.3,2.48
620,350,61,1,30.27,3.24
621,351,202,1,130.75,12.8
622,351,133,1,37.44,4.36
623,351,235,1,75.26,4.44
624,351,121,1,272.89,10.92
625,352,141,1,483.07,27.37
626,352,97,3,244.48,19.65
627,352,157,1,234.71,10.8
628,353,118,2,13.3,0.51
629,353,243,3,83.89,7.03
630,353,3,1,51.08,5.56
631,353,225,1,59.74,3.97
632,354,40,1,97.22,6.01
633,355,247,1,31.51,3.26
634,355,220,1,669.86,73.6
635,355,92,1,1151.64,65.01
636,355,167,1,139.5,11.34
637,356,196,1,47.98,3.35
638,356,157,2,234.71,7.9
639,357,176,1,199.66,14.88
640,358,10,1,26.93,1.88
641,359,234,1,17.93,0.93
642,359,208,1,113.76,3.63
643,360,245,1,178.52,14.21
644,361,37,1,136.42,11.22
645,362,232,1,155.86,15.85
646,363,208,1,113.76,7.2
647,363,84,1,54.94,6.1
648,364,59,1,105.0,3.88
649,364,58,1,7.39,0.68
650,365,12,1,94.84,3.94
651,366,65,1,165.64,9.64
652,367,5,1,88.33,8.23
653,368,122,1,69.41,3.76
654,368,151,1,116.4,12.26
655,368,83,1,9.7,0.69
656,368,75,1,553.99,38.45
657,369,188,1,15.44,1.24
658,369,66,1,27.73,2.23
659,370,68,1,38.67,1.67
660,370,22,1,412.18,37.67
661,371,173,1,57.93,3.05
662,371,32,1,17.9,1.98
663,371,98,1,25.53,0.83
664,371,89,1,179.88,15.07
665,372,195,1,45.11,4.04
666,372,82,1,53.33,3.09
667,373,158,1,19.01,1.55
668,373,16,2,90.17,9.81
669,373,125,1,111.51,12.84
670,373,120,3,44.88,1.93
671,374,196,1,47.98,5.16
672,374,206,1,760.6,89.28
673,374,179,1,246.47,8.57
674,375,52,2,30.53,2.6
675,375,24,1,89.79,6.97
676,376,101,1,8.28,0.98
677,377,69,1,33.1,2.93
678,377,144,2,50.76,3.78
679,377,121,1,272.89,11.12
680,378,45,1,30.04,3.47
681,379,34,1,127.18,11.79
682,379,244,1,84.79,3.6
683,379,146,1,98.43,5.99
684,380,142,1,230.98,15.88
685,381,35,1,76.68,3.57
686,382,73,1,85.1,7.4
687,383,133,1,37.44,2.89
688,383,65,1,165.64,5.27
689,383,94,1,33.91,2.87
690,383,40,1,97.22,11.51
691,384,154,1,53.6,1.62
692,385,100,1,136.87,8.85
693,386,169,1,69.98,7.51
694,387,189,1,150.51,11.26
695,388,168,1,9.01,1.01
696,388,122,1,69.41,5.83
697,388,108,1,3.52,0.29
698,389,13,1,31.08,1.35
699,390,127,1,82.05,9.37
700,390,95,1,25.87,2.84
701,391,23,1,629.48,24.99
702,391,192,1,82.67,7.56
703,391,149,1,71.93,5.98
704,392,121,1,272.89,23.01
705,392,202,1,130.75,15.66
706,392,86,1,124.98,14.1
707,393,91,1,56.23,6.46
708,394,160,1,19.67,1.24
709,395,27,1,852.23,28.76
710,396,69,2,33.1,3.52
711,396,139,1,488.45,18.65
712,397,232,1,155.86,14.53
713,398,209,1,115.41,6.4
714,398,177,1,81.05,3.42
715,399,104,1,82.65,5.49
716,399,181,1,14.39,0.92
717,400,145,1,366.49,29.51
718,401,29,1,617.47,61.36
719,402,173,1,57.93,6.67
720,403,131,1,203.22,9.27
721,403,59,1,105.0,6.11
722,404,59,1,105.0,6.79
723,404,128,1,13.41,0.83
724,404,168,1,9.01,0.71
725,405,84,1,54.94,5.85
726,405,234,1,17.93,1.36
727,406,209,1,115.41,8.21
728,407,48,1,93.17,8.78
729,407,73,1,85.1,6.35
730,408,128,1,13.41,1.52
731,409,144,1,50.76,5.65
732,409,130,2,76.27,6.82
733,410,109,1,151.47,15.81
734,410,249,1,52.62,3.34
735,411,132,1,74.95,6.29
736,412,121,1,272.89,22.2
737,413,231,1,80.77,9.26
738,413,87,1,391.01,34.72
739,414,143,1,180.32,18.77
740,414,73,1,85.1,5.44
741,415,206,1,760.6,63.9
742,416,24,1,89.79,8.89
743,417,151,1,116.4,10.17
744,418,43,1,137.44,10.76
745,419,49,1,38.8,3.66
746,419,202,3,130.75,12.1
747,419,189,1,150.51,8.37
748,420,196,2,47.98,2.57
749,420,135,1,212.24,20.9
750,421,244,1,84.79,9.0
751,421,156,3,99.5,4.78
752,422,210,1,56.9,2.27
753,422,155,1,18.82,0.95
754,422,147,1,81.1,8.51
755,423,151,1,116.4,9.94
756,423,6,1,251.86,17.49
757,424,190,1,239.32,27.29
758,425,80,1,37.9,2.22
759,426,235,1,75.26,4.57
760,426,83,1,9.7,1.12
761,427,20,3,71.62,7.96
762,428,33,1,30.54,2.31
763,429,169,1,69.98,6.24
764,430,75,1,553.99,58.67
765,430,93,1,25.75,2.17
766,430,97,1,244.48,13.67
767,431,43,1,137.44,5.5
768,431,27,1,852.23,30.56
769,432,104,1,82.65,3.74
770,432,153,1,179.31,20.43
771,433,15,3,114.86,12.77
772,433,9,1,82.19,7.53
773,433,41,1,63.66,1.94
774,434,139,1,488.45,19.91
775,435,125,1,111.51,8.82
776,436,173,1,57.93,5.1
777,437,209,1,115.41,12.92
778,438,230,1,231.23,14.12
779,439,35,1,76.68,5.44
780,440,4,1,95.98,8.38
781,440,144,1,50.76,2.32
782,440,134,1,140.62,16.46
783,440,32,1,17.9,2.15
784,441,248,1,40.02,4.1
785,442,176,1,199.66,21.8
786,443,29,1,617.47,25.47
787,443,39,1,136.95,11.83
788,444,161,1,84.35,6.03
789,444,36,1,55.53,3.93
790,445,40,1,97.22,5.77
791,445,208,1,113.76,7.5
792,446,23,3,629.48,59.25
793,446,235,1,75.26,6.11
794,447,34,1,127.18,13.69
795,447,71,1,179.59,18.19
796,447,206,1,760.6,48.48
797,447,50,1,44.06,2.54
798,448,40,1,97.22,8.62
799,448,83,1,9.7,0.55
800,448,180,1,209.32,21.97
801,448,241,1,40.34,4.02
802,449,48,1,93.17,5.63
803,450,92,1,1151.64,79.3
804,451,58,1,7.39,0.6
805,451,155,1,18.82,0.86
806,451,64,1,191.61,22.71
807,452,3,1,51.08,3.38
808,452,104,1,82.65,8.3
809,453,167,1,139.5,8.16
810,454,96,1,826.6,48.32
811,454,77,1,170.84,19.47
812,454,4,1,95.98,8.17
813,454,36,1,55.53,5.34
814,455,174,2,8.1,0.31
815,455,36,1,55.53,1.71
816,456,197,1,235.87,13.73
817,457,36,1,55.53,3.2
818,458,174,2,8.1,0.9
819,458,67,1,53.0,3.72
820,458,38,1,147.17,8.9
821,459,101,3,8.28,0.37
822,459,54,2,387.71,42.36
823,460,200,2,16.92,1.13
824,461,23,1,629.48,74.59
825,461,121,1,272.89,25.13
826,462,127,1,82.05,9.44
827,463,226,2,134.28,5.67
828,464,144,1,50.76,5.03
829,465,167,1,139.5,11.37
830,466,75,1,553.99,44.88
831,467,109,1,151.47,5.48
832,467,98,1,25.53,1.08
833,467,60,1,85.87,4.9
834,467,3,1,51.08,3.34
835,468,94,1,33.91,1.91
836,469,234,1,17.93,2.13
837,469,216,1,194.01,14.46
838,469,120,1,44.88,3.86
839,469,33,1,30.54,2.54
840,470,20,1,71.62,5.46
841,470,151,1,116.4,13.78
842,471,132,1,74.95,8.36
843,472,101,1,8.28,0.58
844,472,180,1,209.32,14.44
845,472,122,1,69.41,2.34
846,473,159,1,124.76,9.93
847,473,81,2,44.98,1.88
848,473,161,1,84.35,9.96
849,474,58,2,7.39,0.42
850,474,21,1,285.75,13.71
851,474,18,1,17.37,1.26
852,474,155,1,18.82,1.22
853,475,63,1,555.18,34.98
854,475,115,1,27.12,2.06
855,476,97,1,244.48,14.86
856,477,15,1,114.86,6.15
857,478,189,1,150.51,8.13
858,479,232,1,155.86,17.49
859,479,75,1,553.99,59.57
860,479,32,3,17.9,1.98
861,480,143,1,180.32,9.35
862,481,120,1,44.88,4.58
863,482,114,1,164.19,5.12
864,482,250,1,583.02,59.83
865,482,245,1,178.52,19.34
866,483,15,1,114.86,9.92
867,483,36,1,55.53,6.02
868,483,197,3,235.87,16.86
869,484,165,1,6.2,0.25
870,484,197,1,235.87,22.02
871,484,204,1,103.62,4.97
872,485,217,1,36.43,3.45
873,485,117,1,45.11,1.73
874,485,77,1,170.84,11.78
875,485,36,1,55.53,5.09
876,486,67,1,53.0,4.57
877,487,98,1,25.53,2.39
878,488,50,1,44.06,2.06
879,488,176,1,199.66,6.1
880,488,86,1,124.98,5.73
881,488,65,1,165.64,7.92
882,489,137,1,112.97,10.51
883,489,51,1,71.14,6.63
884,489,215,1,237.45,8.74
885,489,185,2,647.11,30.31
886,490,6,1,251.86,21.96
887,491,86,1,124.98,10.95
888,491,227,1,49.54,2.46
889,491,71,1,179.59,9.44
890,491,130,1,76.27,4.65
891,492,135,3,212.24,11.17
892,493,196,1,47.98,1.71
893,494,21,1,285.75,10.63
894,494,23,2,629.48,62.19
895,494,101,1,8.28,0.78
896,495,104,1,82.65,8.22
897,495,73,1,85.1,9.56
898,496,183,1,101.22,5.43
899,497,187,1,95.65,9.85
900,497,211,1,22.6,1.43
901,497,112,1,335.91,19.15
902,498,236,1,326.99,39.21
903,499,235,2,75.26,6.94
904,499,118,1,13.3,0.89
905,500,41,1,63.66,6.89
906,500,228,2,95.03,6.82
907,501,144,1,50.76,5.86
908,501,119,1,69.61,7.56
909,502,146,1,98.43,6.49
910,502,187,1,95.65,2.99
911,502,234,1,17.93,1.81
912,502,142,1,230.98,20.69
913,503,149,1,71.93,2.77
914,503,234,1,17.93,1.17
915,503,238,1,115.34,5.02
916,503,48,1,93.17,5.62
917,504,8,1,6.03,0.63
918,505,32,1,17.9,1.32
919,506,180,1,209.32,15.46
920,507,185,3,647.11,74.91
921,507,225,1,59.74,5.59
922,507,205,1,172.47,14.61
923,508,227,1,49.54,3.34
924,509,17,1,29.84,1.8
925,509,26,1,16.21,0.94
926,510,127,1,82.05,6.37
927,511,129,1,858.28,69.42
928,512,151,1,116.4,7.86
929,513,248,1,40.02,3.48
930,514,102,1,683.61,41.47
931,514,46,1,645.92,65.52
932,515,72,1,112.92,9.2
933,516,19,1,11.93,0.61
934,517,115,1,27.12,2.99
935,518,31,1,34.65,2.98
936,519,162,1,6.54,0.73
937,520,53,1,270.94,17.63
938,521,105,1,262.49,27.9
939,522,24,1,89.79,2.72
940,523,109,1,151.47,12.2
941,524,176,1,199.66,16.86
942,525,180,1,209.32,8.55
943,525,115,1,27.12,2.6
944,526,66,1,27.73,1.54
945,527,113,1,29.13,1.56
946,527,161,1,84.35,3.62
947,528,22,1,412.18,29.61
948,528,80,1,37.9,4.24
949,528,99,1,14.4,0.62
950,528,5,1,88.33,7.63
951,529,210,2,56.9,6.5
952,530,49,1,38.8,2.16
953,531,230,1,231.23,8.03
954,531,15,1,114.86,6.82
955,531,84,1,54.94,4.01
956,531,203,1,67.83,2.9
957,532,250,1,583.02,50.49
958,532,107,1,87.92,7.75
959,533,16,1,90.17,7.93
960,533,158,1,19.01,1.12
961,534,36,1,55.53,5.28
962,535,176,1,199.66,8.5
963,536,44,1,39.31,3.85
964,536,90,1,11.62,1.37
965,536,234,1,17.93,1.08
966,537,196,3,47.98,3.17
967,538,82,1,53.33,4.93
968,538,77,1,170.84,13.55
969,539,107,1,87.92,3.55
970,539,207,1,51.95,5.82
971,539,244,1,84.79,4.53
972,539,217,1,36.43,1.88
973,540,158,1,19.01,1.67
974,540,191,1,39.7,3.68
975,541,78,1,180.73,20.87
976,542,153,1,179.31,10.59
977,542,15,1,114.86,11.26
978,543,206,1,760.6,56.51
979,544,235,1,75.26,2.53
980,545,147,1,81.1,6.02
981,545,94,1,33.91,2.08
982,545,156,1,99.5,3.71
983,545,93,1,25.75,2.82
984,546,45,1,30.04,1.31
985,547,186,1,66.12,4.21
986,548,222,3,22.72,1.37
987,549,206,2,760.6,67.34
988,550,148,2,101.97,9.22
989,551,220,1,669.86,31.24
990,552,109,1,151.47,14.9
991,553,15,1,114.86,11.9
992,554,227,1,49.54,2.51
993,555,187,1,95.65,3.07
994,555,59,1,105.0,3.27
995,556,199,1,5.9,0.68
996,557,144,1,50.76,4.27
997,558,220,1,669.86,56.07
998,558,154,1,53.6,5.44
999,559,75,1,553.99,21.97
1000,560,217,1,36.43,3.9
1001,560,13,1,31.08,3.58
1002,561,2,2,120.72,11.54
1003,562,72,1,112.92,5.58
1004,563,130,1,76.27,4.21
1005,564,135,1,212.24,12.14
1006,565,130,1,76.27,7.4
1007,566,44,1,39.31,1.8
1008,567,88,1,2.59,0.28
1009,568,219,1,66.09,2.12
1010,569,77,1,170.84,6.13
1011,570,77,3,170.84,11.77
1012,570,75,1,553.99,39.84
1013,570,230,1,231.23,10.58
1014,570,98,1,25.53,0.8
1015,571,93,2,25.75,2.42
1016,571,48,2,93.17,8.82
1017,572,176,1,199.66,10.88
1018,573,96,1,826.6,76.11
1019,573,71,1,179.59,18.49
1020,574,99,1,14.4,1.16
1021,575,246,1,30.72,3.27
1022,576,144,1,50.76,1.93
1023,577,181,1,14.39,0.92
1024,577,122,1,69.41,7.72
1025,578,60,1,85.87,7.52
1026,579,174,1,8.1,0.54
1027,580,230,1,231.23,23.88
1028,581,30,1,58.74,3.67
1029,582,75,1,553.99,62.73
1030,582,180,1,209.32,18.44
1031,582,23,1,629.48,44.42
1032,583,86,1,124.98,9.44
1033,583,235,1,75.26,8.08
1034,584,125,1,111.51,11.7
1035,584,245,1,178.52,7.92
1036,585,214,1,211.86,13.91
1037,585,117,1,45.11,4.7
1038,586,21,1,285.75,9.65
1039,586,158,1,19.01,0.75
1040,587,66,1,27.73,2.6
1041,587,188,1,15.44,0.93
1042,588,233,3,339.7,35.76
1043,589,235,1,75.26,5.8
1044,590,2,1,120.72,11.77
1045,590,221,1,80.15,7.37
1046,591,116,1,53.02,3.76
1047,592,224,1,6.63,0.68
1048,593,45,1,30.04,2.94
1049,593,161,1,84.35,4.83
1050,594,143,1,180.32,5.67
1051,594,158,1,19.01,1.08
1052,594,17,1,29.84,1.45
1053,594,38,1,147.17,15.38
1054,595,161,1,84.35,9.75
1055,595,32,1,17.9,1.22
1056,596,26,3,16.21,1.36
1057,597,135,1,212.24,10.35
1058,598,131,1,203.22,16.95
1059,599,105,1,262.49,16.18
1060,600,28,1,164.02,16.28
1061,601,113,3,29.13,1.87
1062,601,180,1,209.32,24.42
1063,601,250,1,583.02,57.32
1064,602,133,1,37.44,1.4
1065,603,55,1,167.62,10.76
1066,603,181,1,14.39,0.87
1067,604,120,1,44.88,2.6
1068,605,120,1,44.88,3.83
1069,605,70,1,41.53,1.6
1070,606,68,1,38.67,2.71
1071,606,59,1,105.0,7.89
1072,607,3,1,51.08,5.22
1073,607,116,1,53.02,4.15
1074,608,60,1,85.87,7.97
1075,609,214,1,211.86,22.63
1076,609,116,1,53.02,1.78
1077,610,81,1,44.98,1.98
1078,610,61,2,30.27,3.19
1079,610,131,2,203.22,9.74
1080,610,43,1,137.44,10.14
1081,611,230,2,231.23,23.73
1082,611,88,1,2.59,0.29
1083,611,40,1,97.22,9.68
1084,612,230,1,231.23,11.59
1085,613,189,1,150.51,14.18
1086,614,31,1,34.65,1.55
1087,614,136,1,763.13,31.96
1088,614,59,1,105.0,12.4
1089,615,222,1,22.72,1.43
1090,616,33,1,30.54,1.93
1091,617,215,1,237.45,17.25
1092,618,10,1,26.93,1.02
1093,618,210,1,56.9,6.2
1094,619,22,1,412.18,46.47
1095,620,242,1,135.54,6.04
1096,621,192,1,82.67,7.39
1097,622,143,1,180.32,6.49
1098,623,178,1,1065.13,43.06
1099,624,241,3,40.34,1.69
1100,625,16,1,90.17,6.85
1101,626,26,1,16.21,1.26
1102,626,191,1,39.7,2.27
1103,627,129,2,858.28,87.64
1104,628,97,1,244.48,12.05
1105,629,100,2,136.87,10.78
1106,629,40,2,97.22,9.95
1107,629,204,1,103.62,4.47
1108,629,95,2,25.87,1.07
1109,630,97,1,244.48,17.85
1110,631,88,1,2.59,0.14
1111,631,105,1,262.49,25.67
1112,631,60,1,85.87,9.07
1113,631,159,1,124.76,7.8
1114,632,195,1,45.11,4.41
1115,633,189,1,150.51,7.12
1116,634,120,1,44.88,3.8
1117,635,151,1,116.4,13.44
1118,636,87,1,391.01,17.27
1119,636,65,1,165.64,13.9
1120,637,55,1,167.62,11.56
1121,638,17,1,29.84,2.79
1122,639,71,1,179.59,11.36
1123,639,122,1,69.41,4.54
1124,640,250,1,583.02,61.37
1125,640,42,1,145.78,12.32
1126,640,12,1,94.84,10.69
1127,641,25,1,28.3,1.83
1128,642,210,1,56.9,4.58
1129,643,133,1,37.44,3.35
1130,643,10,1,26.93,2.2
1131,643,109,1,151.47,10.94
1132,644,73,3,85.1,6.51
1133,645,1,1,826.88,94.33
1134,645,225,1,59.74,6.5
1135,646,78,1,180.73,20.18
1136,647,127,1,82.05,8.56
1137,647,189,1,150.51,11.53
1138,647,159,1,124.76,8.36
1139,648,51,1,71.14,7.05
1140,648,15,1,114.86,12.65
1141,649,213,1,31.81,2.92
1142,650,80,1,37.9,1.83
1143,651,248,1,40.02,3.81
1144,651,113,1,29.13,3.17
1145,651,200,1,16.92,1.48
1146,651,183,1,101.22,4.91
1147,652,215,1,237.45,24.42
1148,652,4,1,95.98,6.12
1149,653,190,1,239.32,13.01
1150,654,121,1,272.89,16.57
1151,655,177,1,81.05,9.48
1152,656,210,1,56.9,2.67
1153,657,195,3,45.11,3.72
1154,658,133,1,37.44,2.02
1155,659,102,1,683.61,27.16
1156,660,72,1,112.92,5.23
1157,661,245,1,178.52,9.81
1158,662,63,1,555.18,62.91
1159,662,105,3,262.49,24.1
1160,663,69,1,33.1,1.02
1161,663,197,1,235.87,14.24
1162,663,24,1,89.79,7.74
1163,664,189,1,150.51,7.5
1164,665,86,1,124.98,7.73
1165,665,105,1,262.49,13.46
1166,666,225,1,59.74,2.72
1167,667,98,1,25.53,2.18
1168,667,189,1,150.51,17.44
1169,668,112,1,335.91,13.84
1170,669,166,1,30.99,2.21
1171,669,61,1,30.27,1.36
1172,669,156,1,99.5,4.54
1173,670,196,1,47.98,4.34
1174,670,138,1,45.06,3.12
1175,670,27,1,852.23,91.6
1176,670,98,1,25.53,2.72
1177,671,168,1,9.01,0.6
1178,671,242,1,135.54,9.48
1179,672,250,1,583.02,18.7
1180,672,75,1,553.99,54.76
1181,673,2,1,120.72,12.2
1182,673,232,1,155.86,12.03
1183,674,175,1,16.15,1.05
1184,675,138,3,45.06,4.2
1185,676,82,1,53.33,2.59
1186,677,20,1,71.62,6.76
1187,678,109,1,151.47,17.64
1188,678,189,1,150.51,13.81
1189,678,125,1,111.51,9.0
1190,679,27,1,852.23,86.94
1191,680,202,1,130.75,8.15
1192,680,124,1,434.69,13.84
1193,680,179,2,246.47,17.07
1194,681,7,1,136.48,7.23
1195,682,125,1,111.51,4.93
1196,682,126,1,25.06,1.25
1197,682,239,1,762.58,63.06
1198,683,230,1,231.23,27.31
1199,684,30,1,58.74,6.6
1200,684,22,1,412.18,15.79
1201,684,209,1,115.41,10.68
1202,685,68,1,38.67,2.99
1203,685,205,1,172.47,9.13
1204,686,105,1,262.49,28.45
1205,687,170,1,527.03,40.5
1206,687,191,1,39.7,2.02
1207,687,209,1,115.41,4.42
1208,688,59,1,105.0,7.59
1209,689,203,1,67.83,6.97
1210,690,9,1,82.19,4.46
1211,691,139,1,488.45,38.98
1212,692,28,1,164.02,18.68
1213,692,189,1,150.51,7.84
1214,693,14,1,94.71,9.77
1215,693,39,3,136.95,10.28
1216,693,28,1,164.02,18.13
1217,694,88,1,2.59,0.11
1218,695,158,1,19.01,1.36
1219,696,16,3,90.17,7.9
1220,696,6,1,251.86,24.66
1221,697,97,1,244.48,13.65
1222,698,232,1,155.86,12.27
1223,698,108,1,3.52,0.23
1224,698,191,3,39.7,3.07
1225,699,221,1,80.15,6.57
1226,700,77,1,170.84,19.53
1227,700,22,1,412.18,18.56
1228,700,235,1,75.26,8.07
1229,701,223,1,155.25,13.04
1230,701,237,1,10.34,0.65
1231,702,89,1,179.88,11.48
1232,703,183,1,101.22,9.87
1233,703,159,1,124.76,6.16
1234,704,141,1,483.07,48.86
1235,704,105,1,262.49,25.57
1236,705,139,1,488.45,20.91
1237,705,126,1,25.06,2.78
1238,705,37,3,136.42,15.19
1239,706,79,1,47.16,3.39
1240,707,43,1,137.44,9.27
1241,707,202,1,130.75,4.53
1242,707,31,1,34.65,3.99
1243,708,210,1,56.9,1.98
1244,708,183,1,101.22,7.27
1245,708,217,1,36.43,2.36
1246,708,153,1,179.31,15.92
1247,709,242,2,135.54,14.08
1248,710,198,1,52.95,3.27
1249,710,64,1,191.61,9.08
1250,711,248,1,40.02,1.73
1251,711,145,1,366.49,34.45
1252,712,10,1,26.93,2.34
1253,713,3,1,51.08,5.2
1254,713,113,1,29.13,2.08
1255,714,81,1,44.98,4.59
1256,714,104,1,82.65,6.84
1257,715,160,1,19.67,1.94
1258,715,126,1,25.06,0.83
1259,716,53,1,270.94,32.48
1260,716,25,1,28.3,1.24
1261,717,14,1,94.71,9.0
1262,718,41,1,63.66,6.28
1263,719,124,1,434.69,21.66
1264,719,185,1,647.11,21.98
1265,720,228,1,95.03,7.72
1266,720,65,1,165.64,11.19
1267,720,43,1,137.44,14.34
1268,721,6,1,251.86,30.01
1269,721,28,1,164.02,8.03
1270,722,33,1,30.54,2.92
1271,723,99,1,14.4,1.63
1272,724,102,1,683.61,58.46
1273,724,94,1,33.91,4.01
1274,724,9,1,82.19,8.76
1275,725,179,1,246.47,19.55
1276,725,98,1,25.53,2.84
1277,725,6,1,251.86,24.38
1278,725,10,1,26.93,2.34
1279,726,223,1,155.25,14.2
1280,727,30,2,58.74,4.06
1281,728,52,1,30.53,3.59
1282,728,217,1,36.43,4.34
1283,728,62,2,19.26,0.67
1284,729,69,1,33.1,2.65
1285,729,122,1,69.41,7.36
1286,730,45,1,30.04,3.4
1287,731,53,1,270.94,26.23
1288,731,26,1,16.21,1.1
1289,732,53,1,270.94,23.32
1290,733,10,1,26.93,1.86
1291,734,18,2,17.37,2.05
1292,734,98,1,25.53,1.53
1293,734,57,1,185.85,11.77
1294,734,115,1,27.12,1.57
1295,735,46,1,645.92,31.82
1296,736,192,1,82.67,7.02
1297,736,75,1,553.99,24.84
1298,737,102,1,683.61,73.0
1299,738,232,1,155.86,12.26
1300,738,174,1,8.1,0.6
1301,739,206,1,760.6,22.96
1302,740,199,1,5.9,0.54
1303,741,106,1,27.76,2.26
1304,741,193,1,286.41,9.63
1305,742,168,2,9.01,0.3
1306,742,100,1,136.87,11.29
1307,743,209,1,115.41,11.66
1308,743,139,2,488.45,54.09
1309,744,1,1,826.88,68.96
1310,745,43,1,137.44,7.64
1311,745,100,1,136.87,4.91
1312,745,91,1,56.23,4.75
1313,746,230,1,231.23,17.27
1314,746,154,2,53.6,2.69
1315,746,205,1,172.47,9.58
1316,747,40,1,97.22,7.05
1317,748,124,1,434.69,25.03
1318,748,215,1,237.45,21.09
1319,749,40,1,97.22,8.75
1320,750,212,1,619.34,27.23
1321,751,150,1,43.62,4.74
1322,751,126,1,25.06,1.08
1323,752,32,1,17.9,0.66
1324,752,219,1,66.09,6.56
1325,753,169,1,69.98,3.61
1326,754,56,1,38.8,3.5
1327,754,103,1,1102.59,99.73
1328,755,135,1,212.24,10.37
1329,755,39,3,136.95,9.94
1330,756,156,1,99.5,6.48
1331,756,49,1,38.8,2.37
1332,756,180,1,209.32,7.2
1333,756,247,1,31.51,3.33
1334,757,221,3,80.15,5.75
1335,757,48,1,93.17,10.9
1336,758,72,1,112.92,11.68
1337,759,76,1,52.37,6.09
1338,759,100,1,136.87,13.36
1339,759,161,1,84.35,9.12
1340,760,109,2,151.47,5.81
1341,761,158,1,19.01,2.08
1342,761,14,1,94.71,4.89
1343,762,46,1,645.92,29.87
1344,762,243,1,83.89,2.81
1345,763,157,1,234.71,22.07
1346,764,92,1,1151.64,45.39
1347,765,102,1,683.61,29.6
1348,765,59,1,105.0,9.58
1349,766,237,2,10.34,0.67
1350,766,212,1,619.34,48.05
1351,767,23,1,629.48,62.49
1352,767,61,1,30.27,2.9
1353,768,28,1,164.02,12.87
1354,768,183,1,101.22,9.92
1355,768,30,1,58.74,2.0
1356,768,88,1,2.59,0.16
1357,769,44,1,39.31,4.47
1358,770,29,1,617.47,69.82
1359,771,176,1,199.66,11.39
1360,771,169,2,69.98,6.21
1361,771,131,1,203.22,6.8
1362,772,158,1,19.01,1.02
1363,772,43,1,137.44,10.69
1364,772,17,1,29.84,1.0
1365,773,36,1,55.53,1.68
1366,774,135,1,212.24,21.92
1367,775,242,1,135.54,14.66
1368,775,231,1,80.77,7.75
1369,775,199,1,5.9,0.58
1370,776,189,1,150.51,17.91
1371,777,102,1,683.61,68.48
1372,778,108,1,3.52,0.21
1373,779,139,1,488.45,15.28
1374,779,75,1,553.99,38.03
1375,779,123,1,10.31,0.61
1376,780,177,1,81.05,3.38
1377,781,59,1,105.0,5.91
1378,782,84,3,54.94,6.13
1379,783,224,1,6.63,0.66
1380,784,77,1,170.84,6.18
1381,784,135,1,212.24,25.14
1382,784,95,1,25.87,2.81
1383,784,93,1,25.75,2.75
1384,785,98,1,25.53,2.56
1385,786,98,1,25.53,2.52
1386,786,125,3,111.51,6.73
1387,787,89,1,179.88,7.37
1388,787,98,1,25.53,2.3
1389,788,159,1,124.76,7.71
1390,789,24,1,89.79,8.56
1391,790,19,1,11.93,0.53
1392,790,153,1,179.31,10.9
1393,790,166,1,30.99,2.39
1394,791,64,1,191.61,11.81
1395,792,111,1,97.83,3.85
1396,792,138,1,45.06,3.43
1397,793,40,1,97.22,8.35
1398,794,178,1,1065.13,53.69
1399,794,155,1,18.82,1.68
1400,794,135,1,212.24,23.8
1401,795,67,1,53.0,3.44
1402,796,211,1,22.6,1.6
1403,797,15,1,114.86,13.1
1404,798,18,1,17.37,1.83
1405,798,14,2,94.71,11.11
1406,799,121,1,272.89,28.89
1407,799,58,1,7.39,0.62
1408,799,94,1,33.91,2.73
1409,800,145,1,366.49,29.25
1410,801,39,1,136.95,14.1
1411,801,51,1,71.14,7.17
1412,801,30,1,58.74,5.14
1413,802,53,1,270.94,9.08
1414,802,248,1,40.02,1.58
1415,803,26,1,16.21,1.94
1416,803,188,1,15.44,0.85
1417,804,15,1,114.86,4.22
1418,805,194,1,41.9,1.36
1419,805,15,1,114.86,6.39
1420,805,125,1,111.51,5.2
1421,806,51,1,71.14,5.97
1422,807,135,1,212.24,21.04
1423,807,182,1,19.48,1.14
1424,807,235,1,75.26,3.1
1425,808,23,1,629.48,21.66
1426,809,198,1,52.95,5.46
1427,809,161,1,84.35,6.7
1428,810,102,1,683.61,76.27
1429,811,140,1,11.94,0.69
1430,811,148,1,101.97,11.12
1431,811,205,1,172.47,6.62
1432,812,151,1,116.4,4.21
1433,813,124,1,434.69,47.91
1434,813,244,1,84.79,2.87
1435,814,64,1,191.61,10.31
1436,814,88,1,2.59,0.22
1437,815,224,1,6.63,0.3
1438,815,26,1,16.21,1.43
1439,816,41,1,63.66,4.6
1440,816,246,1,30.72,2.94
1441,816,87,1,391.01,16.19
1442,816,46,1,645.92,62.27
1443,817,235,1,75.26,8.96
1444,818,238,1,115.34,11.71
1445,818,108,1,3.52,0.35
1446,819,129,1,858.28,58.94
1447,820,135,1,212.24,11.96
1448,821,100,1,136.87,7.42
1449,821,16,3,90.17,7.71
1450,821,133,1,37.44,4.12
1451,822,120,1,44.88,3.36
1452,823,63,1,555.18,53.97
1453,824,100,1,136.87,11.25
1454,825,215,1,237.45,7.98
1455,826,197,1,235.87,8.61
1456,826,139,1,488.45,32.01
1457,826,161,1,84.35,9.86
1458,827,234,1,17.93,0.54
1459,828,94,1,33.91,1.34
1460,828,3,1,51.08,2.48
1461,829,67,1,53.0,5.73
1462,830,199,1,5.9,0.45
1463,830,165,1,6.2,0.34
1464,831,43,1,137.44,5.93
1465,831,146,1,98.43,6.4
1466,832,244,1,84.79,6.27
1467,833,220,1,669.86,46.22
1468,833,235,1,75.26,3.33
1469,833,27,1,852.23,85.5
1470,833,217,1,36.43,3.83
1471,834,230,1,231.23,15.54
1472,835,194,1,41.9,1.92
1473,836,233,3,339.7,28.12
1474,836,36,1,55.53,3.4
1475,836,10,1,26.93,2.37
1476,837,219,1,66.09,7.71
1477,838,75,1,553.99,61.73
1478,839,186,1,66.12,4.27
1479,839,134,1,140.62,16.7
1480,840,75,1,553.99,29.97
1481,841,130,3,76.27,8.21
1482,842,230,1,231.23,8.25
1483,843,138,1,45.06,2.37
1484,844,121,1,272.89,22.29
1485,845,24,1,89.79,10.59
1486,845,63,1,555.18,16.82
1487,845,245,1,178.52,20.76
1488,845,169,1,69.98,4.16
1489,846,189,1,150.51,9.14
1490,847,245,1,178.52,10.28
1491,848,209,1,115.41,10.69
1492,848,6,2,251.86,13.72
1493,849,135,1,212.24,17.14
1494,849,45,1,30.04,1.16
1495,850,85,1,106.96,3.65
1496,851,137,1,112.97,6.78
1497,852,109,1,151.47,5.58
1498,853,122,1,69.41,4.65
1499,854,112,1,335.91,40.19
1500,855,130,1,76.27,3.22
1501,856,179,1,246.47,9.54
1502,856,197,1,235.87,12.52
1503,856,67,1,53.0,5.97
1504,857,232,1,155.86,17.16
1505,857,77,1,170.84,18.86
1506,857,18,3,17.37,0.67
1507,858,205,1,172.47,17.68
1508,859,24,1,89.79,3.05
1509,859,72,1,112.92,10.39
1510,860,50,1,44.06,4.48
1511,861,48,1,93.17,7.68
1512,862,217,1,36.43,3.38
1513,863,72,1,112.92,5.06
1514,864,157,1,234.71,7.49
1515,865,94,1,33.91,3.27
1516,866,121,1,272.89,11.44
1517,867,14,1,94.71,3.99
1518,867,235,1,75.26,3.06
1519,867,30,1,58.74,6.58
1520,868,247,1,31.51,2.9
1521,869,34,1,127.18,3.9
1522,869,225,1,59.74,3.81
1523,870,135,1,212.24,7.99
1524,871,227,1,49.54,1.97
1525,871,88,1,2.59,0.13
1526,872,220,1,669.86,53.56
1527,872,55,1,167.62,15.24
1528,873,24,1,89.79,9.39
1529,874,231,1,80.77,3.67
1530,874,80,1,37.9,3.99
1531,875,12,1,94.84,4.67
1532,875,43,2,137.44,13.2
1533,876,58,1,7.39,0.42
1534,877,161,1,84.35,3.41
1535,878,142,1,230.98,21.49
1536,878,53,1,270.94,31.28
1537,879,158,1,19.01,1.25
1538,879,183,1,101.22,8.95
1539,879,2,1,120.72,11.36
1540,880,41,2,63.66,5.0
1541,880,203,1,67.83,3.45
1542,881,217,1,36.43,2.88
1543,882,132,2,74.95,4.54
1544,883,97,1,244.48,19.41
1545,883,65,1,165.64,17.31
1546,884,83,1,9.7,0.99
1547,884,235,1,75.26,3.75
1548,884,154,1,53.6,4.68
1549,885,66,1,27.73,1.89
1550,886,167,1,139.5,6.25
1551,887,119,1,69.61,6.88
1552,888,47,1,18.06,0.59
1553,888,87,1,391.01,23.08
1554,889,2,1,120.72,4.52
1555,889,59,1,105.0,4.95
1556,890,68,1,38.67,3.41
1557,891,105,1,262.49,24.87
1558,892,218,1,62.27,2.51
1559,893,216,1,194.01,18.96
1560,893,139,1,488.45,26.12
1561,893,27,1,852.23,32.09
1562,893,49,2,38.8,4.0
1563,894,196,1,47.98,2.68
1564,895,157,1,234.71,24.45
1565,896,214,1,211.86,13.59
1566,897,243,2,83.89,2.85
1567,897,12,1,94.84,3.26
1568,897,235,1,75.26,6.74
1569,897,250,1,583.02,63.97
1570,898,31,3,34.65,2.17
1571,899,61,1,30.27,1.94
1572,900,31,1,34.65,2.64
1573,900,234,1,17.93,2.14
1574,901,144,1,50.76,5.28
1575,902,203,2,67.83,6.4
1576,903,67,1,53.0,2.74
1577,903,158,1,19.01,1.6
1578,904,192,3,82.67,8.33
1579,905,16,1,90.17,3.23
1580,906,58,1,7.39,0.39
1581,906,72,1,112.92,8.76
1582,907,128,1,13.41,1.16
1583,907,206,1,760.6,40.52
1584,907,248,1,40.02,4.29
1585,907,87,1,391.01,17.97
1586,908,14,1,94.71,4.49
1587,908,217,1,36.43,3.45
1588,909,62,1,19.26,1.04
1589,909,51,1,71.14,3.13
1590,910,77,1,170.84,9.66
1591,911,217,1,36.43,3.21
1592,912,74,1,35.45,1.57
1593,913,186,1,66.12,6.28
1594,914,15,1,114.86,6.65
1595,914,220,1,669.86,67.02
1596,915,111,1,97.83,11.26
1597,916,120,1,44.88,4.41
1598,917,139,1,488.45,49.32
1599,918,234,1,17.93,1.64
1600,919,49,2,38.8,2.48
1601,920,98,1,25.53,2.09
1602,921,59,1,105.0,10.06
1603,921,47,1,18.06,1.14
1604,922,165,2,6.2,0.65
1605,923,75,1,553.99,58.09
1606,924,20,1,71.62,4.02
1607,924,23,2,629.48,55.09
1608,924,120,1,44.88,5.36
1609,924,205,1,172.47,9.7
1610,925,127,1,82.05,3.9
1611,926,47,1,18.06,1.73
1612,926,230,1,231.23,23.72
1613,927,196,1,47.98,4.03
1614,927,232,1,155.86,12.06
1615,928,186,3,66.12,2.27
1616,929,11,1,685.7,59.5
1617,930,227,1,49.54,4.36
1618,931,235,1,75.26,7.16
1619,932,16,1,90.17,8.86
1620,933,102,1,683.61,79.62
1621,933,28,1,164.02,17.59
1622,934,29,2,617.47,69.18
1623,934,32,1,17.9,0.87
1624,934,206,1,760.6,24.64
1625,935,66,1,27.73,2.78
1626,936,59,1,105.0,11.88
1627,936,77,2,170.84,8.88
1628,936,120,1,44.88,2.87
1629,937,46,2,645.92,35.87
1630,938,196,1,47.98,5.36
1631,938,176,1,199.66,22.46
1632,939,166,1,30.99,2.63
1633,940,24,1,89.79,7.57
1634,941,169,1,69.98,3.91
1635,942,125,1,111.51,8.66
1636,943,98,1,25.53,2.5
1637,943,241,1,40.34,2.69
1638,944,72,1,112.92,9.51
1639,944,217,1,36.43,1.58
1640,945,158,1,19.01,1.29
1641,946,22,1,412.18,31.64
1642,946,28,1,164.02,10.93
1643,947,85,1,106.96,10.7
1644,948,158,1,19.01,1.32
1645,949,92,1,1151.64,44.5
1646,949,147,1,81.1,7.88
1647,950,131,1,203.22,23.36
1648,950,169,1,69.98,7.61
1649,950,166,1,30.99,1.08
1650,951,132,1,74.95,8.22
1651,952,20,1,71.62,6.56
1652,953,183,1,101.22,10.03
1653,953,169,1,69.98,3.7
1654,953,77,1,170.84,10.36
1655,954,142,1,230.98,10.74
1656,955,119,1,69.61,4.75
1657,955,118,1,13.3,1.07
1658,956,36,1,55.53,5.82
1659,956,5,1,88.33,4.96
1660,956,105,1,262.49,30.63
1661,957,62,1,19.26,1.95
1662,957,76,1,52.37,6.21
1663,958,34,1,127.18,9.27
1664,958,222,1,22.72,2.05
1665,958,105,1,262.49,20.87
1666,959,64,1,191.61,9.4
1667,960,104,1,82.65,3.24
1668,960,151,3,116.4,7.37
1669,961,41,1,63.66,4.82
1670,962,125,1,111.51,6.21
1671,963,36,1,55.53,4.58
1672,963,79,1,47.16,2.12
1673,963,179,1,246.47,24.17
1674,964,13,1,31.08,3.08
1675,964,187,1,95.65,7.8
1676,964,19,1,11.93,0.76
1677,965,245,1,178.52,15.07
1678,966,67,1,53.0,5.83
1679,967,36,1,55.53,3.59
1680,968,122,1,69.41,5.61
1681,969,25,1,28.3,2.43
1682,970,162,1,6.54,0.26
1683,970,90,1,11.62,1.23
1684,971,31,1,34.65,3.46
1685,972,250,1,583.02,38.89
1686,973,54,1,387.71,25.52
1687,973,232,1,155.86,6.33
1688,974,149,1,71.93,5.02
1689,974,54,1,387.71,37.78
1690,975,83,1,9.7,0.49
1691,976,214,1,211.86,19.13
1692,976,131,1,203.22,17.11
1693,977,168,1,9.01,0.8
1694,977,174,1,8.1,0.65
1695,978,35,1,76.68,8.93
1696,978,209,1,115.41,12.68
1697,979,163,1,20.16,1.39
1698,980,237,1,10.34,1.02
1699,981,225,1,59.74,3.22
1700,982,209,1,115.41,7.39
1701,983,172,1,356.67,28.73
1702,983,169,1,69.98,7.19
1703,983,121,1,272.89,10.6
1704,984,245,1,178.52,10.4
1705,985,128,1,13.41,1.34
1706,986,102,1,683.61,69.5
1707,987,205,1,172.47,19.13
1708,987,134,1,140.62,15.03
1709,988,12,1,94.84,9.27
1710,988,87,2,391.01,11.76
1711,989,160,1,19.67,1.28
1712,990,119,1,69.61,7.31
1713,991,163,1,20.16,0.75
1714,991,141,1,483.07,22.9
1715,992,15,1,114.86,13.22
1716,993,146,1,98.43,5.43
1717,993,125,1,111.51,6.29
1718,993,235,1,75.26,6.37
1719,994,40,1,97.22,6.48
1720,995,159,1,124.76,14.4
1721,996,182,1,19.48,1.86
1722,997,28,1,164.02,18.14
1723,998,142,1,230.98,10.3
1724,998,47,1,18.06,1.7
1725,998,61,1,30.27,2.13
1726,999,104,1,82.65,3.45
1727,999,16,1,90.17,3.82
1728,1000,32,1,17.9,1.74
1729,1000,67,1,53.0,3.94
1730,1001,78,1,180.73,21.39
1731,1002,220,1,669.86,21.47
1732,1002,58,1,7.39,0.84
1733,1003,40,1,97.22,4.65
1734,1003,215,1,237.45,16.82
1735,1004,16,1,90.17,8.51
1736,1005,11,1,685.7,49.4
1737,1005,190,1,239.32,27.15
1738,1005,161,1,84.35,6.05
1739,1006,88,1,2.59,0.22
1740,1006,14,3,94.71,2.85
1741,1007,83,1,9.7,1.15
1742,1008,187,1,95.65,7.81
1743,1008,76,1,52.37,3.2
1744,1009,87,1,391.01,43.1
1745,1010,123,1,10.31,0.35
1746,1011,155,1,18.82,0.8
1747,1012,229,1,16.22,1.12
1748,1013,188,1,15.44,0.75
1749,1013,40,2,97.22,5.11
1750,1014,95,1,25.87,2.94
1751,1015,80,1,37.9,4.26
1752,1015,43,1,137.44,5.05
1753,1016,79,1,47.16,5.21
1754,1016,102,1,683.61,56.75
1755,1017,27,1,852.23,45.59
1756,1018,142,1,230.98,18.28
1757,1018,232,1,155.86,14.98
1758,1018,218,1,62.27,4.62
1759,1019,71,1,179.59,19.39
1760,1020,139,1,488.45,51.94
1761,1020,124,1,434.69,19.97
1762,1020,3,1,51.08,4.67
1763,1020,118,1,13.3,0.78
1764,1021,104,1,82.65,9.62
1765,1022,161,1,84.35,5.59
1766,1023,188,1,15.44,1.44
1767,1024,70,2,41.53,3.18
1768,1025,9,1,82.19,5.25
1769,1025,7,1,136.48,5.86
1770,1026,229,1,16.22,1.41
1771,1027,15,1,114.86,10.46
1772,1027,132,1,74.95,6.7
1773,1027,194,1,41.9,1.31
1774,1028,238,1,115.34,6.21
1775,1028,36,1,55.53,4.51
1776,1029,66,1,27.73,2.46
1777,1030,82,1,53.33,3.17
1778,1031,195,1,45.11,3.62
1779,1031,127,3,82.05,6.41
1780,1032,147,1,81.1,6.88
1781,1033,137,1,112.97,4.68
1782,1033,35,1,76.68,8.64
1783,1033,72,1,112.92,12.03
1784,1033,200,1,16.92,1.72
1785,1034,214,2,211.86,24.95
1786,1035,71,1,179.59,15.87
1787,1035,36,1,55.53,3.16
1788,1035,33,1,30.54,2.58
1789,1036,121,1,272.89,23.65
1790,1036,132,1,74.95,6.61
1791,1036,176,2,199.66,11.09
1792,1036,118,1,13.3,0.94
1793,1037,242,1,135.54,12.05
1794,1037,151,2,116.4,4.45
1795,1037,89,1,179.88,20.35
1796,1037,31,1,34.65,1.77
1797,1038,176,1,199.66,13.01
1798,1039,149,1,71.93,8.2
1799,1040,24,1,89.79,3.21
1800,1040,30,3,58.74,5.08
1801,1041,206,1,760.6,56.53
1802,1042,222,1,22.72,1.72
1803,1043,175,1,16.15,1.23
1804,1044,157,1,234.71,18.28
1805,1044,57,1,185.85,16.98
1806,1045,143,1,180.32,8.43
1807,1046,156,1,99.5,3.45
1808,1047,67,1,53.0,3.41
1809,1048,125,1,111.51,3.73
1810,1049,181,1,14.39,0.66
1811,1050,119,1,69.61,3.23
1812,1050,22,1,412.18,31.79
1813,1050,217,1,36.43,2.6
1814,1050,65,1,165.64,10.84
1815,1051,92,1,1151.64,100.71
1816,1051,18,1,17.37,1.51
1817,1051,80,1,37.9,1.59
1818,1052,67,1,53.0,5.55
1819,1052,230,1,231.23,11.56
1820,1052,75,1,553.99,63.52
1821,1052,195,1,45.11,3.57
1822,1053,136,1,763.13,50.7
1823,1054,89,2,179.88,14.03
1824,1054,231,1,80.77,4.88
1825,1054,158,1,19.01,2.26
1826,1055,12,1,94.84,11.11
1827,1056,203,1,67.83,3.39
1828,1057,146,1,98.43,6.23
1829,1057,36,1,55.53,2.78
1830,1057,121,1,272.89,32.54
1831,1058,154,1,53.6,5.04
1832,1058,213,1,31.81,2.01
1833,1058,84,1,54.94,1.78
1834,1059,221,1,80.15,9.25
1835,1060,250,1,583.02,57.16
1836,1061,230,1,231.23,7.1
1837,1062,191,1,39.7,4.38
1838,1062,146,1,98.43,10.26
1839,1062,248,1,40.02,1.47
1840,1062,62,1,19.26,2.02
1841,1063,86,2,124.98,5.6
1842,1063,42,1,145.78,6.99
1843,1064,228,1,95.03,5.15
1844,1065,22,1,412.18,23.78
1845,1066,160,1,19.67,2.06
1846,1067,40,1,97.22,8.34
1847,1067,10,1,26.93,1.33
1848,1068,200,1,16.92,0.87
1849,1069,21,1,285.75,33.26
1850,1070,220,1,669.86,37.19
1851,1071,48,1,93.17,4.28
1852,1071,132,1,74.95,4.83
1853,1071,29,1,617.47,47.93
1854,1072,237,1,10.34,0.75
1855,1072,214,3,211.86,7.5
1856,1072,211,1,22.6,2.17
1857,1073,133,1,37.44,2.34
1858,1074,215,1,237.45,25.43
1859,1075,52,1,30.53,2.45
1860,1076,185,1,647.11,75.06
1861,1076,120,3,44.88,4.84
1862,1077,197,2,235.87,16.46
1863,1077,27,1,852.23,48.47
1864,1077,28,1,164.02,7.39
1865,1078,157,1,234.71,27.81
1866,1078,87,1,391.01,43.16
1867,1079,182,1,19.48,2.28
1868,1080,81,3,44.98,2.07
1869,1081,63,1,555.18,38.05
1870,1082,65,1,165.64,18.87
1871,1083,134,1,140.62,14.36
1872,1084,146,1,98.43,10.73
1873,1085,250,1,583.02,51.21
1874,1085,41,1,63.66,6.64
1875,1086,66,1,27.73,1.0
1876,1086,202,1,130.75,3.99
1877,1086,48,1,93.17,5.65
1878,1087,4,1,95.98,6.56
1879,1087,130,1,76.27,7.36
1880,1087,100,1,136.87,12.51
1881,1088,245,1,178.52,19.03
1882,1088,198,1,52.95,4.09
1883,1088,248,2,40.02,2.58
1884,1088,223,1,155.25,12.85
1885,1089,73,3,85.1,9.93
1886,1089,147,1,81.1,7.47
1887,1090,120,1,44.88,4.53
1888,1091,183,1,101.22,4.4
1889,1092,83,1,9.7,0.91
1890,1093,129,1,858.28,99.11
1891,1094,212,1,619.34,48.87
1892,1094,56,3,38.8,4.01
1893,1094,169,1,69.98,6.74
1894,1095,246,1,30.72,1.48
1895,1095,219,1,66.09,2.83
1896,1096,129,1,858.28,73.95
1897,1097,161,1,84.35,6.47
1898,1098,154,1,53.6,5.07
1899,1099,102,1,683.61,67.69
1900,1100,161,1,84.35,8.5
1901,1101,49,1,38.8,2.07
1902,1102,247,1,31.51,2.32
1903,1102,206,1,760.6,48.76
1904,1103,197,1,235.87,20.21
1905,1104,50,2,44.06,4.89
1906,1104,169,1,69.98,5.59
1907,1104,174,1,8.1,0.77
1908,1105,152,1,343.16,23.87
1909,1106,196,1,47.98,2.2
1910,1107,103,1,1102.59,111.2
1911,1108,15,1,114.86,13.44
1912,1109,81,1,44.98,2.05
1913,1110,20,1,71.62,8.31
1914,1111,220,1,669.86,24.64
1915,1112,225,1,59.74,3.54
1916,1112,112,1,335.91,21.07
1917,1112,170,1,527.03,61.54
1918,1112,139,1,488.45,49.35
1919,1113,53,1,270.94,31.04
1920,1113,44,1,39.31,2.12
1921,1113,230,1,231.23,9.48
1922,1114,242,1,135.54,6.04
1923,1114,86,2,124.98,8.17
1924,1115,43,1,137.44,7.35
1925,1116,23,1,629.48,59.42
1926,1117,150,1,43.62,4.55
1927,1117,109,1,151.47,16.28
1928,1118,142,1,230.98,16.08
1929,1119,26,1,16.21,1.8
1930,1119,83,1,9.7,0.7
1931,1119,154,1,53.6,4.15
1932,1120,204,1,103.62,7.68
1933,1120,174,1,8.1,0.9
1934,1120,16,1,90.17,5.36
1935,1120,226,1,134.28,11.03
1936,1121,35,1,76.68,3.33
1937,1122,86,1,124.98,8.22
1938,1122,235,1,75.26,7.61
1939,1123,234,1,17.93,1.96
1940,1123,101,1,8.28,0.45
1941,1124,43,2,137.44,10.38
1942,1125,182,1,19.48,1.88
1943,1125,19,1,11.93,1.11
1944,1126,227,1,49.54,2.31
1945,1127,147,1,81.1,3.91
1946,1128,135,1,212.24,18.7
1947,1129,22,1,412.18,16.43
1948,1130,248,1,40.02,3.26
1949,1131,101,1,8.28,0.73
1950,1132,77,1,170.84,9.78
1951,1132,151,1,116.4,8.5
1952,1133,59,1,105.0,8.93
1953,1133,153,1,179.31,8.55
1954,1133,38,1,147.17,4.48
1955,1134,145,1,366.49,33.65
1956,1134,155,1,18.82,1.41
1957,1135,242,1,135.54,4.66
1958,1136,217,1,36.43,1.61
1959,1137,91,1,56.23,5.5
1960,1137,95,1,25.87,1.1
1961,1137,157,3,234.71,9.47
1962,1138,109,1,151.47,9.76
1963,1138,143,1,180.32,7.11
1964,1138,37,1,136.42,15.31
1965,1138,67,1,53.0,1.79
1966,1139,131,1,203.22,19.32
1967,1140,234,1,17.93,0.86
1968,1141,10,1,26.93,2.19
1969,1142,232,1,155.86,4.86
1970,1143,63,1,555.18,21.83
1971,1143,188,1,15.44,1.53
1972,1143,137,1,112.97,6.26
1973,1144,187,2,95.65,8.75
1974,1145,34,1,127.18,10.41
1975,1145,209,1,115.41,6.86
1976,1146,247,1,31.51,1.31
1977,1147,80,1,37.9,4.03
1978,1147,220,1,669.86,80.06
1979,1148,22,1,412.18,42.43
1980,1149,25,1,28.3,2.55
1981,1150,181,1,14.39,1.44
1982,1150,92,1,1151.64,95.02
1983,1151,219,1,66.09,2.69
1984,1152,171,1,100.35,5.96
1985,1152,57,1,185.85,11.71
1986,1152,157,1,234.71,13.53
1987,1153,160,1,19.67,2.26
1988,1154,227,1,49.54,5.9
1989,1155,203,1,67.83,5.78
1990,1155,141,1,483.07,35.33
1991,1156,153,1,179.31,15.05
1992,1156,80,1,37.9,1.35
1993,1156,117,1,45.11,4.27
1994,1157,70,1,41.53,1.33
1995,1158,59,1,105.0,9.29
1996,1159,199,1,5.9,0.68
1997,1160,217,1,36.43,1.82
1998,1160,108,1,3.52,0.33
1999,1160,37,1,136.42,7.6
2000,1161,88,1,2.59,0.16
2001,1161,67,1,53.0,5.91
2002,1162,37,1,136.42,8.62
2003,1163,101,1,8.28,0.52
2004,1163,29,1,617.47,51.32
2005,1164,119,1,69.61,4.75
2006,1164,34,1,127.18,5.79
2007,1165,140,1,11.94,1.26
2008,1166,67,1,53.0,1.8
2009,1167,248,1,40.02,1.34
2010,1168,168,1,9.01,0.35
2011,1168,77,1,170.84,11.25
2012,1169,235,1,75.26,5.13
2013,1170,104,1,82.65,8.52
2014,1171,10,1,26.93,2.24
2015,1172,17,1,29.84,1.06
2016,1173,135,1,212.24,7.18
2017,1173,71,1,179.59,12.71
2018,1174,235,1,75.26,2.8
2019,1174,26,1,16.21,0.56
2020,1174,152,1,343.16,37.17
2021,1175,21,1,285.75,16.29
2022,1176,68,1,38.67,1.84
2023,1176,108,1,3.52,0.11
2024,1177,95,1,25.87,2.01
2025,1178,58,3,7.39,0.69
2026,1179,90,1,11.62,0.47
2027,1179,72,1,112.92,3.44
2028,1179,9,1,82.19,3.94
2029,1179,35,1,76.68,6.93
2030,1180,250,1,583.02,25.71
2031,1180,199,2,5.9,0.61
2032,1181,102,1,683.61,47.38
2033,1181,134,1,140.62,6.1
2034,1181,151,1,116.4,7.19
2035,1181,233,1,339.7,12.15
2036,1182,98,1,25.53,0.84
2037,1182,226,1,134.28,15.87
2038,1183,235,1,75.26,8.79
2039,1183,205,1,172.47,14.9
2040,1184,143,1,180.32,12.66
2041,1185,194,1,41.9,1.4
2042,1185,179,1,246.47,24.01
2043,1185,173,1,57.93,3.11
2044,1186,240,1,694.84,56.05
2045,1187,177,1,81.05,4.73
2046,1188,35,1,76.68,2.59
2047,1189,31,1,34.65,1.97
2048,1190,241,1,40.34,3.13
2049,1191,102,1,683.61,32.73
2050,1192,205,1,172.47,14.53
2051,1193,50,1,44.06,5.11
2052,1194,42,1,145.78,10.74
2053,1195,88,1,2.59,0.26
2054,1196,35,1,76.68,6.38
2055,1197,29,1,617.47,69.2
2056,1198,130,1,76.27,7.17
2057,1198,57,1,185.85,20.81
2058,1199,149,1,71.93,3.55
2059,1199,137,1,112.97,3.91
2060,1200,241,1,40.34,1.59
2061,1200,147,1,81.1,5.43
2062,1201,219,1,66.09,5.72
2063,1201,239,1,762.58,29.4
2064,1202,144,1,50.76,2.6
2065,1203,74,1,35.45,2.7
2066,1204,87,1,391.01,43.43
2067,1205,135,2,212.24,20.33
2068,1206,149,1,71.93,5.45
2069,1206,227,1,49.54,5.12
2070,1207,174,1,8.1,0.89
2071,1207,32,1,17.9,1.03
2072,1208,160,1,19.67,1.51
2073,1209,37,1,136.42,16.03
2074,1210,212,1,619.34,22.02
2075,1210,72,1,112.92,3.65
2076,1210,121,1,272.89,21.45
2077,1211,87,1,391.01,15.03
2078,1211,196,1,47.98,5.08
2079,1211,105,1,262.49,27.77
2080,1211,215,1,237.45,15.25
2081,1212,190,1,239.32,15.86
2082,1212,86,1,124.98,12.35
2083,1212,39,1,136.95,12.34
2084,1213,41,1,63.66,6.59
2085,1213,4,1,95.98,5.22
2086,1214,97,1,244.48,16.65
2087,1214,63,1,555.18,61.82
2088,1214,24,1,89.79,3.91
2089,1215,217,1,36.43,4.14
2090,1216,88,1,2.59,0.14
2091,1217,107,1,87.92,9.8
2092,1218,154,1,53.6,3.32
2093,1219,66,1,27.73,1.27
2094,1219,227,1,49.54,2.75
2095,1219,97,1,244.48,27.0
2096,1219,89,1,179.88,16.58
2097,1220,35,1,76.68,3.04
2098,1220,57,1,185.85,21.15
2099,1221,187,2,95.65,8.38
2100,1222,223,1,155.25,16.33
2101,1223,107,2,87.92,4.73
2102,1223,142,1,230.98,19.65
2103,1223,128,2,13.41,0.43
2104,1224,30,1,58.74,2.56
2105,1225,121,1,272.89,10.7
2106,1225,177,2,81.05,3.47
2107,1226,35,1,76.68,8.0
2108,1227,139,1,488.45,14.67
2109,1227,125,1,111.51,13.06
2110,1227,204,1,103.62,12.06
2111,1228,231,1,80.77,6.3
2112,1229,48,1,93.17,3.95
2113,1230,157,1,234.71,16.45
2114,1230,162,1,6.54,0.54
2115,1230,41,1,63.66,4.34
2116,1230,119,1,69.61,5.99
2117,1231,132,1,74.95,8.99
2118,1232,56,1,38.8,3.8
2119,1232,105,1,262.49,22.04
2120,1233,124,1,434.69,28.98
2121,1233,132,1,74.95,3.82
2122,1233,234,1,17.93,1.3
2123,1233,230,1,231.23,15.42
2124,1234,92,1,1151.64,136.23
2125,1235,75,1,553.99,42.1
2126,1236,95,1,25.87,2.89
2127,1237,105,1,262.49,14.07
2128,1238,179,1,246.47,8.09
2129,1239,3,1,51.08,1.66
2130,1239,52,1,30.53,2.47
2131,1239,146,1,98.43,6.51
2132,1240,158,3,19.01,0.68
2133,1240,124,1,434.69,33.22
2134,1240,146,1,98.43,9.16
2135,1240,88,1,2.59,0.22
2136,1241,48,1,93.17,3.15
2137,1241,43,1,137.44,10.82
2138,1242,60,1,85.87,6.14
2139,1242,82,1,53.33,4.25
2140,1243,35,1,76.68,5.16
2141,1244,105,1,262.49,22.58
2142,1245,197,1,235.87,16.04
2143,1246,114,1,164.19,15.22
2144,1247,222,2,22.72,1.84
2145,1248,167,1,139.5,8.46
2146,1249,149,1,71.93,2.96
2147,1250,196,1,47.98,5.09
2148,1250,122,1,69.41,6.96
2149,1251,246,1,30.72,1.04
2150,1251,177,1,81.05,3.26
2151,1252,86,1,124.98,11.43
2152,1252,158,1,19.01,0.68
2153,1253,67,1,53.0,2.58
2154,1253,47,1,18.06,1.05
2155,1253,116,1,53.02,3.55
2156,1254,181,1,14.39,1.18
2157,1255,97,1,244.48,18.02
2158,1256,43,1,137.44,11.2
2159,1256,201,1,68.19,7.0
2160,1256,115,1,27.12,1.54
2161,1257,109,1,151.47,5.18
2162,1258,46,1,645.92,69.46
2163,1258,23,1,629.48,53.63
2164,1258,20,1,71.62,4.93
2165,1258,209,1,115.41,7.73
2166,1259,186,1,66.12,2.95
2167,1260,104,1,82.65,8.92
2168,1260,83,1,9.7,0.72
2169,1261,175,1,16.15,1.14
2170,1262,173,1,57.93,5.81
2171,1263,131,1,203.22,10.53
2172,1264,144,1,50.76,5.1
2173,1265,140,1,11.94,1.11
2174,1266,40,1,97.22,8.2
2175,1267,157,1,234.71,26.73
2176,1268,197,1,235.87,9.59
2177,1269,18,1,17.37,2.03
2178,1269,227,1,49.54,3.62
2179,1270,46,1,645.92,63.78
2180,1271,34,1,127.18,4.72
2181,1271,220,2,669.86,37.03
2182,1272,99,1,14.4,1.49
2183,1272,223,1,155.25,8.17
2184,1272,28,1,164.02,16.68
2185,1273,176,1,199.66,6.26
2186,1274,134,1,140.62,13.22
2187,1274,234,1,17.93,2.14
2188,1275,66,1,27.73,2.32
2189,1276,151,1,116.4,8.17
2190,1276,80,1,37.9,4.53
2191,1276,150,1,43.62,2.91
2192,1277,245,1,178.52,6.58
2193,1278,205,1,172.47,8.34
2194,1279,221,1,80.15,4.05
2195,1280,121,1,272.89,9.37
2196,1280,168,1,9.01,0.72
2197,1280,245,1,178.52,21.0
2198,1281,45,1,30.04,1.37
2199,1282,149,1,71.93,7.02
2200,1282,205,3,172.47,12.99
2201,1283,64,1,191.61,6.56
2202,1284,140,1,11.94,1.06
2203,1284,105,1,262.49,14.61
2204,1285,16,1,90.17,3.61
2205,1285,26,1,16.21,1.86
2206,1285,121,1,272.89,11.97
2207,1285,126,1,25.06,2.36
2208,1286,203,1,67.83,6.5
2209,1286,77,1,170.84,12.68
2210,1287,25,1,28.3,1.97
2211,1287,10,1,26.93,2.68
2212,1287,22,2,412.18,40.71
2213,1288,3,1,51.08,4.65
2214,1289,100,3,136.87,4.48
2215,1289,24,1,89.79,9.7
2216,1290,90,1,11.62,1.29
2217,1290,158,1,19.01,1.18
2218,1290,189,1,150.51,4.69
2219,1291,209,1,115.41,13.46
2220,1292,56,1,38.8,3.38
2221,1293,189,1,150.51,17.98
2222,1294,59,1,105.0,10.99
2223,1295,7,1,136.48,14.51
2224,1295,248,1,40.02,4.37
2225,1296,139,3,488.45,19.22
2226,1297,129,1,858.28,62.38
2227,1297,71,2,179.59,10.02
2228,1297,103,1,1102.59,122.88
2229,1298,5,1,88.33,4.67
2230,1298,125,1,111.51,12.55
2231,1299,114,1,164.19,5.72
2232,1299,156,1,99.5,7.75
2233,1300,59,1,105.0,8.85
2234,1301,84,1,54.94,4.82
2235,1302,28,1,164.02,13.72
2236,1303,77,1,170.84,19.89
2237,1304,234,1,17.93,1.16
2238,1305,227,2,49.54,3.38
2239,1305,27,1,852.23,70.54
2240,1305,104,1,82.65,6.31
2241,1306,86,1,124.98,14.92
2242,1306,53,1,270.94,15.8
2243,1307,36,1,55.53,3.04
2244,1307,40,1,97.22,6.85
2245,1308,94,1,33.91,3.49
2246,1309,45,1,30.04,1.63
2247,1310,45,1,30.04,1.34
2248,1311,66,1,27.73,3.29
2249,1312,152,2,343.16,38.71
2250,1313,32,1,17.9,1.93
2251,1314,56,1,38.8,1.75
2252,1315,146,1,98.43,4.99
2253,1315,226,1,134.28,14.77
2254,1315,94,1,33.91,1.07
2255,1315,203,1,67.83,6.26
2256,1316,36,1,55.53,1.89
2257,1317,54,1,387.71,41.91
2258,1317,105,1,262.49,29.6
2259,1317,24,1,89.79,8.16
2260,1318,117,1,45.11,3.58
2261,1319,17,3,29.84,3.04
2262,1319,79,1,47.16,2.64
2263,1320,87,1,391.01,44.41
2264,1320,21,1,285.75,25.29
2265,1321,63,1,555.18,54.39
2266,1322,70,1,41.53,3.64
2267,1322,149,1,71.93,3.42
2268,1322,56,1,38.8,2.24
2269,1322,111,1,97.83,10.56
2270,1323,179,1,246.47,11.8
2271,1324,222,1,22.72,2.55
2272,1325,130,1,76.27,6.33
2273,1325,140,1,11.94,0.83
2274,1326,235,1,75.26,8.37
2275,1326,160,1,19.67,0.67
2276,1326,117,1,45.11,3.11
2277,1327,187,1,95.65,3.66
2278,1328,167,1,139.5,7.94
2279,1329,129,1,858.28,25.87
2280,1330,176,1,199.66,17.03
2281,1330,13,1,31.08,3.51
2282,1331,27,1,852.23,72.75
2283,1331,209,1,115.41,7.28
2284,1331,154,1,53.6,4.32
2285,1332,199,1,5.9,0.33
2286,1333,35,1,76.68,6.49
2287,1334,105,1,262.49,18.11
2288,1334,167,1,139.5,11.16
2289,1334,129,1,858.28,95.09
2290,1334,120,1,44.88,3.63
2291,1335,34,1,127.18,4.65
2292,1335,90,3,11.62,0.38
2293,1336,217,1,36.43,2.58
2294,1337,131,1,203.22,18.78
2295,1337,65,3,165.64,8.5
2296,1338,162,1,6.54,0.71
2297,1339,105,1,262.49,20.21
2298,1339,99,1,14.4,1.16
2299,1340,130,1,76.27,4.37
2300,1340,234,3,17.93,0.66
2301,1341,176,1,199.66,22.89
2302,1342,47,1,18.06,1.05
2303,1342,25,1,28.3,3.29
2304,1342,72,1,112.92,8.07
2305,1342,220,1,669.86,47.64
2306,1343,120,1,44.88,2.9
2307,1343,77,1,170.84,7.97
2308,1343,250,1,583.02,21.41
2309,1344,124,1,434.69,18.7
2310,1344,205,1,172.47,6.6
2311,1345,116,1,53.02,2.86
2312,1346,97,1,244.48,18.61
2313,1346,104,1,82.65,3.03
2314,1347,44,2,39.31,3.77
2315,1347,181,2,14.39,0.78
2316,1348,97,1,244.48,14.96
2317,1348,119,2,69.61,3.93
2318,1349,119,1,69.61,4.81
2319,1350,88,1,2.59,0.11
2320,1351,129,1,858.28,70.13
2321,1351,126,2,25.06,2.87
2322,1351,174,1,8.1,0.28
2323,1352,147,1,81.1,9.19
2324,1353,242,1,135.54,9.67
2325,1353,135,1,212.24,10.4
2326,1354,232,2,155.86,6.96
2327,1355,210,1,56.9,2.01
2328,1355,9,1,82.19,6.06
2329,1356,196,1,47.98,4.41
2330,1357,86,1,124.98,14.93
2331,1357,182,1,19.48,0.71
2332,1358,205,2,172.47,12.65
2333,1358,59,2,105.0,3.71
2334,1359,40,1,97.22,9.51
2335,1360,30,1,58.74,4.8
2336,1361,61,1,30.27,3.32
2337,1362,137,3,112.97,6.59
2338,1363,219,1,66.09,4.14
2339,1364,203,1,67.83,7.05
2340,1365,118,3,13.3,0.48
2341,1366,235,1,75.26,8.74
2342,1366,172,1,356.67,18.93
2343,1366,122,1,69.41,6.46
2344,1366,42,1,145.78,17.34
2345,1367,123,1,10.31,0.83
2346,1368,45,1,30.04,1.28
2347,1368,248,1,40.02,3.24
2348,1369,61,1,30.27,2.42
2349,1369,23,1,629.48,30.97
2350,1369,32,1,17.9,1.92
2351,1370,98,1,25.53,2.96
2352,1371,122,1,69.41,7.04
2353,1372,44,2,39.31,4.03
2354,1372,15,2,114.86,11.83
2355,1373,214,1,211.86,12.69
2356,1373,71,1,179.59,7.87
2357,1373,117,1,45.11,4.5
2358,1373,96,1,826.6,74.19
2359,1374,119,1,69.61,7.68
2360,1374,236,2,326.99,16.09
2361,1375,202,1,130.75,6.94
2362,1375,60,1,85.87,8.48
2363,1376,250,1,583.02,45.3
2364,1377,118,1,13.3,0.45
2365,1378,229,1,16.22,0.81
2366,1378,59,1,105.0,9.93
2367,1379,33,1,30.54,1.45
2368,1379,37,1,136.42,7.82
2369,1380,157,1,234.71,27.51
2370,1381,40,2,97.22,7.64
2371,1381,227,1,49.54,2.96
2372,1382,46,1,645.92,22.29
2373,1383,137,3,112.97,6.8
2374,1384,53,1,270.94,21.9
2375,1384,111,2,97.83,9.36
2376,1385,154,1,53.6,5.96
2377,1385,213,1,31.81,1.88
2378,1385,250,1,583.02,19.72
2379,1385,42,1,145.78,12.63
2380,1386,15,1,114.86,12.64
2381,1387,28,2,164.02,16.42
2382,1387,37,1,136.42,15.65
2383,1387,77,1,170.84,6.58
2384,1388,230,1,231.23,23.7
2385,1388,91,1,56.23,5.25
2386,1389,77,1,170.84,15.93
2387,1390,28,2,164.02,10.92
2388,1391,27,1,852.23,79.15
2389,1391,19,1,11.93,0.45
2390,1391,213,1,31.81,1.46
2391,1392,88,1,2.59,0.18
2392,1392,126,1,25.06,1.46
2393,1393,169,1,69.98,2.17
2394,1394,202,1,130.75,5.23
2395,1394,249,3,52.62,2.59
2396,1395,74,1,35.45,3.25
2397,1395,230,1,231.23,19.18
2398,1396,236,1,326.99,19.81
2399,1397,36,1,55.53,5.49
2400,1398,36,1,55.53,4.42
2401,1399,144,1,50.76,1.65
2402,1400,43,1,137.44,4.24
2403,1401,77,1,170.84,17.01
2404,1401,241,1,40.34,1.25
2405,1401,83,1,9.7,0.89
2406,1402,72,3,112.92,4.67
2407,1403,245,1,178.52,13.49
2408,1404,161,1,84.35,6.65
2409,1404,62,1,19.26,1.66
2410,1405,132,1,74.95,8.19
2411,1406,22,1,412.18,25.2
2412,1406,77,2,170.84,16.66
2413,1406,235,1,75.26,8.42
2414,1407,57,1,185.85,11.62
2415,1408,190,3,239.32,19.44
2416,1409,62,2,19.26,1.32
2417,1410,233,1,339.7,22.02
2418,1411,245,1,178.52,19.74
2419,1411,90,3,11.62,1.39
2420,1412,71,1,179.59,16.38
2421,1413,203,1,67.83,7.21
2422,1413,75,1,553.99,31.91
2423,1413,121,1,272.89,25.35
2424,1414,228,1,95.03,6.21
2425,1414,109,1,151.47,10.79
2426,1414,202,1,130.75,12.85
2427,1415,147,1,81.1,4.02
2428,1416,35,1,76.68,3.77
2429,1417,150,1,43.62,2.03
2430,1418,227,1,49.54,4.08
2431,1419,184,1,344.95,34.54
2432,1419,12,1,94.84,4.71
2433,1420,142,1,230.98,24.72
2434,1421,198,1,52.95,4.65
2435,1421,181,1,14.39,1.59
2436,1422,123,1,10.31,0.31
2437,1422,41,1,63.66,6.29
2438,1423,153,1,179.31,9.3
2439,1424,205,1,172.47,11.27
2440,1425,53,1,270.94,14.99
2441,1425,39,1,136.95,12.47
2442,1426,89,1,179.88,14.41
2443,1426,23,1,629.48,74.52
2444,1427,199,3,5.9,0.27
2445,1428,82,1,53.33,2.4
2446,1428,250,1,583.02,19.93
2447,1428,104,2,82.65,9.57
2448,1429,105,2,262.49,28.78
2449,1430,116,1,53.02,2.48
2450,1430,102,3,683.61,36.25
2451,1430,177,1,81.05,9.6
2452,1431,29,1,617.47,68.95
2453,1431,235,1,75.26,3.03
2454,1432,169,1,69.98,6.84
2455,1433,122,1,69.41,4.78
2456,1434,12,1,94.84,9.04
2457,1435,4,1,95.98,7.39
2458,1435,151,1,116.4,13.02
2459,1436,22,1,412.18,28.46
2460,1437,75,1,553.99,43.32
2461,1438,199,1,5.9,0.49
2462,1439,221,1,80.15,5.75
2463,1439,53,1,270.94,31.85
2464,1440,250,1,583.02,46.67
2465,1441,203,2,67.83,4.96
2466,1441,79,1,47.16,4.66
2467,1442,16,1,90.17,10.65
2468,1443,77,1,170.84,12.5
2469,1444,27,1,852.23,99.31
2470,1445,71,2,179.59,21.48
2471,1446,158,1,19.01,0.66
2472,1447,230,1,231.23,9.59
2473,1448,60,1,85.87,9.88
2474,1449,17,1,29.84,1.64
2475,1450,214,1,211.86,20.3
2476,1451,4,1,95.98,6.52
2477,1451,9,1,82.19,9.52
2478,1452,226,2,134.28,4.15
2479,1453,129,1,858.28,26.76
2480,1454,211,1,22.6,2.67
2481,1455,225,1,59.74,2.49
2482,1456,235,1,75.26,8.19
2483,1457,241,1,40.34,1.91
2484,1458,32,1,17.9,1.21
2485,1459,243,1,83.89,4.0
2486,1460,158,1,19.01,1.79
2487,1460,198,1,52.95,4.42
2488,1460,8,1,6.03,0.69
2489,1460,203,1,67.83,4.72
2490,1461,17,1,29.84,2.54
2491,1462,186,1,66.12,2.12
2492,1462,215,1,237.45,10.58
2493,1463,55,1,167.62,15.33
2494,1463,120,1,44.88,4.63
2495,1464,212,1,619.34,39.66
2496,1464,109,1,151.47,12.83
2497,1465,138,1,45.06,5.23
2498,1465,3,3,51.08,2.54
2499,1466,73,2,85.1,9.0
2500,1467,234,1,17.93,1.16
2501,1468,81,2,44.98,5.15
2502,1469,190,1,239.32,15.08
2503,1469,121,1,272.89,21.87
2504,1470,142,1,230.98,26.76
2505,1470,10,1,26.93,2.93
2506,1471,68,1,38.67,1.45
2507,1471,155,1,18.82,1.43
2508,1471,15,1,114.86,7.52
2509,1472,131,1,203.22,20.34
2510,1472,75,1,553.99,55.67
2511,1473,173,1,57.93,3.78
2512,1473,90,1,11.62,0.55
2513,1474,65,1,165.64,11.18
2514,1474,60,1,85.87,2.64
2515,1475,118,1,13.3,0.63
2516,1476,212,1,619.34,67.75
2517,1477,158,1,19.01,0.94
2518,1478,86,1,124.98,9.99
2519,1479,175,1,16.15,0.7
2520,1480,129,1,858.28,94.21
2521,1481,146,1,98.43,7.32
2522,1482,71,1,179.59,7.77
2523,1482,159,1,124.76,6.44
2524,1482,65,1,165.64,9.61
2525,1483,226,1,134.28,10.93
2526,1484,60,1,85.87,5.19
2527,1485,164,1,31.65,3.72
2528,1486,19,1,11.93,0.93
2529,1486,209,1,115.41,5.8
2530,1486,23,2,629.48,33.66
2531,1487,189,1,150.51,5.58
2532,1488,37,1,136.42,4.44
2533,1489,104,1,82.65,8.27
2534,1489,179,2,246.47,16.05
2535,1490,186,2,66.12,3.95
2536,1490,72,1,112.92,8.0
2537,1490,134,1,140.62,11.65
2538,1491,124,2,434.69,43.25
2539,1491,192,1,82.67,9.19
2540,1491,30,1,58.74,5.12
2541,1492,43,1,137.44,9.52
2542,1492,174,1,8.1,0.65
2543,1492,13,1,31.08,3.7
2544,1492,46,2,645.92,35.12
2545,1493,36,1,55.53,6.48
2546,1493,77,1,170.84,6.1
2547,1493,9,1,82.19,4.01
2548,1494,23,1,629.48,35.06
2549,1494,130,1,76.27,2.44
2550,1494,22,1,412.18,38.25
2551,1495,43,1,137.44,10.41
2552,1496,118,1,13.3,0.57
2553,1497,100,1,136.87,9.0
2554,1498,109,1,151.47,4.73
2555,1498,86,1,124.98,13.54
2556,1499,161,1,84.35,7.0
2557,1500,57,1,185.85,12.01
2558,1501,63,1,555.18,64.31
2559,1502,198,1,52.95,2.77
2560,1502,10,1,26.93,2.98
2561,1503,181,1,14.39,1.58
2562,1503,70,1,41.53,2.04
2563,1503,138,1,45.06,4.64
2564,1503,144,1,50.76,3.59
2565,1504,161,1,84.35,9.83
2566,1504,50,2,44.06,4.02
2567,1505,63,1,555.18,53.17
2568,1506,86,1,124.98,14.09
2569,1506,161,1,84.35,3.61
2570,1507,27,1,852.23,32.65
2571,1508,158,1,19.01,0.93
2572,1509,135,1,212.24,23.35
2573,1510,137,1,112.97,11.97
2574,1510,45,1,30.04,2.66
2575,1511,69,1,33.1,1.57
2576,1512,27,1,852.23,86.67
2577,1512,107,2,87.92,9.56
2578,1512,1,1,826.88,85.86
2579,1513,43,1,137.44,5.76
2580,1514,220,1,669.86,31.85
2581,1515,97,1,244.48,25.54
2582,1516,189,1,150.51,9.35
2583,1516,21,1,285.75,12.49
2584,1516,159,2,124.76,8.68
2585,1516,63,1,555.18,43.49
2586,1517,58,1,7.39,0.65
2587,1518,230,1,231.23,26.1
2588,1519,91,1,56.23,3.25
2589,1519,132,1,74.95,4.41
2590,1519,193,1,286.41,25.67
2591,1520,20,1,71.62,6.04
2592,1521,146,1,98.43,9.71
2593,1522,247,1,31.51,3.76
2594,1523,105,1,262.49,16.81
2595,1523,187,1,95.65,5.85
2596,1523,156,1,99.5,9.34
2597,1523,113,1,29.13,2.23
2598,1524,235,1,75.26,3.52
2599,1524,243,1,83.89,8.0
2600,1524,236,1,326.99,35.0
2601,1524,3,3,51.08,5.14
2602,1525,52,1,30.53,1.94
2603,1526,123,1,10.31,0.94
2604,1526,64,1,191.61,21.43
2605,1527,227,1,49.54,4.34
2606,1528,249,1,52.62,4.5
2607,1529,212,1,619.34,52.47
2608,1529,55,1,167.62,5.05
2609,1530,161,2,84.35,4.24
2610,1531,80,3,37.9,2.33
2611,1532,73,1,85.1,6.77
2612,1533,206,1,760.6,64.38
2613,1533,164,1,31.65,3.19
2614,1534,179,2,246.47,15.85
2615,1535,89,1,179.88,11.81
2616,1536,119,1,69.61,6.33
2617,1536,234,1,17.93,1.56
2618,1536,131,1,203.22,9.44
2619,1536,146,1,98.43,3.75
2620,1537,25,1,28.3,3.04
2621,1538,30,1,58.74,4.1
2622,1539,172,1,356.67,42.23
2623,1539,61,1,30.27,3.58
2624,1540,224,1,6.63,0.58
2625,1541,105,1,262.49,16.05
2626,1541,125,1,111.51,13.28
2627,1542,87,2,391.01,40.44
2628,1542,33,1,30.54,3.64
2629,1543,193,1,286.41,27.52
2630,1543,7,1,136.48,8.44
2631,1544,203,1,67.83,3.32
2632,1545,85,1,106.96,10.82
2633,1546,45,2,30.04,3.21
2634,1547,10,1,26.93,2.46
2635,1547,244,1,84.79,6.3
2636,1547,217,1,36.43,1.44
2637,1547,89,1,179.88,9.22
2638,1548,75,1,553.99,63.97
2639,1548,151,1,116.4,11.58
2640,1549,157,1,234.71,25.81
2641,1550,86,1,124.98,8.26
2642,1551,99,1,14.4,0.95
2643,1552,136,1,763.13,47.99
2644,1553,55,1,167.62,9.21
2645,1553,245,1,178.52,13.01
2646,1554,61,1,30.27,2.46
2647,1554,169,1,69.98,7.13
2648,1554,94,1,33.91,3.88
2649,1555,8,1,6.03,0.71
2650,1555,206,1,760.6,41.14
2651,1556,154,1,53.6,3.67
2652,1557,163,1,20.16,1.91
2653,1558,144,1,50.76,3.58
2654,1559,67,1,53.0,3.87
2655,1560,230,2,231.23,10.45
2656,1561,98,1,25.53,2.76
2657,1562,109,1,151.47,8.74
2658,1563,187,1,95.65,6.57
2659,1564,15,1,114.86,8.95
2660,1564,235,1,75.26,6.64
2661,1565,22,1,412.18,20.36
2662,1566,115,1,27.12,1.01
2663,1567,6,1,251.86,22.34
2664,1568,192,1,82.67,7.65
2665,1569,110,1,759.15,67.1
2666,1570,85,1,106.96,12.26
2667,1571,90,1,11.62,0.47
2668,1571,43,1,137.44,5.26
2669,1572,81,1,44.98,1.47
2670,1573,149,1,71.93,3.33
2671,1573,121,1,272.89,11.25
2672,1574,86,1,124.98,7.71
2673,1574,10,1,26.93,0.86
2674,1574,105,3,262.49,16.12
2675,1574,130,1,76.27,7.83
2676,1575,32,1,17.9,1.27
2677,1575,158,1,19.01,2.15
2678,1576,126,1,25.06,0.86
2679,1577,217,1,36.43,2.62
2680,1577,113,1,29.13,1.68
2681,1577,82,1,53.33,4.21
2682,1578,3,1,51.08,4.16
2683,1579,46,1,645.92,66.83
2684,1579,15,1,114.86,7.43
2685,1580,101,1,8.28,0.27
2686,1581,102,1,683.61,34.08
2687,1582,159,3,124.76,12.04
2688,1583,222,1,22.72,1.06
2689,1583,207,1,51.95,3.73
2690,1584,166,1,30.99,1.93
2691,1585,44,1,39.31,2.32
2692,1586,129,1,858.28,81.29
2693,1586,62,1,19.26,0.89
2694,1587,121,1,272.89,19.55
2695,1587,59,3,105.0,9.52
2696,1588,71,1,179.59,15.31
2697,1589,37,1,136.42,13.47
2698,1590,44,2,39.31,3.51
2699,1591,64,3,191.61,18.6
2700,1592,86,1,124.98,10.63
2701,1592,137,1,112.97,7.41
2702,1592,225,1,59.74,6.78
2703,1593,60,1,85.87,9.02
2704,1594,194,1,41.9,2.96
2705,1595,72,1,112.92,6.07
2706,1596,14,1,94.71,7.63
2707,1597,166,1,30.99,2.58
2708,1597,117,1,45.11,3.39
2709,1597,227,1,49.54,2.06
2710,1598,159,1,124.76,12.92
2711,1599,129,1,858.28,92.04
2712,1599,91,1,56.23,3.05
2713,1600,108,3,3.52,0.25
2714,1601,110,1,759.15,74.82
2715,1601,167,1,139.5,10.2
2716,1602,109,1,151.47,8.46
2717,1603,99,1,14.4,1.04
2718,1604,126,1,25.06,1.3
2719,1605,140,1,11.94,1.27
2720,1605,119,1,69.61,4.48
2721,1606,102,1,683.61,55.37
2722,1607,38,1,147.17,6.22
2723,1607,212,1,619.34,24.98
2724,1607,56,2,38.8,3.73
2725,1608,43,1,137.44,10.66
2726,1608,133,1,37.44,3.13
2727,1609,143,1,180.32,16.41
2728,1610,43,1,137.44,15.75
2729,1610,50,1,44.06,5.17
2730,1611,126,1,25.06,2.88
2731,1611,9,1,82.19,4.4
2732,1611,247,1,31.51,1.97
2733,1612,113,1,29.13,1.89
2734,1613,127,1,82.05,5.2
2735,1614,14,1,94.71,9.91
2736,1615,52,1,30.53,3.27
2737,1615,50,1,44.06,2.09
2738,1616,22,1,412.18,20.08
2739,1617,144,1,50.76,3.58
2740,1618,173,1,57.93,5.6
2741,1618,27,1,852.23,77.32
2742,1619,3,1,51.08,1.68
2743,1620,120,2,44.88,4.82
2744,1621,159,1,124.76,13.69
2745,1622,146,1,98.43,3.52
2746,1623,74,3,35.45,3.75
2747,1624,104,1,82.65,9.53
2748,1625,142,1,230.98,15.7
2749,1626,25,1,28.3,3.07
2750,1626,124,1,434.69,49.12
2751,1627,27,1,852.23,35.8
2752,1628,173,1,57.93,1.82
2753,1629,247,1,31.51,3.43
2754,1629,42,1,145.78,7.39
2755,1629,169,1,69.98,3.48
2756,1630,85,1,106.96,10.28
2757,1630,72,1,112.92,4.64
2758,1630,214,1,211.86,23.53
2759,1631,63,1,555.18,59.42
2760,1632,180,1,209.32,12.82
2761,1632,235,1,75.26,7.77
2762,1633,3,1,51.08,4.48
2763,1634,209,1,115.41,11.09
2764,1634,49,1,38.8,3.11
2765,1635,159,1,124.76,4.07
2766,1636,8,2,6.03,0.47
2767,1637,35,1,76.68,7.25
2768,1638,189,1,150.51,5.22
2769,1639,24,1,89.79,8.03
2770,1639,121,1,272.89,21.61
2771,1639,212,1,619.34,59.25
2772,1639,70,1,41.53,4.83
2773,1640,201,3,68.19,6.29
2774,1640,158,1,19.01,1.12
2775,1640,224,1,6.63,0.35
2776,1640,227,1,49.54,1.96
2777,1641,134,1,140.62,15.93
2778,1642,46,1,645.92,32.6
2779,1643,241,1,40.34,2.91
2780,1643,198,1,52.95,2.3
2781,1644,235,1,75.26,3.31
2782,1644,19,1,11.93,1.0
2783,1644,148,2,101.97,10.43
2784,1644,13,1,31.08,2.57
2785,1645,220,1,669.86,37.08
2786,1645,191,1,39.7,2.1
2787,1646,28,2,164.02,12.09
2788,1646,102,1,683.61,59.1
2789,1646,17,1,29.84,2.11
2790,1646,193,2,286.41,28.43
2791,1647,234,1,17.93,0.67
2792,1647,235,1,75.26,8.89
2793,1648,144,1,50.76,2.6
2794,1648,219,1,66.09,4.04
2795,1648,250,1,583.02,53.61
2796,1648,212,1,619.34,41.76
2797,1649,57,3,185.85,20.9
2798,1649,90,1,11.62,1.37
2799,1650,220,1,669.86,72.12
2800,1650,66,1,27.73,2.04
2801,1650,155,1,18.82,1.74
2802,1651,189,3,150.51,9.29
2803,1651,102,1,683.61,56.67
2804,1652,130,1,76.27,6.39
2805,1652,103,1,1102.59,106.04
2806,1652,98,1,25.53,2.83
2807,1653,8,1,6.03,0.26
2808,1654,226,1,134.28,6.69
2809,1654,126,1,25.06,1.78
2810,1654,225,1,59.74,2.67
2811,1654,153,1,179.31,11.2
2812,1655,98,1,25.53,1.17
2813,1656,229,1,16.22,1.04
2814,1657,41,1,63.66,6.13
2815,1657,90,1,11.62,1.07
2816,1657,55,1,167.62,17.35
2817,1658,231,1,80.77,4.62
2818,1658,89,1,179.88,19.6
2819,1659,29,1,617.47,46.26
2820,1660,153,1,179.31,12.88
2821,1660,59,1,105.0,10.75
2822,1660,215,1,237.45,7.34
2823,1661,141,1,483.07,29.68
2824,1661,76,1,52.37,4.46
2825,1661,127,1,82.05,8.92
2826,1662,34,1,127.18,6.76
2827,1663,202,1,130.75,11.39
2828,1664,209,1,115.41,6.25
2829,1664,165,1,6.2,0.44
2830,1664,146,1,98.43,7.36
2831,1665,124,3,434.69,35.23
2832,1666,105,1,262.49,20.7
2833,1666,228,1,95.03,4.06
2834,1666,189,1,150.51,12.7
2835,1666,77,1,170.84,5.55
2836,1667,98,1,25.53,1.42
2837,1667,121,1,272.89,9.94
2838,1668,221,1,80.15,2.71
2839,1669,90,1,11.62,0.59
2840,1669,134,2,140.62,7.31
2841,1670,41,1,63.66,4.25
2842,1670,34,2,127.18,13.28
2843,1671,54,1,387.71,38.29
2844,1671,62,1,19.26,0.89
2845,1672,195,1,45.11,2.71
2846,1672,31,1,34.65,1.85
2847,1672,212,1,619.34,47.25
2848,1672,234,1,17.93,1.58
2849,1673,16,1,90.17,8.58
2850,1673,112,2,335.91,16.82
2851,1674,139,1,488.45,39.88
2852,1675,206,1,760.6,78.88
2853,1675,22,1,412.18,15.47
2854,1675,52,1,30.53,3.25
2855,1676,84,1,54.94,5.35
2856,1677,32,1,17.9,0.78
2857,1677,85,1,106.96,7.4
2858,1678,213,1,31.81,3.51
2859,1678,111,1,97.83,3.85
2860,1679,88,1,2.59,0.21
2861,1680,200,1,16.92,1.78
2862,1680,49,1,38.8,3.52
2863,1681,108,1,3.52,0.4
2864,1681,74,1,35.45,3.98
2865,1682,168,1,9.01,0.94
2866,1682,6,2,251.86,19.36
2867,1683,197,1,235.87,13.06
2868,1684,88,1,2.59,0.18
2869,1685,207,1,51.95,2.08
2870,1685,18,1,17.37,0.74
2871,1685,197,1,235.87,26.82
2872,1686,12,3,94.84,4.41
2873,1687,124,1,434.69,19.42
2874,1688,244,1,84.79,8.14
2875,1688,147,3,81.1,9.28
2876,1689,161,2,84.35,6.11
2877,1690,175,1,16.15,1.37
2878,1691,67,1,53.0,4.1
2879,1691,126,1,25.06,2.22
2880,1691,86,1,124.98,9.53
2881,1692,96,2,826.6,65.68
2882,1692,159,1,124.76,4.38
2883,1693,86,1,124.98,3.98
2884,1693,35,1,76.68,7.05
2885,1694,134,1,140.62,8.62
2886,1695,109,1,151.47,7.18
2887,1696,36,1,55.53,4.82
2888,1696,190,1,239.32,14.21
2889,1697,111,2,97.83,7.78
2890,1697,166,1,30.99,0.94
2891,1698,45,1,30.04,1.36
2892,1698,35,1,76.68,7.67
2893,1699,210,1,56.9,3.75
2894,1699,227,1,49.54,4.6
2895,1699,68,1,38.67,1.73
2896,1700,21,1,285.75,13.13
2897,1700,88,1,2.59,0.21
2898,1700,228,1,95.03,10.46
2899,1701,133,1,37.44,3.39
2900,1702,23,1,629.48,41.97
2901,1702,98,1,25.53,2.48
2902,1702,190,1,239.32,18.07
2903,1703,196,1,47.98,2.2
2904,1703,109,1,151.47,10.75
2905,1704,126,3,25.06,0.75
2906,1705,157,1,234.71,11.29
2907,1705,40,1,97.22,4.89
2908,1706,113,2,29.13,2.79
2909,1706,161,1,84.35,4.23
2910,1707,181,1,14.39,1.54
2911,1708,15,1,114.86,10.77
2912,1708,135,1,212.24,20.97
2913,1708,229,1,16.22,1.86
2914,1709,241,1,40.34,1.56
2915,1710,72,1,112.92,5.09
2916,1710,117,3,45.11,3.93
2917,1710,123,1,10.31,1.18
2918,1710,1,1,826.88,63.7
2919,1711,191,1,39.7,3.41
2920,1712,5,1,88.33,6.31
2921,1713,166,1,30.99,2.1
2922,1713,3,1,51.08,5.45
2923,1714,65,1,165.64,14.82
2924,1715,248,1,40.02,2.61
2925,1716,75,1,553.99,35.79
2926,1716,15,3,114.86,5.21
2927,1717,48,1,93.17,6.55
2928,1718,226,1,134.28,14.8
2929,1719,228,1,95.03,5.18
2930,1720,29,1,617.47,35.08
2931,1720,120,1,44.88,1.9
2932,1721,1,1,826.88,71.5
2933,1722,66,1,27.73,3.3
2934,1722,5,1,88.33,5.07
2935,1723,211,1,22.6,1.82
2936,1724,75,1,553.99,50.82
2937,1724,128,2,13.41,1.0
2938,1724,158,1,19.01,1.53
2939,1725,250,1,583.02,31.96
2940,1726,77,1,170.84,18.15
2941,1726,189,1,150.51,6.04
2942,1726,235,1,75.26,5.39
2943,1727,51,1,71.14,4.33
2944,1727,66,1,27.73,1.83
2945,1728,100,1,136.87,5.42
2946,1728,53,1,270.94,17.41
2947,1729,222,1,22.72,1.27
2948,1730,131,1,203.22,17.8
2949,1730,235,1,75.26,7.72
2950,1730,3,1,51.08,5.56
2951,1731,108,1,3.52,0.37
2952,1732,77,1,170.84,19.9
2953,1733,3,1,51.08,4.3
2954,1733,77,1,170.84,6.07
2955,1734,207,3,51.95,5.46
2956,1734,36,2,55.53,3.46
2957,1734,8,1,6.03,0.24
2958,1735,123,1,10.31,0.82
2959,1735,250,1,583.02,63.4
2960,1736,159,1,124.76,11.23
2961,1737,22,3,412.18,39.7
2962,1738,219,1,66.09,4.46
2963,1739,134,1,140.62,14.2
2964,1739,176,1,199.66,22.44
2965,1740,145,1,366.49,22.37
2966,1741,29,1,617.47,51.43
2967,1742,48,1,93.17,4.5
2968,1742,225,2,59.74,6.69
2969,1743,60,1,85.87,3.33
2970,1743,190,1,239.32,12.8
2971,1743,175,1,16.15,1.31
2972,1744,12,1,94.84,6.68
2973,1745,63,1,555.18,22.57
2974,1746,79,1,47.16,5.14
2975,1746,159,3,124.76,12.77
2976,1747,84,1,54.94,3.49
2977,1747,78,1,180.73,16.61
2978,1747,34,1,127.18,4.36
2979,1747,214,2,211.86,11.53
2980,1748,244,1,84.79,7.09
2981,1749,151,1,116.4,7.08
2982,1749,3,1,51.08,3.47
2983,1750,55,1,167.62,9.57
2984,1750,151,1,116.4,3.9
2985,1750,199,1,5.9,0.25
2986,1750,234,1,17.93,1.79
2987,1751,10,1,26.93,1.87
2988,1752,97,1,244.48,11.39
2989,1752,122,1,69.41,7.42
2990,1753,56,1,38.8,1.92
2991,1753,183,1,101.22,8.82
2992,1754,33,1,30.54,2.29
2993,1754,12,1,94.84,6.95
2994,1755,40,1,97.22,9.79
2995,1756,76,1,52.37,4.4
2996,1757,43,1,137.44,6.91
2997,1757,12,1,94.84,2.9
2998,1757,36,1,55.53,5.82
2999,1758,13,1,31.08,1.9
3000,1758,11,1,685.7,26.84
3001,1759,53,1,270.94,8.21
3002,1760,34,1,127.18,14.65
3003,1761,98,2,25.53,2.89
3004,1762,124,1,434.69,19.18
3005,1762,210,2,56.9,5.66
3006,1763,64,1,191.61,11.72
3007,1763,243,1,83.89,4.94
3008,1764,160,1,19.67,0.91
3009,1765,189,1,150.51,14.17
3010,1766,86,1,124.98,7.44
3011,1767,203,1,67.83,2.37
3012,1768,38,1,147.17,12.35
3013,1769,56,1,38.8,2.81
3014,1770,230,1,231.23,13.13
3015,1770,76,1,52.37,5.69
3016,1770,52,1,30.53,2.93
3017,1771,36,3,55.53,2.26
3018,1772,151,1,116.4,6.52
3019,1773,172,1,356.67,18.13
3020,1774,227,1,49.54,2.04
3021,1775,84,1,54.94,2.64
3022,1775,220,1,669.86,69.86
3023,1776,124,1,434.69,29.75
3024,1776,74,1,35.45,1.18
3025,1777,35,1,76.68,2.77
3026,1778,228,1,95.03,4.53
3027,1778,118,1,13.3,0.74
3028,1779,79,1,47.16,1.68
3029,1779,242,1,135.54,6.28
3030,1779,139,1,488.45,34.22
3031,1779,109,1,151.47,8.71
3032,1780,43,2,137.44,13.14
3033,1780,58,1,7.39,0.54
3034,1781,198,1,52.95,4.28
3035,1782,135,1,212.24,11.96
3036,1783,135,1,212.24,15.52
3037,1783,35,1,76.68,7.42
3038,1784,221,1,80.15,8.24
3039,1785,66,1,27.73,1.36
3040,1785,228,1,95.03,6.24
3041,1785,109,1,151.47,12.56
3042,1786,177,1,81.05,4.34
3043,1786,66,1,27.73,3.09
3044,1786,137,1,112.97,3.92
3045,1787,154,1,53.6,1.79
3046,1788,235,1,75.26,6.01
3047,1789,72,1,112.92,12.59
3048,1790,33,1,30.54,1.18
3049,1791,49,1,38.8,2.99
3050,1792,27,1,852.23,48.18
3051,1792,217,1,36.43,2.0
3052,1792,144,1,50.76,5.81
3053,1793,206,1,760.6,74.23
3054,1793,38,1,147.17,16.35
3055,1793,138,3,45.06,4.07
3056,1794,92,1,1151.64,52.24
3057,1795,121,1,272.89,23.79
3058,1796,58,1,7.39,0.72
3059,1796,40,1,97.22,10.29
3060,1796,212,1,619.34,21.44
3061,1797,137,1,112.97,10.82
3062,1798,212,2,619.34,64.29
3063,1798,57,1,185.85,10.58
3064,1798,137,1,112.97,8.88
3065,1799,222,1,22.72,0.71
3066,1800,120,1,44.88,5.05
3067,1801,23,1,629.48,63.91
3068,1802,34,1,127.18,15.2
3069,1802,190,1,239.32,28.33
3070,1802,10,1,26.93,1.06
3071,1802,151,1,116.4,5.4
3072,1803,180,1,209.32,15.75
3073,1803,83,1,9.7,0.95
3074,1804,214,1,211.86,11.04
3075,1804,200,1,16.92,2.01
3076,1805,192,1,82.67,9.51
3077,1805,242,2,135.54,8.17
3078,1805,250,1,583.02,18.09
3079,1806,235,1,75.26,8.47
3080,1807,175,1,16.15,1.71
3081,1808,183,1,101.22,8.29
3082,1809,197,1,235.87,26.7
3083,1810,158,1,19.01,1.64
3084,1810,66,1,27.73,2.47
3085,1811,134,2,140.62,10.1
3086,1812,124,1,434.69,25.5
3087,1813,228,1,95.03,9.23
3088,1813,16,1,90.17,3.69
3089,1813,124,1,434.69,35.56
3090,1814,3,1,51.08,5.94
3091,1814,151,1,116.4,9.07
3092,1815,151,1,116.4,10.26
3093,1816,149,1,71.93,4.92
3094,1817,87,1,391.01,30.42
3095,1817,220,1,669.86,69.91
3096,1818,65,2,165.64,6.8
3097,1818,247,2,31.51,1.75
3098,1819,50,2,44.06,2.16
3099,1819,176,1,199.66,14.27
3100,1820,150,1,43.62,2.12
3101,1821,41,1,63.66,3.15
3102,1821,250,1,583.02,35.79
3103,1822,188,1,15.44,0.75
3104,1823,189,1,150.51,9.04
3105,1823,49,1,38.8,2.29
3106,1823,117,1,45.11,4.9
3107,1824,179,2,246.47,21.43
3108,1825,67,3,53.0,4.69
3109,1825,196,1,47.98,5.16
3110,1825,55,1,167.62,17.41
3111,1825,103,1,1102.59,56.83
3112,1826,94,1,33.91,3.43
3113,1826,8,2,6.03,0.24
3114,1827,68,3,38.67,3.3
3115,1827,115,1,27.12,2.42
3116,1828,230,1,231.23,17.05
3117,1829,121,1,272.89,18.55
3118,1829,114,1,164.19,16.24
3119,1830,153,1,179.31,10.14
3120,1831,99,1,14.4,0.52
3121,1832,67,1,53.0,5.85
3122,1832,202,1,130.75,11.26
3123,1832,27,1,852.23,78.99
3124,1833,56,1,38.8,2.33
3125,1834,206,1,760.6,25.75
3126,1834,221,1,80.15,5.1
3127,1835,122,1,69.41,2.09
3128,1836,113,1,29.13,1.25
3129,1837,15,1,114.86,12.46
3130,1837,71,1,179.59,9.64
3131,1837,135,1,212.24,11.32
3132,1838,173,1,57.93,2.94
3133,1838,197,1,235.87,13.81
3134,1839,217,1,36.43,2.98
3135,1840,7,1,136.48,12.63
3136,1841,97,1,244.48,11.14
3137,1842,154,1,53.6,3.8
3138,1842,238,3,115.34,6.26
3139,1843,237,1,10.34,0.53
3140,1844,143,1,180.32,19.9
3141,1845,105,2,262.49,18.59
3142,1846,232,1,155.86,15.98
3143,1846,137,1,112.97,13.15
3144,1847,211,2,22.6,2.38
3145,1848,199,3,5.9,0.34
3146,1848,193,1,286.41,13.96
3147,1848,23,1,629.48,47.43
3148,1848,41,1,63.66,4.9
3149,1849,120,1,44.88,3.24
3150,1850,21,1,285.75,27.41
3151,1851,142,1,230.98,7.22
3152,1851,65,1,165.64,8.71
3153,1852,190,1,239.32,20.59
3154,1853,173,1,57.93,6.04
3155,1854,104,1,82.65,3.43
3156,1855,187,1,95.65,10.82
3157,1856,42,1,145.78,12.39
3158,1856,146,1,98.43,9.37
3159,1856,104,1,82.65,5.13
3160,1857,121,1,272.89,9.81
3161,1858,119,3,69.61,3.79
3162,1858,124,1,434.69,35.15
3163,1859,98,1,25.53,3.06
3164,1859,65,1,165.64,8.55
3165,1860,250,1,583.02,42.82
3166,1860,235,1,75.26,6.43
3167,1861,192,1,82.67,8.07
3168,1862,79,1,47.16,4.51
3169,1863,225,1,59.74,6.45
3170,1864,230,1,231.23,14.7
3171,1864,70,2,41.53,4.95
3172,1865,150,1,43.62,2.45
3173,1865,237,1,10.34,0.56
3174,1865,6,1,251.86,27.73
3175,1866,250,1,583.02,22.72
3176,1866,59,1,105.0,8.19
3177,1866,233,1,339.7,29.2
3178,1867,89,1,179.88,12.38
3179,1867,109,1,151.47,13.92
3180,1868,147,1,81.1,6.42
3181,1868,246,1,30.72,2.16
3182,1869,140,1,11.94,0.39
3183,1869,192,1,82.67,4.97
3184,1870,103,1,1102.59,46.53
3185,1871,29,1,617.47,41.27
3186,1872,142,1,230.98,16.59
3187,1873,97,1,244.48,18.22
3188,1873,129,1,858.28,36.3
3189,1873,63,1,555.18,64.39
3190,1874,72,1,112.92,5.58
3191,1875,2,1,120.72,8.53
3192,1875,46,1,645.92,28.69
3193,1876,76,1,52.37,5.4
3194,1876,197,1,235.87,19.1
3195,1876,222,1,22.72,2.2
3196,1877,103,1,1102.59,82.26
3197,1877,41,1,63.66,2.97
3198,1878,217,1,36.43,3.63
3199,1879,187,1,95.65,3.82
3200,1880,15,1,114.86,8.15
3201,1880,45,1,30.04,1.73
3202,1880,174,1,8.1,0.54
3203,1881,225,1,59.74,3.37
3204,1882,38,1,147.17,6.33
3205,1882,39,1,136.95,12.09
3206,1883,227,1,49.54,5.55
3207,1884,73,3,85.1,9.55
3208,1885,15,1,114.86,6.6
3209,1886,187,1,95.65,8.18
3210,1887,85,1,106.96,9.23
3211,1887,197,1,235.87,13.78
3212,1888,180,1,209.32,13.98
3213,1888,106,1,27.76,2.46
3214,1889,91,2,56.23,6.6
3215,1889,4,1,95.98,8.73
3216,1889,59,1,105.0,5.7
3217,1890,76,1,52.37,3.22
3218,1891,156,1,99.5,8.13
3219,1892,77,1,170.84,7.75
3220,1893,185,1,647.11,54.74
3221,1894,90,1,11.62,0.85
3222,1895,142,1,230.98,11.38
3223,1896,23,1,629.48,48.66
3224,1896,227,1,49.54,2.88
3225,1896,64,1,191.61,10.21
3226,1897,43,1,137.44,11.02
3227,1897,36,1,55.53,2.11
3228,1897,176,1,199.66,16.13
3229,1897,20,2,71.62,5.83
3230,1898,85,1,106.96,11.36
3231,1899,4,1,95.98,3.31
3232,1899,239,1,762.58,62.09
3233,1899,207,1,51.95,4.95
3234,1899,227,1,49.54,3.85
3235,1900,56,1,38.8,4.52
3236,1901,97,1,244.48,13.46
3237,1901,30,1,58.74,3.18
3238,1901,52,3,30.53,2.12
3239,1902,161,1,84.35,3.42
3240,1903,137,2,112.97,6.18
3241,1903,169,1,69.98,3.28
3242,1903,164,1,31.65,2.98
3243,1903,205,1,172.47,5.33
3244,1904,242,1,135.54,12.93
3245,1905,72,1,112.92,12.56
3246,1905,199,1,5.9,0.18
3247,1906,215,1,237.45,7.56
3248,1906,85,1,106.96,8.49
3249,1906,89,1,179.88,11.5
3250,1907,41,2,63.66,5.31
3251,1908,239,1,762.58,62.12
3252,1909,161,1,84.35,3.43
3253,1910,165,1,6.2,0.4
3254,1910,249,1,52.62,5.14
3255,1911,171,1,100.35,7.48
3256,1912,190,1,239.32,18.64
3257,1913,250,1,583.02,55.08
3258,1914,150,1,43.62,3.44
3259,1915,151,1,116.4,13.37
3260,1915,199,1,5.9,0.64
3261,1916,98,1,25.53,1.33
3262,1916,127,1,82.05,2.84
3263,1916,249,3,52.62,5.94
3264,1917,116,2,53.02,4.86
3265,1917,178,1,1065.13,55.83
3266,1918,29,3,617.47,23.11
3267,1919,109,2,151.47,13.57
3268,1920,146,1,98.43,7.39
3269,1920,170,1,527.03,51.82
3270,1921,75,1,553.99,26.05
3271,1921,104,1,82.65,4.41
3272,1922,166,1,30.99,1.5
3273,1923,27,1,852.23,27.87
3274,1923,242,1,135.54,7.99
3275,1924,20,1,71.62,7.89
3276,1924,72,1,112.92,6.17
3277,1924,89,1,179.88,11.94
3278,1924,119,1,69.61,4.85
3279,1925,109,1,151.47,6.42
3280,1925,70,1,41.53,4.54
3281,1925,151,1,116.4,11.05
3282,1926,64,1,191.61,14.49
3283,1927,16,3,90.17,6.87
3284,1927,221,1,80.15,6.71
3285,1928,122,1,69.41,2.96
3286,1929,237,1,10.34,0.55
3287,1929,220,3,669.86,39.67
3288,1929,59,1,105.0,4.43
3289,1929,81,1,44.98,2.27
3290,1930,20,1,71.62,4.16
3291,1930,137,1,112.97,13.06
3292,1931,139,1,488.45,27.61
3293,1932,214,1,211.86,16.87
3294,1933,237,1,10.34,0.7
3295,1934,73,1,85.1,8.58
3296,1935,142,1,230.98,12.89
3297,1935,141,1,483.07,52.15
3298,1936,199,1,5.9,0.5
3299,1937,245,1,178.52,5.73
3300,1937,34,1,127.18,4.79
3301,1937,69,1,33.1,2.67
3302,1938,139,1,488.45,18.6
3303,1939,193,1,286.41,23.23
3304,1939,98,1,25.53,3.04
3305,1939,77,1,170.84,14.77
3306,1939,18,1,17.37,0.63
3307,1940,77,1,170.84,19.68
3308,1940,126,1,25.06,2.37
3309,1940,20,1,71.62,2.22
3310,1940,213,1,31.81,3.06
3311,1941,26,1,16.21,1.82
3312,1941,7,1,136.48,13.35
3313,1941,120,1,44.88,2.61
3314,1942,229,1,16.22,1.44
3315,1943,185,1,647.11,69.04
3316,1944,150,1,43.62,3.75
3317,1944,105,1,262.49,15.74
3318,1945,233,1,339.7,39.66
3319,1945,38,1,147.17,8.51
3320,1946,147,1,81.1,6.51
3321,1946,223,1,155.25,10.55
3322,1946,104,1,82.65,6.13
3323,1947,24,1,89.79,8.81
3324,1947,133,1,37.44,3.65
3325,1947,127,1,82.05,3.39
3326,1947,18,1,17.37,1.24
3327,1948,47,1,18.06,1.37
3328,1949,36,1,55.53,6.32
3329,1950,202,1,130.75,15.5
3330,1951,66,1,27.73,1.93
3331,1952,84,1,54.94,3.99
3332,1952,161,1,84.35,8.83
3333,1953,3,1,51.08,3.19
3334,1954,217,2,36.43,2.73
3335,1955,174,1,8.1,0.41
3336,1955,56,2,38.8,4.18
3337,1955,221,3,80.15,8.26
3338,1956,40,1,97.22,9.51
3339,1956,37,1,136.42,10.82
3340,1957,214,1,211.86,12.77
3341,1957,71,1,179.59,15.69
3342,1958,32,1,17.9,1.11
3343,1959,43,1,137.44,12.29
3344,1959,84,1,54.94,3.01
3345,1959,133,1,37.44,2.08
3346,1960,58,1,7.39,0.69
3347,1960,206,3,760.6,56.57
3348,1961,72,3,112.92,4.2
3349,1961,78,1,180.73,7.81
3350,1961,45,1,30.04,1.57
3351,1962,215,1,237.45,11.94
3352,1963,192,3,82.67,8.48
3353,1964,63,1,555.18,45.97
3354,1964,230,1,231.23,15.67
3355,1965,102,2,683.61,73.8
3356,1965,31,1,34.65,1.1
3357,1965,89,1,179.88,19.1
3358,1966,234,1,17.93,0.8
3359,1967,190,1,239.32,23.33
3360,1967,27,1,852.23,31.88
3361,1967,48,1,93.17,8.88
3362,1968,159,1,124.76,11.7
3363,1968,29,1,617.47,21.36
3364,1968,186,1,66.12,5.62
3365,1969,193,1,286.41,21.39
3366,1970,77,2,170.84,20.31
3367,1971,183,1,101.22,8.45
3368,1971,21,1,285.75,22.74
3369,1972,151,1,116.4,4.43
3370,1973,14,1,94.71,5.38
3371,1973,43,1,137.44,15.71
3372,1973,69,1,33.1,3.42
3373,1974,95,1,25.87,1.01
3374,1975,246,1,30.72,2.46
3375,1976,217,2,36.43,3.58
3376,1976,155,1,18.82,2.06
3377,1977,23,1,629.48,59.41
3378,1978,196,1,47.98,1.86
3379,1979,120,1,44.88,4.66
3380,1980,217,1,36.43,1.49
3381,1981,15,1,114.86,5.76
3382,1982,129,1,858.28,97.02
3383,1983,62,1,19.26,0.58
3384,1983,86,1,124.98,5.3
3385,1983,14,2,94.71,6.83
3386,1984,174,1,8.1,0.41
3387,1985,145,1,366.49,25.07
3388,1985,14,1,94.71,7.55
3389,1986,234,1,17.93,1.98
3390,1987,18,1,17.37,1.29
3391,1987,231,1,80.77,3.3
3392,1988,50,1,44.06,3.1
3393,1989,109,1,151.47,15.43
3394,1989,76,1,52.37,4.15
3395,1990,113,1,29.13,3.15
3396,1991,86,1,124.98,6.64
3397,1992,180,1,209.32,10.3
3398,1993,199,1,5.9,0.38
3399,1994,135,1,212.24,20.95
3400,1995,40,1,97.22,6.4
3401,1995,155,1,18.82,1.36
3402,1996,236,1,326.99,22.67
3403,1996,6,1,251.86,23.2
3404,1996,83,3,9.7,0.51
3405,1996,219,1,66.09,7.04
3406,1997,70,1,41.53,2.45
3407,1998,35,1,76.68,4.98
3408,1999,185,2,647.11,40.61
3409,1999,143,1,180.32,21.3
3410,2000,47,1,18.06,1.0
3411,2000,33,3,30.54,1.5
3412,2000,147,2,81.1,7.89
3413,2000,52,1,30.53,1.23
3414,2001,27,1,852.23,47.7
3415,2001,197,1,235.87,25.23
3416,2002,77,1,170.84,9.76
3417,2003,219,1,66.09,6.82
3418,2003,159,1,124.76,7.3
3419,2003,71,1,179.59,9.08
3420,2004,4,1,95.98,6.99
3421,2005,186,1,66.12,3.71
3422,2006,202,1,130.75,14.13
3423,2006,30,1,58.74,5.01
3424,2007,124,1,434.69,34.56
3425,2008,93,1,25.75,2.81
3426,2009,17,1,29.84,2.96
3427,2010,133,1,37.44,4.01
3428,2010,211,1,22.6,0.93
3429,2011,21,1,285.75,28.24
3430,2012,221,3,80.15,7.96
3431,2013,157,1,234.71,9.87
3432,2013,27,1,852.23,70.99
3433,2013,211,2,22.6,2.23
3434,2013,241,3,40.34,3.02
3435,2014,128,1,13.41,0.86
3436,2015,118,1,13.3,0.59
3437,2016,243,1,83.89,8.46
3438,2016,186,1,66.12,4.57
3439,2017,172,1,356.67,35.52
3440,2017,250,1,583.02,42.08
3441,2018,73,1,85.1,2.76
3442,2019,205,1,172.47,7.08
3443,2019,114,1,164.19,10.6
3444,2020,204,1,103.62,12.39
3445,2021,102,1,683.61,26.52
3446,2022,129,2,858.28,85.72
3447,2023,164,1,31.65,2.38
3448,2024,123,1,10.31,0.36
3449,2025,227,1,49.54,4.54
3450,2025,175,1,16.15,1.07
3451,2025,226,1,134.28,5.81
3452,2026,250,1,583.02,69.81
3453,2027,202,1,130.75,4.04
3454,2027,189,1,150.51,13.36
3455,2028,75,1,553.99,63.77
3456,2028,228,1,95.03,10.2
3457,2028,189,3,150.51,14.08
3458,2029,136,1,763.13,55.58
3459,2029,125,1,111.51,10.29
3460,2030,232,1,155.86,10.72
3461,2031,246,1,30.72,2.05
3462,2032,43,1,137.44,15.48
3463,2032,94,1,33.91,2.61
3464,2033,64,1,191.61,6.74
3465,2034,199,1,5.9,0.18
3466,2034,135,1,212.24,21.42
3467,2035,211,1,22.6,1.08
3468,2035,59,1,105.0,7.1
3469,2036,122,1,69.41,4.76
3470,2036,132,1,74.95,3.98
3471,2036,98,1,25.53,0.79
3472,2036,35,1,76.68,3.62
3473,2037,21,1,285.75,10.06
3474,2037,190,1,239.32,17.38
3475,2037,106,1,27.76,2.32
3476,2037,90,1,11.62,0.83
3477,2038,45,1,30.04,2.08
3478,2039,97,1,244.48,13.05
3479,2039,41,1,63.66,6.75
3480,2039,131,1,203.22,14.82
3481,2040,207,1,51.95,2.52
3482,2040,235,1,75.26,2.66
3483,2040,134,1,140.62,6.45
3484,2041,237,1,10.34,0.41
3485,2041,37,1,136.42,13.44
3486,2042,3,1,51.08,5.61
3487,2043,103,1,1102.59,129.21
3488,2043,229,1,16.22,0.64
3489,2043,174,2,8.1,0.36
3490,2044,187,1,95.65,6.07
3491,2045,137,1,112.97,9.02
3492,2045,133,1,37.44,1.23
3493,2046,92,1,1151.64,35.36
3494,2047,243,1,83.89,9.3
3495,2048,228,1,95.03,3.67
3496,2049,16,1,90.17,5.93
3497,2050,232,1,155.86,10.6
3498,2050,249,1,52.62,1.7
3499,2051,2,1,120.72,12.38
3500,2052,139,1,488.45,53.7
3501,2052,108,1,3.52,0.32
3502,2052,131,1,203.22,23.31
3503,2053,158,1,19.01,1.28
3504,2054,21,1,285.75,23.43
3505,2055,117,1,45.11,3.64
3506,2056,22,1,412.18,12.56
3507,2057,182,1,19.48,1.04
3508,2057,25,1,28.3,1.25
3509,2058,197,1,235.87,19.89
3510,2058,181,1,14.39,1.39
3511,2059,238,2,115.34,10.73
3512,2060,35,1,76.68,8.24
3513,2060,89,1,179.88,7.99
3514,2061,189,1,150.51,13.35
3515,2061,71,1,179.59,10.21
3516,2062,43,1,137.44,14.4
3517,2063,87,1,391.01,23.38
3518,2064,52,1,30.53,2.44
3519,2065,142,1,230.98,12.43
3520,2065,68,1,38.67,3.77
3521,2066,57,1,185.85,5.59
3522,2066,162,1,6.54,0.7
3523,2067,146,1,98.43,6.66
3524,2068,5,1,88.33,4.0
3525,2069,6,1,251.86,21.04
3526,2070,133,1,37.44,4.1
3527,2071,232,1,155.86,12.28
3528,2071,169,1,69.98,7.86
3529,2072,179,1,246.47,28.63
3530,2073,7,1,136.48,7.1
3531,2074,176,1,199.66,20.46
3532,2074,189,1,150.51,9.18
3533,2075,75,1,553.99,60.73
3534,2076,113,1,29.13,2.96
3535,2076,36,1,55.53,5.08
3536,2077,101,1,8.28,0.85
3537,2078,104,1,82.65,3.92
3538,2078,235,1,75.26,7.51
3539,2079,124,2,434.69,28.46
3540,2079,132,1,74.95,3.35
3541,2079,220,1,669.86,45.82
3542,2080,32,1,17.9,1.45
3543,2081,86,1,124.98,13.1
3544,2082,203,1,67.83,3.02
3545,2083,243,1,83.89,5.48
3546,2084,175,1,16.15,0.68
3547,2085,53,1,270.94,17.92
3548,2086,48,1,93.17,5.91
3549,2087,60,1,85.87,7.18
3550,2088,47,1,18.06,2.01
3551,2089,250,1,583.02,26.98
3552,2089,200,1,16.92,1.19
3553,2090,212,1,619.34,31.52
3554,2091,63,1,555.18,32.57
3555,2092,94,1,33.91,1.79
3556,2092,196,1,47.98,1.88
3557,2093,219,1,66.09,2.7
3558,2093,142,1,230.98,23.74
3559,2093,224,1,6.63,0.34
3560,2093,28,1,164.02,4.99
3561,2094,230,1,231.23,25.14
3562,2095,86,1,124.98,4.94
3563,2096,107,1,87.92,5.44
3564,2097,81,2,44.98,4.47
3565,2098,19,1,11.93,0.47
3566,2099,64,1,191.61,20.43
3567,2099,127,1,82.05,6.04
3568,2099,18,1,17.37,1.45
3569,2100,112,1,335.91,39.52
3570,2100,213,3,31.81,2.03
3571,2100,4,1,95.98,9.28
3572,2101,179,1,246.47,19.49
3573,2101,53,1,270.94,25.4
3574,2102,55,2,167.62,19.09
3575,2102,220,1,669.86,67.8
3576,2103,179,1,246.47,27.97
3577,2104,108,3,3.52,0.26
3578,2105,209,3,115.41,12.08
3579,2106,36,1,55.53,4.61
3580,2107,211,1,22.6,1.41
3581,2108,6,1,251.86,18.15
3582,2108,83,1,9.7,0.76
3583,2109,201,1,68.19,7.47
3584,2110,121,1,272.89,21.14
3585,2111,235,1,75.26,8.85
3586,2112,97,1,244.48,16.24
3587,2112,67,1,53.0,2.41
3588,2112,77,2,170.84,16.5
3589,2113,161,1,84.35,6.97
3590,2114,228,2,95.03,10.75
3591,2115,212,1,619.34,62.38
3592,2116,129,1,858.28,39.93
3593,2116,2,1,120.72,7.43
3594,2116,225,1,59.74,5.85
3595,2117,87,1,391.01,17.64
3596,2117,193,1,286.41,31.35
3597,2118,23,1,629.48,29.58
3598,2119,66,1,27.73,1.06
3599,2119,86,1,124.98,14.39
3600,2119,147,1,81.1,8.22
3601,2120,143,1,180.32,14.66
3602,2120,25,1,28.3,1.29
3603,2121,64,1,191.61,17.05
3604,2121,234,3,17.93,1.17
3605,2122,26,1,16.21,1.08
3606,2122,15,1,114.86,3.45
3607,2122,221,1,80.15,9.03
3608,2123,53,1,270.94,18.62
3609,2124,75,1,553.99,18.58
3610,2125,142,1,230.98,7.97
3611,2126,206,1,760.6,48.2
3612,2126,95,1,25.87,1.24
3613,2127,105,1,262.49,27.63
3614,2127,61,1,30.27,1.16
3615,2128,6,1,251.86,23.31
3616,2129,141,1,483.07,34.55
3617,2130,192,1,82.67,5.46
3618,2130,32,1,17.9,2.02
3619,2131,21,1,285.75,30.95
3620,2131,158,1,19.01,1.24
3621,2132,43,1,137.44,4.31
3622,2133,225,1,59.74,3.25
3623,2133,32,1,17.9,0.68
3624,2134,227,1,49.54,1.98
3625,2134,23,1,629.48,74.58
3626,2134,86,1,124.98,13.72
3627,2135,228,1,95.03,8.35
3628,2135,141,1,483.07,48.95
3629,2136,202,1,130.75,5.54
3630,2136,173,1,57.93,2.78
3631,2137,102,1,683.61,27.66
3632,2137,12,1,94.84,9.24
3633,2137,5,1,88.33,6.3
3634,2138,210,1,56.9,4.15
3635,2138,235,1,75.26,5.1
3636,2139,202,1,130.75,6.38
3637,2139,82,1,53.33,2.8
3638,2140,203,1,67.83,7.99
3639,2141,63,1,555.18,33.03
3640,2141,151,1,116.4,7.06
3641,2142,172,1,356.67,37.53
3642,2142,43,1,137.44,10.24
3643,2143,83,1,9.7,0.9
3644,2143,38,1,147.17,4.96
3645,2144,247,3,31.51,1.82
3646,2145,191,1,39.7,1.97
3647,2146,235,1,75.26,5.65
3648,2146,222,1,22.72,1.48
3649,2147,155,1,18.82,1.17
3650,2147,198,1,52.95,2.99
3651,2148,112,1,335.91,22.71
3652,2149,73,1,85.1,4.07
3653,2150,24,1,89.79,2.79
3654,2151,102,1,683.61,34.48
3655,2152,208,1,113.76,13.07
3656,2153,121,1,272.89,26.02
3657,2153,229,1,16.22,0.83
3658,2154,250,1,583.02,58.47
3659,2154,181,1,14.39,1.05
3660,2154,73,1,85.1,3.15
3661,2155,134,3,140.62,14.93
3662,2156,33,1,30.54,2.17
3663,2156,72,1,112.92,13.11
3664,2157,157,1,234.71,8.12
3665,2158,198,1,52.95,5.61
3666,2159,210,1,56.9,6.3
3667,2160,46,1,645.92,42.87
3668,2161,199,1,5.9,0.53
3669,2161,104,1,82.65,9.04
3670,2161,129,2,858.28,32.48
3671,2161,146,1,98.43,6.26
3672,2162,75,2,553.99,63.41
3673,2162,237,1,10.34,0.45
3674,2162,110,1,759.15,55.25
3675,2163,197,1,235.87,23.57
3676,2163,122,1,69.41,4.01
3677,2164,147,1,81.1,5.24
3678,2164,91,1,56.23,3.15
3679,2164,122,1,69.41,3.56
3680,2164,189,1,150.51,10.09
3681,2165,154,1,53.6,2.71
3682,2166,70,1,41.53,3.15
3683,2167,20,1,71.62,4.98
3684,2167,62,1,19.26,0.94
3685,2167,46,1,645.92,66.9
3686,2167,217,1,36.43,2.64
3687,2168,241,1,40.34,1.87
3688,2169,161,1,84.35,7.41
3689,2169,218,1,62.27,6.22
3690,2170,155,1,18.82,1.43
3691,2170,25,1,28.3,2.14
3692,2171,204,1,103.62,8.68
3693,2172,153,1,179.31,17.51
3694,2173,82,1,53.33,5.5
3695,2174,133,1,37.44,3.21
3696,2175,206,2,760.6,24.47
3697,2176,109,1,151.47,16.05
3698,2177,20,1,71.62,7.49
3699,2177,85,1,106.96,9.89
3700,2178,77,1,170.84,16.89
3701,2178,86,1,124.98,12.35
3702,2179,237,1,10.34,0.69
3703,2179,3,1,51.08,2.48
3704,2179,22,1,412.18,43.49
3705,2180,81,1,44.98,5.12
3706,2181,2,1,120.72,13.87
3707,2182,83,1,9.7,0.36
3708,2183,205,1,172.47,7.04
3709,2184,227,1,49.54,3.55
3710,2185,46,1,645.92,67.18
3711,2186,17,1,29.84,2.47
3712,2186,140,1,11.94,0.53
3713,2186,235,1,75.26,3.65
3714,2187,71,1,179.59,17.85
3715,2188,154,1,53.6,6.38
3716,2189,211,1,22.6,1.41
3717,2189,112,1,335.91,27.18
3718,2190,199,1,5.9,0.49
3719,2190,132,3,74.95,2.68
3720,2191,221,1,80.15,2.42
3721,2191,206,1,760.6,40.51
3722,2191,87,1,391.01,33.1
3723,2192,231,1,80.77,9.06
3724,2192,139,1,488.45,47.29
3725,2192,194,1,41.9,2.31
3726,2193,134,1,140.62,12.8
3727,2193,89,1,179.88,17.38
3728,2193,97,1,244.48,17.59
3729,2194,113,1,29.13,2.11
3730,2195,80,1,37.9,2.42
3731,2195,121,1,272.89,23.93
3732,2196,44,1,39.31,4.3
3733,2197,139,1,488.45,43.25
3734,2197,97,1,244.48,12.89
3735,2197,180,1,209.32,20.83
3736,2198,227,1,49.54,3.76
3737,2199,124,1,434.69,49.8
3738,2199,7,1,136.48,13.61
3739,2199,9,1,82.19,3.31
3740,2200,74,1,35.45,3.08
3741,2200,179,1,246.47,8.34
3742,2201,1,1,826.88,71.62
3743,2201,189,2,150.51,4.94
3744,2201,65,1,165.64,14.52
3745,2201,212,1,619.34,66.86
3746,2202,178,1,1065.13,46.35
3747,2203,67,1,53.0,4.7
3748,2204,127,1,82.05,8.02
3749,2205,3,1,51.08,3.91
3750,2205,139,1,488.45,43.66
3751,2205,217,1,36.43,4.26
3752,2206,31,1,34.65,2.5
3753,2206,72,1,112.92,6.19
3754,2207,181,2,14.39,0.43
3755,2207,224,1,6.63,0.76
3756,2208,93,1,25.75,2.63
3757,2208,27,1,852.23,56.72
3758,2208,49,1,38.8,1.63
3759,2209,21,1,285.75,14.75
3760,2209,215,1,237.45,9.69
3761,2210,234,1,17.93,1.62
3762,2211,74,1,35.45,2.1
3763,2212,5,1,88.33,7.75
3764,2212,104,1,82.65,4.96
3765,2212,161,1,84.35,6.49
3766,2212,50,1,44.06,4.58
3767,2213,188,1,15.44,0.48
3768,2213,153,1,179.31,17.42
3769,2213,231,1,80.77,8.31
3770,2214,44,1,39.31,3.51
3771,2214,179,3,246.47,15.69
3772,2215,29,1,617.47,70.69
3773,2216,48,1,93.17,4.88
3774,2217,37,1,136.42,9.07
3775,2218,118,1,13.3,1.13
3776,2219,155,1,18.82,2.12
3777,2219,185,1,647.11,36.52
3778,2220,106,1,27.76,1.71
3779,2221,12,1,94.84,9.28
3780,2221,199,1,5.9,0.55
3781,2222,17,1,29.84,0.94
3782,2222,94,1,33.91,1.76
3783,2223,83,2,9.7,0.77
3784,2224,82,1,53.33,2.79
3785,2225,48,1,93.17,11.17
3786,2225,67,1,53.0,6.17
3787,2225,217,1,36.43,1.85
3788,2226,60,1,85.87,8.57
3789,2226,66,1,27.73,3.25
3790,2227,206,1,760.6,48.34
3791,2227,92,1,1151.64,66.72
3792,2227,235,1,75.26,7.79
3793,2227,163,1,20.16,2.36
3794,2228,29,1,617.47,21.33
3795,2229,170,1,527.03,40.69
3796,2229,57,1,185.85,8.66
3797,2229,84,1,54.94,6.4
3798,2230,71,1,179.59,12.13
3799,2231,225,1,59.74,3.99
3800,2231,104,1,82.65,3.89
3801,2231,234,1,17.93,1.09
3802,2231,102,1,683.61,58.06
3803,2232,37,1,136.42,11.5
3804,2232,79,2,47.16,5.45
3805,2233,40,1,97.22,9.49
3806,2234,124,1,434.69,31.19
3807,2235,210,1,56.9,1.77
3808,2236,159,1,124.76,4.29
3809,2236,138,1,45.06,5.19
3810,2236,171,1,100.35,10.3
3811,2237,134,3,140.62,8.36
3812,2238,237,1,10.34,0.39
3813,2238,79,2,47.16,5.62
3814,2239,124,1,434.69,24.37
3815,2240,127,1,82.05,3.55
3816,2241,67,1,53.0,5.13
3817,2241,165,1,6.2,0.56
3818,2242,174,2,8.1,0.4
3819,2242,213,2,31.81,1.29
3820,2243,135,1,212.24,12.51
3821,2243,120,1,44.88,4.99
3822,2243,171,1,100.35,10.63
3823,2243,237,1,10.34,0.75
3824,2244,119,1,69.61,6.13
3825,2244,118,1,13.3,1.4
3826,2244,151,1,116.4,7.51
3827,2245,45,1,30.04,3.36
3828,2246,104,1,82.65,3.84
3829,2247,29,1,617.47,70.34
3830,2247,104,1,82.65,9.87
3831,2247,154,1,53.6,3.67
3832,2248,75,1,553.99,44.48
3833,2249,89,1,179.88,20.31
3834,2249,163,2,20.16,2.38
3835,2250,105,1,262.49,20.49
3836,2250,118,1,13.3,1.45
3837,2250,55,1,167.62,6.31
3838,2251,63,1,555.18,39.07
3839,2251,93,1,25.75,1.72
3840,2251,181,1,14.39,0.56
3841,2252,85,1,106.96,4.68
3842,2253,218,1,62.27,3.26
3843,2254,82,1,53.33,5.01
3844,2255,248,1,40.02,2.94
3845,2255,40,1,97.22,8.33
3846,2256,84,1,54.94,4.1
3847,2256,205,1,172.47,12.87
3848,2257,133,1,37.44,1.33
3849,2257,53,1,270.94,18.35
3850,2258,15,1,114.86,10.63
3851,2258,160,1,19.67,2.07
3852,2259,28,2,164.02,12.53
3853,2260,23,1,629.48,35.78
3854,2261,100,1,136.87,14.54
3855,2261,144,1,50.76,2.83
3856,2261,65,1,165.64,14.05
3857,2261,189,1,150.51,15.08
3858,2262,165,1,6.2,0.72
3859,2262,184,1,344.95,23.26
3860,2263,72,1,112.92,13.41
3861,2264,104,1,82.65,4.87
3862,2264,68,1,38.67,3.87
3863,2264,36,1,55.53,4.71
3864,2265,122,1,69.41,2.64
3865,2265,129,1,858.28,79.44
3866,2265,57,1,185.85,21.65
3867,2265,89,1,179.88,8.09
3868,2266,61,1,30.27,1.87
3869,2266,121,1,272.89,12.92
3870,2267,58,1,7.39,0.56
3871,2267,69,1,33.1,2.02
3872,2268,35,1,76.68,8.48
3873,2269,127,3,82.05,7.4
3874,2270,241,1,40.34,3.56
3875,2271,136,1,763.13,23.67
3876,2271,13,2,31.08,1.62
3877,2272,101,1,8.28,0.91
3878,2272,18,1,17.37,0.7
3879,2273,55,1,167.62,18.95
3880,2274,191,1,39.7,4.06
3881,2275,175,1,16.15,1.06
3882,2276,10,1,26.93,1.71
3883,2277,111,2,97.83,11.29
3884,2278,3,1,51.08,4.02
3885,2278,92,1,1151.64,50.26
3886,2278,212,1,619.34,36.51
3887,2279,9,1,82.19,4.56
3888,2279,161,1,84.35,5.85
3889,2280,71,1,179.59,17.04
3890,2281,216,1,194.01,23.03
3891,2281,72,1,112.92,6.44
3892,2281,212,1,619.34,65.96
3893,2282,52,1,30.53,2.26
3894,2283,114,1,164.19,19.59
3895,2283,186,1,66.12,2.24
3896,2284,126,1,25.06,2.33
3897,2285,224,1,6.63,0.72
3898,2285,47,1,18.06,0.67
3899,2285,45,1,30.04,1.44
3900,2285,151,2,116.4,12.46
3901,2286,127,2,82.05,3.17
3902,2286,242,1,135.54,10.62
3903,2286,200,1,16.92,1.35
3904,2287,97,1,244.48,12.64
3905,2288,228,1,95.03,6.3
3906,2289,209,1,115.41,10.44
3907,2290,245,1,178.52,10.39
3908,2291,181,1,14.39,1.05
3909,2292,100,1,136.87,13.05
3910,2292,72,1,112.92,13.13
3911,2293,142,1,230.98,25.54
3912,2293,67,1,53.0,1.97
3913,2293,100,1,136.87,13.35
3914,2293,60,1,85.87,4.81
3915,2294,87,1,391.01,23.66
3916,2294,174,3,8.1,0.42
3917,2295,120,1,44.88,1.88
3918,2296,82,1,53.33,5.24
3919,2297,234,1,17.93,0.91
3920,2298,95,1,25.87,2.02
3921,2298,204,2,103.62,3.26
3922,2298,176,1,199.66,12.71
3923,2299,137,1,112.97,5.59
3924,2299,60,2,85.87,5.58
3925,2300,86,2,124.98,6.41
3926,2300,98,1,25.53,1.68
3927,2301,164,1,31.65,1.32
3928,2302,11,2,685.7,59.65
3929,2302,194,3,41.9,2.26
3930,2303,52,1,30.53,2.53
3931,2303,27,2,852.23,26.41
3932,2304,235,1,75.26,8.95
3933,2305,16,1,90.17,3.87
3934,2305,10,1,26.93,1.14
3935,2306,121,1,272.89,13.1
3936,2306,165,1,6.2,0.71
3937,2306,150,1,43.62,4.28
3938,2307,50,1,44.06,3.69
3939,2307,15,1,114.86,5.84
3940,2307,189,1,150.51,6.03
3941,2308,245,1,178.52,6.15
3942,2309,228,1,95.03,10.23
3943,2309,221,1,80.15,5.75
3944,2309,40,1,97.22,10.94
3945,2309,76,1,52.37,6.04
3946,2310,3,1,51.08,6.04
3947,2311,73,1,85.1,4.74
3948,2312,135,1,212.24,11.82
3949,2312,22,1,412.18,24.58
3950,2312,213,1,31.81,2.43
3951,2313,39,1,136.95,11.88
3952,2313,101,1,8.28,0.34
3953,2314,94,1,33.91,2.09
3954,2314,164,1,31.65,1.55
3955,2315,32,1,17.9,2.12
3956,2315,241,1,40.34,1.78
3957,2316,37,1,136.42,5.61
3958,2316,156,1,99.5,8.51
3959,2316,203,1,67.83,2.35
3960,2316,227,1,49.54,4.6
3961,2317,7,1,136.48,14.05
3962,2317,77,1,170.84,18.05
3963,2318,142,1,230.98,7.15
3964,2318,169,1,69.98,4.93
3965,2319,93,1,25.75,0.81
3966,2319,120,1,44.88,2.14
3967,2320,53,1,270.94,17.03
3968,2320,219,1,66.09,2.41
3969,2321,228,1,95.03,6.62
3970,2322,212,1,619.34,46.29
3971,2322,240,1,694.84,26.72
3972,2323,205,1,172.47,14.05
3973,2323,246,1,30.72,1.95
3974,2323,235,1,75.26,3.47
3975,2324,68,1,38.67,2.3
3976,2325,233,1,339.7,21.67
3977,2325,207,1,51.95,2.79
3978,2326,89,1,179.88,16.41
3979,2327,191,1,39.7,2.33
3980,2327,40,1,97.22,6.94
3981,2328,190,1,239.32,20.9
3982,2328,136,1,763.13,59.4
3983,2329,51,1,71.14,3.51
3984,2330,74,1,35.45,1.81
3985,2330,45,1,30.04,3.28
3986,2330,115,1,27.12,2.56
3987,2331,86,1,124.98,8.2
3988,2332,207,1,51.95,5.17
3989,2333,156,1,99.5,10.16
3990,2333,116,2,53.02,2.01
3991,2334,90,1,11.62,0.94
3992,2335,25,1,28.3,2.09
3993,2336,179,1,246.47,18.02
3994,2337,230,1,231.23,18.71
3995,2338,230,1,231.23,10.81
3996,2339,71,1,179.59,17.72
3997,2339,174,1,8.1,0.84
3998,2340,170,1,527.03,45.09
3999,2341,27,1,852.23,59.26
4000,2342,121,1,272.89,25.89
4001,2342,23,1,629.48,68.03
4002,2342,149,1,71.93,6.38
4003,2343,129,1,858.28,70.18
4004,2344,89,1,179.88,15.38
4005,2345,176,1,199.66,11.26
4006,2346,27,1,852.23,30.98
4007,2347,183,1,101.22,3.12
4008,2348,129,1,858.28,51.1
4009,2348,75,1,553.99,30.02
4010,2349,12,1,94.84,5.61
4011,2350,240,1,694.84,80.84
4012,2351,56,1,38.8,4.6
4013,2352,197,1,235.87,28.15
4014,2353,53,1,270.94,19.09
4015,2353,187,1,95.65,6.89
4016,2353,16,1,90.17,4.36
4017,2354,158,1,19.01,1.26
4018,2355,160,1,19.67,0.6
4019,2356,27,1,852.23,86.74
4020,2356,124,1,434.69,26.15
4021,2357,63,1,555.18,23.41
4022,2358,187,1,95.65,9.68
4023,2359,189,1,150.51,8.18
4024,2360,142,1,230.98,17.46
4025,2360,220,1,669.86,45.9
4026,2360,119,1,69.61,4.72
4027,2361,161,1,84.35,2.64
4028,2362,88,1,2.59,0.27
4029,2362,172,1,356.67,31.96
4030,2362,68,1,38.67,2.4
4031,2363,57,1,185.85,17.77
4032,2364,10,2,26.93,2.25
4033,2365,158,1,19.01,2.15
4034,2366,53,1,270.94,19.94
4035,2366,129,1,858.28,70.11
4036,2367,43,1,137.44,13.89
4037,2367,109,2,151.47,8.06
4038,2367,154,1,53.6,6.02
4039,2367,219,1,66.09,4.99
4040,2368,85,1,106.96,11.04
4041,2369,135,1,212.24,21.66
4042,2370,155,1,18.82,1.88
4043,2370,160,1,19.67,1.36
4044,2371,176,1,199.66,10.61
4045,2372,77,1,170.84,16.17
4046,2372,155,1,18.82,1.56
4047,2373,45,1,30.04,2.69
4048,2374,147,1,81.1,6.54
4049,2375,118,1,13.3,1.24
4050,2376,74,1,35.45,3.29
4051,2376,41,1,63.66,7.18
4052,2376,154,1,53.6,2.4
4053,2377,237,1,10.34,0.96
4054,2377,203,1,67.83,3.89
4055,2378,13,1,31.08,1.89
4056,2378,185,1,647.11,61.06
4057,2379,70,1,41.53,4.41
4058,2379,102,3,683.61,68.15
4059,2380,45,1,30.04,2.32
4060,2380,3,1,51.08,4.04
4061,2380,44,1,39.31,2.89
4062,2380,221,1,80.15,4.78
4063,2381,249,1,52.62,4.05
4064,2382,22,1,412.18,39.2
4065,2383,187,1,95.65,6.32
4066,2383,45,1,30.04,2.17
4067,2384,126,1,25.06,1.63
4068,2384,129,1,858.28,83.92
4069,2384,212,1,619.34,36.67
4070,2385,56,1,38.8,3.15
4071,2386,147,1,81.1,9.52
4072,2387,65,1,165.64,10.86
4073,2388,158,3,19.01,1.55
4074,2389,180,1,209.32,8.77
4075,2390,20,1,71.62,6.87
4076,2390,121,1,272.89,25.0
4077,2391,38,1,147.17,13.23
4078,2391,1,2,826.88,63.71
4079,2391,236,1,326.99,21.54
4080,2392,42,1,145.78,5.68
4081,2392,212,1,619.34,72.43
4082,2393,224,1,6.63,0.2
4083,2394,43,1,137.44,13.86
4084,2395,131,3,203.22,18.59
4085,2396,109,1,151.47,8.03
4086,2397,133,1,37.44,2.0
4087,2398,34,1,127.18,14.49
4088,2399,192,1,82.67,5.5
4089,2399,247,3,31.51,2.46
4090,2399,198,3,52.95,3.62
4091,2400,220,1,669.86,72.38
4092,2400,28,1,164.02,15.7
4093,2400,34,1,127.18,9.0
4094,2401,110,1,759.15,83.03
4095,2401,68,1,38.67,2.2
4096,2402,77,1,170.84,15.01
4097,2402,18,1,17.37,0.62
4098,2403,186,1,66.12,5.62
4099,2403,35,1,76.68,5.99
4100,2404,100,1,136.87,7.42
4101,2405,250,1,583.02,60.71
4102,2406,31,1,34.65,1.46
4103,2406,153,1,179.31,9.78
4104,2406,164,1,31.65,3.77
4105,2407,40,1,97.22,6.32
4106,2408,75,1,553.99,62.21
4107,2408,204,1,103.62,7.44
4108,2409,77,1,170.84,12.69
4109,2410,77,1,170.84,10.07
4110,2410,245,1,178.52,15.64
4111,2411,105,1,262.49,8.32
4112,2411,165,1,6.2,0.37
4113,2412,75,2,553.99,23.62
4114,2413,181,1,14.39,1.23
4115,2414,206,1,760.6,82.5
4116,2415,123,1,10.31,0.64
4117,2416,145,2,366.49,20.24
4118,2416,89,1,179.88,19.02
4119,2417,4,1,95.98,3.23
4120,2417,21,2,285.75,11.05
4121,2418,237,1,10.34,0.58
4122,2418,126,1,25.06,1.74
4123,2419,18,1,17.37,1.0
4124,2419,64,2,191.61,14.6
4125,2420,190,1,239.32,18.44
4126,2420,94,1,33.91,1.5
4127,2421,97,2,244.48,23.94
4128,2421,117,1,45.11,1.88
4129,2422,227,1,49.54,4.59
4130,2423,58,3,7.39,0.5
4131,2424,75,1,553.99,18.17
4132,2425,59,1,105.0,9.03
4133,2425,200,1,16.92,0.93
4134,2425,199,1,5.9,0.42
4135,2426,181,1,14.39,0.7
4136,2426,183,2,101.22,10.77
4137,2426,189,1,150.51,10.52
4138,2426,186,1,66.12,6.15
4139,2427,215,1,237.45,21.17
4140,2428,177,1,81.05,3.1
4141,2428,184,1,344.95,35.56
4142,2429,225,1,59.74,4.7
4143,2429,213,1,31.81,1.38
4144,2430,27,1,852.23,88.59
4145,2431,234,1,17.93,1.5
4146,2432,165,1,6.2,0.26
4147,2433,176,1,199.66,8.13
4148,2433,66,1,27.73,2.39
4149,2433,32,1,17.9,2.06
4150,2434,57,1,185.85,13.46
4151,2434,55,1,167.62,17.51
4152,2435,15,1,114.86,11.96
4153,2436,62,1,19.26,1.68
4154,2437,86,1,124.98,12.86
4155,2437,164,1,31.65,3.75
4156,2438,60,1,85.87,7.42
4157,2438,99,1,14.4,1.01
4158,2438,45,1,30.04,2.24
4159,2438,32,1,17.9,1.04
4160,2439,29,1,617.47,53.22
4161,2440,228,1,95.03,7.25
4162,2440,142,1,230.98,14.26
4163,2441,75,1,553.99,44.43
4164,2442,124,1,434.69,37.58
4165,2442,36,1,55.53,2.5
4166,2442,193,1,286.41,29.9
4167,2443,106,1,27.76,2.21
4168,2443,33,1,30.54,2.13
4169,2443,180,1,209.32,10.15
4170,2443,193,1,286.41,9.18
4171,2444,162,1,6.54,0.24
4172,2445,161,1,84.35,3.4
4173,2446,161,1,84.35,7.33
4174,2446,201,1,68.19,4.09
4175,2447,25,1,28.3,1.24
4176,2448,211,1,22.6,1.99
4177,2448,133,1,37.44,3.98
4178,2449,109,3,151.47,15.66
4179,2449,237,1,10.34,0.33
4180,2450,120,1,44.88,4.24
4181,2451,75,2,553.99,39.29
4182,2452,161,1,84.35,6.74
4183,2452,109,1,151.47,9.83
4184,2453,53,1,270.94,30.2
4185,2453,118,3,13.3,1.01
4186,2454,153,1,179.31,19.94
4187,2454,143,1,180.32,20.36
4188,2454,250,1,583.02,30.22
4189,2454,148,3,101.97,5.96
4190,2455,71,1,179.59,15.31
4191,2456,65,1,165.64,10.25
4192,2457,187,1,95.65,9.24
4193,2457,179,1,246.47,24.38
4194,2458,89,1,179.88,10.73
4195,2458,157,1,234.71,20.39
4196,2459,78,1,180.73,20.14
4197,2459,29,1,617.47,38.39
4198,2460,155,2,18.82,1.37
4199,2460,98,1,25.53,2.15
4200,2460,8,1,6.03,0.66
4201,2461,160,1,19.67,0.67
4202,2461,227,1,49.54,3.13
4203,2462,87,1,391.01,22.69
4204,2463,164,1,31.65,3.57
4205,2464,209,1,115.41,13.62
4206,2464,143,1,180.32,18.28
4207,2465,210,1,56.9,6.78
4208,2466,20,1,71.62,6.03
4209,2467,38,1,147.17,16.05
4210,2468,189,1,150.51,16.35
4211,2469,171,1,100.35,5.42
4212,2469,205,1,172.47,11.79
4213,2470,213,3,31.81,3.75
4214,2471,3,1,51.08,5.3
4215,2472,32,1,17.9,0.64
4216,2473,88,1,2.59,0.19
4217,2473,76,1,52.37,5.15
4218,2474,151,1,116.4,9.59
4219,2474,87,1,391.01,29.26
4220,2475,135,1,212.24,19.15
4221,2476,191,2,39.7,1.56
4222,2476,245,1,178.52,11.68
4223,2477,171,1,100.35,8.11
4224,2478,16,1,90.17,8.08
4225,2479,132,2,74.95,3.43
4226,2479,139,1,488.45,18.63
4227,2479,74,1,35.45,3.79
4228,2480,121,1,272.89,23.58
4229,2480,154,1,53.6,2.83
4230,2481,127,1,82.05,9.45
4231,2482,120,1,44.88,4.77
4232,2482,157,1,234.71,22.02
4233,2482,135,3,212.24,13.79
4234,2483,125,1,111.51,6.93
4235,2483,173,2,57.93,3.22
4236,2484,55,2,167.62,16.2
4237,2485,185,1,647.11,23.12
4238,2486,197,1,235.87,8.71
4239,2486,204,1,103.62,9.3
4240,2486,72,1,112.92,7.5
4241,2487,177,1,81.05,4.09
4242,2488,139,2,488.45,45.38
4243,2489,52,1,30.53,1.47
4244,2489,51,1,71.14,5.25
4245,2490,60,1,85.87,8.84
4246,2491,76,1,52.37,4.57
4247,2492,57,1,185.85,19.16
4248,2493,153,1,179.31,17.1
4249,2493,65,1,165.64,13.69
4250,2494,225,1,59.74,6.58
4251,2494,81,1,44.98,3.03
4252,2495,69,1,33.1,2.12
4253,2496,35,1,76.68,8.87
4254,2496,184,1,344.95,10.39
4255,2497,169,1,69.98,3.85
4256,2497,209,1,115.41,11.89
4257,2498,97,1,244.48,22.3
4258,2498,189,1,150.51,17.77
4259,2499,72,1,112.92,4.12
4260,2500,127,1,82.05,6.55
4261,2500,189,1,150.51,16.59
4262,2501,179,1,246.47,26.57
4263,2502,21,1,285.75,16.4
4264,2502,105,1,262.49,27.11
4265,2503,120,3,44.88,1.46
4266,2503,179,1,246.47,11.04
4267,2504,33,1,30.54,1.75
4268,2504,231,1,80.77,5.3
4269,2505,102,1,683.61,70.56
4270,2506,16,1,90.17,8.8
4271,2507,195,1,45.11,4.53
4272,2507,31,1,34.65,2.15
4273,2507,62,1,19.26,2.15
4274,2508,203,1,67.83,6.66
4275,2509,212,1,619.34,66.0
4276,2509,77,1,170.84,9.16
4277,2510,144,1,50.76,5.76
4278,2511,88,1,2.59,0.3
4279,2512,62,1,19.26,1.84
4280,2512,169,1,69.98,8.26
4281,2512,23,1,629.48,66.01
4282,2512,228,1,95.03,9.54
4283,2513,58,2,7.39,0.49
4284,2513,46,3,645.92,27.56
4285,2513,238,1,115.34,9.0
4286,2514,26,1,16.21,1.59
4287,2514,194,1,41.9,4.86
4288,2515,41,1,63.66,6.1
4289,2515,45,1,30.04,2.78
4290,2515,97,1,244.48,15.56
4291,2516,205,3,172.47,10.72
4292,2517,245,1,178.52,13.81
4293,2517,18,1,17.37,1.25
4294,2518,99,1,14.4,1.57
4295,2519,192,1,82.67,4.6
4296,2519,13,1,31.08,2.17
4297,2520,145,1,366.49,17.4
4298,2521,6,3,251.86,8.73
4299,2521,147,1,81.1,3.16
4300,2522,28,1,164.02,9.53
4301,2523,126,3,25.06,1.32
4302,2523,177,1,81.05,5.59
4303,2523,222,1,22.72,1.78
4304,2524,179,1,246.47,25.11
4305,2525,235,1,75.26,6.42
4306,2525,157,2,234.71,15.6
4307,2525,192,1,82.67,6.38
4308,2526,142,1,230.98,24.37
4309,2527,212,1,619.34,26.54
4310,2527,53,1,270.94,18.56
4311,2528,105,1,262.49,9.58
4312,2529,185,1,647.11,62.69
4313,2530,200,1,16.92,0.59
4314,2531,200,1,16.92,1.84
4315,2532,37,1,136.42,8.1
4316,2533,221,1,80.15,7.75
4317,2533,86,1,124.98,4.83
4318,2533,42,1,145.78,14.72
4319,2534,63,1,555.18,21.81
4320,2535,188,1,15.44,0.66
4321,2536,124,1,434.69,21.09
4322,2536,144,1,50.76,4.9
4323,2537,219,1,66.09,2.2
4324,2538,158,1,19.01,0.89
4325,2538,136,1,763.13,34.99
4326,2539,22,1,412.18,15.91
4327,2540,222,1,22.72,2.23
4328,2541,135,1,212.24,17.37
4329,2542,219,1,66.09,5.06
4330,2542,35,1,76.68,8.89
4331,2542,234,1,17.93,0.73
4332,2543,43,1,137.44,8.27
4333,2544,196,1,47.98,2.37
4334,2545,148,1,101.97,8.65
4335,2546,181,1,14.39,1.19
4336,2547,124,1,434.69,42.2
4337,2547,163,1,20.16,1.93
4338,2547,86,1,124.98,10.31
4339,2548,176,2,199.66,18.03
4340,2549,76,1,52.37,4.27
4341,2549,18,2,17.37,1.52
4342,2549,249,1,52.62,3.29
4343,2550,152,1,343.16,22.8
4344,2551,79,1,47.16,5.58
4345,2551,43,1,137.44,9.12
4346,2551,7,2,136.48,14.09
4347,2552,27,1,852.23,84.17
4348,2553,201,1,68.19,7.4
4349,2553,246,1,30.72,2.33
4350,2553,221,1,80.15,6.87
4351,2554,229,1,16.22,1.18
4352,2555,10,1,26.93,2.87
4353,2556,124,1,434.69,43.46
4354,2557,231,1,80.77,7.65
4355,2558,34,1,127.18,10.46
4356,2559,109,1,151.47,16.55
4357,2560,242,1,135.54,7.11
4358,2561,46,1,645.92,63.27
4359,2561,95,1,25.87,1.68
4360,2562,209,1,115.41,6.98
4361,2563,209,3,115.41,13.16
4362,2564,235,1,75.26,8.57
4363,2564,129,1,858.28,50.77
4364,2565,95,1,25.87,1.54
4365,2565,186,1,66.12,6.44
4366,2566,238,1,115.34,7.54
4367,2567,230,1,231.23,19.22
4368,2567,193,1,286.41,14.69
4369,2567,54,1,387.71,32.86
4370,2568,87,1,391.01,26.34
4371,2568,135,1,212.24,13.14
4372,2569,62,1,19.26,1.26
4373,2569,15,1,114.86,11.53
4374,2570,97,1,244.48,12.72
4375,2571,169,1,69.98,4.49
4376,2572,73,1,85.1,4.65
4377,2573,107,2,87.92,9.79
4378,2574,24,1,89.79,4.92
4379,2575,196,3,47.98,5.67
4380,2576,1,1,826.88,81.98
4381,2577,180,1,209.32,12.37
4382,2577,122,2,69.41,3.82
4383,2578,24,1,89.79,5.83
4384,2578,99,1,14.4,1.34
4385,2579,45,1,30.04,2.52
4386,2579,19,1,11.93,0.85
4387,2580,82,1,53.33,5.92
4388,2581,36,1,55.53,5.77
4389,2582,72,1,112.92,4.5
4390,2582,80,1,37.9,3.33
4391,2582,143,1,180.32,16.81
4392,2583,230,1,231.23,16.51
4393,2583,189,1,150.51,12.92
4394,2584,49,1,38.8,3.55
4395,2585,219,1,66.09,5.55
4396,2586,64,2,191.61,11.78
4397,2587,99,1,14.4,1.44
4398,2587,147,1,81.1,4.24
4399,2588,105,1,262.49,25.86
4400,2588,163,1,20.16,0.75
4401,2589,142,1,230.98,16.83
4402,2589,94,1,33.91,3.05
4403,2589,62,1,19.26,2.02
4404,2590,12,1,94.84,9.63
4405,2591,98,1,25.53,2.6
4406,2592,24,1,89.79,9.68
4407,2593,153,1,179.31,21.42
4408,2594,51,1,71.14,2.2
4409,2594,202,1,130.75,7.25
4410,2594,208,1,113.76,10.11
4411,2595,230,1,231.23,7.93
4412,2595,73,1,85.1,4.94
4413,2596,72,1,112.92,8.77
4414,2597,157,3,234.71,15.58
4415,2598,209,1,115.41,9.72
4416,2598,124,1,434.69,22.68
4417,2598,226,1,134.28,5.77
4418,2599,196,1,47.98,3.61
4419,2599,46,1,645.92,62.55
4420,2599,154,1,53.6,3.2
4421,2599,189,1,150.51,12.01
4422,2600,198,1,52.95,2.53
4423,2600,151,1,116.4,7.95
4424,2600,85,1,106.96,9.9
4425,2600,8,1,6.03,0.49
4426,2601,235,1,75.26,3.65
4427,2602,150,2,43.62,4.4
4428,2603,153,1,179.31,8.66
4429,2603,206,1,760.6,32.08
4430,2603,158,1,19.01,1.78
4431,2604,61,1,30.27,1.73
4432,2605,117,1,45.11,3.61
4433,2606,7,1,136.48,5.72
4434,2607,24,1,89.79,10.04
4435,2607,138,1,45.06,5.14
4436,2608,163,1,20.16,1.47
4437,2609,102,1,683.61,73.43
4438,2609,32,1,17.9,0.84
4439,2610,33,1,30.54,3.44
4440,2610,109,2,151.47,11.35
4441,2611,166,1,30.99,1.27
4442,2612,63,1,555.18,48.7
4443,2612,212,1,619.34,25.21
4444,2613,141,1,483.07,24.82
4445,2614,129,1,858.28,51.35
4446,2614,61,1,30.27,2.03
4447,2615,139,1,488.45,17.57
4448,2616,80,1,37.9,4.54
4449,2617,98,1,25.53,1.48
4450,2617,218,1,62.27,2.29
4451,2617,17,1,29.84,1.27
4452,2618,183,1,101.22,9.6
4453,2618,179,1,246.47,8.84
4454,2619,101,1,8.28,0.77
4455,2619,59,1,105.0,5.76
4456,2620,217,1,36.43,3.07
4457,2621,61,1,30.27,0.99
4458,2622,93,1,25.75,1.82
4459,2623,79,1,47.16,2.96
4460,2624,29,1,617.47,53.99
4461,2625,211,1,22.6,0.95
4462,2625,180,1,209.32,18.59
4463,2625,100,1,136.87,9.1
4464,2626,144,1,50.76,1.63
4465,2626,71,2,179.59,6.08
4466,2627,223,1,155.25,16.38
4467,2628,155,1,18.82,2.18
4468,2628,211,1,22.6,1.53
4469,2628,98,1,25.53,1.18
4470,2628,83,1,9.7,0.33
4471,2629,202,1,130.75,14.24
4472,2630,220,1,669.86,52.74
4473,2631,231,1,80.77,3.41
4474,2631,247,1,31.51,1.34
4475,2632,162,1,6.54,0.62
4476,2632,197,1,235.87,9.66
4477,2632,77,1,170.84,18.5
4478,2632,109,1,151.47,13.54
4479,2633,127,1,82.05,3.8
4480,2634,206,1,760.6,41.83
4481,2635,29,1,617.47,38.41
4482,2635,174,1,8.1,0.68
4483,2635,158,1,19.01,1.59
4484,2636,10,1,26.93,2.57
4485,2636,161,1,84.35,6.74
4486,2637,214,1,211.86,23.32
4487,2638,158,1,19.01,1.71
4488,2638,157,1,234.71,24.49
4489,2638,189,1,150.51,17.33
4490,2639,228,1,95.03,4.26
4491,2640,217,1,36.43,2.04
4492,2641,212,1,619.34,73.24
4493,2642,153,1,179.31,5.85
4494,2642,15,1,114.86,13.02
4495,2642,243,1,83.89,2.65
4496,2642,4,1,95.98,3.51
4497,2643,189,3,150.51,16.84
4498,2643,85,1,106.96,10.07
4499,2643,205,1,172.47,10.29
4500,2644,183,1,101.22,10.2
4501,2645,110,1,759.15,42.45
4502,2646,143,1,180.32,17.3
4503,2647,69,1,33.1,1.25
4504,2648,34,1,127.18,4.07
4505,2649,215,1,237.45,20.85
4506,2650,227,1,49.54,4.1
4507,2651,48,2,93.17,9.7
4508,2652,73,3,85.1,8.85
4509,2653,206,1,760.6,78.56
4510,2654,215,1,237.45,19.78
4511,2654,15,1,114.86,6.61
4512,2654,94,1,33.91,3.36
4513,2655,75,1,553.99,61.23
4514,2656,206,1,760.6,61.59
4515,2657,132,1,74.95,5.75
4516,2658,72,3,112.92,4.07
4517,2658,193,1,286.41,9.84
4518,2658,158,3,19.01,1.14
4519,2659,71,1,179.59,11.39
4520,2659,31,1,34.65,3.83
4521,2660,34,1,127.18,8.56
4522,2661,167,1,139.5,7.94
4523,2661,98,1,25.53,2.83
4524,2662,10,1,26.93,0.86
4525,2663,104,1,82.65,7.86
4526,2664,53,1,270.94,28.83
4527,2664,207,1,51.95,2.94
4528,2664,65,1,165.64,9.46
4529,2665,126,1,25.06,2.56
4530,2666,113,1,29.13,1.36
4531,2667,45,1,30.04,1.37
4532,2668,69,3,33.1,1.23
4533,2669,98,1,25.53,1.53
4534,2669,120,1,44.88,2.34
4535,2670,60,1,85.87,5.11
4536,2671,81,1,44.98,5.11
4537,2671,165,1,6.2,0.4
4538,2671,28,1,164.02,17.23
4539,2672,157,1,234.71,12.9
4540,2672,241,1,40.34,2.55
4541,2673,211,1,22.6,0.97
4542,2673,21,1,285.75,29.01
4543,2674,144,1,50.76,2.35
4544,2675,130,1,76.27,5.98
4545,2676,215,1,237.45,11.96
4546,2676,174,1,8.1,0.45
4547,2677,126,1,25.06,1.64
4548,2677,75,1,553.99,61.73
4549,2677,67,1,53.0,4.88
4550,2678,120,2,44.88,3.31
4551,2679,129,1,858.28,27.79
4552,2680,36,1,55.53,6.19
4553,2680,10,1,26.93,1.68
4554,2680,186,1,66.12,3.42
4555,2680,104,1,82.65,3.79
4556,2681,248,1,40.02,4.29
4557,2681,62,1,19.26,2.02
4558,2681,211,1,22.6,1.48
4559,2682,205,1,172.47,20.25
4560,2683,208,1,113.76,8.53
4561,2684,38,1,147.17,6.86
4562,2685,28,1,164.02,6.49
4563,2686,185,3,647.11,55.46
4564,2687,74,1,35.45,1.26
4565,2688,41,1,63.66,5.24
4566,2689,132,1,74.95,4.79
4567,2690,210,1,56.9,5.38
4568,2691,169,1,69.98,5.34
4569,2692,195,1,45.11,4.31
4570,2692,39,1,136.95,11.25
4571,2693,107,1,87.92,4.9
4572,2694,195,1,45.11,2.3
4573,2694,113,1,29.13,3.4
4574,2695,105,1,262.49,18.87
4575,2696,84,1,54.94,3.51
4576,2696,37,1,136.42,9.51
4577,2697,73,1,85.1,8.55
4578,2697,157,1,234.71,9.54
4579,2698,2,2,120.72,10.3
4580,2699,35,2,76.68,5.42
4581,2700,99,1,14.4,1.35
4582,2701,175,1,16.15,1.17
4583,2702,7,1,136.48,4.42
4584,2703,234,1,17.93,1.31
4585,2704,21,1,285.75,12.58
4586,2704,72,1,112.92,5.89
4587,2704,162,1,6.54,0.59
4588,2705,127,3,82.05,5.31
4589,2706,59,1,105.0,5.48
4590,2706,205,1,172.47,7.52
4591,2706,87,1,391.01,35.8
4592,2707,5,1,88.33,3.22
4593,2708,56,1,38.8,2.95
4594,2709,122,1,69.41,2.61
4595,2709,30,2,58.74,3.27
4596,2709,65,1,165.64,7.24
4597,2709,180,1,209.32,12.15
4598,2710,203,3,67.83,7.1
4599,2710,69,1,33.1,3.3
4600,2710,80,1,37.9,1.97
4601,2710,86,1,124.98,12.21
4602,2711,148,1,101.97,9.46
4603,2711,36,1,55.53,2.7
4604,2712,59,1,105.0,8.81
4605,2713,212,1,619.34,52.73
4606,2714,179,1,246.47,13.11
4607,2715,217,2,36.43,1.75
4608,2716,15,1,114.86,4.19
4609,2716,197,1,235.87,28.0
4610,2717,48,1,93.17,3.59
4611,2718,250,1,583.02,59.67
4612,2718,197,1,235.87,10.55
4613,2719,34,1,127.18,8.91
4614,2720,151,1,116.4,11.93
4615,2720,230,1,231.23,17.09
4616,2721,96,1,826.6,96.38
4617,2721,130,1,76.27,8.53
4618,2721,52,1,30.53,2.26
4619,2721,35,1,76.68,8.06
4620,2722,169,1,69.98,5.05
4621,2723,192,1,82.67,4.66
4622,2724,248,1,40.02,2.24
4623,2725,175,1,16.15,1.08
4624,2725,163,1,20.16,0.86
4625,2725,180,1,209.32,6.39
4626,2726,55,1,167.62,9.96
4627,2727,104,1,82.65,8.57
4628,2727,153,2,179.31,6.25
4629,2728,41,2,63.66,5.98
4630,2728,61,2,30.27,1.4
4631,2729,207,1,51.95,1.66
4632,2730,124,1,434.69,23.11
4633,2730,147,1,81.1,8.84
4634,2731,41,1,63.66,2.54
4635,2732,142,1,230.98,9.99
4636,2732,139,1,488.45,23.26
4637,2733,53,1,270.94,30.93
4638,2733,120,1,44.88,4.17
4639,2734,174,1,8.1,0.95
4640,2735,200,3,16.92,0.68
4641,2735,123,1,10.31,0.79
4642,2736,30,1,58.74,2.84
4643,2737,73,1,85.1,6.02
4644,2737,65,1,165.64,15.12
4645,2737,56,1,38.8,4.47
4646,2738,67,1,53.0,3.71
4647,2739,32,2,17.9,1.66
4648,2739,46,1,645.92,35.06
4649,2740,192,1,82.67,8.18
4650,2740,245,1,178.52,12.51
4651,2741,94,1,33.91,3.06
4652,2742,189,1,150.51,4.57
4653,2743,94,1,33.91,3.53
4654,2744,120,1,44.88,5.05
4655,2744,37,3,136.42,5.65
4656,2744,221,1,80.15,8.3
4657,2745,143,1,180.32,21.52
4658,2746,158,1,19.01,0.61
4659,2747,146,1,98.43,6.54
4660,2748,221,1,80.15,3.9
4661,2748,149,1,71.93,2.21
4662,2749,18,1,17.37,0.92
4663,2750,192,1,82.67,3.47
4664,2750,40,1,97.22,7.84
4665,2751,195,1,45.11,4.26
4666,2752,88,1,2.59,0.22
4667,2753,250,1,583.02,37.13
4668,2754,170,1,527.03,58.45
4669,2755,71,1,179.59,18.11
4670,2755,168,3,9.01,0.7
4671,2756,174,1,8.1,0.64
4672,2757,68,1,38.67,3.38
4673,2757,109,1,151.47,14.47
4674,2757,206,1,760.6,25.26
4675,2758,235,1,75.26,2.67
4676,2759,235,1,75.26,8.31
4677,2759,25,1,28.3,1.71
4678,2759,144,1,50.76,4.66
4679,2760,35,1,76.68,6.82
4680,2761,15,1,114.86,5.69
4681,2762,205,1,172.47,10.64
4682,2763,215,1,237.45,7.38
4683,2764,237,1,10.34,0.67
4684,2764,200,1,16.92,1.19
4685,2765,76,1,52.37,1.74
4686,2765,152,1,343.16,40.01
4687,2766,220,1,669.86,26.29
4688,2766,153,1,179.31,19.86
4689,2767,98,1,25.53,2.38
4690,2767,17,1,29.84,2.19
4691,2768,18,1,17.37,0.69
4692,2768,71,1,179.59,13.73
4693,2768,158,1,19.01,1.24
4694,2769,248,1,40.02,1.51
4695,2769,215,3,237.45,19.33
4696,2769,131,1,203.22,21.21
4697,2770,28,1,164.02,15.44
4698,2771,243,1,83.89,5.64
4699,2772,121,1,272.89,16.36
4700,2772,45,1,30.04,3.55
4701,2773,22,1,412.18,36.24
4702,2774,236,1,326.99,22.75
4703,2774,234,1,17.93,0.78
4704,2774,202,1,130.75,8.27
4705,2775,98,1,25.53,2.27
4706,2776,234,1,17.93,0.79
4707,2776,138,1,45.06,2.97
4708,2777,206,2,760.6,61.12
4709,2778,36,1,55.53,6.31
4710,2779,71,1,179.59,5.46
4711,2780,12,1,94.84,9.58
4712,2781,94,1,33.91,2.48
4713,2781,115,1,27.12,1.75
4714,2782,200,1,16.92,0.9
4715,2783,39,1,136.95,8.05
4716,2784,205,1,172.47,6.83
4717,2785,250,1,583.02,60.42
4718,2786,21,1,285.75,32.33
4719,2787,146,3,98.43,7.0
4720,2788,164,1,31.65,3.41
4721,2789,249,2,52.62,3.74
4722,2789,55,1,167.62,16.3
4723,2790,160,1,19.67,0.84
4724,2791,6,1,251.86,28.44
4725,2792,3,1,51.08,3.57
4726,2792,73,1,85.1,3.19
4727,2793,87,1,391.01,18.54
4728,2794,23,1,629.48,73.52
4729,2794,66,1,27.73,1.7
4730,2795,105,2,262.49,10.09
4731,2796,243,3,83.89,6.89
4732,2796,13,1,31.08,2.7
4733,2797,111,1,97.83,9.18
4734,2797,228,1,95.03,6.57
4735,2798,205,1,172.47,9.77
4736,2798,4,3,95.98,8.12
4737,2799,15,1,114.86,5.46
4738,2800,169,1,69.98,6.59
4739,2800,34,1,127.18,5.56
4740,2801,10,1,26.93,3.2
4741,2802,167,1,139.5,12.02
4742,2802,124,1,434.69,50.49
4743,2803,120,1,44.88,4.42
4744,2804,23,1,629.48,39.38
4745,2805,215,1,237.45,8.19
4746,2805,161,1,84.35,3.4
4747,2805,1,1,826.88,61.48
4748,2806,53,1,270.94,9.03
4749,2807,89,2,179.88,16.87
4750,2807,28,1,164.02,18.35
4751,2807,135,1,212.24,14.37
4752,2808,163,1,20.16,1.24
4753,2809,107,1,87.92,9.84
4754,2809,230,2,231.23,19.38
4755,2810,83,1,9.7,0.54
4756,2810,196,1,47.98,3.6
4757,2811,138,1,45.06,2.11
4758,2811,238,1,115.34,6.41
4759,2812,117,1,45.11,2.91
4760,2813,182,1,19.48,1.26
4761,2813,3,1,51.08,2.84
4762,2814,109,3,151.47,16.49
4763,2815,72,3,112.92,7.53
4764,2816,212,1,619.34,26.49
4765,2816,230,1,231.23,15.11
4766,2817,180,1,209.32,15.66
4767,2818,139,1,488.45,16.39
4768,2819,53,1,270.94,8.64
4769,2820,227,1,49.54,4.46
4770,2821,177,1,81.05,6.73
4771,2821,200,1,16.92,1.36
4772,2821,140,1,11.94,0.72
4773,2822,43,1,137.44,9.08
4774,2822,202,1,130.75,11.59
4775,2822,110,1,759.15,72.63
4776,2822,104,1,82.65,9.02
4777,2823,124,2,434.69,48.2
4778,2823,97,1,244.48,25.93
4779,2824,223,1,155.25,15.31
4780,2825,144,1,50.76,5.67
4781,2825,132,1,74.95,2.63
4782,2826,218,1,62.27,5.17
4783,2826,10,3,26.93,0.97
4784,2827,102,1,683.61,73.03
4785,2827,118,1,13.3,1.04
4786,2827,21,1,285.75,9.73
4787,2828,191,1,39.7,4.59
4788,2828,121,1,272.89,9.77
4789,2829,176,2,199.66,17.22
4790,2830,199,3,5.9,0.55
4791,2830,174,1,8.1,0.7
4792,2830,142,1,230.98,15.6
4793,2831,12,1,94.84,7.4
4794,2832,212,1,619.34,73.49
4795,2833,85,1,106.96,6.57
4796,2833,38,1,147.17,17.45
4797,2834,208,1,113.76,13.46
4798,2835,163,1,20.16,2.26
4799,2835,77,1,170.84,8.51
4800,2835,220,2,669.86,79.99
4801,2836,188,1,15.44,1.41
4802,2836,26,1,16.21,1.87
4803,2836,213,1,31.81,2.88
4804,2836,35,1,76.68,7.42
4805,2837,177,1,81.05,6.84
4806,2837,210,1,56.9,4.88
4807,2837,248,1,40.02,2.25
4808,2838,116,1,53.02,4.77
4809,2838,215,1,237.45,20.08
4810,2839,196,1,47.98,1.56
4811,2839,127,1,82.05,7.84
4812,2840,189,1,150.51,11.0
4813,2841,213,1,31.81,2.09
4814,2841,63,1,555.18,61.52
4815,2841,86,1,124.98,11.15
4816,2841,229,1,16.22,1.28
4817,2842,22,1,412.18,32.57
4818,2843,123,1,10.31,0.39
4819,2844,46,1,645.92,46.11
4820,2844,167,1,139.5,9.23
4821,2844,24,1,89.79,7.48
4822,2845,2,1,120.72,9.21
4823,2845,205,1,172.47,15.9
4824,2845,77,3,170.84,5.3
4825,2845,157,1,234.71,21.81
4826,2846,237,1,10.34,1.23
4827,2846,197,2,235.87,13.97
4828,2847,196,2,47.98,3.44
4829,2848,40,1,97.22,7.6
4830,2848,88,1,2.59,0.11
4831,2849,36,1,55.53,2.43
4832,2849,41,1,63.66,3.76
4833,2849,52,3,30.53,2.57
4834,2850,8,1,6.03,0.64
4835,2850,178,1,1065.13,119.39
4836,2850,58,1,7.39,0.47
4837,2850,203,1,67.83,6.56
4838,2851,184,1,344.95,39.57
4839,2852,88,1,2.59,0.1
4840,2852,94,1,33.91,3.91
4841,2853,82,1,53.33,2.5
4842,2854,3,1,51.08,5.93
4843,2854,45,1,30.04,3.23
4844,2854,130,1,76.27,8.24
4845,2854,50,1,44.06,2.71
4846,2855,208,1,113.76,10.05
4847,2856,27,1,852.23,28.59
4848,2857,11,1,685.7,64.91
4849,2858,60,1,85.87,7.51
4850,2859,224,3,6.63,0.7
4851,2860,98,1,25.53,2.21
4852,2861,37,1,136.42,6.5
4853,2862,86,1,124.98,10.88
4854,2862,120,2,44.88,1.6
4855,2863,82,1,53.33,2.42
4856,2864,60,1,85.87,7.55
4857,2864,248,2,40.02,2.44
4858,2864,98,1,25.53,3.05
4859,2864,203,1,67.83,3.02
4860,2865,63,1,555.18,27.19
4861,2865,46,1,645.92,26.3
4862,2865,10,1,26.93,2.17
4863,2866,241,1,40.34,3.53
4864,2867,108,1,3.52,0.39
4865,2867,18,1,17.37,1.54
4866,2868,98,2,25.53,1.6
4867,2869,188,1,15.44,1.59
4868,2870,126,1,25.06,2.47
4869,2871,146,1,98.43,11.47
4870,2871,65,1,165.64,10.45
4871,2872,178,1,1065.13,36.72
4872,2873,10,1,26.93,2.37
4873,2873,154,1,53.6,2.83
4874,2874,43,3,137.44,4.93
4875,2875,59,1,105.0,11.62
4876,2876,161,3,84.35,9.57
4877,2877,34,1,127.18,6.09
4878,2877,189,1,150.51,8.53
4879,2878,120,1,44.88,3.56
4880,2878,14,1,94.71,6.5
4881,2879,144,1,50.76,2.51
4882,2879,83,1,9.7,1.15
4883,2880,167,1,139.5,6.12
4884,2881,79,1,47.16,2.96
4885,2882,72,1,112.92,5.86
4886,2883,81,1,44.98,3.62
4887,2883,53,1,270.94,24.15
4888,2883,126,1,25.06,2.22
4889,2884,52,1,30.53,2.81
4890,2885,203,1,67.83,6.69
4891,2886,7,1,136.48,16.31
4892,2886,188,1,15.44,0.51
4893,2886,137,1,112.97,5.17
4894,2887,208,1,113.76,11.84
4895,2888,96,1,826.6,45.66
4896,2889,219,1,66.09,6.13
4897,2889,207,1,51.95,3.65
4898,2889,141,1,483.07,54.26
4899,2890,227,1,49.54,2.69
4900,2891,83,2,9.7,0.3
4901,2891,203,1,67.83,5.47
4902,2892,208,2,113.76,4.82
4903,2892,49,1,38.8,3.12
4904,2893,183,1,101.22,4.25
4905,2893,115,1,27.12,2.52
4906,2894,37,1,136.42,4.38
4907,2894,105,1,262.49,12.24
4908,2895,132,1,74.95,3.78
4909,2896,24,1,89.79,8.93
4910,2897,66,1,27.73,2.71
4911,2898,224,1,6.63,0.25
4912,2899,53,1,270.94,11.6
4913,2899,11,1,685.7,61.11
4914,2899,230,1,231.23,18.93
4915,2900,57,1,185.85,11.56
4916,2900,18,1,17.37,1.9
4917,2900,77,1,170.84,17.69
4918,2900,159,1,124.76,5.42
4919,2901,54,1,387.71,39.76
4920,2902,164,1,31.65,1.98
4921,2902,200,1,16.92,0.85
4922,2903,191,1,39.7,2.24
4923,2903,158,1,19.01,2.2
4924,2904,107,1,87.92,8.95
4925,2904,13,1,31.08,3.24
4926,2904,190,1,239.32,20.66
4927,2905,160,1,19.67,1.43
4928,2906,24,1,89.79,5.22
4929,2907,238,1,115.34,4.87
4930,2907,98,1,25.53,1.19
4931,2907,219,1,66.09,7.01
4932,2908,230,1,231.23,12.14
4933,2909,235,1,75.26,4.41
4934,2910,22,1,412.18,39.04
4935,2911,241,1,40.34,4.42
4936,2912,155,1,18.82,1.0
4937,2912,62,1,19.26,0.78
4938,2912,133,1,37.44,4.41
4939,2913,245,1,178.52,14.82
4940,2914,205,1,172.47,6.48
4941,2914,70,1,41.53,4.36
4942,2915,149,1,71.93,4.33
4943,2915,122,1,69.41,2.54
4944,2915,71,1,179.59,17.42
4945,2915,206,1,760.6,87.23
4946,2916,80,1,37.9,3.24
4947,2916,19,1,11.93,0.99
4948,2916,200,1,16.92,0.73
4949,2917,135,1,212.24,10.71
4950,2918,85,1,106.96,10.73
4951,2919,158,1,19.01,2.21
4952,2920,197,2,235.87,13.27
4953,2921,82,1,53.33,3.37
4954,2921,13,1,31.08,3.21
4955,2921,98,1,25.53,1.69
4956,2922,99,1,14.4,1.45
4957,2923,174,1,8.1,0.59
4958,2924,8,1,6.03,0.28
4959,2925,77,1,170.84,14.2
4960,2926,247,3,31.51,3.48
4961,2927,114,1,164.19,9.35
4962,2927,87,1,391.01,27.07
4963,2928,124,1,434.69,48.85
4964,2928,87,1,391.01,14.71
4965,2929,151,1,116.4,13.77
4966,2930,141,1,483.07,43.98
4967,2931,204,1,103.62,9.48
4968,2931,195,1,45.11,1.82
4969,2931,123,1,10.31,0.93
4970,2931,77,3,170.84,12.32
4971,2932,49,1,38.8,1.91
4972,2932,242,1,135.54,6.04
4973,2932,129,1,858.28,34.36
4974,2932,158,1,19.01,1.3
4975,2933,35,3,76.68,5.77
4976,2934,23,1,629.48,27.76
4977,2934,55,1,167.62,13.99
4978,2934,27,1,852.23,44.45
4979,2935,59,1,105.0,5.21
4980,2936,43,1,137.44,8.56
4981,2936,131,1,203.22,16.43
4982,2937,71,1,179.59,15.79
4983,2938,176,1,199.66,7.44
4984,2939,14,1,94.71,5.18
4985,2940,22,1,412.18,41.16
4986,2940,50,1,44.06,2.82
4987,2941,46,1,645.92,51.64
4988,2941,41,1,63.66,2.11
4989,2941,200,1,16.92,0.83
4990,2942,4,1,95.98,4.35
4991,2942,134,1,140.62,8.22
4992,2943,208,1,113.76,5.85
4993,2943,187,1,95.65,9.58
4994,2944,199,1,5.9,0.39
4995,2945,87,3,391.01,33.74
4996,2946,188,1,15.44,1.56
4997,2947,73,1,85.1,9.36
4998,2947,187,1,95.65,10.02
4999,2947,159,1,124.76,11.21
5000,2948,213,1,31.81,1.24
5001,2949,190,1,239.32,18.93
5002,2949,226,1,134.28,5.96
5003,2950,231,1,80.77,6.4
5004,2951,214,1,211.86,6.96
5005,2952,120,1,44.88,2.91
5006,2953,203,1,67.83,3.39
5007,2954,73,1,85.1,7.74
5008,2955,130,1,76.27,4.9
5009,2956,122,1,69.41,5.27
5010,2956,60,1,85.87,8.04
5011,2957,197,1,235.87,10.99
5012,2958,248,1,40.02,2.13
5013,2958,250,1,583.02,55.13
5014,2958,222,1,22.72,2.28
5015,2958,154,1,53.6,6.27
5016,2959,86,2,124.98,6.47
5017,2959,122,1,69.41,5.58
5018,2960,75,1,553.99,43.2
5019,2961,43,2,137.44,6.35
5020,2962,139,1,488.45,48.27
5021,2962,232,2,155.86,17.05
5022,2963,29,1,617.47,62.9
5023,2964,18,1,17.37,1.47
5024,2965,5,1,88.33,5.75
5025,2966,15,1,114.86,8.6
5026,2967,113,1,29.13,2.85
5027,2968,53,1,270.94,26.42
5028,2969,53,1,270.94,17.9
5029,2970,41,1,63.66,5.03
5030,2970,151,1,116.4,13.34
5031,2970,46,1,645.92,41.02
5032,2970,131,1,203.22,15.14
5033,2971,228,1,95.03,6.94
5034,2972,61,1,30.27,1.29
5035,2972,155,1,18.82,1.73
5036,2973,205,1,172.47,11.08
5037,2974,101,1,8.28,0.84
5038,2975,206,1,760.6,36.84
5039,2975,46,1,645.92,32.07
5040,2976,237,2,10.34,1.06
5041,2976,234,1,17.93,1.21
5042,2977,122,1,69.41,6.27
5043,2977,199,1,5.9,0.38
5044,2978,241,1,40.34,1.62
5045,2978,59,1,105.0,6.9
5046,2978,18,1,17.37,1.35
5047,2979,39,3,136.95,4.44
5048,2979,181,1,14.39,0.76
5049,2979,57,1,185.85,10.81
5050,2979,100,2,136.87,10.74
5051,2980,82,1,53.33,6.05
5052,2981,72,1,112.92,3.42
5053,2982,82,1,53.33,4.5
5054,2982,129,1,858.28,75.24
5055,2983,21,1,285.75,30.25
5056,2984,10,1,26.93,2.62
5057,2984,239,1,762.58,32.83
5058,2985,211,1,22.6,1.99
5059,2986,62,1,19.26,1.15
5060,2987,72,1,112.92,3.89
5061,2987,124,1,434.69,42.1
5062,2987,129,1,858.28,78.71
5063,2987,192,1,82.67,6.79
5064,2988,212,1,619.34,47.21
5065,2988,43,1,137.44,7.6
5066,2989,227,1,49.54,3.88
5067,2989,99,1,14.4,1.01
5068,2990,63,1,555.18,59.03
5069,2990,4,1,95.98,7.03
5070,2990,75,1,553.99,50.38
5071,2991,155,1,18.82,0.99
5072,2992,149,1,71.93,5.92
5073,2992,132,1,74.95,5.28
5074,2992,165,1,6.2,0.52
5075,2993,90,1,11.62,0.86
5076,2993,21,1,285.75,11.41
5077,2994,112,1,335.91,20.84
5078,2995,26,1,16.21,1.45
5079,2996,163,1,20.16,0.74
5080,2997,65,1,165.64,17.81
5081,2998,29,1,617.47,27.87
5082,2998,159,1,124.76,8.92
5083,2999,3,1,51.08,5.29
5084,2999,102,1,683.61,66.33
5085,3000,106,1,27.76,1.6
5086,3001,161,2,84.35,3.07
5087,3002,133,1,37.44,3.52
5088,3002,142,1,230.98,20.41
5089,3003,50,1,44.06,3.43
5090,3004,101,1,8.28,0.73
5091,3004,215,1,237.45,7.4
5092,3005,25,1,28.3,2.87
5093,3005,161,3,84.35,7.81
5094,3005,245,1,178.52,7.2
5095,3006,72,1,112.92,12.75
5096,3007,153,1,179.31,15.29
5097,3007,217,1,36.43,2.82
5098,3007,207,1,51.95,2.81
5099,3007,190,1,239.32,7.97
5100,3008,151,1,116.4,6.03
5101,3009,97,1,244.48,13.84
5102,3009,104,1,82.65,6.32
5103,3009,59,1,105.0,6.3
5104,3010,69,1,33.1,2.25
5105,3011,93,1,25.75,2.04
5106,3011,25,1,28.3,2.97
5107,3012,4,1,95.98,8.34
5108,3012,84,1,54.94,2.37
5109,3012,20,1,71.62,4.23
5110,3012,150,1,43.62,5.08
5111,3013,130,1,76.27,8.01
5112,3014,113,1,29.13,3.18
5113,3014,66,1,27.73,1.0
5114,3015,176,1,199.66,22.13
5115,3016,158,1,19.01,0.89
5116,3016,102,1,683.61,70.41
5117,3017,241,1,40.34,2.06
5118,3017,60,1,85.87,7.2
5119,3018,227,1,49.54,4.93
5120,3018,48,1,93.17,4.91
5121,3019,40,1,97.22,6.33
5122,3019,190,1,239.32,23.89
5123,3019,179,1,246.47,20.77
5124,3020,75,2,553.99,42.61
5125,3021,123,1,10.31,0.71
5126,3022,80,1,37.9,2.72
5127,3022,196,1,47.98,4.16
5128,3023,157,1,234.71,19.95
5129,3023,139,1,488.45,52.73
5130,3023,245,1,178.52,16.64
5131,3024,91,1,56.23,5.62
5132,3024,215,1,237.45,11.15
5133,3025,181,1,14.39,1.09
5134,3025,46,2,645.92,23.25
5135,3025,234,1,17.93,0.87
5136,3026,205,1,172.47,12.2
5137,3026,153,1,179.31,13.1
5138,3027,7,1,136.48,12.77
5139,3028,242,1,135.54,12.0
5140,3029,27,1,852.23,72.87
5141,3029,186,1,66.12,7.22
5142,3029,173,1,57.93,6.11
5143,3030,122,1,69.41,6.29
5144,3031,151,2,116.4,6.77
5145,3032,144,1,50.76,4.49
5146,3033,67,3,53.0,5.22
5147,3033,6,1,251.86,20.09
5148,3033,73,1,85.1,9.09
5149,3034,135,1,212.24,11.71
5150,3035,16,1,90.17,7.58
5151,3036,115,1,27.12,2.53
5152,3037,162,1,6.54,0.58
5153,3038,49,1,38.8,3.3
5154,3039,132,1,74.95,4.62
5155,3040,227,1,49.54,1.66
5156,3041,50,1,44.06,5.25
5157,3042,56,1,38.8,2.51
5158,3042,72,1,112.92,4.16
5159,3043,217,2,36.43,1.75
5160,3043,16,1,90.17,5.82
5161,3043,71,1,179.59,15.35
5162,3044,100,1,136.87,16.3
5163,3044,17,2,29.84,0.99
5164,3045,214,1,211.86,19.92
5165,3046,74,2,35.45,3.54
5166,3046,18,1,17.37,1.41
5167,3047,157,1,234.71,19.05
5168,3048,15,2,114.86,11.53
5169,3048,216,1,194.01,9.17
5170,3049,217,1,36.43,1.51
5171,3050,94,2,33.91,2.17
5172,3051,31,1,34.65,2.32
5173,3051,125,1,111.51,5.37
5174,3052,224,1,6.63,0.34
5175,3053,104,1,82.65,3.24
5176,3053,127,1,82.05,9.53
5177,3053,152,1,343.16,26.57
5178,3054,189,1,150.51,5.02
5179,3055,227,1,49.54,2.27
5180,3056,227,3,49.54,5.69
5181,3056,83,1,9.7,1.12
5182,3056,142,1,230.98,18.46
5183,3057,220,1,669.86,40.6
5184,3058,9,3,82.19,7.15
5185,3059,43,1,137.44,15.0
5186,3060,134,1,140.62,9.62
5187,3060,35,1,76.68,8.54
5188,3060,144,2,50.76,5.51
5189,3061,176,1,199.66,16.79
5190,3062,209,1,115.41,3.93
5191,3063,149,1,71.93,3.46
5192,3064,217,1,36.43,1.99
5193,3065,235,1,75.26,8.59
5194,3065,54,1,387.71,46.04
5195,3066,14,1,94.71,8.53
5196,3067,119,1,69.61,5.78
5197,3068,105,1,262.49,17.53
5198,3069,20,1,71.62,7.77
5199,3069,36,1,55.53,6.0
5200,3070,34,1,127.18,10.93
5201,3071,96,1,826.6,84.2
5202,3071,208,1,113.76,6.08
5203,3071,86,1,124.98,14.45
5204,3072,116,1,53.02,3.46
5205,3073,133,1,37.44,2.22
5206,3073,132,1,74.95,6.65
5207,3074,172,1,356.67,26.92
5208,3075,212,1,619.34,45.97
5209,3076,154,1,53.6,2.98
5210,3076,43,1,137.44,6.69
5211,3076,217,1,36.43,4.26
5212,3077,158,1,19.01,1.13
5213,3078,234,2,17.93,1.58
5214,3079,208,1,113.76,8.37
5215,3080,29,1,617.47,62.73
5216,3081,40,1,97.22,4.38
5217,3081,35,1,76.68,4.59
5218,3082,63,1,555.18,33.17
5219,3083,134,1,140.62,15.25
5220,3084,248,1,40.02,4.35
5221,3084,5,1,88.33,5.04
5222,3085,105,1,262.49,25.84
5223,3086,46,1,645.92,63.49
5224,3087,138,1,45.06,2.91
5225,3087,136,1,763.13,45.08
5226,3088,199,1,5.9,0.56
5227,3089,76,1,52.37,4.16
5228,3089,32,1,17.9,1.14
5229,3090,109,2,151.47,4.57
5230,3090,74,3,35.45,2.0
5231,3090,173,1,57.93,6.54
5232,3091,224,1,6.63,0.41
5233,3091,165,2,6.2,0.4
5234,3092,197,1,235.87,15.88
5235,3092,246,1,30.72,1.06
5236,3092,110,1,759.15,36.05
5237,3093,72,1,112.92,6.25
5238,3093,49,1,38.8,3.36
5239,3094,68,1,38.67,3.88
5240,3095,242,1,135.54,5.35
5241,3096,57,1,185.85,11.78
5242,3097,143,1,180.32,19.08
5243,3097,121,1,272.89,30.34
5244,3097,206,1,760.6,53.52
5245,3098,201,1,68.19,3.9
5246,3098,202,1,130.75,14.12
5247,3099,45,1,30.04,2.02
5248,3100,123,3,10.31,1.18
5249,3101,50,1,44.06,3.76
5250,3102,40,1,97.22,5.24
5251,3103,14,1,94.71,8.67
5252,3103,149,1,71.93,6.37
5253,3104,250,1,583.02,48.31
5254,3104,158,1,19.01,2.02
5255,3104,214,1,211.86,14.86
5256,3105,205,1,172.47,12.57
5257,3105,89,1,179.88,12.94
5258,3106,228,1,95.03,10.31
5259,3106,62,1,19.26,0.62
5260,3107,237,1,10.34,0.39
5261,3107,15,1,114.86,9.61
5262,3107,222,1,22.72,1.4
5263,3108,40,1,97.22,9.62
5264,3109,80,1,37.9,3.14
5265,3110,23,1,629.48,67.1
5266,3111,121,1,272.89,17.97
5267,3112,27,1,852.23,47.85
5268,3112,131,1,203.22,10.91
5269,3112,128,1,13.41,0.7
5270,3113,22,1,412.18,36.75
5271,3113,104,1,82.65,5.2
5272,3113,61,1,30.27,1.84
5273,3114,134,1,140.62,5.87
5274,3114,211,1,22.6,1.52
5275,3115,146,1,98.43,11.06
5276,3115,250,1,583.02,52.7
5277,3115,42,3,145.78,4.55
5278,3116,48,1,93.17,3.04
5279,3117,36,1,55.53,5.34
5280,3117,131,1,203.22,21.0
5281,3118,192,1,82.67,3.07
5282,3118,151,1,116.4,10.71
5283,3119,109,3,151.47,9.98
5284,3120,78,1,180.73,14.33
5285,3120,24,2,89.79,8.21
5286,3120,41,1,63.66,3.73
5287,3121,48,1,93.17,6.37
5288,3122,217,1,36.43,2.49
5289,3122,205,1,172.47,6.62
5290,3123,53,1,270.94,24.44
5291,3124,33,1,30.54,2.02
5292,3125,134,3,140.62,13.18
5293,3125,94,1,33.91,1.07
5294,3126,158,2,19.01,1.16
5295,3127,176,1,199.66,17.52
5296,3128,27,1,852.23,43.33
5297,3128,139,1,488.45,46.74
5298,3128,237,1,10.34,0.84
5299,3129,10,1,26.93,3.01
5300,3129,34,1,127.18,13.61
5301,3130,96,1,826.6,64.6
5302,3131,209,1,115.41,4.03
5303,3132,15,1,114.86,7.33
5304,3132,227,1,49.54,2.86
5305,3133,127,1,82.05,6.82
5306,3134,75,1,553.99,24.98
5307,3134,43,1,137.44,9.75
5308,3135,158,1,19.01,1.13
5309,3136,69,1,33.1,3.6
5310,3137,48,1,93.17,6.83
5311,3137,126,3,25.06,1.26
5312,3137,182,2,19.48,1.21
5313,3137,217,3,36.43,1.36
5314,3138,129,1,858.28,97.25
5315,3139,64,1,191.61,9.26
5316,3139,84,1,54.94,6.44
5317,3140,206,1,760.6,35.68
5318,3140,89,1,179.88,7.68
5319,3140,80,1,37.9,2.89
5320,3141,245,1,178.52,17.77
5321,3142,134,1,140.62,16.25
5322,3142,129,1,858.28,98.02
5323,3143,232,1,155.86,14.41
5324,3144,63,1,555.18,60.47
5325,3145,15,1,114.86,6.58
5326,3145,139,1,488.45,53.61
5327,3145,250,1,583.02,59.14
5328,3146,60,1,85.87,5.13
5329,3146,88,3,2.59,0.27
5330,3146,199,1,5.9,0.62
5331,3147,14,1,94.71,5.78
5332,3148,36,1,55.53,6.38
5333,3148,223,1,155.25,6.01
5334,3149,250,1,583.02,46.23
5335,3149,131,1,203.22,19.2
5336,3149,134,1,140.62,4.74
5337,3150,20,1,71.62,7.43
5338,3151,215,1,237.45,22.16
5339,3152,10,1,26.93,1.06
5340,3152,85,1,106.96,9.06
5341,3153,198,1,52.95,5.59
5342,3153,29,1,617.47,59.4
5343,3153,231,1,80.77,3.16
5344,3153,48,1,93.17,3.33
5345,3154,45,1,30.04,1.15
5346,3154,205,3,172.47,6.53
5347,3155,181,3,14.39,0.54
5348,3156,12,1,94.84,10.09
5349,3156,227,1,49.54,5.73
5350,3157,213,1,31.81,3.27
5351,3157,182,1,19.48,1.1
5352,3158,68,1,38.67,3.64
5353,3159,89,1,179.88,11.99
5354,3160,133,1,37.44,3.36
5355,3161,28,2,164.02,17.31
5356,3161,230,1,231.23,15.93
5357,3162,72,1,112.92,4.6
5358,3163,131,1,203.22,7.89
5359,3164,35,1,76.68,4.66
5360,3164,101,1,8.28,0.29
5361,3164,191,1,39.7,2.29
5362,3164,237,1,10.34,0.39
5363,3165,84,1,54.94,3.72
5364,3166,124,1,434.69,27.93
5365,3166,122,2,69.41,5.93
5366,3166,49,1,38.8,1.22
5367,3167,33,1,30.54,1.28
5368,3167,63,1,555.18,49.84
5369,3168,194,1,41.9,3.28
5370,3169,65,1,165.64,15.21
5371,3169,137,1,112.97,9.82
5372,3170,189,1,150.51,13.33
5373,3170,34,1,127.18,8.18
5374,3171,190,1,239.32,18.58
5375,3172,28,1,164.02,6.2
5376,3173,56,1,38.8,3.15
5377,3174,248,1,40.02,3.94
5378,3175,44,1,39.31,1.89
5379,3175,11,1,685.7,29.57
5380,3176,73,1,85.1,6.1
5381,3176,154,1,53.6,5.69
5382,3177,131,1,203.22,19.54
5383,3177,128,1,13.41,0.71
5384,3177,230,1,231.23,10.92
5385,3177,200,1,16.92,1.21
5386,3178,55,1,167.62,10.08
5387,3179,129,1,858.28,102.67
5388,3180,45,1,30.04,3.46
5389,3181,109,1,151.47,5.14
5390,3182,239,1,762.58,23.76
5391,3182,129,1,858.28,86.24
5392,3183,32,1,17.9,1.26
5393,3184,161,2,84.35,2.85
5394,3185,182,1,19.48,1.47
5395,3185,83,1,9.7,0.93
5396,3186,248,1,40.02,2.61
5397,3186,173,1,57.93,5.32
5398,3186,123,1,10.31,0.5
5399,3187,190,1,239.32,25.29
5400,3187,60,1,85.87,5.91
5401,3188,134,1,140.62,11.29
5402,3189,200,2,16.92,1.85
5403,3190,121,1,272.89,32.32
5404,3191,104,1,82.65,3.03
5405,3192,153,1,179.31,7.44
5406,3192,19,1,11.93,1.35
5407,3193,174,1,8.1,0.89
5408,3193,156,1,99.5,11.87
5409,3194,77,1,170.84,11.0
5410,3195,115,1,27.12,2.44
5411,3195,130,1,76.27,5.36
5412,3196,9,1,82.19,2.58
5413,3197,232,1,155.86,15.34
5414,3198,106,2,27.76,2.66
5415,3198,53,1,270.94,21.79
5416,3199,236,1,326.99,11.97
5417,3199,233,1,339.7,31.94
5418,3199,81,1,44.98,1.84
5419,3200,183,1,101.22,5.16
5420,3201,179,1,246.47,15.34
5421,3201,99,1,14.4,0.55
5422,3202,193,1,286.41,10.04
5423,3202,13,1,31.08,2.51
5424,3203,63,1,555.18,49.51
5425,3203,137,1,112.97,7.39
5426,3203,132,1,74.95,2.3
5427,3204,181,1,14.39,1.49
5428,3205,43,1,137.44,12.64
5429,3205,64,1,191.61,8.32
5430,3205,237,1,10.34,1.14
5431,3205,39,1,136.95,8.64
5432,3206,34,3,127.18,9.83
5433,3207,42,1,145.78,11.29
5434,3208,180,1,209.32,14.51
5435,3209,29,2,617.47,58.95
5436,3210,179,2,246.47,27.51
5437,3211,227,1,49.54,5.72
5438,3212,3,1,51.08,3.74
5439,3212,35,1,76.68,4.16
5440,3212,211,1,22.6,1.25
5441,3212,25,3,28.3,1.68
5442,3213,160,3,19.67,1.0
5443,3213,137,1,112.97,9.86
5444,3214,67,2,53.0,4.85
5445,3215,180,1,209.32,23.68
5446,3216,36,1,55.53,5.21
5447,3217,161,2,84.35,7.36
5448,3218,86,2,124.98,13.73
5449,3218,176,1,199.66,22.68
5450,3219,179,1,246.47,24.27
5451,3220,138,1,45.06,3.86
5452,3221,234,1,17.93,1.53
5453,3221,173,1,57.93,3.59
5454,3222,44,1,39.31,2.72
5455,3222,174,1,8.1,0.89
5456,3223,124,1,434.69,33.75
5457,3223,230,1,231.23,15.82
5458,3223,47,1,18.06,2.06
5459,3224,173,3,57.93,6.72
5460,3225,245,1,178.52,18.77
5461,3225,191,1,39.7,2.61
5462,3226,189,1,150.51,8.95
5463,3226,105,1,262.49,19.11
5464,3226,245,1,178.52,15.63
5465,3227,224,1,6.63,0.27
5466,3227,56,1,38.8,2.14
5467,3228,70,1,41.53,4.13
5468,3228,119,1,69.61,5.85
5469,3229,15,1,114.86,9.31
5470,3229,142,1,230.98,17.74
5471,3230,109,1,151.47,15.51
5472,3231,215,1,237.45,24.08
5473,3232,91,2,56.23,2.05
5474,3232,235,1,75.26,8.04
5475,3233,21,2,285.75,29.01
5476,3233,86,1,124.98,9.68
5477,3233,74,1,35.45,2.34
5478,3234,75,1,553.99,29.64
5479,3235,88,1,2.59,0.21
5480,3236,12,1,94.84,6.98
5481,3236,125,1,111.51,6.03
5482,3236,203,1,67.83,6.6
5483,3237,155,1,18.82,0.8
5484,3238,161,1,84.35,9.0
5485,3239,215,1,237.45,8.47
5486,3240,15,1,114.86,7.67
5487,3241,61,1,30.27,2.92
5488,3241,34,1,127.18,5.77
5489,3241,75,1,553.99,20.88
5490,3242,86,1,124.98,13.72
5491,3243,155,1,18.82,2.02
5492,3244,2,1,120.72,9.59
5493,3245,124,1,434.69,29.35
5494,3246,20,1,71.62,6.28
5495,3247,94,2,33.91,2.73
5496,3248,161,1,84.35,3.15
5497,3248,225,1,59.74,5.99
5498,3249,239,1,762.58,57.53
5499,3249,40,1,97.22,6.91
5500,3249,66,1,27.73,1.77
5501,3250,228,1,95.03,3.67
5502,3250,107,1,87.92,5.07
5503,3251,70,1,41.53,1.62
5504,3252,156,1,99.5,4.58
5505,3252,94,1,33.91,3.33
5506,3252,121,1,272.89,26.85
5507,3252,89,1,179.88,13.77
5508,3253,15,1,114.86,6.26
5509,3254,212,1,619.34,51.04
5510,3255,190,1,239.32,13.71
5511,3256,231,1,80.77,4.04
5512,3257,192,1,82.67,6.15
5513,3257,190,1,239.32,14.42
5514,3257,227,1,49.54,3.32
5515,3258,50,1,44.06,4.2
5516,3258,205,1,172.47,18.06
5517,3259,215,1,237.45,15.78
5518,3260,22,1,412.18,25.19
5519,3261,27,1,852.23,101.82
5520,3261,43,1,137.44,12.34
5521,3262,61,1,30.27,1.6
5522,3263,68,1,38.67,3.3
5523,3263,214,1,211.86,11.37
5524,3264,158,1,19.01,1.49
5525,3264,72,2,112.92,4.74
5526,3264,58,1,7.39,0.46
5527,3264,15,2,114.86,7.22
5528,3265,249,1,52.62,3.48
5529,3265,232,1,155.86,6.13
5530,3265,144,1,50.76,3.09
5531,3266,14,1,94.71,5.48
5532,3267,132,1,74.95,5.4
5533,3268,49,1,38.8,4.17
5534,3268,199,1,5.9,0.46
5535,3269,209,1,115.41,12.12
5536,3269,94,3,33.91,3.07
5537,3269,206,2,760.6,62.66
5538,3270,202,1,130.75,10.96
5539,3271,199,1,5.9,0.23
5540,3271,221,2,80.15,5.35
5541,3272,3,1,51.08,4.48
5542,3272,63,1,555.18,55.46
5543,3273,43,1,137.44,6.76
5544,3274,225,1,59.74,1.8
5545,3275,101,1,8.28,0.85
5546,3275,214,1,211.86,25.37
5547,3276,209,1,115.41,11.04
5548,3276,131,1,203.22,15.11
5549,3276,158,1,19.01,1.58
5550,3277,181,1,14.39,0.59
5551,3278,83,1,9.7,1.16
5552,3278,150,3,43.62,3.34
5553,3278,40,1,97.22,4.81
5554,3279,208,1,113.76,4.67
5555,3280,2,1,120.72,3.83
5556,3280,211,1,22.6,1.61
5557,3281,62,1,19.26,1.89
5558,3281,234,1,17.93,1.25
5559,3281,210,1,56.9,1.89
5560,3281,24,3,89.79,5.79
5561,3282,68,1,38.67,1.28
5562,3283,215,1,237.45,27.3
5563,3283,204,1,103.62,6.02
5564,3283,49,1,38.8,3.54
5565,3283,43,1,137.44,9.04
5566,3284,146,1,98.43,10.13
5567,3285,189,1,150.51,10.55
5568,3286,224,1,6.63,0.49
5569,3287,224,1,6.63,0.44
5570,3288,93,1,25.75,2.01
5571,3289,126,1,25.06,2.56
5572,3289,104,1,82.65,8.58
5573,3290,77,3,170.84,9.31
5574,3291,34,1,127.18,9.45
5575,3291,36,1,55.53,3.21
5576,3292,247,1,31.51,3.56
5577,3292,77,1,170.84,9.95
5578,3292,142,1,230.98,21.74
5579,3293,78,1,180.73,20.89
5580,3293,113,1,29.13,1.58
5581,3294,64,1,191.61,6.64
5582,3295,99,1,14.4,1.44
5583,3295,21,1,285.75,19.81
5584,3296,68,1,38.67,2.95
5585,3297,62,1,19.26,1.3
5586,3298,165,1,6.2,0.71
5587,3299,26,1,16.21,1.78
5588,3300,19,1,11.93,1.37
5589,3301,22,1,412.18,17.13
5590,3301,189,1,150.51,7.17
5591,3302,187,1,95.65,5.14
5592,3303,192,1,82.67,3.09
5593,3303,220,1,669.86,26.62
5594,3303,3,1,51.08,3.78
5595,3304,151,1,116.4,11.98
5596,3305,22,1,412.18,48.12
5597,3306,123,3,10.31,0.96
5598,3307,185,1,647.11,36.09
5599,3308,87,1,391.01,30.46
5600,3309,122,1,69.41,3.42
5601,3310,77,1,170.84,15.69
5602,3311,118,1,13.3,1.17
5603,3311,64,1,191.61,7.48
5604,3312,235,1,75.26,5.16
5605,3313,99,1,14.4,1.44
5606,3314,126,1,25.06,1.61
5607,3315,77,1,170.84,15.3
5608,3316,99,1,14.4,1.7
5609,3317,6,1,251.86,11.39
5610,3318,66,1,27.73,0.84
5611,3319,32,1,17.9,1.29
5612,3320,170,1,527.03,62.83
5613,3320,87,1,391.01,35.01
5614,3321,231,1,80.77,8.06
5615,3322,118,3,13.3,0.4
5616,3323,204,1,103.62,6.99
5617,3323,77,1,170.84,19.86
5618,3324,5,1,88.33,4.89
5619,3325,217,1,36.43,1.25
5620,3325,83,1,9.7,0.55
5621,3325,87,3,391.01,29.36
5622,3326,126,1,25.06,2.75
5623,3327,172,1,356.67,21.25
5624,3328,156,3,99.5,6.83
5625,3328,121,1,272.89,15.52
5626,3329,154,1,53.6,3.17
5627,3329,106,1,27.76,3.1
5628,3330,84,1,54.94,5.58
5629,3331,40,1,97.22,3.05
5630,3331,189,1,150.51,8.56
5631,3332,65,1,165.64,19.3
5632,3332,28,1,164.02,11.57
5633,3332,64,3,191.61,6.66
5634,3333,24,1,89.79,9.67
5635,3333,218,1,62.27,5.0
5636,3334,3,1,51.08,6.1
5637,3334,82,1,53.33,2.28
5638,3334,71,1,179.59,11.71
5639,3334,158,1,19.01,2.2
5640,3335,34,1,127.18,14.37
5641,3335,39,1,136.95,4.93
5642,3336,109,3,151.47,17.53
5643,3337,72,1,112.92,4.54
5644,3338,132,1,74.95,5.69
5645,3338,147,1,81.1,5.11
5646,3338,86,1,124.98,6.86
5647,3339,206,1,760.6,38.69
5648,3340,67,1,53.0,5.2
5649,3340,250,3,583.02,60.91
5650,3341,126,2,25.06,0.76
5651,3342,230,1,231.23,16.93
5652,3343,120,1,44.88,2.23
5653,3344,220,3,669.86,72.91
5654,3345,98,1,25.53,1.11
5655,3346,198,1,52.95,3.16
5656,3347,153,2,179.31,13.16
5657,3347,27,1,852.23,69.91
5658,3348,27,1,852.23,60.37
5659,3349,38,2,147.17,13.68
5660,3350,206,3,760.6,53.75
5661,3351,17,1,29.84,1.24
5662,3351,237,2,10.34,1.16
5663,3352,135,1,212.24,24.77
5664,3353,95,1,25.87,2.07
5665,3354,181,1,14.39,1.01
5666,3354,44,1,39.31,3.16
5667,3355,48,1,93.17,6.69
5668,3356,69,2,33.1,1.83
5669,3356,153,1,179.31,10.38
5670,3357,117,1,45.11,3.2
5671,3358,8,1,6.03,0.53
5672,3358,248,1,40.02,2.9
5673,3359,124,1,434.69,23.38
5674,3359,20,1,71.62,7.25
5675,3360,117,1,45.11,5.06
5676,3361,161,1,84.35,8.45
5677,3361,162,1,6.54,0.37
5678,3361,202,1,130.75,7.23
5679,3362,186,1,66.12,6.15
5680,3363,89,1,179.88,14.16
5681,3363,203,1,67.83,8.08
5682,3364,183,1,101.22,7.44
5683,3364,43,1,137.44,9.75
5684,3365,14,1,94.71,8.96
5685,3366,179,1,246.47,9.73
5686,3367,112,1,335.91,19.35
5687,3368,3,1,51.08,3.1
5688,3369,185,1,647.11,29.11
5689,3370,237,1,10.34,0.62
5690,3370,37,1,136.42,15.67
5691,3371,14,1,94.71,8.03
5692,3372,122,1,69.41,6.72
5693,3372,85,1,106.96,3.32
5694,3373,112,1,335.91,28.14
5695,3373,53,3,270.94,30.61
5696,3374,131,1,203.22,10.09
5697,3374,181,1,14.39,0.6
5698,3374,80,1,37.9,2.53
5699,3375,33,1,30.54,3.34
5700,3375,232,1,155.86,17.17
5701,3376,118,1,13.3,1.3
5702,3376,112,1,335.91,16.28
5703,3377,154,1,53.6,3.42
5704,3377,71,1,179.59,13.42
5705,3378,199,3,5.9,0.53
5706,3379,181,1,14.39,0.59
5707,3380,108,1,3.52,0.31
5708,3380,232,1,155.86,5.13
5709,3381,2,1,120.72,5.81
5710,3382,209,1,115.41,11.65
5711,3383,164,1,31.65,1.75
5712,3384,31,1,34.65,2.8
5713,3384,35,1,76.68,9.02
5714,3385,16,1,90.17,7.67
5715,3386,239,1,762.58,59.78
5716,3386,98,3,25.53,1.67
5717,3387,121,1,272.89,11.54
5718,3387,131,1,203.22,12.38
5719,3388,42,1,145.78,15.68
5720,3388,242,1,135.54,7.3
5721,3389,208,1,113.76,8.86
5722,3390,227,3,49.54,2.01
5723,3391,188,1,15.44,0.69
5724,3392,222,1,22.72,2.32
5725,3392,147,1,81.1,4.8
5726,3392,1,1,826.88,97.32
5727,3393,158,1,19.01,1.14
5728,3393,104,1,82.65,2.7
5729,3394,86,1,124.98,10.92
5730,3395,121,1,272.89,12.62
5731,3396,120,1,44.88,2.03
5732,3397,235,1,75.26,8.37
5733,3397,24,1,89.79,3.45
5734,3397,61,2,30.27,3.55
5735,3397,217,1,36.43,4.06
5736,3398,186,1,66.12,6.6
5737,3399,150,1,43.62,3.37
5738,3400,187,1,95.65,9.98
5739,3401,199,1,5.9,0.48
5740,3402,143,1,180.32,13.1
5741,3402,63,1,555.18,49.96
5742,3402,100,2,136.87,8.94
5743,3403,158,1,19.01,0.9
5744,3404,146,1,98.43,7.13
5745,3405,72,1,112.92,8.74
5746,3406,104,1,82.65,9.46
5747,3406,223,1,155.25,6.71
5748,3407,248,1,40.02,3.81
5749,3407,62,1,19.26,1.43
5750,3408,176,1,199.66,10.94
5751,3409,50,1,44.06,1.59
5752,3410,53,1,270.94,11.34
5753,3411,68,1,38.67,1.76
5754,3412,86,1,124.98,5.67
5755,3412,40,1,97.22,3.36
5756,3413,51,1,71.14,5.56
5757,3414,124,1,434.69,20.93
5758,3415,72,1,112.92,4.83
5759,3416,120,2,44.88,3.51
5760,3417,212,1,619.34,66.76
5761,3418,90,1,11.62,0.49
5762,3418,238,1,115.34,8.5
5763,3418,95,1,25.87,1.4
5764,3418,165,1,6.2,0.56
5765,3419,204,3,103.62,7.4
5766,3420,249,1,52.62,5.0
5767,3420,171,1,100.35,8.12
5768,3420,237,1,10.34,0.77
5769,3421,155,1,18.82,1.61
5770,3422,60,1,85.87,3.5
5771,3423,18,1,17.37,0.89
5772,3424,182,1,19.48,2.04
5773,3425,139,1,488.45,29.62
5774,3426,180,1,209.32,24.45
5775,3427,215,1,237.45,8.78
5776,3427,16,1,90.17,9.54
5777,3427,149,1,71.93,7.35
5778,3428,103,1,1102.59,49.44
5779,3428,98,1,25.53,0.81
5780,3429,20,1,71.62,6.63
5781,3429,88,3,2.59,0.1
5782,3430,142,1,230.98,18.6
5783,3430,215,1,237.45,17.12
5784,3430,135,1,212.24,10.92
5785,3431,59,1,105.0,8.83
5786,3431,45,1,30.04,2.3
5787,3431,79,1,47.16,3.73
5788,3431,219,1,66.09,6.11
5789,3432,123,1,10.31,1.01
5790,3432,114,1,164.19,14.47
5791,3433,242,1,135.54,14.82
5792,3434,212,1,619.34,29.59
5793,3434,250,3,583.02,63.84
5794,3435,41,1,63.66,2.85
5795,3435,119,1,69.61,8.19
5796,3435,234,1,17.93,1.15
5797,3435,88,1,2.59,0.19
5798,3436,228,1,95.03,10.5
5799,3436,49,1,38.8,4.19
5800,3436,178,1,1065.13,94.03
5801,3437,204,1,103.62,11.76
5802,3438,203,1,67.83,4.91
5803,3438,139,1,488.45,52.64
5804,3439,131,1,203.22,11.35
5805,3439,63,1,555.18,46.71
5806,3440,140,1,11.94,0.87
5807,3441,151,1,116.4,10.77
5808,3441,123,1,10.31,1.21
5809,3441,220,1,669.86,70.33
5810,3441,99,1,14.4,0.6
5811,3442,175,1,16.15,1.08
5812,3443,20,2,71.62,6.78
5813,3444,129,3,858.28,51.4
5814,3444,102,1,683.61,49.23
5815,3444,239,1,762.58,30.34
5816,3445,247,1,31.51,3.27
5817,3446,195,1,45.11,5.25
5818,3447,71,1,179.59,6.45
5819,3448,150,1,43.62,4.44
5820,3449,160,1,19.67,2.33
5821,3449,71,1,179.59,9.8
5822,3450,154,2,53.6,4.21
5823,3451,95,1,25.87,2.37
5824,3452,40,1,97.22,11.52
5825,3453,27,2,852.23,38.31
5826,3454,44,3,39.31,3.76
5827,3455,22,1,412.18,39.06
5828,3455,221,1,80.15,3.44
5829,3455,2,1,120.72,9.74
5830,3456,174,1,8.1,0.86
5831,3456,63,3,555.18,36.97
5832,3457,6,1,251.86,17.79
5833,3457,61,1,30.27,2.24
5834,3457,190,1,239.32,25.32
5835,3457,40,1,97.22,9.09
5836,3458,77,1,170.84,14.99
5837,3459,250,1,583.02,25.03
5838,3459,206,2,760.6,71.1
5839,3459,133,1,37.44,1.33
5840,3460,234,1,17.93,0.9
5841,3460,59,1,105.0,5.01
5842,3460,171,1,100.35,11.64
5843,3461,135,2,212.24,11.66
5844,3461,194,1,41.9,4.48
5845,3462,136,1,763.13,77.23
5846,3463,9,1,82.19,6.59
5847,3463,230,1,231.23,11.57
5848,3464,131,3,203.22,22.41
5849,3465,244,3,84.79,5.14
5850,3466,132,2,74.95,8.9
5851,3467,51,1,71.14,4.01
5852,3467,235,3,75.26,5.48
5853,3468,169,1,69.98,4.46
5854,3468,84,1,54.94,5.18
5855,3468,250,1,583.02,41.56
5856,3468,80,1,37.9,1.32
5857,3469,134,1,140.62,9.28
5858,3470,20,1,71.62,7.43
5859,3470,84,1,54.94,4.06
5860,3471,161,1,84.35,9.05
5861,3472,115,1,27.12,3.25
5862,3472,156,1,99.5,3.45
5863,3473,168,1,9.01,0.93
5864,3473,123,1,10.31,0.94
5865,3474,176,1,199.66,7.27
5866,3474,38,1,147.17,12.28
5867,3474,86,1,124.98,5.51
5868,3475,34,1,127.18,6.48
5869,3476,73,1,85.1,3.13
5870,3476,143,1,180.32,6.89
5871,3476,159,1,124.76,6.54
5872,3477,22,1,412.18,38.91
5873,3478,250,1,583.02,67.92
5874,3479,176,1,199.66,21.7
5875,3480,158,1,19.01,1.42
5876,3481,88,1,2.59,0.19
5877,3482,72,1,112.92,5.15
5878,3482,110,1,759.15,57.96
5879,3483,133,1,37.44,1.18
5880,3484,15,1,114.86,12.18
5881,3484,105,1,262.49,9.63
5882,3485,48,1,93.17,10.27
5883,3485,176,1,199.66,18.86
5884,3485,149,1,71.93,3.7
5885,3486,180,1,209.32,23.98
5886,3487,46,1,645.92,37.65
5887,3487,247,1,31.51,2.54
5888,3487,228,1,95.03,6.15
5889,3488,206,1,760.6,63.59
5890,3488,123,1,10.31,0.74
5891,3489,36,1,55.53,6.49
5892,3490,125,1,111.51,10.82
5893,3491,232,1,155.86,17.53
5894,3492,56,1,38.8,3.72
5895,3493,183,1,101.22,7.6
5896,3494,72,1,112.92,11.51
5897,3494,119,1,69.61,7.7
5898,3494,158,1,19.01,1.69
5899,3494,46,1,645.92,41.81
5900,3495,232,1,155.86,18.24
5901,3496,129,1,858.28,66.49
5902,3497,130,1,76.27,9.1
5903,3497,234,1,17.93,1.55
5904,3497,9,1,82.19,7.35
5905,3498,71,1,179.59,17.65
5906,3499,116,3,53.02,1.65
5907,3500,143,1,180.32,18.78
5908,3501,135,3,212.24,19.14
5909,3501,166,3,30.99,3.34
5910,3501,146,1,98.43,6.92
5911,3502,166,1,30.99,1.52
5912,3503,190,1,239.32,11.99
5913,3504,117,2,45.11,2.25
5914,3505,107,1,87.92,8.65
5915,3505,192,1,82.67,6.83
5916,3506,235,1,75.26,3.99
5917,3506,62,1,19.26,2.27
5918,3507,165,1,6.2,0.42
5919,3508,36,1,55.53,2.98
5920,3509,76,1,52.37,4.0
5921,3509,134,1,140.62,9.51
5922,3510,176,1,199.66,19.7
5923,3511,205,1,172.47,10.67
5924,3512,15,1,114.86,13.75
5925,3512,90,1,11.62,0.61
5926,3512,155,1,18.82,1.84
5927,3513,84,1,54.94,6.26
5928,3514,237,1,10.34,0.8
5929,3514,219,1,66.09,7.7
5930,3515,16,1,90.17,8.41
5931,3516,212,1,619.34,29.73
5932,3517,98,1,25.53,2.05
5933,3517,143,1,180.32,7.17
5934,3518,139,1,488.45,19.39
5935,3519,36,1,55.53,5.92
5936,3520,210,1,56.9,6.59
5937,3520,98,1,25.53,2.96
5938,3520,220,1,669.86,37.58
5939,3521,141,1,483.07,27.35
5940,3521,199,1,5.9,0.7
5941,3521,39,1,136.95,10.36
5942,3521,158,1,19.01,1.84
5943,3522,245,1,178.52,18.9
5944,3523,41,1,63.66,4.54
5945,3524,217,2,36.43,1.54
5946,3525,166,1,30.99,1.49
5947,3525,174,1,8.1,0.82
5948,3526,36,1,55.53,1.96
5949,3527,217,1,36.43,2.05
5950,3528,12,1,94.84,11.26
5951,3528,222,1,22.72,1.69
5952,3529,9,1,82.19,9.8
5953,3530,12,1,94.84,11.3
5954,3530,47,1,18.06,1.21
5955,3531,99,1,14.4,1.33
5956,3532,35,1,76.68,3.38
5957,3533,189,1,150.51,9.99
5958,3533,212,2,619.34,18.81
5959,3533,55,1,167.62,6.95
5960,3533,94,1,33.91,1.13
5961,3534,63,1,555.18,35.26
5962,3534,220,1,669.86,64.92
5963,3535,185,1,647.11,24.0
5964,3535,226,1,134.28,8.49
5965,3536,24,1,89.79,10.15
5966,3536,110,1,759.15,80.91
5967,3537,48,1,93.17,3.38
5968,3537,72,1,112.92,7.48
5969,3537,96,1,826.6,28.03
5970,3538,213,1,31.81,2.61
5971,3538,184,1,344.95,25.49
5972,3539,135,1,212.24,18.1
5973,3539,3,1,51.08,4.22
5974,3539,124,1,434.69,27.97
5975,3540,22,2,412.18,24.47
5976,3541,15,3,114.86,11.82
5977,3541,225,1,59.74,6.39
5978,3542,34,1,127.18,5.47
5979,3543,48,1,93.17,4.9
5980,3544,225,1,59.74,2.17
5981,3545,97,1,244.48,9.02
5982,3546,102,1,683.61,76.71
5983,3546,219,1,66.09,2.17
5984,3547,150,1,43.62,3.61
5985,3547,7,1,136.48,5.59
5986,3547,217,1,36.43,1.96
5987,3548,47,1,18.06,1.63
5988,3549,141,1,483.07,25.96
5989,3549,235,1,75.26,8.56
5990,3550,131,1,203.22,21.34
5991,3551,55,3,167.62,6.92
5992,3552,200,1,16.92,1.42
5993,3553,91,1,56.23,4.52
5994,3554,55,1,167.62,19.64
5995,3555,123,1,10.31,0.49
5996,3556,88,1,2.59,0.23
5997,3556,206,2,760.6,44.18
5998,3556,41,1,63.66,7.35
5999,3556,33,1,30.54,1.86
6000,3557,20,1,71.62,6.25
6001,3558,107,1,87.92,6.2
6002,3558,122,3,69.41,5.22
6003,3558,21,1,285.75,19.22
6004,3558,89,1,179.88,14.67
6005,3559,15,1,114.86,4.48
6006,3560,240,2,694.84,34.15
6007,3560,10,1,26.93,0.86
6008,3561,168,1,9.01,0.53
6009,3562,15,1,114.86,10.28
6010,3563,168,3,9.01,0.86
6011,3564,145,1,366.49,19.51
6012,3565,71,1,179.59,5.45
6013,3566,73,1,85.1,7.98
6014,3566,201,1,68.19,4.46
6015,3567,194,1,41.9,1.96
6016,3567,14,1,94.71,8.21
6017,3568,15,1,114.86,3.62
6018,3568,34,1,127.18,5.74
6019,3569,84,1,54.94,6.3
6020,3570,229,1,16.22,1.2
6021,3571,7,1,136.48,14.37
6022,3572,205,3,172.47,14.53
6023,3572,168,1,9.01,0.79
6024,3573,159,2,124.76,6.28
6025,3573,221,1,80.15,2.67
6026,3574,77,1,170.84,11.9
6027,3574,118,1,13.3,1.54
6028,3575,142,1,230.98,14.8
6029,3576,61,1,30.27,1.65
6030,3576,10,1,26.93,1.42
6031,3577,215,1,237.45,15.78
6032,3578,45,1,30.04,0.91
6033,3579,222,1,22.72,1.66
6034,3579,84,2,54.94,4.49
6035,3580,77,1,170.84,17.56
6036,3580,58,1,7.39,0.76
6037,3580,21,1,285.75,32.6
6038,3580,214,1,211.86,14.82
6039,3581,8,1,6.03,0.49
6040,3582,244,1,84.79,7.25
6041,3582,126,1,25.06,1.14
6042,3583,129,1,858.28,98.73
6043,3583,5,1,88.33,9.09
6044,3583,113,1,29.13,1.75
6045,3583,2,1,120.72,10.05
6046,3584,57,1,185.85,16.71
6047,3585,170,2,527.03,59.72
6048,3585,29,1,617.47,39.31
6049,3585,132,1,74.95,3.34
6050,3586,209,1,115.41,11.52
6051,3587,221,1,80.15,4.16
6052,3587,66,3,27.73,0.84
6053,3588,104,1,82.65,7.65
6054,3588,154,1,53.6,4.43
6055,3588,126,1,25.06,1.16
6056,3589,109,1,151.47,9.81
6057,3589,179,1,246.47,9.87
6058,3590,10,1,26.93,2.38
6059,3591,209,1,115.41,13.45
6060,3592,227,1,49.54,5.56
6061,3593,13,1,31.08,2.94
6062,3593,146,1,98.43,4.3
6063,3594,10,1,26.93,2.86
6064,3594,197,1,235.87,15.06
6065,3595,212,1,619.34,66.84
6066,3596,97,1,244.48,21.94
6067,3597,33,2,30.54,2.5
6068,3597,47,1,18.06,1.83
6069,3597,65,1,165.64,18.3
6070,3597,4,1,95.98,7.04
6071,3598,14,1,94.71,2.89
6072,3598,28,1,164.02,10.29
6073,3598,8,1,6.03,0.53
6074,3599,235,1,75.26,6.37
6075,3600,96,1,826.6,50.02
6076,3600,190,1,239.32,15.65
6077,3600,227,1,49.54,5.1
6078,3601,161,1,84.35,5.52
6079,3602,102,1,683.61,57.18
6080,3603,61,1,30.27,2.71
6081,3604,82,1,53.33,1.62
6082,3604,104,1,82.65,8.98
6083,3604,67,1,53.0,4.45
6084,3604,120,1,44.88,2.31
6085,3605,226,1,134.28,10.57
6086,3606,15,1,114.86,9.47
6087,3606,189,3,150.51,6.56
6088,3607,176,1,199.66,20.97
6089,3607,24,1,89.79,7.93
6090,3607,129,1,858.28,51.18
6091,3607,175,1,16.15,1.39
6092,3608,25,1,28.3,2.55
6093,3608,83,1,9.7,0.98
6094,3608,210,2,56.9,5.78
6095,3609,179,1,246.47,16.8
6096,3610,131,1,203.22,10.81
6097,3610,232,1,155.86,8.22
6098,3611,247,1,31.51,3.63
6099,3612,203,1,67.83,6.55
6100,3612,108,1,3.52,0.27
6101,3612,224,1,6.63,0.59
6102,3613,62,2,19.26,1.73
6103,3613,237,1,10.34,0.66
6104,3613,4,1,95.98,7.83
6105,3614,111,1,97.83,4.67
6106,3614,61,1,30.27,3.45
6107,3614,19,1,11.93,0.44
6108,3615,124,1,434.69,32.36
6109,3615,250,1,583.02,64.14
6110,3615,75,1,553.99,65.43
6111,3615,125,1,111.51,12.87
6112,3616,122,1,69.41,6.61
6113,3617,86,1,124.98,12.43
6114,3618,27,1,852.23,57.06
6115,3618,138,1,45.06,4.4
6116,3619,198,1,52.95,3.88
6117,3619,119,1,69.61,2.48
6118,3620,116,1,53.02,2.5
6119,3620,22,1,412.18,22.08
6120,3621,248,1,40.02,2.06
6121,3621,35,1,76.68,5.8
6122,3622,176,1,199.66,7.18
6123,3623,164,1,31.65,3.33
6124,3623,120,1,44.88,1.94
6125,3623,209,1,115.41,11.58
6126,3624,94,1,33.91,1.71
6127,3625,135,1,212.24,21.43
6128,3626,179,1,246.47,27.61
6129,3626,34,1,127.18,5.82
6130,3626,104,1,82.65,9.09
6131,3627,174,1,8.1,0.86
6132,3627,220,1,669.86,54.32
6133,3627,92,1,1151.64,122.2
6134,3627,139,1,488.45,21.93
6135,3628,78,1,180.73,17.81
6136,3629,87,1,391.01,38.48
6137,3630,26,1,16.21,1.6
6138,3631,50,1,44.06,4.78
6139,3632,36,1,55.53,2.77
6140,3633,241,1,40.34,3.1
6141,3633,196,1,47.98,2.82
6142,3634,7,1,136.48,14.42
6143,3635,12,1,94.84,8.48
6144,3636,247,1,31.51,2.93
6145,3637,158,1,19.01,2.16
6146,3638,35,1,76.68,7.05
6147,3639,193,1,286.41,20.65
6148,3640,151,1,116.4,11.09
6149,3640,142,1,230.98,11.43
6150,3641,59,2,105.0,8.21
6151,3642,239,1,762.58,65.38
6152,3643,43,1,137.44,13.05
6153,3644,71,1,179.59,18.81
6154,3644,246,1,30.72,3.62
6155,3644,212,1,619.34,66.11
6156,3645,49,1,38.8,4.52
6157,3646,26,1,16.21,1.48
6158,3647,209,1,115.41,13.47
6159,3647,179,1,246.47,17.51
6160,3647,124,1,434.69,21.59
6161,3647,92,1,1151.64,89.24
6162,3648,87,1,391.01,28.02
6163,3649,214,1,211.86,9.41
6164,3649,40,1,97.22,11.21
6165,3649,36,1,55.53,3.12
6166,3649,92,1,1151.64,122.67
6167,3650,169,1,69.98,2.37
6168,3650,212,2,619.34,40.76
6169,3651,180,1,209.32,24.44
6170,3651,59,1,105.0,9.09
6171,3652,223,1,155.25,11.17
6172,3653,120,1,44.88,4.93
6173,3653,39,1,136.95,12.53
6174,3654,46,1,645.92,56.39
6175,3654,247,1,31.51,1.6
6176,3654,189,1,150.51,10.3
6177,3655,227,1,49.54,2.15
6178,3655,135,1,212.24,6.42
6179,3656,155,1,18.82,2.0
6180,3656,180,1,209.32,16.65
6181,3657,176,1,199.66,7.24
6182,3658,110,1,759.15,70.48
6183,3659,179,1,246.47,14.63
6184,3660,118,1,13.3,0.51
6185,3661,243,1,83.89,2.76
6186,3662,119,2,69.61,6.54
6187,3662,99,1,14.4,0.6
6188,3663,30,2,58.74,2.87
6189,3663,27,1,852.23,26.39
6190,3664,94,1,33.91,1.13
6191,3664,212,1,619.34,60.15
6192,3665,199,1,5.9,0.32
6193,3665,169,3,69.98,3.0
6194,3665,201,1,68.19,7.07
6195,3665,61,3,30.27,1.66
6196,3666,220,1,669.86,54.72
6197,3667,189,1,150.51,4.92
6198,3667,120,1,44.88,3.79
6199,3668,166,1,30.99,2.11
6200,3669,215,2,237.45,24.99
6201,3669,72,1,112.92,8.18
6202,3670,237,1,10.34,1.11
6203,3670,63,1,555.18,29.36
6204,3671,81,1,44.98,2.93
6205,3672,79,1,47.16,1.43
6206,3673,71,1,179.59,10.74
6207,3674,68,1,38.67,3.7
6208,3674,27,1,852.23,32.85
6209,3675,222,1,22.72,2.38
6210,3676,56,2,38.8,2.2
6211,3676,150,3,43.62,1.78
6212,3676,217,1,36.43,1.11
6213,3677,18,1,17.37,2.05
6214,3677,115,1,27.12,1.83
6215,3678,233,1,339.7,35.76
6216,3679,101,1,8.28,0.43
6217,3680,34,1,127.18,12.89
6218,3681,131,1,203.22,15.3
6219,3681,139,1,488.45,38.75
6220,3681,3,1,51.08,6.06
6221,3682,199,1,5.9,0.67
6222,3683,237,1,10.34,0.47
6223,3684,201,1,68.19,2.33
6224,3685,209,1,115.41,11.95
6225,3686,46,1,645.92,45.27
6226,3687,203,1,67.83,2.28
6227,3688,36,3,55.53,4.6
6228,3689,115,1,27.12,2.77
6229,3690,65,2,165.64,15.5
6230,3691,123,1,10.31,0.37
6231,3692,67,1,53.0,2.44
6232,3693,104,1,82.65,4.92
6233,3694,46,1,645.92,61.86
6234,3694,117,1,45.11,3.77
6235,3694,149,1,71.93,3.33
6236,3695,102,1,683.61,45.53
6237,3696,225,1,59.74,7.08
6238,3696,217,2,36.43,1.38
6239,3697,227,1,49.54,5.04
6240,3698,146,1,98.43,7.1
6241,3698,167,1,139.5,16.38
6242,3699,155,1,18.82,0.74
6243,3699,120,1,44.88,5.37
6244,3699,195,1,45.11,1.36
6245,3699,145,1,366.49,29.8
6246,3700,202,1,130.75,9.39
6247,3701,66,1,27.73,3.15
6248,3701,99,1,14.4,0.65
6249,3702,31,1,34.65,2.22
6250,3703,41,1,63.66,7.15
6251,3704,93,1,25.75,2.51
6252,3704,107,1,87.92,3.67
6253,3704,98,1,25.53,1.93
6254,3705,161,1,84.35,7.22
6255,3706,94,1,33.91,2.21
6256,3706,67,1,53.0,2.09
6257,3707,21,3,285.75,27.99
6258,3708,181,3,14.39,0.57
6259,3708,180,1,209.32,23.35
6260,3708,65,1,165.64,9.86
6261,3709,93,1,25.75,1.98
6262,3709,121,1,272.89,20.12
6263,3709,13,1,31.08,2.45
6264,3710,83,2,9.7,0.61
6265,3711,135,1,212.24,13.94
6266,3711,38,1,147.17,13.05
6267,3711,250,1,583.02,46.15
6268,3712,188,3,15.44,1.11
6269,3713,230,1,231.23,20.36
6270,3714,82,1,53.33,4.55
6271,3715,168,1,9.01,0.9
6272,3716,60,1,85.87,4.53
6273,3717,143,1,180.32,19.2
6274,3717,224,1,6.63,0.22
6275,3718,147,3,81.1,5.25
6276,3718,104,1,82.65,8.22
6277,3718,188,1,15.44,0.94
6278,3718,122,1,69.41,6.17
6279,3719,33,1,30.54,1.22
6280,3720,164,1,31.65,1.92
6281,3721,41,1,63.66,4.86
6282,3721,15,2,114.86,13.32
6283,3721,212,1,619.34,54.08
6284,3721,78,1,180.73,19.45
6285,3722,214,1,211.86,21.28
6286,3723,96,1,826.6,88.41
6287,3723,53,1,270.94,19.11
6288,3724,187,1,95.65,6.46
6289,3725,27,2,852.23,62.15
6290,3726,124,3,434.69,14.56
6291,3727,118,1,13.3,1.59
6292,3727,7,1,136.48,12.1
6293,3727,51,1,71.14,2.76
6294,3727,102,1,683.61,62.76
6295,3728,159,2,124.76,10.89
6296,3729,114,1,164.19,5.3
6297,3730,77,1,170.84,12.93
6298,3731,189,1,150.51,7.1
6299,3732,134,1,140.62,4.39
6300,3732,250,1,583.02,64.94
6301,3732,137,1,112.97,7.55
6302,3733,44,1,39.31,2.36
6303,3733,39,1,136.95,13.55
6304,3733,183,1,101.22,9.67
6305,3734,136,1,763.13,77.92
6306,3735,28,1,164.02,11.69
6307,3736,101,1,8.28,0.46
6308,3737,232,1,155.86,5.43
6309,3737,127,1,82.05,3.49
6310,3738,64,1,191.61,14.06
6311,3738,183,1,101.22,3.72
6312,3738,104,1,82.65,5.63
6313,3738,158,1,19.01,1.62
6314,3739,130,1,76.27,4.74
6315,3740,97,2,244.48,17.27
6316,3740,38,1,147.17,17.51
6317,3741,250,1,583.02,39.06
6318,3741,14,3,94.71,6.85
6319,3742,248,1,40.02,4.58
6320,3742,23,2,629.48,63.81
6321,3743,123,1,10.31,1.02
6322,3744,190,1,239.32,20.04
6323,3745,77,1,170.84,15.53
6324,3746,87,2,391.01,12.77
6325,3746,158,3,19.01,1.83
6326,3746,88,1,2.59,0.1
6327,3747,10,2,26.93,1.38
6328,3748,221,1,80.15,4.54
6329,3748,26,1,16.21,1.1
6330,3748,151,1,116.4,10.77
6331,3748,129,1,858.28,44.93
6332,3749,120,1,44.88,2.65
6333,3750,197,1,235.87,9.75
6334,3751,40,1,97.22,2.97
6335,3752,178,2,1065.13,108.84
6336,3753,43,1,137.44,12.12
6337,3753,12,1,94.84,7.01
6338,3754,15,1,114.86,9.65
6339,3755,105,1,262.49,8.57
6340,3756,111,1,97.83,7.91
6341,3756,95,1,25.87,2.45
6342,3756,240,1,694.84,82.32
6343,3757,11,1,685.7,31.91
6344,3757,171,2,100.35,9.2
6345,3758,135,2,212.24,24.49
6346,3759,134,1,140.62,14.0
6347,3760,24,1,89.79,10.11
6348,3760,232,1,155.86,5.62
6349,3760,80,2,37.9,2.3
6350,3761,119,1,69.61,5.75
6351,3761,149,1,71.93,3.51
6352,3762,248,1,40.02,3.36
6353,3763,228,1,95.03,9.08
6354,3763,65,1,165.64,13.19
6355,3763,158,1,19.01,0.9
6356,3763,214,1,211.86,10.89
6357,3764,29,1,617.47,53.82
6358,3765,124,1,434.69,35.65
6359,3766,131,1,203.22,21.64
6360,3766,23,1,629.48,31.59
6361,3767,84,1,54.94,1.86
6362,3767,232,1,155.86,5.46
6363,3767,149,1,71.93,5.78
6364,3768,72,2,112.92,8.1
6365,3769,243,1,83.89,8.4
6366,3770,124,1,434.69,34.22
6367,3771,83,1,9.7,1.11
6368,3772,229,1,16.22,1.5
6369,3773,57,1,185.85,12.62
6370,3773,202,2,130.75,10.71
6371,3773,150,1,43.62,1.52
6372,3773,97,2,244.48,13.74
6373,3774,134,1,140.62,11.55
6374,3775,234,1,17.93,0.56
6375,3775,95,1,25.87,2.1
6376,3776,43,1,137.44,15.08
6377,3776,29,1,617.47,71.36
6378,3776,56,1,38.8,2.7
6379,3777,175,1,16.15,1.01
6380,3778,72,1,112.92,5.93
6381,3779,147,2,81.1,4.34
6382,3779,107,1,87.92,6.13
6383,3779,183,1,101.22,10.42
6384,3780,27,1,852.23,62.27
6385,3781,186,1,66.12,2.83
6386,3782,58,1,7.39,0.86
6387,3783,210,1,56.9,4.38
6388,3784,241,1,40.34,4.45
6389,3785,147,1,81.1,4.31
6390,3785,232,2,155.86,10.81
6391,3785,124,1,434.69,13.09
6392,3786,145,1,366.49,28.01
6393,3787,202,1,130.75,8.48
6394,3787,156,1,99.5,9.41
6395,3787,53,1,270.94,21.36
6396,3787,237,3,10.34,0.32
6397,3788,200,1,16.92,1.08
6398,3789,232,1,155.86,5.58
6399,3790,67,1,53.0,2.5
6400,3791,43,1,137.44,11.01
6401,3792,146,1,98.43,10.38
6402,3793,237,1,10.34,0.39
6403,3793,62,1,19.26,1.65
6404,3794,33,1,30.54,2.13
6405,3795,133,1,37.44,3.46
6406,3796,117,3,45.11,2.84
6407,3796,55,1,167.62,5.62
6408,3796,209,2,115.41,8.32
6409,3797,36,1,55.53,1.96
6410,3797,86,1,124.98,6.29
6411,3798,220,1,669.86,64.23
6412,3799,136,1,763.13,85.53
6413,3800,56,3,38.8,1.35
6414,3800,129,3,858.28,101.02
6415,3801,149,1,71.93,8.15
6416,3801,10,2,26.93,0.93
6417,3801,187,1,95.65,6.91
6418,3802,212,1,619.34,38.77
6419,3803,75,1,553.99,19.02
6420,3804,194,1,41.9,1.87
6421,3804,116,1,53.02,5.23
6422,3805,89,1,179.88,5.93
6423,3806,176,1,199.66,22.18
6424,3807,207,1,51.95,2.82
6425,3808,35,1,76.68,8.24
6426,3809,127,1,82.05,8.87
6427,3809,69,1,33.1,2.25
6428,3809,174,1,8.1,0.68
6429,3810,159,1,124.76,13.08
6430,3811,239,1,762.58,69.42
6431,3811,206,1,760.6,64.95
6432,3812,157,1,234.71,20.74
6433,3813,234,1,17.93,1.19
6434,3814,231,1,80.77,4.54
6435,3814,250,3,583.02,66.87
6436,3815,89,1,179.88,19.97
6437,3816,161,3,84.35,8.36
6438,3817,153,1,179.31,17.35
6439,3818,154,1,53.6,3.44
6440,3819,172,1,356.67,37.58
6441,3819,230,1,231.23,13.6
6442,3820,94,1,33.91,2.84
6443,3820,53,1,270.94,9.26
6444,3820,245,2,178.52,11.19
6445,3821,71,1,179.59,13.62
6446,3822,65,1,165.64,12.65
6447,3822,47,1,18.06,0.89
6448,3823,46,1,645.92,29.31
6449,3824,149,1,71.93,3.81
6450,3824,88,1,2.59,0.15
6451,3825,20,1,71.62,3.5
6452,3825,187,1,95.65,5.09
6453,3825,120,1,44.88,4.44
6454,3826,120,1,44.88,1.74
6455,3826,172,1,356.67,14.44
6456,3827,208,1,113.76,11.61
6457,3828,47,3,18.06,1.64
6458,3828,2,1,120.72,13.37
6459,3829,127,1,82.05,8.51
6460,3830,139,1,488.45,19.83
6461,3830,119,1,69.61,6.26
6462,3831,76,1,52.37,4.84
6463,3832,130,1,76.27,8.72
6464,3833,141,1,483.07,52.96
6465,3833,154,1,53.6,2.32
6466,3833,174,1,8.1,0.87
6467,3834,199,1,5.9,0.53
6468,3834,28,1,164.02,6.9
6469,3835,181,1,14.39,1.5
6470,3835,135,1,212.24,22.08
6471,3836,84,1,54.94,5.2
6472,3836,67,1,53.0,2.26
6473,3837,206,1,760.6,89.34
6474,3838,16,1,90.17,6.33
6475,3839,178,1,1065.13,55.72
6476,3840,192,1,82.67,6.55
6477,3841,227,1,49.54,1.85
6478,3842,91,1,56.23,3.39
6479,3843,164,2,31.65,2.72
6480,3843,67,1,53.0,5.87
6481,3843,5,1,88.33,6.02
6482,3844,24,2,89.79,6.88
6483,3844,225,1,59.74,5.12
6484,3845,191,1,39.7,2.24
6485,3845,161,1,84.35,5.03
6486,3846,61,1,30.27,1.55
6487,3847,195,1,45.11,5.35
6488,3847,11,1,685.7,46.24
6489,3847,234,1,17.93,1.97
6490,3848,116,1,53.02,3.67
6491,3849,247,1,31.51,2.59
6492,3850,129,1,858.28,65.6
6493,3851,179,1,246.47,13.75
6494,3852,79,1,47.16,4.76
6495,3852,161,1,84.35,5.18
6496,3853,51,1,71.14,4.76
6497,3854,219,1,66.09,7.46
6498,3855,35,1,76.68,6.84
6499,3856,40,2,97.22,10.5
6500,3857,200,1,16.92,0.71
6501,3857,61,2,30.27,1.26
6502,3857,102,1,683.61,59.62
6503,3858,151,1,116.4,12.26
6504,3858,107,1,87.92,10.24
6505,3858,34,1,127.18,5.83
6506,3859,170,1,527.03,41.28
6507,3860,115,1,27.12,1.93
6508,3860,87,1,391.01,42.5
6509,3861,229,1,16.22,0.68
6510,3862,227,1,49.54,3.91
6511,3862,111,1,97.83,4.57
6512,3862,113,1,29.13,3.24
6513,3863,180,1,209.32,7.74
6514,3863,126,1,25.06,2.32
6515,3863,124,1,434.69,24.73
6516,3864,225,1,59.74,3.95
6517,3864,87,1,391.01,19.88
6518,3865,5,1,88.33,10.04
6519,3865,32,1,17.9,0.8
6520,3865,58,1,7.39,0.79
6521,3866,228,1,95.03,3.5
6522,3866,59,1,105.0,4.77
6523,3867,89,1,179.88,14.85
6524,3867,195,1,45.11,5.05
6525,3868,249,1,52.62,4.37
6526,3869,63,1,555.18,43.48
6527,3870,147,1,81.1,5.71
6528,3871,57,1,185.85,6.9
6529,3872,234,1,17.93,1.43
6530,3873,96,1,826.6,80.28
6531,3873,209,1,115.41,13.0
6532,3873,66,1,27.73,1.35
6533,3874,224,1,6.63,0.78
6534,3875,21,1,285.75,18.58
6535,3876,6,1,251.86,18.24
6536,3876,87,1,391.01,30.35
6537,3877,36,1,55.53,1.7
6538,3878,79,1,47.16,2.38
6539,3878,234,1,17.93,0.97
6540,3878,180,1,209.32,24.55
6541,3878,225,1,59.74,6.94
6542,3879,217,1,36.43,3.79
6543,3879,155,1,18.82,1.02
6544,3879,60,1,85.87,7.47
6545,3880,242,1,135.54,8.56
6546,3881,72,1,112.92,5.15
6547,3882,48,1,93.17,8.2
6548,3883,244,1,84.79,4.17
6549,3884,230,2,231.23,11.48
6550,3884,217,1,36.43,4.18
6551,3884,21,1,285.75,28.53
6552,3884,214,1,211.86,10.56
6553,3885,66,1,27.73,2.21
6554,3886,150,1,43.62,4.09
6555,3887,75,1,553.99,33.68
6556,3888,22,1,412.18,39.31
6557,3889,129,1,858.28,94.68
6558,3889,25,3,28.3,3.35
6559,3889,232,1,155.86,13.78
6560,3890,194,1,41.9,4.92
6561,3890,29,2,617.47,48.39
6562,3891,75,1,553.99,48.41
6563,3891,63,1,555.18,59.84
6564,3891,14,1,94.71,6.25
6565,3892,124,1,434.69,45.96
6566,3892,144,1,50.76,6.03
6567,3893,5,1,88.33,6.74
6568,3894,168,1,9.01,0.88
6569,3895,179,1,246.47,28.8
6570,3896,93,2,25.75,1.59
6571,3897,98,1,25.53,2.28
6572,3898,4,1,95.98,8.19
6573,3899,105,1,262.49,23.88
6574,3900,8,1,6.03,0.2
6575,3900,245,1,178.52,11.98
6576,3900,88,1,2.59,0.23
6577,3901,49,1,38.8,1.61
6578,3902,250,1,583.02,44.34
6579,3903,15,1,114.86,4.39
6580,3903,40,2,97.22,9.56
6581,3903,242,2,135.54,5.82
6582,3903,12,3,94.84,4.76
6583,3904,221,1,80.15,4.72
6584,3904,227,1,49.54,5.44
6585,3905,147,1,81.1,7.35
6586,3906,135,1,212.24,15.1
6587,3906,121,1,272.89,28.76
6588,3907,67,1,53.0,2.21
6589,3908,126,1,25.06,2.48
6590,3908,86,1,124.98,4.55
6591,3908,140,2,11.94,0.7
6592,3909,123,1,10.31,0.89
6593,3910,179,1,246.47,27.31
6594,3910,24,3,89.79,5.55
6595,3910,87,1,391.01,29.14
6596,3911,155,1,18.82,1.53
6597,3912,27,1,852.23,94.33
6598,3913,217,1,36.43,3.42
6599,3913,69,1,33.1,1.24
6600,3913,100,2,136.87,5.52
6601,3914,63,1,555.18,27.86
6602,3915,196,1,47.98,4.63
6603,3915,141,1,483.07,43.31
6604,3915,209,2,115.41,7.27
6605,3916,32,1,17.9,1.78
6606,3917,22,1,412.18,41.11
6607,3917,210,1,56.9,2.09
6608,3917,129,1,858.28,75.97
6609,3918,167,2,139.5,13.1
6610,3919,4,1,95.98,7.12
6611,3919,29,1,617.47,58.01
6612,3920,151,2,116.4,11.76
6613,3921,93,1,25.75,2.55
6614,3922,65,1,165.64,12.62
6615,3922,22,1,412.18,41.1
6616,3923,73,1,85.1,5.33
6617,3924,88,2,2.59,0.3
6618,3924,7,1,136.48,13.75
6619,3925,57,1,185.85,17.9
6620,3926,72,1,112.92,6.33
6621,3927,227,1,49.54,1.89
6622,3927,131,1,203.22,20.68
6623,3927,129,1,858.28,32.59
6624,3928,138,3,45.06,4.72
6625,3929,3,1,51.08,4.16
6626,3929,160,1,19.67,1.62
6627,3929,18,1,17.37,0.62
6628,3930,6,1,251.86,9.56
6629,3930,35,2,76.68,7.82
6630,3931,191,1,39.7,2.64
6631,3932,143,1,180.32,8.72
6632,3933,39,1,136.95,12.86
6633,3933,168,1,9.01,0.65
6634,3934,201,1,68.19,6.29
6635,3934,206,1,760.6,83.91
6636,3935,183,1,101.22,7.53
6637,3935,104,3,82.65,4.64
6638,3936,157,1,234.71,23.38
6639,3937,116,1,53.02,1.99
6640,3937,137,1,112.97,5.66
6641,3937,150,2,43.62,1.67
6642,3938,241,1,40.34,1.8
6643,3938,139,1,488.45,37.76
6644,3939,71,1,179.59,13.93
6645,3939,110,1,759.15,27.57
6646,3939,23,2,629.48,40.4
6647,3940,181,1,14.39,0.64
6648,3940,68,3,38.67,1.57
6649,3941,98,1,25.53,0.85
6650,3942,59,2,105.0,6.86
6651,3943,179,1,246.47,28.67
6652,3943,10,1,26.93,1.37
6653,3944,248,1,40.02,4.77
6654,3945,191,1,39.7,1.49
6655,3946,46,1,645.92,24.74
6656,3947,224,1,6.63,0.22
6657,3947,71,1,179.59,18.53
6658,3948,223,1,155.25,4.98
6659,3949,216,1,194.01,16.16
6660,3950,151,1,116.4,12.86
6661,3950,220,1,669.86,48.72
6662,3951,25,1,28.3,1.73
6663,3952,23,1,629.48,27.5
6664,3953,19,1,11.93,0.78
6665,3954,140,1,11.94,1.14
6666,3954,196,1,47.98,1.84
6667,3954,46,1,645.92,75.91
6668,3955,137,1,112.97,11.07
6669,3956,15,1,114.86,9.77
6670,3956,100,3,136.87,14.7
6671,3957,21,1,285.75,9.16
6672,3958,124,1,434.69,46.79
6673,3959,163,1,20.16,2.17
6674,3960,81,1,44.98,3.22
6675,3960,236,1,326.99,10.67
6676,3960,24,1,89.79,3.57
6677,3961,250,1,583.02,58.49
6678,3962,102,1,683.61,23.5
6679,3962,123,2,10.31,0.7
6680,3963,115,1,27.12,1.54
6681,3964,117,1,45.11,4.51
6682,3964,84,1,54.94,3.1
6683,3965,146,1,98.43,4.66
6684,3965,129,1,858.28,93.36
6685,3965,94,1,33.91,1.54
6686,3966,12,1,94.84,7.05
6687,3967,3,3,51.08,5.39
6688,3967,8,1,6.03,0.26
6689,3967,87,1,391.01,24.89
6690,3968,25,1,28.3,1.65
6691,3969,155,1,18.82,2.08
6692,3970,161,3,84.35,9.51
6693,3971,231,1,80.77,6.03
6694,3972,188,1,15.44,1.14
6695,3972,122,1,69.41,4.56
6696,3972,87,1,391.01,31.53
6697,3972,117,1,45.11,3.93
6698,3973,18,1,17.37,0.55
6699,3973,48,1,93.17,4.96
6700,3973,192,1,82.67,4.23
6701,3974,53,1,270.94,18.21
6702,3975,29,1,617.47,59.54
6703,3975,26,1,16.21,1.86
6704,3976,102,1,683.61,67.68
6705,3977,220,2,669.86,47.67
6706,3977,181,1,14.39,0.88
6707,3978,75,2,553.99,18.48
6708,3979,212,1,619.34,47.17
6709,3979,195,1,45.11,1.8
6710,3980,65,1,165.64,11.52
6711,3981,83,1,9.7,0.48
6712,3982,61,1,30.27,2.04
6713,3983,84,1,54.94,6.18
6714,3983,232,1,155.86,16.74
6715,3983,161,1,84.35,9.19
6716,3983,44,1,39.31,1.45
6717,3984,15,1,114.86,11.18
6718,3985,144,1,50.76,4.76
6719,3986,185,1,647.11,62.6
6720,3987,205,2,172.47,16.86
6721,3988,124,1,434.69,16.54
6722,3989,156,1,99.5,10.84
6723,3990,247,3,31.51,3.35
6724,3991,113,1,29.13,0.9
6725,3991,98,1,25.53,3.05
6726,3991,154,2,53.6,5.71
6727,3992,87,1,391.01,17.09
6728,3992,61,1,30.27,3.02
6729,3992,40,1,97.22,11.29
6730,3993,37,1,136.42,15.23
6731,3994,133,1,37.44,4.38
6732,3995,209,1,115.41,11.75
6733,3996,161,2,84.35,9.68
6734,3997,28,1,164.02,5.24
6735,3997,135,1,212.24,21.46
6736,3998,46,3,645.92,24.32
6737,3998,217,1,36.43,3.33
6738,3999,77,1,170.84,6.2
6739,3999,55,1,167.62,11.24
6740,4000,146,1,98.43,5.39
6741,4001,158,1,19.01,0.89
6742,4001,109,1,151.47,14.71
6743,4001,237,2,10.34,0.75
6744,4002,196,1,47.98,4.94
6745,4002,241,1,40.34,4.58
6746,4002,129,1,858.28,51.29
6747,4003,206,1,760.6,78.35
6748,4003,87,1,391.01,32.63
6749,4004,184,1,344.95,22.37
6750,4005,68,1,38.67,1.64
6751,4006,235,1,75.26,3.14
6752,4007,116,1,53.02,2.13
6753,4007,15,1,114.86,13.44
6754,4007,226,1,134.28,13.0
6755,4008,170,1,527.03,62.9
6756,4008,235,1,75.26,3.64
6757,4008,65,1,165.64,9.53
6758,4008,40,1,97.22,7.99
6759,4009,215,3,237.45,23.18
6760,4009,89,1,179.88,14.87
6761,4010,13,1,31.08,1.26
6762,4011,28,1,164.02,8.29
6763,4012,161,1,84.35,6.22
6764,4013,76,1,52.37,2.0
6765,4014,23,3,629.48,57.58
6766,4014,8,1,6.03,0.52
6767,4015,186,1,66.12,7.65
6768,4015,102,1,683.61,65.89
6769,4016,229,1,16.22,1.3
6770,4017,85,1,106.96,10.0
6771,4017,230,1,231.23,20.2
6772,4018,71,1,179.59,11.05
6773,4018,60,1,85.87,3.73
6774,4018,209,1,115.41,13.81
6775,4019,122,1,69.41,6.08
6776,4020,185,1,647.11,60.93
6777,4020,1,1,826.88,88.77
6778,4021,99,1,14.4,1.29
6779,4021,134,1,140.62,4.83
6780,4021,155,1,18.82,0.8
6781,4022,161,1,84.35,5.99
6782,4023,47,1,18.06,1.89
6783,4023,246,1,30.72,1.87
6784,4024,216,1,194.01,22.58
6785,4025,79,1,47.16,1.72
6786,4025,40,1,97.22,9.23
6787,4025,120,1,44.88,1.35
6788,4026,156,1,99.5,4.05
6789,4026,36,1,55.53,3.17
6790,4027,26,3,16.21,1.43
6791,4027,125,1,111.51,13.06
6792,4027,147,1,81.1,9.73
6793,4028,121,1,272.89,26.81
6794,4028,91,1,56.23,4.0
6795,4029,242,1,135.54,6.66
6796,4029,188,1,15.44,1.48
6797,4030,163,1,20.16,1.99
6798,4030,250,3,583.02,68.39
6799,4031,43,3,137.44,16.49
6800,4031,202,1,130.75,11.8
6801,4032,235,1,75.26,2.29
6802,4032,91,2,56.23,4.06
6803,4032,198,1,52.95,4.26
6804,4032,153,1,179.31,7.33
6805,4033,131,1,203.22,23.13
6806,4033,246,1,30.72,1.36
6807,4033,159,1,124.76,12.17
6808,4034,217,1,36.43,4.27
6809,4034,95,1,25.87,2.53
6810,4035,75,1,553.99,47.26
6811,4036,242,1,135.54,10.67
6812,4037,130,1,76.27,9.1
6813,4038,77,1,170.84,6.1
6814,4039,132,1,74.95,8.83
6815,4039,79,1,47.16,4.68
6816,4039,13,1,31.08,0.94
6817,4039,38,1,147.17,4.6
6818,4040,76,1,52.37,4.37
6819,4040,101,1,8.28,0.98
6820,4041,206,1,760.6,56.18
6821,4042,16,1,90.17,8.81
6822,4042,67,1,53.0,3.58
6823,4043,11,1,685.7,30.71
6824,4043,249,2,52.62,3.94
6825,4043,121,1,272.89,28.83
6826,4044,42,1,145.78,7.45
6827,4045,169,1,69.98,6.48
6828,4045,47,1,18.06,1.25
6829,4045,176,1,199.66,18.97
6830,4046,224,1,6.63,0.76
6831,4046,158,1,19.01,0.87
6832,4047,176,1,199.66,18.09
6833,4048,230,1,231.23,16.13
6834,4048,201,1,68.19,4.67
6835,4048,235,1,75.26,4.93
6836,4048,16,1,90.17,8.2
6837,4049,158,2,19.01,1.43
6838,4049,220,1,669.86,47.03
6839,4049,7,1,136.48,11.29
6840,4049,86,1,124.98,9.36
6841,4050,109,1,151.47,8.73
6842,4051,76,1,52.37,3.63
6843,4052,135,1,212.24,10.51
6844,4053,179,1,246.47,11.21
6845,4054,54,1,387.71,11.98
6846,4054,146,1,98.43,11.02
6847,4054,63,1,555.18,54.58
6848,4054,217,1,36.43,4.37
6849,4055,234,1,17.93,1.15
6850,4056,217,2,36.43,2.78
6851,4056,75,3,553.99,23.93
6852,4056,106,1,27.76,1.2
6853,4056,246,1,30.72,2.21
6854,4057,220,1,669.86,40.75
6855,4058,220,1,669.86,55.88
6856,4059,226,1,134.28,12.77
6857,4060,158,1,19.01,1.41
6858,4061,86,1,124.98,9.74
6859,4061,142,1,230.98,14.31
6860,4061,168,1,9.01,0.59
6861,4062,109,1,151.47,6.45
6862,4063,41,1,63.66,2.92
6863,4063,98,1,25.53,1.54
6864,4064,94,1,33.91,1.13
6865,4064,249,1,52.62,5.41
6866,4065,102,1,683.61,63.14
6867,4066,215,1,237.45,27.12
6868,4066,95,1,25.87,0.86
6869,4066,153,1,179.31,17.37
6870,4066,110,1,759.15,23.54
6871,4067,79,3,47.16,1.94
6872,4068,63,3,555.18,27.18
6873,4068,124,1,434.69,24.03
6874,4068,57,1,185.85,12.24
6875,4069,74,2,35.45,3.12
6876,4069,229,1,16.22,1.79
6877,4069,160,1,19.67,1.7
6878,4069,153,1,179.31,5.58
6879,4070,65,1,165.64,12.78
6880,4070,209,1,115.41,10.85
6881,4071,122,1,69.41,5.65
6882,4071,54,1,387.71,25.09
6883,4071,227,2,49.54,1.56
6884,4072,181,1,14.39,1.52
6885,4072,32,1,17.9,1.11
6886,4073,172,1,356.67,26.41
6887,4074,7,1,136.48,12.31
6888,4074,89,1,179.88,12.44
6889,4075,17,1,29.84,3.11
6890,4075,100,1,136.87,6.55
6891,4076,230,1,231.23,14.48
6892,4077,55,1,167.62,8.25
6893,4077,8,1,6.03,0.62
6894,4078,8,1,6.03,0.44
6895,4079,6,2,251.86,23.27
6896,4079,85,1,106.96,3.43
6897,4079,12,1,94.84,4.25
6898,4079,44,1,39.31,3.28
6899,4080,104,1,82.65,8.28
6900,4081,149,1,71.93,2.23
6901,4082,44,1,39.31,3.89
6902,4083,198,1,52.95,2.65
6903,4084,224,1,6.63,0.72
6904,4085,164,1,31.65,1.65
6905,4086,184,1,344.95,38.0
6906,4086,232,1,155.86,4.69
6907,4087,44,2,39.31,4.21
6908,4088,86,1,124.98,7.71
6909,4088,72,1,112.92,11.1
6910,4089,242,1,135.54,11.05
6911,4089,246,1,30.72,3.65
6912,4090,15,1,114.86,6.93
6913,4090,64,1,191.61,16.03
6914,4091,67,1,53.0,3.12
6915,4092,146,1,98.43,9.85
6916,4093,187,1,95.65,3.37
6917,4094,96,1,826.6,79.73
6918,4094,65,1,165.64,6.33
6919,4095,197,1,235.87,21.33
6920,4096,176,1,199.66,13.01
6921,4097,37,1,136.42,12.74
6922,4098,84,1,54.94,2.66
6923,4098,187,1,95.65,10.77
6924,4099,8,1,6.03,0.3
6925,4099,59,1,105.0,12.41
6926,4099,201,1,68.19,4.66
6927,4100,216,1,194.01,6.4
6928,4100,156,1,99.5,3.08
6929,4101,121,1,272.89,32.01
6930,4102,175,1,16.15,1.9
6931,4102,218,1,62.27,6.05
6932,4103,176,2,199.66,21.92
6933,4104,208,1,113.76,7.07
6934,4105,146,1,98.43,7.24
6935,4106,156,1,99.5,3.19
6936,4106,45,1,30.04,1.44
6937,4107,165,1,6.2,0.7
6938,4107,24,3,89.79,8.93
6939,4108,87,2,391.01,15.51
6940,4108,49,1,38.8,2.16
6941,4109,25,1,28.3,1.54
6942,4109,151,1,116.4,8.05
6943,4110,14,1,94.71,10.63
6944,4111,186,1,66.12,6.55
6945,4111,15,1,114.86,12.57
6946,4112,72,1,112.92,12.98
6947,4113,241,2,40.34,2.46
6948,4113,73,1,85.1,10.12
6949,4113,29,1,617.47,49.26
6950,4114,154,1,53.6,2.04
6951,4114,119,1,69.61,5.4
6952,4114,123,1,10.31,1.01
6953,4114,146,1,98.43,7.4
6954,4115,139,1,488.45,30.25
6955,4116,66,1,27.73,2.38
6956,4116,86,1,124.98,9.41
6957,4116,126,1,25.06,1.64
6958,4117,86,1,124.98,4.26
6959,4117,9,1,82.19,8.83
6960,4118,64,1,191.61,19.58
6961,4118,76,3,52.37,6.06
6962,4118,81,1,44.98,2.02
6963,4118,214,1,211.86,24.09
6964,4119,32,1,17.9,1.39
6965,4120,22,1,412.18,42.79
6966,4121,196,1,47.98,3.62
6967,4122,151,1,116.4,5.69
6968,4123,183,1,101.22,6.51
6969,4123,249,1,52.62,1.58
6970,4124,231,1,80.77,5.89
6971,4124,196,1,47.98,2.56
6972,4124,24,1,89.79,4.93
6973,4125,237,1,10.34,0.92
6974,4126,212,1,619.34,28.47
6975,4127,208,1,113.76,9.3
6976,4127,15,1,114.86,10.48
6977,4127,146,1,98.43,9.14
6978,4128,150,1,43.62,4.1
6979,4129,193,1,286.41,23.11
6980,4129,206,1,760.6,66.55
6981,4130,161,2,84.35,4.91
6982,4131,227,1,49.54,2.07
6983,4132,233,1,339.7,13.26
6984,4133,189,1,150.51,4.52
6985,4134,147,1,81.1,4.91
6986,4135,30,1,58.74,2.32
6987,4135,189,1,150.51,16.38
6988,4135,145,1,366.49,12.02
6989,4136,72,2,112.92,4.35
6990,4136,84,2,54.94,4.33
6991,4137,205,1,172.47,16.78
6992,4138,88,1,2.59,0.22
6993,4138,37,1,136.42,13.56
6994,4138,34,1,127.18,5.14
6995,4139,99,1,14.4,1.57
6996,4140,7,1,136.48,14.08
6997,4141,250,1,583.02,45.42
6998,4142,147,1,81.1,5.96
6999,4143,232,1,155.86,13.06
7000,4144,195,1,45.11,5.23
7001,4145,157,3,234.71,26.44
7002,4146,59,1,105.0,4.6
7003,4147,83,1,9.7,0.96
7004,4148,99,1,14.4,0.49
7005,4149,15,1,114.86,3.99
7006,4150,205,1,172.47,6.31
7007,4150,41,1,63.66,7.23
7008,4151,124,2,434.69,34.78
7009,4152,200,1,16.92,0.52
7010,4153,3,3,51.08,5.16
7011,4153,32,1,17.9,1.73
7012,4153,189,2,150.51,14.28
7013,4154,8,2,6.03,0.72
7014,4155,197,1,235.87,17.49
7015,4155,102,1,683.61,26.25
7016,4155,210,1,56.9,2.27
7017,4156,163,1,20.16,1.59
7018,4157,73,1,85.1,7.99
7019,4157,224,1,6.63,0.66
7020,4158,90,1,11.62,0.54
7021,4158,241,1,40.34,2.51
7022,4158,33,1,30.54,3.32
7023,4158,36,1,55.53,4.2
7024,4159,94,1,33.91,3.42
7025,4160,192,1,82.67,5.68
7026,4161,220,1,669.86,71.09
7027,4162,198,1,52.95,4.31
7028,4163,157,1,234.71,14.63
7029,4164,10,1,26.93,2.64
7030,4165,71,1,179.59,7.37
7031,4166,71,1,179.59,9.48
7032,4167,75,1,553.99,51.59
7033,4167,121,1,272.89,25.18
7034,4168,34,1,127.18,13.02
7035,4168,37,3,136.42,10.87
7036,4168,84,1,54.94,2.82
7037,4169,63,1,555.18,44.94
7038,4170,222,1,22.72,2.07
7039,4170,55,1,167.62,17.85
7040,4170,64,1,191.61,11.48
7041,4171,230,1,231.23,24.16
7042,4172,30,3,58.74,3.87
7043,4173,227,1,49.54,3.92
7044,4173,120,1,44.88,4.71
7045,4174,15,1,114.86,8.48
7046,4175,21,1,285.75,12.25
7047,4175,119,2,69.61,5.96
7048,4176,161,1,84.35,5.89
7049,4176,72,1,112.92,7.77
7050,4176,55,1,167.62,9.8
7051,4176,154,1,53.6,2.53
7052,4177,211,1,22.6,1.5
7053,4178,180,1,209.32,9.96
7054,4179,98,1,25.53,1.97
7055,4179,61,1,30.27,2.62
7056,4180,232,1,155.86,9.17
7057,4181,197,1,235.87,20.0
7058,4182,33,1,30.54,3.0
7059,4183,80,1,37.9,2.62
7060,4184,244,1,84.79,3.52
7061,4184,155,1,18.82,1.93
7062,4185,14,1,94.71,11.35
7063,4186,44,1,39.31,3.48
7064,4187,241,1,40.34,4.26
7065,4188,194,1,41.9,1.85
7066,4188,8,1,6.03,0.67
7067,4188,117,1,45.11,4.69
7068,4188,97,1,244.48,18.28
7069,4189,99,1,14.4,0.62
7070,4190,14,1,94.71,5.75
7071,4191,215,1,237.45,13.98
7072,4192,220,1,669.86,56.28
7073,4193,204,1,103.62,6.48
7074,4194,153,1,179.31,15.48
7075,4195,151,1,116.4,11.53
7076,4195,42,1,145.78,6.85
7077,4196,3,1,51.08,1.61
7078,4197,107,1,87.92,4.92
7079,4197,249,1,52.62,2.29
7080,4197,177,1,81.05,3.52
7081,4197,15,1,114.86,10.95
7082,4198,215,1,237.45,26.0
7083,4198,169,1,69.98,7.9
7084,4199,134,1,140.62,5.6
7085,4200,53,2,270.94,14.98
7086,4200,188,1,15.44,0.51
7087,4201,77,1,170.84,9.2
7088,4202,247,1,31.51,3.43
7089,4203,22,1,412.18,44.78
7090,4204,158,1,19.01,2.16
7091,4204,97,1,244.48,16.73
7092,4204,129,1,858.28,66.76
7093,4204,137,1,112.97,5.71
7094,4205,209,1,115.41,12.82
7095,4205,87,1,391.01,29.93
7096,4205,180,1,209.32,15.74
7097,4206,40,1,97.22,9.95
7098,4207,76,1,52.37,6.16
7099,4208,187,1,95.65,9.37
7100,4209,229,1,16.22,1.22
7101,4210,134,1,140.62,9.5
7102,4210,18,1,17.37,1.72
7103,4210,10,1,26.93,1.54
7104,4211,3,1,51.08,4.98
7105,4212,59,3,105.0,6.09
7106,4213,192,1,82.67,3.99
7107,4214,16,1,90.17,7.23
7108,4215,217,1,36.43,2.18
7109,4215,241,1,40.34,4.79
7110,4216,37,1,136.42,13.13
7111,4216,170,1,527.03,24.67
7112,4217,245,1,178.52,12.45
7113,4217,140,1,11.94,0.87
7114,4217,132,1,74.95,4.81
7115,4218,31,1,34.65,2.72
7116,4219,44,1,39.31,3.64
7117,4219,241,1,40.34,3.03
7118,4219,161,1,84.35,3.13
7119,4220,157,2,234.71,20.26
7120,4220,66,1,27.73,1.61
7121,4220,64,1,191.61,6.99
7122,4221,157,1,234.71,14.64
7123,4222,34,1,127.18,5.29
7124,4222,220,1,669.86,59.68
7125,4223,8,1,6.03,0.67
7126,4224,231,1,80.77,4.02
7127,4225,122,1,69.41,2.59
7128,4226,176,1,199.66,20.16
7129,4226,201,1,68.19,5.71
7130,4226,127,1,82.05,9.34
7131,4227,72,3,112.92,12.85
7132,4227,50,1,44.06,2.17
7133,4228,159,1,124.76,12.85
7134,4228,25,2,28.3,2.59
7135,4229,122,1,69.41,6.99
7136,4229,23,3,629.48,71.73
7137,4229,77,1,170.84,7.66
7138,4229,98,1,25.53,1.76
7139,4230,3,1,51.08,4.98
7140,4230,250,1,583.02,56.65
7141,4231,237,1,10.34,0.59
7142,4231,3,1,51.08,4.29
7143,4231,217,1,36.43,2.29
7144,4232,205,1,172.47,16.3
7145,4233,225,1,59.74,2.29
7146,4234,220,1,669.86,77.25
7147,4234,80,1,37.9,4.53
7148,4234,111,1,97.83,10.06
7149,4234,67,1,53.0,2.21
7150,4235,65,1,165.64,14.02
7151,4235,166,1,30.99,1.54
7152,4236,115,1,27.12,2.01
7153,4237,210,1,56.9,2.31
7154,4238,212,1,619.34,33.3
7155,4238,55,1,167.62,5.65
7156,4239,213,1,31.81,1.55
7157,4239,209,1,115.41,4.68
7158,4239,123,1,10.31,0.6
7159,4239,111,1,97.83,11.23
7160,4240,64,2,191.61,15.33
7161,4241,108,1,3.52,0.11
7162,4242,84,1,54.94,5.9
7163,4243,185,1,647.11,19.63
7164,4244,106,1,27.76,2.97
7165,4245,23,1,629.48,63.5
7166,4245,241,1,40.34,3.55
7167,4246,226,1,134.28,9.05
7168,4247,69,3,33.1,3.35
7169,4248,234,2,17.93,1.68
7170,4248,35,1,76.68,3.79
7171,4249,185,1,647.11,64.8
7172,4249,237,1,10.34,0.91
7173,4250,90,1,11.62,1.04
7174,4251,98,1,25.53,2.99
7175,4251,77,2,170.84,5.62
7176,4252,37,1,136.42,16.23
7177,4253,229,1,16.22,1.82
7178,4254,149,1,71.93,7.41
7179,4255,242,2,135.54,15.86
7180,4256,151,1,116.4,4.52
7181,4256,67,2,53.0,6.2
7182,4257,37,1,136.42,6.98
7183,4258,153,1,179.31,17.6
7184,4259,9,1,82.19,4.33
7185,4260,15,1,114.86,7.69
7186,4261,183,1,101.22,11.47
7187,4262,37,1,136.42,8.66
7188,4262,235,1,75.26,8.57
7189,4263,221,1,80.15,4.18
7190,4263,130,1,76.27,6.23
7191,4263,105,1,262.49,12.54
7192,4264,94,1,33.91,2.22
7193,4264,29,1,617.47,50.54
7194,4265,227,2,49.54,3.54
7195,4265,204,1,103.62,7.95
7196,4266,135,1,212.24,13.26
7197,4266,116,1,53.02,4.26
7198,4267,30,1,58.74,3.12
7199,4268,232,1,155.86,5.01
7200,4268,130,1,76.27,6.05
7201,4268,83,1,9.7,0.77
7202,4268,102,1,683.61,38.83
7203,4269,160,1,19.67,0.95
7204,4269,46,1,645.92,54.66
7205,4270,227,1,49.54,3.11
7206,4271,46,1,645.92,32.4
7207,4271,215,1,237.45,9.39
7208,4272,189,1,150.51,7.0
7209,4273,129,1,858.28,37.82
7210,4274,192,1,82.67,3.13
7211,4275,244,1,84.79,8.65
7212,4276,137,1,112.97,9.55
7213,4276,237,1,10.34,0.6
7214,4276,151,1,116.4,10.08
7215,4277,189,1,150.51,7.55
7216,4278,130,1,76.27,6.5
7217,4278,105,1,262.49,21.39
7218,4278,86,1,124.98,8.94
7219,4279,212,1,619.34,51.13
7220,4279,58,1,7.39,0.48
7221,4280,71,1,179.59,8.32
7222,4280,41,1,63.66,3.66
7223,4281,65,1,165.64,16.87
7224,4281,43,1,137.44,11.14
7225,4282,157,1,234.71,20.15
7226,4283,115,1,27.12,1.7
7227,4283,98,1,25.53,2.33
7228,4284,146,1,98.43,3.02
7229,4285,188,1,15.44,1.32
7230,4285,149,1,71.93,7.55
7231,4286,47,1,18.06,1.56
7232,4287,237,1,10.34,0.7
7233,4287,35,2,76.68,4.65
7234,4288,77,1,170.84,15.68
7235,4288,4,2,95.98,6.51
7236,4288,114,1,164.19,5.85
7237,4289,85,1,106.96,9.69
7238,4289,234,1,17.93,1.3
7239,4290,124,1,434.69,46.76
7240,4291,189,1,150.51,15.75
7241,4292,53,1,270.94,14.75
7242,4293,243,1,83.89,3.65
7243,4293,36,1,55.53,3.64
7244,4294,40,1,97.22,6.36
7245,4295,217,1,36.43,2.55
7246,4296,189,1,150.51,15.61
7247,4297,71,1,179.59,11.1
7248,4297,30,1,58.74,5.08
7249,4298,206,1,760.6,81.93
7250,4298,67,1,53.0,4.68
7251,4299,111,1,97.83,9.76
7252,4300,31,1,34.65,3.06
7253,4301,189,1,150.51,9.91
7254,4301,98,1,25.53,2.78
7255,4302,1,1,826.88,42.45
7256,4302,212,3,619.34,63.44
7257,4303,217,1,36.43,1.12
7258,4304,206,1,760.6,59.35
7259,4304,100,2,136.87,15.5
7260,4305,162,1,6.54,0.55
7261,4305,205,1,172.47,9.02
7262,4306,27,1,852.23,100.43
7263,4307,60,1,85.87,6.24
7264,4308,58,1,7.39,0.46
7265,4308,222,1,22.72,2.16
7266,4308,49,1,38.8,2.51
7267,4309,89,1,179.88,10.48
7268,4310,122,1,69.41,4.34
7269,4310,132,1,74.95,3.8
7270,4311,74,1,35.45,1.72
7271,4311,201,1,68.19,7.51
7272,4312,88,1,2.59,0.18
7273,4312,214,1,211.86,19.54
7274,4312,134,2,140.62,16.85
7275,4313,127,1,82.05,2.74
7276,4313,174,1,8.1,0.4
7277,4314,237,1,10.34,1.08
7278,4314,42,2,145.78,11.86
7279,4315,151,1,116.4,5.03
7280,4316,234,1,17.93,1.95
7281,4316,142,1,230.98,7.37
7282,4316,119,1,69.61,6.02
7283,4317,129,3,858.28,78.43
7284,4317,36,1,55.53,4.65
7285,4318,102,1,683.61,56.92
7286,4319,192,1,82.67,3.98
7287,4320,67,1,53.0,2.01
7288,4320,200,1,16.92,0.89
7289,4320,84,1,54.94,6.05
7290,4321,234,1,17.93,2.07
7291,4321,213,2,31.81,2.47
7292,4322,241,1,40.34,4.64
7293,4322,97,1,244.48,27.39
7294,4322,249,1,52.62,4.75
7295,4323,250,1,583.02,27.24
7296,4323,227,1,49.54,3.57
7297,4323,26,3,16.21,1.55
7298,4323,210,1,56.9,6.11
7299,4324,120,2,44.88,3.29
7300,4325,27,1,852.23,39.55
7301,4325,214,1,211.86,23.19
7302,4326,131,1,203.22,8.1
7303,4327,12,1,94.84,7.95
7304,4327,169,1,69.98,5.8
7305,4327,91,1,56.23,6.57
7306,4328,112,1,335.91,25.14
7307,4329,102,1,683.61,76.91
7308,4329,160,1,19.67,1.48
7309,4329,142,1,230.98,27.29
7310,4330,189,2,150.51,15.39
7311,4331,155,1,18.82,0.77
7312,4331,42,1,145.78,4.77
7313,4331,11,1,685.7,46.94
7314,4332,118,1,13.3,0.64
7315,4333,213,1,31.81,3.05
7316,4334,237,1,10.34,0.55
7317,4334,242,1,135.54,14.33
7318,4335,136,1,763.13,68.22
7319,4336,17,1,29.84,2.56
7320,4336,36,1,55.53,4.06
7321,4337,102,1,683.61,27.75
7322,4338,209,1,115.41,11.63
7323,4339,197,1,235.87,27.21
7324,4339,109,1,151.47,10.38
7325,4339,99,1,14.4,1.4
7326,4340,186,1,66.12,6.91
7327,4340,171,1,100.35,11.57
7328,4340,231,1,80.77,9.65
7329,4341,46,1,645.92,52.66
7330,4342,25,1,28.3,0.91
7331,4343,220,1,669.86,73.6
7332,4344,151,1,116.4,12.13
7333,4344,32,1,17.9,0.79
7334,4344,136,1,763.13,65.43
7335,4345,135,1,212.24,13.27
7336,4346,160,3,19.67,2.18
7337,4346,134,3,140.62,11.9
7338,4346,217,1,36.43,3.05
7339,4347,106,3,27.76,0.89
7340,4347,107,1,87.92,7.39
7341,4348,162,1,6.54,0.4
7342,4349,31,1,34.65,2.9
7343,4349,3,1,51.08,4.26
7344,4349,33,1,30.54,3.12
7345,4349,40,1,97.22,5.32
7346,4350,139,1,488.45,35.0
7347,4350,53,3,270.94,30.67
7348,4350,137,1,112.97,3.65
7349,4351,242,1,135.54,8.42
7350,4352,22,1,412.18,23.21
7351,4353,73,1,85.1,2.85
7352,4354,168,1,9.01,0.93
7353,4355,22,1,412.18,13.57
7354,4355,144,1,50.76,2.61
7355,4355,232,1,155.86,18.25
7356,4356,14,1,94.71,5.3
7357,4357,84,1,54.94,5.39
7358,4357,65,1,165.64,12.21
7359,4358,95,1,25.87,2.97
7360,4359,29,1,617.47,36.72
7361,4359,77,1,170.84,13.22
7362,4360,135,1,212.24,16.6
7363,4360,68,1,38.67,2.85
7364,4361,106,1,27.76,1.92
7365,4361,156,1,99.5,5.44
7366,4362,142,1,230.98,14.07
7367,4363,211,2,22.6,2.07
7368,4364,77,1,170.84,19.04
7369,4365,130,1,76.27,3.14
7370,4366,76,1,52.37,5.55
7371,4366,68,1,38.67,2.07
7372,4367,76,1,52.37,5.34
7373,4368,217,2,36.43,2.91
7374,4369,14,1,94.71,3.1
7375,4369,48,1,93.17,7.59
7376,4369,46,1,645.92,57.42
7377,4370,27,1,852.23,47.85
7378,4371,198,1,52.95,3.7
7379,4372,8,1,6.03,0.51
7380,4373,250,1,583.02,44.16
7381,4373,95,1,25.87,0.96
7382,4374,234,1,17.93,1.25
7383,4374,148,1,101.97,6.09
7384,4375,135,1,212.24,24.2
7385,4375,63,1,555.18,30.22
7386,4375,203,1,67.83,5.54
7387,4375,90,1,11.62,0.54
7388,4376,110,1,759.15,37.59
7389,4377,209,2,115.41,9.56
7390,4378,182,1,19.48,1.63
7391,4378,210,1,56.9,4.86
7392,4379,58,1,7.39,0.82
7393,4380,195,1,45.11,3.66
7394,4380,7,1,136.48,13.15
7395,4380,206,1,760.6,54.43
7396,4381,151,1,116.4,4.88
7397,4381,134,1,140.62,12.8
7398,4382,129,1,858.28,34.82
7399,4383,61,1,30.27,3.44
7400,4383,105,1,262.49,26.22
7401,4384,150,1,43.62,4.41
7402,4384,79,1,47.16,3.01
7403,4385,134,1,140.62,10.43
7404,4385,231,1,80.77,7.36
7405,4386,177,1,81.05,8.39
7406,4387,97,1,244.48,18.26
7407,4388,83,1,9.7,0.54
7408,4388,174,1,8.1,0.51
7409,4388,183,1,101.22,8.1
7410,4389,23,1,629.48,73.47
7411,4390,39,1,136.95,15.92
7412,4390,44,1,39.31,2.68
7413,4391,55,1,167.62,10.66
7414,4392,72,1,112.92,13.25
7415,4393,109,1,151.47,11.48
7416,4393,206,2,760.6,61.19
7417,4393,43,1,137.44,13.8
7418,4394,211,1,22.6,1.86
7419,4394,216,1,194.01,6.34
7420,4395,142,1,230.98,11.11
7421,4396,224,1,6.63,0.48
7422,4396,55,2,167.62,9.87
7423,4396,174,1,8.1,0.36
7424,4397,105,1,262.49,13.34
7425,4397,87,1,391.01,25.49
7426,4397,146,1,98.43,6.35
7427,4397,166,1,30.99,1.06
7428,4398,25,1,28.3,2.58
7429,4398,128,1,13.41,0.45
7430,4399,81,1,44.98,3.56
7431,4399,139,1,488.45,43.06
7432,4399,87,1,391.01,12.59
7433,4400,87,1,391.01,18.66
7434,4400,175,1,16.15,0.6
7435,4401,209,1,115.41,5.14
7436,4402,234,3,17.93,0.84
7437,4403,21,1,285.75,19.72
7438,4403,31,1,34.65,2.6
7439,4403,61,1,30.27,1.02
7440,4404,133,1,37.44,3.01
7441,4404,14,1,94.71,6.66
7442,4405,159,1,124.76,9.72
7443,4406,6,1,251.86,19.34
7444,4407,170,2,527.03,34.98
7445,4407,30,1,58.74,5.72
7446,4407,151,1,116.4,6.35
7447,4407,125,1,111.51,11.81
7448,4408,214,2,211.86,12.06
7449,4409,116,1,53.02,5.14
7450,4410,8,1,6.03,0.26
7451,4411,191,1,39.7,2.11
7452,4412,121,1,272.89,22.9
7453,4413,210,1,56.9,5.73
7454,4414,161,1,84.35,5.9
7455,4415,28,1,164.02,7.41
7456,4416,241,1,40.34,4.59
7457,4417,227,1,49.54,4.62
7458,4418,27,1,852.23,56.51
7459,4419,130,1,76.27,2.36
7460,4420,67,1,53.0,5.63
7461,4420,90,1,11.62,1.33
7462,4421,242,1,135.54,8.83
7463,4421,108,1,3.52,0.32
7464,4421,16,1,90.17,9.26
7465,4422,208,1,113.76,12.01
7466,4422,160,1,19.67,1.61
7467,4422,104,1,82.65,8.36
7468,4423,208,1,113.76,9.15
7469,4423,245,1,178.52,7.56
7470,4424,199,1,5.9,0.3
7471,4425,124,1,434.69,39.47
7472,4425,209,1,115.41,4.13
7473,4426,207,1,51.95,5.69
7474,4427,120,1,44.88,3.37
7475,4427,16,1,90.17,3.12
7476,4427,45,1,30.04,1.62
7477,4428,49,1,38.8,3.87
7478,4428,130,1,76.27,6.84
7479,4429,194,1,41.9,2.71
7480,4429,80,1,37.9,3.45
7481,4430,11,1,685.7,73.01
7482,4431,153,1,179.31,13.11
7483,4432,227,1,49.54,2.63
7484,4432,10,1,26.93,2.27
7485,4433,234,1,17.93,0.81
7486,4433,215,1,237.45,7.9
7487,4434,121,1,272.89,12.92
7488,4435,187,1,95.65,3.4
7489,4436,79,1,47.16,3.3
7490,4437,51,1,71.14,2.46
7491,4438,202,1,130.75,10.65
7492,4439,105,1,262.49,26.88
7493,4439,8,1,6.03,0.4
7494,4439,9,1,82.19,7.11
7495,4440,200,1,16.92,0.58
7496,4441,61,1,30.27,3.18
7497,4441,224,1,6.63,0.62
7498,4442,203,1,67.83,6.37
7499,4442,139,1,488.45,23.66
7500,4443,62,1,19.26,0.94
7501,4443,138,1,45.06,3.57
7502,4444,3,1,51.08,5.99
7503,4444,220,1,669.86,64.51
7504,4444,190,1,239.32,17.76
7505,4445,246,1,30.72,1.15
7506,4445,113,2,29.13,1.57
7507,4445,43,1,137.44,9.8
7508,4445,131,1,203.22,21.43
7509,4446,36,1,55.53,3.47
7510,4447,157,1,234.71,7.44
7511,4448,6,1,251.86,25.73
7512,4448,229,1,16.22,0.8
7513,4449,118,1,13.3,0.77
7514,4449,129,2,858.28,92.75
7515,4450,137,1,112.97,5.63
7516,4450,40,1,97.22,6.66
7517,4451,105,1,262.49,10.44
7518,4451,34,3,127.18,10.11
7519,4452,33,1,30.54,1.22
7520,4452,207,1,51.95,6.23
7521,4453,34,1,127.18,7.06
7522,4453,205,1,172.47,6.46
7523,4454,31,1,34.65,1.6
7524,4454,87,1,391.01,26.69
7525,4454,235,1,75.26,4.64
7526,4455,183,1,101.22,6.7
7527,4456,130,1,76.27,2.44
7528,4456,235,1,75.26,7.42
7529,4456,170,1,527.03,27.7
7530,4457,173,1,57.93,4.12
7531,4457,46,1,645.92,27.45
7532,4457,149,1,71.93,2.51
7533,4457,133,1,37.44,1.94
7534,4458,199,1,5.9,0.42
7535,4459,206,1,760.6,84.66
7536,4460,189,1,150.51,5.08
7537,4460,218,1,62.27,5.11
7538,4461,119,1,69.61,2.61
7539,4461,8,1,6.03,0.46
7540,4461,243,1,83.89,8.93
7541,4462,28,1,164.02,16.88
7542,4462,248,1,40.02,4.7
7543,4462,214,1,211.86,13.31
7544,4463,184,1,344.95,38.88
7545,4463,147,1,81.1,2.55
7546,4464,16,1,90.17,4.99
7547,4464,205,1,172.47,14.22
7548,4465,197,1,235.87,17.12
7549,4465,250,2,583.02,20.43
7550,4466,235,1,75.26,8.09
7551,4466,42,1,145.78,13.64
7552,4467,3,1,51.08,3.35
7553,4468,216,1,194.01,16.79
7554,4469,95,1,25.87,0.83
7555,4470,15,1,114.86,12.81
7556,4471,102,1,683.61,51.54
7557,4472,194,1,41.9,2.09
7558,4473,29,1,617.47,73.01
7559,4474,212,1,619.34,45.45
7560,4475,195,1,45.11,3.24
7561,4476,230,1,231.23,25.66
7562,4477,111,1,97.83,11.12
7563,4478,120,2,44.88,4.52
7564,4479,202,1,130.75,4.65
7565,4480,6,1,251.86,20.06
7566,4481,61,1,30.27,3.14
7567,4482,151,1,116.4,8.2
7568,4482,17,1,29.84,3.15
7569,4483,52,1,30.53,2.16
7570,4484,87,1,391.01,33.0
7571,4485,124,1,434.69,43.33
7572,4486,181,1,14.39,0.52
7573,4486,145,1,366.49,12.88
7574,4486,40,1,97.22,5.95
7575,4486,140,1,11.94,0.75
7576,4487,189,1,150.51,12.73
7577,4488,220,1,669.86,49.52
7578,4489,202,1,130.75,9.8
7579,4489,228,1,95.03,7.29
7580,4489,29,1,617.47,58.17
7581,4489,30,1,58.74,3.12
7582,4490,219,1,66.09,4.07
7583,4490,189,3,150.51,14.23
7584,4491,59,1,105.0,6.31
7585,4492,26,1,16.21,0.52
7586,4493,14,1,94.71,2.9
7587,4494,85,1,106.96,8.39
7588,4494,74,1,35.45,3.13
7589,4495,187,1,95.65,3.82
7590,4496,96,1,826.6,81.34
7591,4497,232,1,155.86,12.55
7592,4498,129,1,858.28,102.21
7593,4498,119,1,69.61,7.64
7594,4499,122,1,69.41,6.14
7595,4500,90,1,11.62,1.03
7596,4500,32,1,17.9,0.62
7597,4501,237,1,10.34,0.69
7598,4502,16,1,90.17,5.5
7599,4503,170,1,527.03,54.86
7600,4503,9,1,82.19,8.76
7601,4503,169,1,69.98,7.04
7602,4503,197,1,235.87,8.87
7603,4504,27,1,852.23,55.15
7604,4505,146,1,98.43,7.94
7605,4506,176,1,199.66,6.5
7606,4507,173,1,57.93,6.75
7607,4508,49,1,38.8,1.56
7608,4509,219,1,66.09,2.2
7609,4509,16,1,90.17,9.73
7610,4510,22,1,412.18,27.25
7611,4511,205,1,172.47,15.46
7612,4512,208,1,113.76,8.85
7613,4513,216,1,194.01,11.96
7614,4513,242,1,135.54,4.66
7615,4514,120,1,44.88,2.42
7616,4514,122,1,69.41,7.15
7617,4515,84,1,54.94,3.99
7618,4515,8,1,6.03,0.38
7619,4515,39,1,136.95,5.6
7620,4516,86,1,124.98,11.93
7621,4516,12,1,94.84,5.08
7622,4517,200,1,16.92,1.43
7623,4518,235,1,75.26,4.34
7624,4519,87,3,391.01,32.09
7625,4520,235,1,75.26,3.24
7626,4521,48,1,93.17,3.31
7627,4522,142,1,230.98,18.94
7628,4522,143,1,180.32,7.82
7629,4522,227,3,49.54,5.1
7630,4522,160,1,19.67,0.79
7631,4523,67,3,53.0,6.18
7632,4524,38,1,147.17,13.4
7633,4525,61,1,30.27,2.21
7634,4525,171,1,100.35,4.97
7635,4525,158,3,19.01,1.12
7636,4525,169,1,69.98,4.58
7637,4526,238,1,115.34,5.9
7638,4527,17,1,29.84,1.36
7639,4527,215,1,237.45,10.02
7640,4528,87,1,391.01,20.65
7641,4529,155,1,18.82,0.83
7642,4530,6,1,251.86,15.91
7643,4530,29,1,617.47,43.65
7644,4531,81,1,44.98,3.69
7645,4532,79,1,47.16,2.84
7646,4533,150,1,43.62,2.4
7647,4534,10,1,26.93,2.84
7648,4535,44,1,39.31,4.59
7649,4535,118,1,13.3,1.23
7650,4535,137,1,112.97,8.42
7651,4536,102,1,683.61,39.01
7652,4537,227,1,49.54,2.83
7653,4538,195,1,45.11,5.11
7654,4538,234,1,17.93,0.66
7655,4539,145,1,366.49,39.26
7656,4539,12,1,94.84,4.05
7657,4540,84,1,54.94,2.99
7658,4540,182,1,19.48,0.65
7659,4541,181,3,14.39,1.54
7660,4541,5,1,88.33,6.23
7661,4542,22,1,412.18,45.09
7662,4543,28,1,164.02,10.93
7663,4543,22,2,412.18,26.37
7664,4543,3,2,51.08,5.33
7665,4544,119,1,69.61,4.06
7666,4545,12,1,94.84,9.45
7667,4546,167,1,139.5,14.25
7668,4546,158,1,19.01,0.67
7669,4546,200,1,16.92,1.6
7670,4547,123,1,10.31,0.86
7671,4548,134,1,140.62,8.63
7672,4549,71,1,179.59,7.11
7673,4549,48,1,93.17,7.19
7674,4549,77,1,170.84,6.22
7675,4550,175,1,16.15,1.37
7676,4550,35,1,76.68,8.77
7677,4550,143,1,180.32,15.82
7678,4551,58,1,7.39,0.38
7679,4551,179,1,246.47,17.34
7680,4551,8,1,6.03,0.7
7681,4551,195,1,45.11,2.21
7682,4552,2,1,120.72,4.72
7683,4553,245,1,178.52,10.17
7684,4553,228,1,95.03,6.01
7685,4553,65,1,165.64,5.76
7686,4554,186,2,66.12,2.94
7687,4554,71,1,179.59,8.42
7688,4554,45,1,30.04,3.15
7689,4554,214,1,211.86,12.73
7690,4555,134,1,140.62,16.74
7691,4555,65,1,165.64,5.02
7692,4556,163,1,20.16,1.89
7693,4557,100,1,136.87,7.19
7694,4558,152,1,343.16,36.13
7695,4559,121,1,272.89,15.43
7696,4560,203,1,67.83,7.61
7697,4561,90,1,11.62,1.07
7698,4562,90,1,11.62,1.18
7699,4562,97,1,244.48,12.83
7700,4563,235,1,75.26,6.17
7701,4564,227,1,49.54,2.99
7702,4565,36,1,55.53,6.23
7703,4566,77,3,170.84,11.27
7704,4566,217,1,36.43,2.35
7705,4566,235,1,75.26,2.54
7706,4567,17,1,29.84,3.12
7707,4568,178,1,1065.13,43.63
7708,4568,224,1,6.63,0.33
7709,4569,44,1,39.31,4.02
7710,4570,152,1,343.16,40.58
7711,4570,56,1,38.8,3.25
7712,4571,218,1,62.27,6.12
7713,4571,16,1,90.17,5.3
7714,4572,20,1,71.62,6.1
7715,4572,230,1,231.23,20.82
7716,4572,8,1,6.03,0.58
7717,4573,49,1,38.8,1.37
7718,4574,97,1,244.48,11.26
7719,4574,231,1,80.77,3.05
7720,4575,246,1,30.72,1.21
7721,4575,58,1,7.39,0.41
7722,4576,142,1,230.98,12.55
7723,4577,21,1,285.75,27.89
7724,4577,28,1,164.02,8.12
7725,4578,41,1,63.66,5.24
7726,4578,120,1,44.88,3.69
7727,4579,220,1,669.86,29.37
7728,4579,43,1,137.44,15.33
7729,4580,142,1,230.98,13.21
7730,4580,59,2,105.0,3.56
7731,4581,87,1,391.01,36.43
7732,4582,176,1,199.66,13.02
7733,4583,202,1,130.75,12.05
7734,4584,127,1,82.05,4.29
7735,4585,45,1,30.04,3.47
7736,4585,42,1,145.78,16.35
7737,4586,69,1,33.1,1.36
7738,4587,86,2,124.98,11.84
7739,4587,28,1,164.02,13.18
7740,4587,124,1,434.69,14.04
7741,4587,142,1,230.98,8.91
7742,4588,123,3,10.31,0.51
7743,4588,205,1,172.47,10.75
7744,4588,105,1,262.49,27.45
7745,4589,202,1,130.75,6.08
7746,4590,112,1,335.91,36.72
7747,4590,89,1,179.88,19.59
7748,4591,153,1,179.31,13.07
7749,4591,73,1,85.1,3.18
7750,4592,87,1,391.01,22.75
7751,4593,134,1,140.62,11.01
7752,4594,14,1,94.71,6.12
7753,4594,19,2,11.93,0.69
7754,4595,138,1,45.06,5.14
7755,4596,193,3,286.41,25.08
7756,4597,237,1,10.34,0.59
7757,4598,67,1,53.0,5.71
7758,4599,136,1,763.13,35.15
7759,4599,88,1,2.59,0.15
7760,4599,165,1,6.2,0.57
7761,4599,18,1,17.37,0.55
7762,4600,199,1,5.9,0.63
7763,4601,193,1,286.41,30.84
7764,4602,183,1,101.22,10.31
7765,4602,100,1,136.87,14.01
7766,4602,132,1,74.95,3.18
7767,4603,21,1,285.75,31.34
7768,4604,24,1,89.79,8.12
7769,4605,203,1,67.83,7.86
7770,4605,71,1,179.59,16.86
7771,4606,94,1,33.91,1.99
7772,4607,80,1,37.9,3.88
7773,4608,148,1,101.97,4.81
7774,4609,230,1,231.23,23.11
7775,4610,221,1,80.15,2.56
7776,4611,108,1,3.52,0.16
7777,4612,217,1,36.43,1.85
7778,4612,136,1,763.13,58.68
7779,4613,58,1,7.39,0.38
7780,4613,42,2,145.78,15.14
7781,4614,30,1,58.74,2.75
7782,4615,104,1,82.65,4.8
7783,4616,77,1,170.84,17.66
7784,4616,13,1,31.08,3.68
7785,4616,62,1,19.26,2.31
7786,4616,133,1,37.44,1.13
7787,4617,185,1,647.11,72.93
7788,4618,222,1,22.72,1.86
7789,4619,21,1,285.75,28.69
7790,4620,235,1,75.26,8.75
7791,4621,115,1,27.12,2.15
7792,4622,157,1,234.71,8.58
7793,4623,75,1,553.99,53.51
7794,4624,152,1,343.16,28.29
7795,4625,232,1,155.86,5.16
7796,4626,179,1,246.47,15.18
7797,4627,98,2,25.53,2.35
7798,4628,99,1,14.4,1.21
7799,4628,241,3,40.34,3.02
7800,4629,189,1,150.51,7.62
7801,4630,163,1,20.16,0.66
7802,4630,88,1,2.59,0.09
7803,4631,189,1,150.51,6.42
7804,4632,54,1,387.71,39.09
7805,4633,17,1,29.84,1.36
7806,4633,24,1,89.79,7.81
7807,4633,108,1,3.52,0.28
7808,4634,17,1,29.84,2.08
7809,4634,202,1,130.75,14.36
7810,4634,91,1,56.23,6.11
7811,4635,129,1,858.28,53.04
7812,4636,189,1,150.51,13.75
7813,4637,97,1,244.48,28.33
7814,4637,98,1,25.53,1.04
7815,4638,77,1,170.84,11.63
7816,4639,210,1,56.9,2.16
7817,4640,123,1,10.31,1.14
7818,4641,129,3,858.28,100.98
7819,4642,89,1,179.88,19.78
7820,4643,227,3,49.54,5.12
7821,4644,122,1,69.41,6.49
7822,4644,73,1,85.1,4.83
7823,4644,6,1,251.86,29.13
7824,4645,29,1,617.47,25.69
7825,4646,146,1,98.43,5.19
7826,4646,202,1,130.75,10.32
7827,4646,163,1,20.16,1.42
7828,4647,104,2,82.65,9.71
7829,4647,137,1,112.97,4.03
7830,4647,119,1,69.61,6.06
7831,4648,73,1,85.1,4.02
7832,4648,85,1,106.96,10.52
7833,4649,250,1,583.02,47.61
7834,4649,43,1,137.44,14.78
7835,4650,18,1,17.37,0.96
7836,4650,204,1,103.62,9.12
7837,4650,142,1,230.98,20.74
7838,4651,229,3,16.22,0.68
7839,4651,134,1,140.62,4.77
7840,4652,134,1,140.62,14.89
7841,4652,178,1,1065.13,32.14
7842,4653,201,1,68.19,2.79
7843,4653,130,1,76.27,4.6
7844,4654,120,1,44.88,2.57
7845,4655,157,1,234.71,21.43
7846,4655,102,1,683.61,62.28
7847,4656,122,1,69.41,6.8
7848,4657,129,1,858.28,32.32
7849,4658,227,1,49.54,3.82
7850,4658,169,1,69.98,6.91
7851,4659,119,1,69.61,5.56
7852,4660,189,1,150.51,10.25
7853,4660,40,1,97.22,9.35
7854,4660,153,3,179.31,20.19
7855,4660,3,1,51.08,5.51
7856,4661,32,1,17.9,0.66
7857,4662,185,1,647.11,50.69
7858,4662,225,1,59.74,4.66
7859,4663,249,1,52.62,4.59
7860,4663,102,1,683.61,30.4
7861,4663,223,1,155.25,8.54
7862,4663,142,1,230.98,16.84
7863,4664,72,1,112.92,4.58
7864,4665,46,1,645.92,73.41
7865,4666,131,1,203.22,20.55
7866,4666,170,1,527.03,55.1
7867,4666,104,1,82.65,4.14
7868,4667,174,1,8.1,0.9
7869,4668,89,1,179.88,16.36
7870,4669,3,1,51.08,5.19
7871,4669,90,1,11.62,0.71
7872,4670,238,1,115.34,6.9
7873,4670,77,1,170.84,8.09
7874,4670,31,1,34.65,2.81
7875,4670,27,2,852.23,84.41
7876,4671,137,1,112.97,7.37
7877,4672,248,1,40.02,4.44
7878,4672,56,1,38.8,4.05
7879,4673,185,3,647.11,45.51
7880,4673,46,1,645.92,58.57
7881,4674,242,1,135.54,10.37
7882,4674,62,1,19.26,2.05
7883,4675,249,1,52.62,5.08
7884,4675,133,1,37.44,4.37
7885,4675,235,1,75.26,2.76
7886,4676,102,2,683.61,37.68
7887,4677,208,1,113.76,10.4
7888,4677,104,1,82.65,5.07
7889,4677,185,1,647.11,39.02
7890,4677,250,1,583.02,28.98
7891,4678,129,1,858.28,84.37
7892,4679,237,1,10.34,0.69
7893,4679,142,1,230.98,16.66
7894,4679,210,1,56.9,6.66
7895,4680,163,1,20.16,2.37
7896,4681,43,1,137.44,12.98
7897,4682,104,2,82.65,8.15
7898,4682,34,1,127.18,4.17
7899,4683,79,1,47.16,4.24
7900,4683,234,1,17.93,2.03
7901,4684,213,1,31.81,2.37
7902,4684,215,1,237.45,27.85
7903,4684,86,1,124.98,14.85
7904,4685,28,1,164.02,15.08
7905,4686,77,1,170.84,5.37
7906,4686,113,1,29.13,3.35
7907,4686,205,3,172.47,6.65
7908,4686,165,1,6.2,0.68
7909,4687,4,1,95.98,6.57
7910,4688,159,1,124.76,14.42
7911,4689,36,1,55.53,3.17
7912,4690,135,1,212.24,11.31
7913,4691,228,1,95.03,3.55
7914,4691,217,1,36.43,3.73
7915,4692,244,1,84.79,8.49
7916,4693,232,1,155.86,15.57
7917,4693,171,1,100.35,9.27
7918,4694,180,1,209.32,10.88
7919,4694,129,1,858.28,49.54
7920,4695,60,1,85.87,10.24
7921,4696,105,1,262.49,27.04
7922,4697,174,1,8.1,0.81
7923,4698,139,1,488.45,57.85
7924,4698,129,1,858.28,87.76
7925,4698,76,1,52.37,3.66
7926,4699,2,1,120.72,9.85
7927,4700,97,1,244.48,13.58
7928,4700,3,1,51.08,1.64
7929,4700,211,1,22.6,2.42
7930,4701,245,1,178.52,6.85
7931,4702,151,1,116.4,6.08
7932,4703,149,1,71.93,2.79
7933,4704,28,1,164.02,13.7
7934,4705,115,1,27.12,1.41
7935,4705,16,1,90.17,4.67
7936,4706,102,1,683.61,72.37
7937,4707,69,1,33.1,2.39
7938,4708,108,1,3.52,0.23
7939,4709,131,2,203.22,7.43
7940,4710,133,1,37.44,1.51
7941,4710,196,1,47.98,5.05
7942,4710,48,1,93.17,10.35
7943,4710,124,1,434.69,38.08
7944,4711,70,1,41.53,2.17
7945,4712,245,1,178.52,17.95
7946,4713,181,1,14.39,1.7
7947,4714,84,1,54.94,5.53
7948,4714,86,1,124.98,8.67
7949,4714,63,3,555.18,65.94
7950,4715,122,1,69.41,3.74
7951,4715,181,1,14.39,0.61
7952,4715,192,1,82.67,8.25
7953,4715,127,1,82.05,3.35
7954,4716,32,1,17.9,1.77
7955,4716,167,1,139.5,11.35
7956,4717,80,1,37.9,3.64
7957,4717,43,1,137.44,9.23
7958,4717,199,1,5.9,0.55
7959,4718,181,1,14.39,1.0
7960,4718,35,1,76.68,7.64
7961,4719,220,1,669.86,52.05
7962,4720,160,1,19.67,1.54
7963,4720,48,1,93.17,5.06
7964,4720,187,2,95.65,8.14
7965,4721,193,1,286.41,13.31
7966,4721,22,1,412.18,19.47
7967,4721,53,1,270.94,12.88
7968,4722,191,1,39.7,3.02
7969,4722,148,1,101.97,9.43
7970,4722,14,1,94.71,10.93
7971,4723,47,1,18.06,0.82
7972,4724,97,1,244.48,7.95
7973,4724,124,1,434.69,44.57
7974,4725,242,1,135.54,11.21
7975,4726,87,1,391.01,24.42
7976,4726,139,1,488.45,49.31
7977,4727,227,1,49.54,2.74
7978,4727,14,1,94.71,8.82
7979,4727,67,1,53.0,3.94
7980,4728,15,1,114.86,7.48
7981,4729,65,1,165.64,11.34
7982,4730,122,1,69.41,4.5
7983,4731,36,1,55.53,3.15
7984,4731,104,1,82.65,5.71
7985,4731,242,1,135.54,15.78
7986,4731,49,1,38.8,3.51
7987,4732,118,1,13.3,0.95
7988,4732,102,1,683.61,34.53
7989,4733,147,1,81.1,8.75
7990,4734,32,1,17.9,1.48
7991,4734,5,1,88.33,3.76
7992,4735,206,1,760.6,54.84
7993,4735,120,1,44.88,4.82
7994,4735,104,1,82.65,4.36
7995,4736,9,1,82.19,2.79
7996,4737,166,1,30.99,3.31
7997,4738,59,1,105.0,5.54
7998,4739,234,1,17.93,0.77
7999,4740,56,1,38.8,2.83
8000,4740,235,1,75.26,3.62
8001,4740,174,1,8.1,0.74
8002,4740,98,1,25.53,2.54
8003,4741,243,1,83.89,2.96
8004,4741,127,1,82.05,8.56
8005,4742,248,2,40.02,2.09
8006,4743,125,2,111.51,12.86
8007,4744,147,1,81.1,5.04
8008,4744,139,1,488.45,44.8
8009,4745,21,1,285.75,31.98
8010,4745,45,1,30.04,2.44
8011,4745,114,1,164.19,15.65
8012,4746,12,1,94.84,8.81
8013,4747,173,1,57.93,4.38
8014,4747,119,1,69.61,2.81
8015,4748,118,1,13.3,0.53
8016,4748,151,1,116.4,10.93
8017,4749,58,1,7.39,0.51
8018,4749,144,1,50.76,2.01
8019,4749,142,1,230.98,11.68
8020,4750,116,2,53.02,2.61
8021,4751,117,1,45.11,2.93
8022,4751,6,2,251.86,18.02
8023,4752,26,1,16.21,0.89
8024,4752,176,1,199.66,6.72
8025,4752,17,1,29.84,2.85
8026,4753,167,1,139.5,8.79
8027,4753,75,1,553.99,20.65
8028,4754,171,1,100.35,7.57
8029,4755,173,1,57.93,6.63
8030,4755,155,1,18.82,1.76
8031,4755,219,1,66.09,6.77
8032,4755,132,1,74.95,5.84
8033,4756,112,1,335.91,18.9
8034,4756,150,1,43.62,3.81
8035,4756,157,1,234.71,19.46
8036,4757,97,1,244.48,28.18
8037,4757,17,1,29.84,2.08
8038,4758,126,1,25.06,2.54
8039,4759,118,1,13.3,1.24
8040,4760,53,1,270.94,12.85
8041,4760,44,1,39.31,3.97
8042,4761,189,1,150.51,10.18
8043,4762,206,2,760.6,31.01
8044,4762,36,2,55.53,1.73
8045,4763,193,1,286.41,10.34
8046,4764,30,1,58.74,6.82
8047,4764,202,1,130.75,10.62
8048,4764,125,1,111.51,11.25
8049,4764,245,1,178.52,20.96
8050,4765,217,1,36.43,1.32
8051,4766,139,1,488.45,57.28
8052,4767,6,1,251.86,20.24
8053,4768,245,1,178.52,16.04
8054,4768,86,3,124.98,10.14
8055,4768,118,1,13.3,0.83
8056,4769,157,1,234.71,16.53
8057,4769,119,1,69.61,7.29
8058,4770,70,1,41.53,4.94
8059,4770,138,1,45.06,4.96
8060,4771,104,1,82.65,5.01
8061,4772,84,1,54.94,6.16
8062,4773,27,1,852.23,89.19
8063,4774,204,1,103.62,6.95
8064,4774,144,1,50.76,4.79
8065,4775,220,1,669.86,30.51
8066,4776,197,1,235.87,25.57
8067,4776,25,3,28.3,3.25
8068,4777,208,1,113.76,5.26
8069,4777,137,1,112.97,9.45
8070,4778,39,1,136.95,13.63
8071,4779,109,1,151.47,15.6
8072,4779,115,1,27.12,3.03
8073,4779,151,1,116.4,12.85
8074,4780,183,1,101.22,7.23
8075,4780,182,2,19.48,1.37
8076,4781,194,1,41.9,1.31
8077,4782,29,2,617.47,62.67
8078,4782,130,1,76.27,8.22
8079,4783,119,1,69.61,4.19
8080,4783,105,1,262.49,11.87
8081,4784,201,1,68.19,7.77
8082,4784,205,1,172.47,5.9
8083,4785,241,1,40.34,3.57
8084,4785,181,1,14.39,1.1
8085,4786,25,1,28.3,2.23
8086,4787,28,1,164.02,13.41
8087,4787,76,1,52.37,2.03
8088,4788,230,1,231.23,10.6
8089,4788,89,1,179.88,9.41
8090,4789,56,1,38.8,2.72
8091,4790,129,1,858.28,96.14
8092,4790,204,1,103.62,5.79
8093,4791,105,1,262.49,23.26
8094,4792,128,1,13.41,1.23
8095,4792,129,1,858.28,78.95
8096,4792,56,1,38.8,4.33
8097,4793,215,1,237.45,21.28
8098,4793,40,1,97.22,11.05
8099,4794,87,1,391.01,15.48
8100,4795,181,1,14.39,0.76
8101,4796,119,1,69.61,7.58
8102,4797,95,1,25.87,2.49
8103,4797,56,1,38.8,4.18
8104,4798,29,1,617.47,43.34
8105,4799,157,2,234.71,20.68
8106,4800,180,1,209.32,24.71
8107,4801,220,1,669.86,57.76
8108,4801,190,1,239.32,21.25
8109,4802,87,1,391.01,28.37
8110,4803,35,1,76.68,3.77
8111,4804,131,1,203.22,18.46
8112,4805,151,1,116.4,13.83
8113,4805,153,3,179.31,12.46
8114,4805,33,2,30.54,0.96
8115,4805,248,1,40.02,2.79
8116,4806,29,1,617.47,29.69
8117,4806,80,1,37.9,2.31
8118,4807,67,1,53.0,5.34
8119,4808,43,1,137.44,13.49
8120,4808,176,1,199.66,20.97
8121,4808,227,1,49.54,4.93
8122,4809,135,1,212.24,24.57
8123,4810,73,1,85.1,3.63
8124,4810,120,1,44.88,2.92
8125,4811,83,1,9.7,1.04
8126,4811,212,1,619.34,18.85
8127,4812,247,1,31.51,2.38
8128,4812,40,1,97.22,7.96
8129,4813,141,1,483.07,24.67
8130,4813,35,1,76.68,7.17
8131,4814,217,1,36.43,1.16
8132,4815,157,1,234.71,26.41
8133,4816,64,1,191.61,16.19
8134,4816,193,1,286.41,26.58
8135,4816,37,1,136.42,6.62
8136,4816,230,1,231.23,11.14
8137,4817,131,1,203.22,21.13
8138,4818,213,1,31.81,2.64
8139,4818,230,3,231.23,13.66
8140,4819,190,1,239.32,26.35
8141,4819,220,1,669.86,56.39
8142,4820,187,1,95.65,7.16
8143,4820,220,1,669.86,22.72
8144,4820,203,1,67.83,2.3
8145,4821,107,1,87.92,3.42
8146,4822,12,1,94.84,3.11
8147,4822,34,1,127.18,4.4
8148,4823,123,1,10.31,1.11
8149,4824,244,1,84.79,4.05
8150,4825,148,1,101.97,5.25
8151,4826,162,1,6.54,0.71
8152,4826,245,1,178.52,19.92
8153,4827,116,1,53.02,5.56
8154,4828,182,1,19.48,1.35
8155,4829,229,2,16.22,1.54
8156,4829,47,1,18.06,1.04
8157,4830,15,1,114.86,12.57
8158,4830,16,1,90.17,7.8
8159,4830,232,1,155.86,8.19
8160,4830,197,1,235.87,22.48
8161,4831,197,2,235.87,15.96
8162,4832,66,1,27.73,1.04
8163,4832,198,1,52.95,2.36
8164,4832,15,1,114.86,5.56
8165,4833,90,1,11.62,0.48
8166,4833,182,1,19.48,1.57
8167,4834,52,1,30.53,3.28
8168,4835,79,1,47.16,4.46
8169,4836,239,1,762.58,53.99
8170,4836,8,2,6.03,0.61
8171,4837,28,1,164.02,15.76
8172,4838,177,1,81.05,2.48
8173,4838,22,1,412.18,24.07
8174,4839,165,1,6.2,0.68
8175,4839,214,1,211.86,14.02
8176,4839,162,1,6.54,0.68
8177,4840,219,1,66.09,4.91
8178,4840,181,2,14.39,1.45
8179,4841,245,1,178.52,18.47
8180,4842,114,1,164.19,12.03
8181,4843,65,1,165.64,5.09
8182,4844,6,1,251.86,20.84
8183,4845,241,1,40.34,2.99
8184,4845,151,1,116.4,4.14
8185,4845,18,1,17.37,1.42
8186,4846,222,1,22.72,1.89
8187,4847,243,1,83.89,4.77
8188,4848,179,1,246.47,9.1
8189,4848,79,2,47.16,4.39
8190,4848,81,1,44.98,2.81
8191,4849,215,1,237.45,17.11
8192,4849,122,1,69.41,6.33
8193,4849,5,1,88.33,7.78
8194,4849,18,1,17.37,1.2
8195,4850,42,1,145.78,14.87
8196,4851,226,1,134.28,11.09
8197,4852,35,1,76.68,4.01
8198,4852,56,1,38.8,1.84
8199,4853,78,1,180.73,9.36
8200,4854,72,1,112.92,11.53
8201,4854,130,2,76.27,5.78
8202,4854,227,1,49.54,4.47
8203,4855,105,1,262.49,15.51
8204,4856,116,1,53.02,4.91
8205,4857,148,1,101.97,6.21
8206,4858,164,1,31.65,3.62
8207,4859,194,1,41.9,1.53
8208,4859,221,1,80.15,5.67
8209,4860,24,1,89.79,6.75
8210,4861,88,1,2.59,0.15
8211,4862,201,1,68.19,8.02
8212,4862,57,1,185.85,9.71
8213,4862,190,1,239.32,28.44
8214,4862,5,1,88.33,9.07
8215,4863,144,1,50.76,5.57
8216,4864,14,1,94.71,4.98
8217,4865,108,3,3.52,0.4
8218,4865,45,1,30.04,1.79
8219,4866,89,1,179.88,15.35
8220,4866,247,1,31.51,2.6
8221,4867,145,1,366.49,39.38
8222,4868,87,1,391.01,26.54
8223,4869,234,1,17.93,1.83
8224,4869,194,1,41.9,3.84
8225,4869,41,1,63.66,4.98
8226,4870,130,1,76.27,5.62
8227,4871,227,1,49.54,4.0
8228,4871,46,1,645.92,68.12
8229,4871,114,1,164.19,18.02
8230,4872,236,1,326.99,29.09
8231,4872,170,1,527.03,59.95
8232,4873,181,1,14.39,1.41
8233,4873,171,1,100.35,9.15
8234,4874,70,1,41.53,1.95
8235,4875,42,1,145.78,16.38
8236,4875,12,2,94.84,3.91
8237,4875,24,1,89.79,9.65
8238,4876,104,1,82.65,7.19
8239,4877,13,1,31.08,3.21
8240,4877,215,1,237.45,22.58
8241,4878,27,1,852.23,32.77
8242,4879,45,1,30.04,3.04
8243,4880,173,1,57.93,4.46
8244,4881,139,1,488.45,28.85
8245,4881,154,2,53.6,4.86
8246,4882,78,1,180.73,6.29
8247,4882,120,1,44.88,3.34
8248,4882,105,1,262.49,15.28
8249,4883,74,1,35.45,3.21
8250,4884,55,1,167.62,13.01
8251,4884,65,1,165.64,7.8
8252,4884,90,2,11.62,1.34
8253,4885,77,2,170.84,16.81
8254,4886,231,2,80.77,6.17
8255,4887,174,1,8.1,0.82
8256,4888,14,1,94.71,5.42
8257,4888,134,1,140.62,14.19
8258,4888,86,2,124.98,4.72
8259,4889,1,1,826.88,31.96
8260,4890,181,1,14.39,1.32
8261,4891,118,1,13.3,1.15
8262,4892,161,1,84.35,4.48
8263,4892,190,1,239.32,15.75
8264,4893,142,1,230.98,26.62
8265,4894,67,1,53.0,2.96
8266,4894,210,2,56.9,6.51
8267,4895,60,1,85.87,3.39
8268,4895,158,1,19.01,2.1
8269,4896,227,1,49.54,5.37
8270,4896,87,1,391.01,33.1
8271,4896,86,1,124.98,5.77
8272,4897,75,1,553.99,64.57
8273,4898,138,1,45.06,4.94
8274,4898,134,1,140.62,14.73
8275,4898,227,1,49.54,2.48
8276,4899,217,1,36.43,2.64
8277,4900,29,1,617.47,67.72
8278,4901,239,1,762.58,78.63
8279,4902,26,1,16.21,1.7
8280,4903,135,1,212.24,14.96
8281,4904,229,1,16.22,0.99
8282,4905,121,1,272.89,24.59
8283,4906,172,1,356.67,36.05
8284,4907,228,1,95.03,3.14
8285,4908,120,1,44.88,4.06
8286,4909,238,1,115.34,3.5
8287,4909,181,1,14.39,0.79
8288,4910,147,1,81.1,5.3
8289,4910,21,1,285.75,16.03
8290,4911,135,1,212.24,17.6
8291,4911,30,1,58.74,3.1
8292,4911,72,1,112.92,4.98
8293,4912,121,1,272.89,19.57
8294,4912,101,2,8.28,0.36
8295,4912,166,1,30.99,3.5
8296,4913,249,1,52.62,3.09
8297,4914,10,1,26.93,3.0
8298,4914,18,1,17.37,1.96
8299,4915,127,1,82.05,2.88
8300,4916,29,1,617.47,30.64
8301,4916,174,1,8.1,0.25
8302,4916,3,1,51.08,4.24
8303,4917,193,1,286.41,33.74
8304,4918,224,1,6.63,0.71
8305,4919,183,1,101.22,5.62
8306,4920,250,1,583.02,26.19
8307,4920,122,1,69.41,6.19
8308,4920,15,1,114.86,13.41
8309,4920,9,1,82.19,7.31
8310,4921,161,1,84.35,4.17
8311,4921,215,1,237.45,11.05
8312,4921,27,1,852.23,47.58
8313,4921,105,1,262.49,16.82
8314,4922,144,1,50.76,5.81
8315,4923,120,1,44.88,3.01
8316,4923,124,1,434.69,20.89
8317,4923,20,1,71.62,2.93
8318,4924,61,1,30.27,1.76
8319,4924,99,2,14.4,1.71
8320,4925,36,1,55.53,5.6
8321,4925,196,1,47.98,5.08
8322,4926,171,1,100.35,9.37
8323,4927,213,1,31.81,3.21
8324,4928,224,1,6.63,0.64
8325,4929,213,3,31.81,1.73
8326,4929,124,1,434.69,23.07
8327,4930,14,1,94.71,7.65
8328,4931,195,1,45.11,4.33
8329,4932,176,1,199.66,12.61
8330,4932,14,1,94.71,8.98
8331,4933,230,1,231.23,11.72
8332,4934,191,1,39.7,2.21
8333,4934,126,2,25.06,2.86
8334,4935,29,1,617.47,65.55
8335,4936,39,1,136.95,6.02
8336,4936,209,1,115.41,9.59
8337,4936,10,1,26.93,1.15
8338,4936,20,1,71.62,2.25
8339,4937,243,1,83.89,4.87
8340,4938,146,1,98.43,4.43
8341,4939,151,1,116.4,13.86
8342,4939,144,1,50.76,4.57
8343,4940,130,1,76.27,8.45
8344,4941,120,2,44.88,4.08
8345,4941,198,1,52.95,4.77
8346,4941,77,1,170.84,17.58
8347,4942,80,1,37.9,2.97
8348,4942,53,1,270.94,13.31
8349,4943,104,1,82.65,5.89
8350,4944,35,1,76.68,3.38
8351,4944,234,1,17.93,1.03
8352,4945,100,1,136.87,7.91
8353,4945,189,1,150.51,12.13
8354,4945,228,1,95.03,6.54
8355,4946,44,1,39.31,2.27
8356,4947,32,1,17.9,0.79
8357,4947,68,1,38.67,3.53
8358,4947,97,1,244.48,15.17
8359,4948,172,3,356.67,29.3
8360,4949,135,1,212.24,17.27
8361,4949,189,1,150.51,15.25
8362,4950,170,1,527.03,54.1
8363,4951,198,1,52.95,5.47
8364,4952,24,1,89.79,10.33
8365,4953,61,1,30.27,2.56
8366,4954,18,1,17.37,1.66
8367,4954,129,1,858.28,46.64
8368,4954,171,1,100.35,4.61
8369,4954,131,1,203.22,20.38
8370,4955,6,3,251.86,27.4
8371,4956,142,1,230.98,7.89
8372,4956,49,1,38.8,1.51
8373,4956,242,1,135.54,15.73
8374,4957,28,1,164.02,12.99
8375,4958,133,1,37.44,2.82
8376,4958,135,3,212.24,16.85
8377,4958,86,1,124.98,12.27
8378,4959,135,1,212.24,11.56
8379,4960,147,1,81.1,7.4
8380,4961,234,1,17.93,2.08
8381,4961,162,1,6.54,0.56
8382,4961,120,1,44.88,2.66
8383,4962,122,1,69.41,2.38
8384,4962,9,1,82.19,6.62
8385,4962,140,1,11.94,0.94
8386,4963,205,1,172.47,9.02
8387,4963,4,3,95.98,3.12
8388,4963,3,1,51.08,3.35
8389,4964,39,1,136.95,11.33
8390,4965,215,1,237.45,27.76
8391,4966,109,1,151.47,12.06
8392,4966,40,1,97.22,2.94
8393,4967,155,1,18.82,0.69
8394,4967,161,1,84.35,4.16
8395,4968,199,1,5.9,0.18
8396,4969,22,1,412.18,18.0
8397,4969,243,1,83.89,3.07
8398,4970,29,1,617.47,30.58
8399,4971,217,1,36.43,3.04
8400,4971,87,1,391.01,17.97
8401,4972,118,1,13.3,0.55
8402,4973,54,1,387.71,12.85
8403,4974,77,1,170.84,5.4
8404,4975,165,1,6.2,0.62
8405,4976,53,1,270.94,17.85
8406,4977,208,1,113.76,10.57
8407,4978,221,2,80.15,9.6
8408,4979,21,1,285.75,30.92
8409,4980,98,1,25.53,2.72
8410,4981,215,1,237.45,26.56
8411,4981,85,1,106.96,7.84
8412,4982,77,1,170.84,16.18
8413,4983,59,1,105.0,7.55
8414,4984,161,1,84.35,2.61
8415,4984,215,1,237.45,17.44
8416,4984,219,2,66.09,5.15
8417,4985,88,1,2.59,0.09
8418,4986,81,1,44.98,5.13
8419,4987,28,1,164.02,6.6
8420,4988,189,1,150.51,9.67
8421,4988,119,1,69.61,6.36
8422,4988,68,1,38.67,1.25
8423,4988,231,1,80.77,8.68
8424,4989,234,3,17.93,1.66
8425,4990,79,1,47.16,4.43
8426,4990,87,2,391.01,25.26
8427,4991,37,1,136.42,5.18
8428,4992,207,2,51.95,3.18
8429,4992,77,1,170.84,9.59
8430,4993,68,1,38.67,4.26
8431,4993,217,1,36.43,2.71
8432,4993,157,1,234.71,7.6
8433,4994,161,1,84.35,6.37
8434,4994,59,1,105.0,4.22
8435,4995,109,1,151.47,14.59
8436,4996,31,2,34.65,1.34
8437,4997,243,1,83.89,5.78
8438,4997,234,1,17.93,0.92
8439,4997,155,1,18.82,0.59
8440,4998,157,1,234.71,8.81
8441,4999,60,2,85.87,9.2
8442,5000,48,3,93.17,9.44
8443,5001,187,1,95.65,3.39
8444,5001,10,1,26.93,1.64
8445,5002,5,1,88.33,4.71
8446,5002,53,1,270.94,15.93
8447,5002,170,1,527.03,41.79
8448,5003,224,1,6.63,0.34
8449,5004,114,1,164.19,13.94
8450,5005,3,1,51.08,4.87
8451,5005,120,2,44.88,5.37
8452,5006,232,1,155.86,8.5
8453,5007,32,1,17.9,0.91
8454,5007,149,1,71.93,4.28
8455,5007,15,1,114.86,12.71
8456,5008,127,1,82.05,5.82
8457,5009,122,1,69.41,2.94
8458,5010,84,1,54.94,2.23
8459,5010,145,1,366.49,33.74
8460,5011,176,1,199.66,7.93
8461,5012,189,1,150.51,4.89
8462,5013,213,1,31.81,1.04
8463,5014,231,1,80.77,3.72
8464,5014,149,1,71.93,2.43
8465,5014,90,1,11.62,0.68
8466,5015,129,1,858.28,90.01
8467,5016,142,3,230.98,8.77
8468,5016,120,1,44.88,1.54
8469,5016,212,1,619.34,40.48
8470,5016,21,1,285.75,22.48
8471,5017,173,1,57.93,6.49
8472,5018,122,1,69.41,2.64
8473,5018,234,1,17.93,1.98
8474,5019,240,1,694.84,67.01
8475,5019,42,1,145.78,12.3
8476,5020,113,1,29.13,1.08
8477,5020,157,1,234.71,12.25
8478,5021,157,1,234.71,8.36
8479,5022,197,1,235.87,15.71
8480,5023,99,1,14.4,0.97
8481,5023,34,1,127.18,4.63
8482,5023,46,1,645.92,69.4
8483,5024,36,1,55.53,1.81
8484,5025,226,2,134.28,5.88
8485,5026,86,1,124.98,4.59
8486,5026,4,1,95.98,10.65
8487,5027,220,1,669.86,73.41
8488,5028,18,1,17.37,1.62
8489,5029,215,1,237.45,17.91
8490,5030,132,1,74.95,4.42
8491,5031,217,1,36.43,4.1
8492,5031,212,1,619.34,54.04
8493,5031,220,1,669.86,58.94
8494,5032,161,1,84.35,6.75
8495,5033,101,1,8.28,0.38
8496,5033,128,1,13.41,0.96
8497,5033,208,1,113.76,5.17
8498,5033,233,1,339.7,28.77
8499,5034,146,1,98.43,5.96
8500,5035,102,1,683.61,30.56
8501,5036,108,1,3.52,0.29
8502,5036,102,1,683.61,45.17
8503,5036,93,1,25.75,1.75
8504,5037,16,1,90.17,5.03
8505,5038,236,1,326.99,27.04
8506,5039,248,1,40.02,2.45
8507,5040,150,1,43.62,1.61
8508,5040,36,1,55.53,5.33
8509,5041,167,1,139.5,14.09
8510,5041,202,1,130.75,5.75
8511,5042,30,1,58.74,6.49
8512,5042,135,1,212.24,24.31
8513,5043,159,1,124.76,8.51
8514,5043,70,2,41.53,2.16
8515,5044,21,1,285.75,31.14
8516,5045,14,1,94.71,8.72
8517,5046,113,1,29.13,3.42
8518,5046,79,1,47.16,3.18
8519,5047,216,1,194.01,13.15
8520,5047,120,1,44.88,4.93
8521,5048,46,1,645.92,35.42
8522,5049,77,2,170.84,19.08
8523,5049,4,1,95.98,8.52
8524,5050,220,3,669.86,72.62
8525,5050,217,1,36.43,4.16
8526,5051,179,1,246.47,13.28
8527,5052,26,1,16.21,1.18
8528,5053,67,3,53.0,4.23
8529,5053,160,1,19.67,1.86
8530,5053,91,1,56.23,2.6
8531,5054,242,1,135.54,6.97
8532,5054,75,1,553.99,22.09
8533,5055,158,1,19.01,0.78
8534,5055,179,1,246.47,27.58
8535,5055,250,1,583.02,31.82
8536,5055,142,2,230.98,17.14
8537,5056,221,1,80.15,3.69
8538,5057,46,1,645.92,34.1
8539,5057,105,1,262.49,25.08
8540,5057,148,1,101.97,6.03
8541,5058,29,1,617.47,67.55
8542,5059,107,1,87.92,5.49
8543,5059,110,1,759.15,81.13
8544,5060,220,1,669.86,42.32
8545,5061,208,1,113.76,12.18
8546,5062,41,1,63.66,7.05
8547,5062,166,3,30.99,1.07
8548,5063,29,1,617.47,32.98
8549,5064,47,1,18.06,1.36
8550,5064,14,3,94.71,4.04
8551,5064,104,2,82.65,5.49
8552,5064,220,1,669.86,38.17
8553,5065,135,1,212.24,18.59
8554,5065,24,1,89.79,9.37
8555,5065,199,1,5.9,0.38
8556,5066,38,1,147.17,5.36
8557,5067,3,1,51.08,1.59
8558,5067,22,1,412.18,27.97
8559,5068,154,1,53.6,1.74
8560,5069,80,1,37.9,1.96
8561,5070,188,1,15.44,1.69
8562,5070,23,1,629.48,27.21
8563,5071,211,1,22.6,1.89
8564,5072,36,1,55.53,1.71
8565,5072,191,3,39.7,1.47
8566,5072,34,1,127.18,12.66
8567,5072,235,1,75.26,5.22
8568,5073,58,1,7.39,0.82
8569,5073,234,1,17.93,1.05
8570,5073,155,1,18.82,0.8
8571,5074,242,2,135.54,4.09
8572,5074,212,1,619.34,32.76
8573,5075,139,1,488.45,39.18
8574,5076,62,1,19.26,2.25
8575,5077,158,1,19.01,1.52
8576,5078,185,1,647.11,36.61
8577,5078,83,1,9.7,0.62
8578,5079,86,1,124.98,10.7
8579,5079,179,1,246.47,25.46
8580,5080,136,1,763.13,34.15
8581,5080,88,1,2.59,0.29
8582,5081,247,1,31.51,3.32
8583,5082,171,1,100.35,7.31
8584,5082,67,2,53.0,5.61
8585,5083,146,1,98.43,10.43
8586,5084,10,1,26.93,2.55
8587,5085,132,1,74.95,7.0
8588,5085,20,1,71.62,7.58
8589,5085,217,1,36.43,3.52
8590,5085,75,1,553.99,51.95
8591,5086,86,3,124.98,9.04
8592,5087,183,1,101.22,9.43
8593,5087,197,1,235.87,20.0
8594,5088,209,1,115.41,6.73
8595,5089,147,1,81.1,6.34
8596,5090,77,2,170.84,11.81
8597,5091,117,1,45.11,1.52
8598,5092,83,1,9.7,0.88
8599,5093,152,2,343.16,34.13
8600,5094,24,1,89.79,10.57
8601,5094,63,1,555.18,33.69
8602,5094,87,1,391.01,40.18
8603,5094,28,1,164.02,15.87
8604,5095,187,1,95.65,8.32
8605,5095,87,1,391.01,33.51
8606,5096,26,1,16.21,1.1
8607,5096,129,1,858.28,53.34
8608,5097,217,2,36.43,2.16
8609,5098,228,1,95.03,3.61
8610,5098,196,1,47.98,2.7
8611,5098,46,1,645.92,42.02
8612,5098,172,1,356.67,31.99
8613,5099,115,1,27.12,0.87
8614,5099,139,1,488.45,49.16
8615,5100,234,1,17.93,0.64
8616,5101,36,1,55.53,3.27
8617,5101,187,1,95.65,6.08
8618,5102,129,1,858.28,62.1
8619,5103,38,1,147.17,13.99
8620,5104,179,1,246.47,27.27
8621,5104,97,1,244.48,18.02
8622,5105,17,1,29.84,1.1
8623,5106,111,1,97.83,6.63
8624,5106,93,1,25.75,2.61
8625,5107,231,1,80.77,6.0
8626,5108,140,1,11.94,1.27
8627,5109,102,1,683.61,55.12
8628,5109,18,1,17.37,1.71
8629,5109,62,2,19.26,2.3
8630,5110,77,1,170.84,11.24
8631,5110,67,1,53.0,2.81
8632,5111,79,3,47.16,4.89
8633,5111,126,1,25.06,2.25
8634,5112,23,1,629.48,22.22
8635,5112,15,1,114.86,6.16
8636,5112,163,1,20.16,0.77
8637,5113,71,1,179.59,7.71
8638,5113,68,1,38.67,3.12
8639,5114,16,1,90.17,9.5
8640,5114,231,2,80.77,6.37
8641,5115,112,1,335.91,21.42
8642,5115,77,2,170.84,8.93
8643,5116,89,1,179.88,10.45
8644,5117,247,1,31.51,1.71
8645,5118,210,1,56.9,5.76
8646,5119,170,2,527.03,19.08
8647,5119,21,1,285.75,23.97
8648,5119,23,1,629.48,48.66
8649,5119,240,1,694.84,32.66
8650,5120,48,1,93.17,10.36
8651,5120,146,1,98.43,11.78
8652,5121,187,1,95.65,8.82
8653,5122,164,2,31.65,2.32
8654,5122,125,2,111.51,11.42
8655,5123,133,1,37.44,4.44
8656,5124,160,1,19.67,1.48
8657,5125,158,1,19.01,1.68
8658,5125,60,1,85.87,4.51
8659,5126,48,1,93.17,4.31
8660,5127,105,1,262.49,29.56
8661,5128,217,1,36.43,1.25
8662,5128,19,1,11.93,0.53
8663,5129,189,1,150.51,17.11
8664,5130,151,1,116.4,13.33
8665,5130,117,1,45.11,4.53
8666,5130,77,1,170.84,12.12
8667,5130,56,2,38.8,4.14
8668,5131,119,1,69.61,4.33
8669,5132,34,1,127.18,14.11
8670,5133,220,1,669.86,41.69
8671,5134,157,1,234.71,9.99
8672,5135,153,1,179.31,9.17
8673,5135,49,1,38.8,1.34
8674,5136,99,3,14.4,0.76
8675,5136,97,1,244.48,21.7
8676,5137,83,2,9.7,0.88
8677,5138,48,2,93.17,5.44
8678,5138,215,2,237.45,23.08
8679,5138,131,1,203.22,6.62
8680,5139,86,1,124.98,8.61
8681,5140,202,1,130.75,9.1
8682,5140,32,1,17.9,1.69
8683,5141,45,1,30.04,3.1
8684,5142,35,1,76.68,8.92
8685,5143,227,1,49.54,2.09
8686,5143,212,1,619.34,57.45
8687,5143,4,1,95.98,10.09
8688,5143,124,1,434.69,35.69
8689,5144,142,1,230.98,19.05
8690,5145,32,1,17.9,1.09
8691,5146,100,1,136.87,13.93
8692,5146,197,1,235.87,27.41
8693,5147,208,2,113.76,8.06
8694,5148,213,1,31.81,1.47
8695,5149,188,1,15.44,1.7
8696,5150,161,1,84.35,9.76
8697,5150,192,1,82.67,5.34
8698,5151,60,1,85.87,5.0
8699,5152,210,1,56.9,2.99
8700,5153,240,1,694.84,22.73
8701,5154,160,2,19.67,2.14
8702,5154,88,1,2.59,0.31
8703,5155,75,1,553.99,43.46
8704,5156,101,1,8.28,0.62
8705,5157,37,1,136.42,8.35
8706,5157,92,1,1151.64,39.22
8707,5158,49,3,38.8,4.44
8708,5158,245,1,178.52,17.38
8709,5159,163,1,20.16,0.86
8710,5160,123,1,10.31,0.43
8711,5161,3,1,51.08,5.2
8712,5162,43,1,137.44,15.26
8713,5162,123,1,10.31,0.34
8714,5163,219,1,66.09,7.04
8715,5164,34,1,127.18,8.55
8716,5164,138,1,45.06,2.25
8717,5165,133,1,37.44,1.55
8718,5166,98,1,25.53,1.57
8719,5166,174,2,8.1,0.48
8720,5167,227,2,49.54,2.29
8721,5168,217,1,36.43,3.59
8722,5168,65,1,165.64,16.22
8723,5169,95,3,25.87,3.01
8724,5169,13,1,31.08,2.83
8725,5169,18,1,17.37,1.18
8726,5170,3,3,51.08,3.13
8727,5171,161,1,84.35,8.88
8728,5171,163,1,20.16,1.83
8729,5172,196,1,47.98,5.7
8730,5173,27,1,852.23,57.83
8731,5174,26,2,16.21,1.42
8732,5175,63,1,555.18,51.41
8733,5175,62,1,19.26,0.78
8734,5175,135,1,212.24,23.68
8735,5175,214,1,211.86,10.53
8736,5176,132,1,74.95,3.14
8737,5177,211,1,22.6,1.44
8738,5178,227,1,49.54,1.85
8739,5178,90,3,11.62,0.5
8740,5178,72,1,112.92,10.59
8741,5179,38,1,147.17,15.53
8742,5179,174,1,8.1,0.75
8743,5179,60,1,85.87,5.57
8744,5180,151,1,116.4,9.47
8745,5181,137,1,112.97,9.2
8746,5182,141,1,483.07,36.0
8747,5183,16,1,90.17,9.81
8748,5184,77,1,170.84,16.38
8749,5184,103,1,1102.59,74.95
8750,5184,188,1,15.44,0.65
8751,5185,234,1,17.93,0.99
8752,5185,228,1,95.03,7.87
8753,5186,45,2,30.04,1.96
8754,5186,233,1,339.7,39.94
8755,5187,247,2,31.51,3.39
8756,5188,25,1,28.3,2.98
8757,5189,218,1,62.27,1.89
8758,5189,212,1,619.34,62.51
8759,5190,53,1,270.94,16.62
8760,5191,87,1,391.01,27.73
8761,5191,190,2,239.32,15.61
8762,5192,203,1,67.83,3.92
8763,5192,179,1,246.47,8.83
8764,5192,232,1,155.86,15.89
8765,5192,238,1,115.34,12.59
8766,5193,149,1,71.93,3.19
8767,5194,179,3,246.47,24.08
8768,5195,55,1,167.62,11.73
8769,5195,176,1,199.66,21.53
8770,5196,63,1,555.18,56.32
8771,5197,46,1,645.92,68.15
8772,5198,102,2,683.61,66.82
8773,5199,23,1,629.48,19.07
8774,5200,220,1,669.86,50.58
8775,5200,37,1,136.42,16.19
8776,5201,125,1,111.51,6.71
8777,5201,211,1,22.6,2.55
8778,5202,216,1,194.01,17.27
8779,5202,125,1,111.51,4.99
8780,5203,204,1,103.62,3.39
8781,5204,26,1,16.21,1.06
8782,5205,15,3,114.86,8.69
8783,5206,138,1,45.06,3.71
8784,5207,109,1,151.47,17.87
8785,5208,2,1,120.72,10.84
8786,5209,216,1,194.01,14.39
8787,5209,123,1,10.31,0.51
8788,5209,139,1,488.45,42.48
8789,5210,20,1,71.62,6.73
8790,5210,158,1,19.01,1.84
8791,5210,118,1,13.3,0.55
8792,5211,95,1,25.87,2.71
8793,5212,242,1,135.54,7.11
8794,5213,79,1,47.16,3.35
8795,5213,53,1,270.94,9.63
8796,5214,77,1,170.84,7.46
8797,5215,113,1,29.13,1.06
8798,5216,243,1,83.89,6.31
8799,5217,38,1,147.17,6.02
8800,5217,188,3,15.44,1.28
8801,5218,6,1,251.86,9.58
8802,5219,98,1,25.53,1.78
8803,5220,12,1,94.84,11.03
8804,5220,119,1,69.61,6.49
8805,5220,41,1,63.66,6.52
8806,5221,133,1,37.44,3.34
8807,5221,37,1,136.42,12.79
8808,5222,27,1,852.23,48.95
8809,5223,120,1,44.88,4.79
8810,5224,45,2,30.04,2.2
8811,5224,163,1,20.16,2.07
8812,5225,94,1,33.91,3.71
8813,5225,102,1,683.61,77.02
8814,5225,15,1,114.86,8.99
8815,5225,193,1,286.41,19.85
8816,5226,151,1,116.4,13.51
8817,5226,23,1,629.48,70.76
8818,5227,201,3,68.19,4.17
8819,5228,220,1,669.86,28.64
8820,5228,151,1,116.4,5.67
8821,5228,127,1,82.05,7.61
8822,5229,51,1,71.14,6.98
8823,5230,87,1,391.01,39.19
8824,5230,46,1,645.92,24.43
8825,5231,60,1,85.87,3.4
8826,5232,110,1,759.15,25.12
8827,5233,123,1,10.31,0.44
8828,5234,119,1,69.61,6.55
8829,5235,209,1,115.41,13.26
8830,5235,34,1,127.18,5.62
8831,5235,181,1,14.39,1.41
8832,5236,85,1,106.96,7.33
8833,5236,220,1,669.86,33.35
8834,5236,245,1,178.52,7.99
8835,5237,83,1,9.7,0.97
8836,5237,87,3,391.01,29.44
8837,5238,60,1,85.87,6.31
8838,5239,227,1,49.54,4.59
8839,5240,61,1,30.27,3.24
8840,5240,80,1,37.9,2.81
8841,5241,181,1,14.39,0.96
8842,5242,32,1,17.9,1.86
8843,5243,149,1,71.93,3.78
8844,5243,94,1,33.91,2.84
8845,5243,220,1,669.86,55.69
8846,5243,13,1,31.08,3.01
8847,5244,94,1,33.91,2.64
8848,5244,161,1,84.35,8.2
8849,5245,206,1,760.6,58.24
8850,5245,30,3,58.74,4.42
8851,5245,18,1,17.37,1.36
8852,5246,244,1,84.79,10.03
8853,5247,176,1,199.66,21.07
8854,5248,130,1,76.27,7.62
8855,5248,101,1,8.28,0.92
8856,5248,57,1,185.85,17.06
8857,5248,212,1,619.34,49.99
8858,5249,30,1,58.74,5.88
8859,5250,104,1,82.65,8.34
8860,5250,246,3,30.72,3.05
8861,5251,201,1,68.19,6.17
8862,5251,120,1,44.88,5.25
8863,5251,72,1,112.92,12.79
8864,5252,149,1,71.93,3.83
8865,5253,122,1,69.41,4.01
8866,5254,118,1,13.3,1.41
8867,5255,167,1,139.5,16.36
8868,5256,219,1,66.09,2.61
8869,5256,68,1,38.67,1.53
8870,5257,144,1,50.76,3.8
8871,5257,55,1,167.62,12.93
8872,5258,111,1,97.83,5.52
8873,5259,230,1,231.23,20.56
8874,5259,135,1,212.24,19.92
8875,5260,205,1,172.47,20.18
8876,5261,8,1,6.03,0.51
8877,5261,227,1,49.54,5.32
8878,5262,162,1,6.54,0.54
8879,5263,229,1,16.22,1.31
8880,5263,187,1,95.65,8.22
8881,5263,219,1,66.09,6.37
8882,5263,186,2,66.12,5.49
8883,5264,164,1,31.65,2.54
8884,5265,146,1,98.43,6.4
8885,5266,76,2,52.37,5.54
8886,5267,76,1,52.37,5.25
8887,5268,63,2,555.18,44.85
8888,5269,227,3,49.54,3.87
8889,5269,209,1,115.41,6.44
8890,5270,1,1,826.88,32.24
8891,5271,18,1,17.37,1.7
8892,5271,228,1,95.03,8.53
8893,5272,158,1,19.01,1.97
8894,5273,211,1,22.6,1.46
8895,5274,15,1,114.86,8.32
8896,5274,249,1,52.62,3.23
8897,5275,143,1,180.32,7.31
8898,5276,174,1,8.1,0.61
8899,5276,37,1,136.42,4.79
8900,5276,23,1,629.48,43.68
8901,5277,231,3,80.77,2.94
8902,5277,109,1,151.47,6.41
8903,5278,59,1,105.0,8.88
8904,5278,67,1,53.0,5.23
8905,5279,68,1,38.67,4.54
8906,5280,231,1,80.77,2.67
8907,5281,243,1,83.89,8.83
8908,5281,149,1,71.93,3.51
8909,5282,179,1,246.47,18.24
8910,5283,190,2,239.32,12.92
8911,5284,224,1,6.63,0.39
8912,5284,67,1,53.0,5.17
8913,5285,119,1,69.61,5.7
8914,5285,104,1,82.65,5.56
8915,5285,209,2,115.41,13.31
8916,5286,40,1,97.22,4.92
8917,5286,214,1,211.86,13.15
8918,5287,36,1,55.53,5.05
8919,5287,141,1,483.07,55.76
8920,5287,155,2,18.82,1.44
8921,5288,213,1,31.81,3.02
8922,5288,69,1,33.1,2.94
8923,5288,35,1,76.68,8.84
8924,5289,98,1,25.53,1.61
8925,5289,175,1,16.15,0.64
8926,5289,60,1,85.87,9.73
8927,5289,100,1,136.87,14.19
8928,5290,71,1,179.59,18.11
8929,5290,4,1,95.98,7.57
8930,5290,8,1,6.03,0.37
8931,5291,104,1,82.65,5.61
8932,5291,131,1,203.22,24.26
8933,5292,213,1,31.81,2.85
8934,5292,102,1,683.61,66.71
8935,5293,156,1,99.5,7.86
8936,5293,92,1,1151.64,86.79
8937,5293,146,1,98.43,4.81
8938,5294,120,1,44.88,3.1
8939,5294,189,1,150.51,14.03
8940,5294,68,3,38.67,1.78
8941,5294,240,1,694.84,51.17
8942,5295,86,1,124.98,14.12
8943,5295,29,1,617.47,35.15
8944,5295,142,1,230.98,22.43
8945,5295,120,1,44.88,2.74
8946,5296,143,1,180.32,14.79
8947,5296,28,1,164.02,8.53
8948,5297,150,2,43.62,4.33
8949,5298,234,1,17.93,1.93
8950,5299,152,1,343.16,14.42
8951,5300,63,1,555.18,17.03
8952,5301,178,1,1065.13,102.79
8953,5302,175,1,16.15,1.03
8954,5303,21,1,285.75,26.97
8955,5304,86,1,124.98,14.53
8956,5305,163,3,20.16,1.75
8957,5306,51,1,71.14,8.5
8958,5306,80,1,37.9,2.74
8959,5307,79,1,47.16,3.65
8960,5308,196,1,47.98,2.11
8961,5308,217,1,36.43,3.47
8962,5309,95,1,25.87,1.3
8963,5310,157,1,234.71,10.96
8964,5310,110,1,759.15,39.22
8965,5311,139,1,488.45,30.5
8966,5311,59,1,105.0,6.38
8967,5312,227,1,49.54,2.22
8968,5312,134,1,140.62,11.04
8969,5312,196,1,47.98,3.73
8970,5313,206,1,760.6,75.24
8971,5314,236,1,326.99,16.42
8972,5314,72,1,112.92,5.45
8973,5315,139,1,488.45,35.53
8974,5315,57,1,185.85,11.03
8975,5316,164,1,31.65,2.6
8976,5316,231,1,80.77,7.91
8977,5316,139,1,488.45,56.47
8978,5317,158,1,19.01,1.57
8979,5318,241,1,40.34,1.75
8980,5319,113,1,29.13,1.97
8981,5320,142,1,230.98,14.95
8982,5321,102,1,683.61,44.29
8983,5322,64,1,191.61,9.39
8984,5323,127,1,82.05,3.77
8985,5324,206,2,760.6,86.68
8986,5325,203,1,67.83,4.46
8987,5325,204,1,103.62,5.38
8988,5325,142,1,230.98,24.64
8989,5325,3,1,51.08,2.88
8990,5326,209,1,115.41,7.56
8991,5326,246,1,30.72,3.39
8992,5327,164,1,31.65,3.64
8993,5328,105,1,262.49,9.03
8994,5328,126,1,25.06,2.61
8995,5329,88,1,2.59,0.21
8996,5330,71,1,179.59,19.18
8997,5331,56,1,38.8,4.46
8998,5332,131,1,203.22,13.63
8999,5332,80,1,37.9,3.76
9000,5332,6,3,251.86,17.34
9001,5333,105,2,262.49,16.45
9002,5334,250,1,583.02,45.48
9003,5335,29,1,617.47,68.26
9004,5336,160,1,19.67,1.5
9005,5337,133,1,37.44,3.59
9006,5337,35,1,76.68,7.64
9007,5338,171,1,100.35,11.06
9008,5338,227,1,49.54,2.81
9009,5338,132,1,74.95,6.24
9010,5339,101,1,8.28,0.74
9011,5339,102,3,683.61,32.77
9012,5340,185,1,647.11,41.53
9013,5340,139,1,488.45,50.73
9014,5340,77,1,170.84,18.99
9015,5341,130,1,76.27,5.15
9016,5341,55,1,167.62,14.48
9017,5342,179,1,246.47,26.77
9018,5342,234,1,17.93,0.89
9019,5342,194,1,41.9,4.38
9020,5343,42,3,145.78,15.85
9021,5343,36,1,55.53,6.22
9022,5344,153,1,179.31,8.53
9023,5345,225,1,59.74,2.2
9024,5346,202,1,130.75,9.38
9025,5346,13,1,31.08,1.41
9026,5347,86,3,124.98,5.65
9027,5348,146,1,98.43,11.19
9028,5348,203,1,67.83,2.22
9029,5348,109,1,151.47,10.35
9030,5348,177,1,81.05,5.67
9031,5349,13,1,31.08,1.59
9032,5350,249,1,52.62,5.2
9033,5351,104,1,82.65,7.95
9034,5351,93,1,25.75,0.93
9035,5351,119,3,69.61,5.61
9036,5352,240,2,694.84,31.96
9037,5352,67,1,53.0,1.62
9038,5353,210,1,56.9,3.53
9039,5354,223,1,155.25,16.67
9040,5355,11,1,685.7,74.44
9041,5355,139,1,488.45,38.72
9042,5356,93,1,25.75,1.77
9043,5357,243,1,83.89,6.12
9044,5358,243,1,83.89,9.45
9045,5358,121,1,272.89,9.74
9046,5359,132,1,74.95,2.61
9047,5360,58,1,7.39,0.72
9048,5360,129,1,858.28,38.76
9049,5361,80,1,37.9,3.05
9050,5362,234,1,17.93,1.76
9051,5363,53,1,270.94,17.71
9052,5364,153,1,179.31,14.8
9053,5365,53,1,270.94,20.92
9054,5366,86,2,124.98,9.63
9055,5367,144,1,50.76,3.4
9056,5367,170,1,527.03,27.47
9057,5367,158,1,19.01,0.79
9058,5368,150,1,43.62,5.13
9059,5369,100,1,136.87,12.25
9060,5369,225,1,59.74,3.59
9061,5370,100,1,136.87,5.65
9062,5370,93,1,25.75,1.26
9063,5371,191,1,39.7,1.38
9064,5372,90,1,11.62,1.07
9065,5372,186,1,66.12,5.36
9066,5372,108,1,3.52,0.32
9067,5373,144,1,50.76,1.57
9068,5374,158,1,19.01,1.25
9069,5374,212,2,619.34,56.46
9070,5374,250,1,583.02,43.94
9071,5375,59,1,105.0,9.52
9072,5375,83,1,9.7,0.72
9073,5375,192,1,82.67,4.03
9074,5375,79,1,47.16,2.66
9075,5376,3,1,51.08,5.88
9076,5377,1,1,826.88,79.1
9077,5378,59,1,105.0,4.55
9078,5378,193,1,286.41,22.98
9079,5379,123,1,10.31,0.86
9080,5379,18,1,17.37,1.3
9081,5380,105,1,262.49,30.18
9082,5381,120,1,44.88,2.22
9083,5382,197,1,235.87,7.46
9084,5383,205,1,172.47,10.97
9085,5383,53,1,270.94,24.95
9086,5384,161,1,84.35,9.63
9087,5384,47,1,18.06,0.89
9088,5385,15,1,114.86,8.3
9089,5386,62,1,19.26,2.02
9090,5386,48,1,93.17,7.44
9091,5386,201,1,68.19,3.57
9092,5387,180,1,209.32,17.77
9093,5388,143,1,180.32,8.98
9094,5388,80,1,37.9,1.85
9095,5389,158,1,19.01,1.2
9096,5390,78,3,180.73,16.05
9097,5391,56,1,38.8,3.98
9098,5391,16,1,90.17,9.5
9099,5392,67,1,53.0,1.99
9100,5393,49,1,38.8,4.58
9101,5393,182,1,19.48,1.06
9102,5394,121,1,272.89,14.95
9103,5395,82,1,53.33,3.8
9104,5395,57,1,185.85,6.71
9105,5395,151,1,116.4,6.74
9106,5396,227,1,49.54,3.62
9107,5396,31,1,34.65,2.45
9108,5396,161,1,84.35,7.16
9109,5397,188,1,15.44,0.81
9110,5398,179,1,246.47,27.55
9111,5398,180,1,209.32,13.84
9112,5399,31,1,34.65,3.74
9113,5399,2,1,120.72,3.84
9114,5399,5,1,88.33,9.09
9115,5400,94,1,33.91,2.92
9116,5401,151,3,116.4,12.45
9117,5402,187,1,95.65,9.7
9118,5402,39,1,136.95,9.73
9119,5402,73,1,85.1,6.03
9120,5403,84,1,54.94,4.56
9121,5404,144,1,50.76,2.58
9122,5404,76,1,52.37,2.74
9123,5405,104,1,82.65,6.48
9124,5405,176,1,199.66,11.95
9125,5406,49,1,38.8,4.42
9126,5406,83,1,9.7,0.39
9127,5406,101,3,8.28,0.36
9128,5407,246,1,30.72,3.22
9129,5407,73,1,85.1,6.79
9130,5407,183,1,101.22,4.34
9131,5408,213,1,31.81,3.12
9132,5409,169,1,69.98,3.14
9133,5410,67,1,53.0,1.71
9134,5410,147,1,81.1,6.3
9135,5410,186,1,66.12,2.58
9136,5410,44,1,39.31,3.64
9137,5411,221,1,80.15,5.76
9138,5411,114,1,164.19,8.28
9139,5412,123,1,10.31,1.14
9140,5412,215,1,237.45,11.47
9141,5412,132,1,74.95,5.82
9142,5413,234,1,17.93,1.33
9143,5413,121,2,272.89,11.21
9144,5414,73,1,85.1,7.99
9145,5415,84,1,54.94,1.67
9146,5416,87,1,391.01,24.74
9147,5417,46,1,645.92,61.62
9148,5417,65,1,165.64,9.63
9149,5417,15,1,114.86,11.46
9150,5418,79,1,47.16,3.89
9151,5419,75,1,553.99,44.63
9152,5420,235,1,75.26,7.62
9153,5421,147,1,81.1,7.85
9154,5422,12,1,94.84,9.87
9155,5423,104,1,82.65,8.41
9156,5423,214,1,211.86,18.6
9157,5423,163,1,20.16,1.69
9158,5424,202,1,130.75,11.35
9159,5425,236,1,326.99,37.46
9160,5425,105,1,262.49,19.89
9161,5426,47,1,18.06,2.13
9162,5426,224,1,6.63,0.6
9163,5426,136,1,763.13,72.83
9164,5427,98,1,25.53,2.69
9165,5427,42,1,145.78,8.61
9166,5428,174,1,8.1,0.72
9167,5429,23,1,629.48,64.58
9168,5429,72,2,112.92,8.06
9169,5430,114,1,164.19,15.49
9170,5430,195,2,45.11,1.36
9171,5430,56,2,38.8,3.38
9172,5431,66,1,27.73,0.98
9173,5432,102,2,683.61,23.38
9174,5433,15,1,114.86,7.55
9175,5434,19,1,11.93,0.52
9176,5434,16,1,90.17,9.01
9177,5435,151,1,116.4,9.52
9178,5435,193,1,286.41,26.81
9179,5436,29,1,617.47,30.36
9180,5437,85,1,106.96,4.93
9181,5437,53,1,270.94,25.11
9182,5438,35,1,76.68,4.33
9183,5438,205,1,172.47,13.12
9184,5438,114,1,164.19,14.22
9185,5439,203,1,67.83,4.46
9186,5440,3,1,51.08,2.19
9187,5440,214,1,211.86,12.99
9188,5440,62,1,19.26,1.01
9189,5441,187,1,95.65,5.61
9190,5441,57,1,185.85,10.74
9191,5442,11,1,685.7,46.4
9192,5442,23,1,629.48,65.69
9193,5443,36,1,55.53,6.57
9194,5444,189,1,150.51,4.81
9195,5445,234,2,17.93,1.82
9196,5446,37,1,136.42,14.08
9197,5446,51,1,71.14,4.65
9198,5447,105,1,262.49,8.57
9199,5448,245,1,178.52,19.26
9200,5449,90,1,11.62,0.8
9201,5449,106,1,27.76,1.93
9202,5450,17,1,29.84,2.66
9203,5451,16,2,90.17,7.8
9204,5452,111,2,97.83,4.88
9205,5452,186,1,66.12,3.31
9206,5453,131,1,203.22,14.63
9207,5453,109,1,151.47,13.62
9208,5454,63,2,555.18,18.26
9209,5455,26,1,16.21,0.81
9210,5455,209,1,115.41,11.52
9211,5455,115,1,27.12,1.9
9212,5456,39,1,136.95,8.2
9213,5457,145,1,366.49,14.92
9214,5458,50,1,44.06,1.36
9215,5459,27,1,852.23,28.34
9216,5459,78,1,180.73,11.9
9217,5460,138,1,45.06,1.87
9218,5461,27,1,852.23,97.11
9219,5462,220,1,669.86,72.8
9220,5462,72,1,112.92,5.89
9221,5463,99,1,14.4,0.67
9222,5464,203,1,67.83,2.57
9223,5464,48,1,93.17,9.51
9224,5464,101,1,8.28,0.96
9225,5465,27,1,852.23,91.99
9226,5465,58,1,7.39,0.36
9227,5466,244,1,84.79,4.21
9228,5467,207,1,51.95,2.81
9229,5467,220,1,669.86,72.44
9230,5467,222,1,22.72,2.33
9231,5468,205,1,172.47,20.6
9232,5469,79,1,47.16,5.4
9233,5470,105,1,262.49,24.02
9234,5470,62,1,19.26,0.71
9235,5471,82,1,53.33,2.79
9236,5472,192,1,82.67,2.77
9237,5473,3,1,51.08,2.77
9238,5474,127,1,82.05,5.73
9239,5474,40,1,97.22,8.3
9240,5475,180,3,209.32,20.87
9241,5476,51,1,71.14,7.05
9242,5476,62,1,19.26,2.22
9243,5476,189,1,150.51,12.02
9244,5477,189,1,150.51,16.63
9245,5478,123,1,10.31,0.32
9246,5478,128,1,13.41,0.42
9247,5479,166,1,30.99,3.18
9248,5480,34,1,127.18,14.22
9249,5481,26,1,16.21,0.66
9250,5482,51,2,71.14,7.51
9251,5482,10,1,26.93,1.63
9252,5483,179,1,246.47,9.89
9253,5483,132,3,74.95,7.12
9254,5484,111,1,97.83,11.57
9255,5484,210,1,56.9,5.34
9256,5485,220,1,669.86,69.75
9257,5486,249,3,52.62,1.76
9258,5487,17,1,29.84,1.16
9259,5488,94,1,33.91,1.08
9260,5488,228,1,95.03,4.02
9261,5488,234,3,17.93,1.56
9262,5489,198,1,52.95,5.54
9263,5490,27,1,852.23,37.0
9264,5491,56,1,38.8,2.99
9265,5491,10,1,26.93,1.27
9266,5491,100,1,136.87,13.68
9267,5491,224,1,6.63,0.23
9268,5492,47,1,18.06,1.88
9269,5492,57,1,185.85,18.68
9270,5493,40,1,97.22,3.57
9271,5494,36,1,55.53,1.67
9272,5495,180,1,209.32,14.14
9273,5496,209,1,115.41,7.52
9274,5497,80,1,37.9,1.86
9275,5498,208,1,113.76,12.11
9276,5498,27,1,852.23,48.82
9277,5499,207,2,51.95,4.59
9278,5499,124,1,434.69,28.61
9279,5500,230,1,231.23,25.16
9280,5500,127,1,82.05,7.68
9281,5500,125,1,111.51,9.0
9282,5501,183,1,101.22,10.75
9283,5502,123,1,10.31,1.22
9284,5502,79,1,47.16,3.76
9285,5503,71,1,179.59,6.91
9286,5503,151,1,116.4,5.44
9287,5503,80,1,37.9,1.47
9288,5503,203,1,67.83,3.36
9289,5504,75,1,553.99,29.15
9290,5504,146,1,98.43,7.77
9291,5505,135,1,212.24,12.54
9292,5506,86,1,124.98,6.51
9293,5506,197,1,235.87,25.85
9294,5507,209,1,115.41,10.04
9295,5508,234,1,17.93,1.57
9296,5509,56,2,38.8,3.14
9297,5509,182,2,19.48,2.21
9298,5510,228,3,95.03,8.08
9299,5511,176,3,199.66,12.65
9300,5511,227,1,49.54,5.57
9301,5512,89,1,179.88,16.54
9302,5513,222,1,22.72,0.85
9303,5514,127,1,82.05,3.37
9304,5514,72,1,112.92,5.48
9305,5515,206,1,760.6,90.6
9306,5516,18,1,17.37,1.94
9307,5517,157,1,234.71,7.42
9308,5517,132,1,74.95,8.06
9309,5518,224,1,6.63,0.28
9310,5519,239,1,762.58,74.28
9311,5520,182,3,19.48,1.38
9312,5521,135,1,212.24,8.19
9313,5522,37,1,136.42,7.12
9314,5523,195,1,45.11,2.23
9315,5524,168,1,9.01,0.62
9316,5525,51,1,71.14,6.21
9317,5526,16,1,90.17,10.49
9318,5527,15,3,114.86,4.85
9319,5528,18,1,17.37,1.56
9320,5529,145,1,366.49,27.79
9321,5529,197,1,235.87,12.32
9322,5530,215,1,237.45,7.5
9323,5530,202,1,130.75,4.92
9324,5531,75,1,553.99,54.16
9325,5531,123,1,10.31,0.91
9326,5531,85,1,106.96,5.02
9327,5532,227,2,49.54,2.93
9328,5533,199,1,5.9,0.25
9329,5534,178,1,1065.13,75.19
9330,5534,229,1,16.22,0.75
9331,5535,244,1,84.79,5.13
9332,5536,169,3,69.98,7.17
9333,5537,181,1,14.39,0.55
9334,5537,105,3,262.49,29.98
9335,5537,68,1,38.67,2.14
9336,5538,184,1,344.95,22.1
9337,5538,51,1,71.14,5.54
9338,5539,48,1,93.17,9.22
9339,5539,199,1,5.9,0.44
9340,5539,203,1,67.83,7.12
9341,5540,102,1,683.61,70.43
9342,5540,66,1,27.73,0.87
9343,5540,205,1,172.47,16.79
9344,5541,182,1,19.48,1.68
9345,5541,137,1,112.97,12.38
9346,5542,46,1,645.92,57.94
9347,5542,4,1,95.98,9.72
9348,5542,194,1,41.9,2.43
9349,5542,231,1,80.77,7.9
9350,5543,151,1,116.4,13.47
9351,5543,136,2,763.13,79.86
9352,5544,146,2,98.43,7.61
9353,5544,42,1,145.78,7.54
9354,5544,192,3,82.67,7.28
9355,5544,157,1,234.71,8.19
9356,5545,75,1,553.99,20.67
9357,5545,51,3,71.14,4.82
9358,5545,151,1,116.4,10.46
9359,5546,134,1,140.62,16.71
9360,5547,75,1,553.99,56.16
9361,5547,3,1,51.08,3.92
9362,5547,158,1,19.01,1.87
9363,5548,99,1,14.4,1.36
9364,5548,34,1,127.18,12.36
9365,5548,121,1,272.89,10.11
9366,5548,227,1,49.54,2.49
9367,5549,89,1,179.88,21.23
9368,5550,51,1,71.14,5.72
9369,5550,39,3,136.95,13.33
9370,5551,36,3,55.53,3.33
9371,5552,56,1,38.8,3.32
9372,5552,243,1,83.89,5.99
9373,5553,115,1,27.12,1.79
9374,5554,210,1,56.9,3.2
9375,5555,84,1,54.94,3.95
9376,5555,1,1,826.88,31.2
9377,5556,207,1,51.95,4.51
9378,5557,11,1,685.7,23.29
9379,5558,86,1,124.98,4.85
9380,5559,6,1,251.86,16.99
9381,5559,99,1,14.4,0.51
9382,5559,239,1,762.58,35.38
9383,5560,176,1,199.66,11.8
9384,5560,79,2,47.16,2.86
9385,5561,210,1,56.9,3.74
9386,5562,241,1,40.34,4.06
9387,5563,109,1,151.47,4.57
9388,5564,63,1,555.18,40.83
9389,5564,189,1,150.51,7.0
9390,5565,218,1,62.27,4.58
9391,5566,100,1,136.87,9.32
9392,5567,139,1,488.45,50.53
9393,5567,228,1,95.03,4.55
9394,5568,87,1,391.01,16.1
9395,5568,232,1,155.86,11.2
9396,5569,162,1,6.54,0.32
9397,5570,26,1,16.21,1.59
9398,5570,189,3,150.51,7.7
9399,5571,149,1,71.93,6.53
9400,5571,234,1,17.93,1.63
9401,5571,165,1,6.2,0.46
9402,5572,41,1,63.66,6.49
9403,5572,20,1,71.62,7.11
9404,5572,175,1,16.15,1.26
9405,5573,247,1,31.51,1.14
9406,5574,215,1,237.45,16.48
9407,5575,131,3,203.22,7.47
9408,5576,187,1,95.65,3.13
9409,5576,232,1,155.86,15.74
9410,5577,24,1,89.79,2.98
9411,5578,9,1,82.19,9.71
9412,5578,241,1,40.34,3.4
9413,5579,119,1,69.61,3.04
9414,5580,207,1,51.95,2.12
9415,5580,144,1,50.76,5.8
9416,5580,84,1,54.94,3.08
9417,5581,59,1,105.0,9.35
9418,5582,36,1,55.53,2.43
9419,5582,7,3,136.48,13.39
9420,5583,99,1,14.4,0.62
9421,5584,151,1,116.4,8.16
9422,5584,109,1,151.47,14.58
9423,5585,131,1,203.22,6.29
9424,5586,67,1,53.0,1.85
9425,5587,75,1,553.99,50.95
9426,5588,203,1,67.83,3.67
9427,5588,68,1,38.67,3.69
9428,5588,128,1,13.41,1.31
9429,5588,53,1,270.94,31.66
9430,5589,22,2,412.18,22.02
9431,5589,40,1,97.22,9.02
9432,5590,161,1,84.35,7.62
9433,5590,34,1,127.18,6.52
9434,5590,17,1,29.84,2.97
9435,5591,174,1,8.1,0.75
9436,5591,232,1,155.86,8.26
9437,5592,124,1,434.69,15.53
9438,5593,196,1,47.98,2.38
9439,5594,129,3,858.28,36.96
9440,5595,122,1,69.41,2.56
9441,5595,228,1,95.03,5.07
9442,5596,133,1,37.44,4.06
9443,5597,129,1,858.28,90.58
9444,5597,206,1,760.6,57.14
9445,5597,161,1,84.35,3.22
9446,5598,244,1,84.79,8.11
9447,5598,174,1,8.1,0.79
9448,5599,132,1,74.95,5.05
9449,5599,173,1,57.93,6.59
9450,5599,90,2,11.62,0.85
9451,5600,228,1,95.03,7.82
9452,5601,14,1,94.71,8.78
9453,5602,61,1,30.27,2.5
9454,5603,167,1,139.5,12.89
9455,5603,205,1,172.47,19.45
9456,5604,217,1,36.43,2.05
9457,5605,89,1,179.88,16.03
9458,5606,131,1,203.22,24.03
9459,5606,202,1,130.75,8.52
9460,5606,212,1,619.34,50.46
9461,5607,233,1,339.7,14.98
9462,5607,115,1,27.12,1.42
9463,5608,219,1,66.09,4.12
9464,5608,55,1,167.62,12.3
9465,5609,29,1,617.47,47.77
9466,5609,129,1,858.28,39.09
9467,5609,126,1,25.06,2.16
9468,5609,95,1,25.87,1.65
9469,5610,193,1,286.41,20.78
9470,5610,36,1,55.53,5.0
9471,5611,120,1,44.88,1.98
9472,5611,15,1,114.86,5.72
9473,5612,209,1,115.41,9.24
9474,5613,122,2,69.41,6.98
9475,5613,118,1,13.3,0.58
9476,5614,96,1,826.6,84.12
9477,5614,192,1,82.67,5.13
9478,5615,79,1,47.16,3.53
9479,5615,225,1,59.74,3.81
9480,5615,47,1,18.06,1.99
9481,5616,183,1,101.22,5.77
9482,5616,32,1,17.9,2.06
9483,5616,129,1,858.28,57.46
9484,5617,100,1,136.87,7.52
9485,5617,121,1,272.89,17.03
9486,5617,133,1,37.44,1.24
9487,5617,55,1,167.62,15.35
9488,5618,210,1,56.9,6.44
9489,5618,130,1,76.27,3.13
9490,5618,173,1,57.93,4.61
9491,5619,3,1,51.08,1.76
9492,5620,17,1,29.84,1.73
9493,5621,242,1,135.54,12.33
9494,5622,248,1,40.02,1.24
9495,5622,115,1,27.12,2.11
9496,5623,3,1,51.08,5.69
9497,5624,84,1,54.94,4.59
9498,5625,75,1,553.99,38.32
9499,5626,43,1,137.44,10.9
9500,5626,6,1,251.86,17.23
9501,5627,236,1,326.99,18.51
9502,5628,29,1,617.47,70.54
9503,5629,115,1,27.12,1.49
9504,5630,115,1,27.12,2.22
9505,5630,113,1,29.13,3.13
9506,5631,58,1,7.39,0.56
9507,5631,212,1,619.34,52.92
9508,5632,203,1,67.83,5.0
9509,5633,17,3,29.84,3.55
9510,5634,57,1,185.85,15.62
9511,5634,206,1,760.6,23.41
9512,5635,132,1,74.95,3.13
9513,5636,24,1,89.79,7.25
9514,5636,103,1,1102.59,49.34
9515,5636,143,1,180.32,6.64
9516,5637,98,3,25.53,1.8
9517,5638,205,1,172.47,14.06
9518,5639,116,1,53.02,2.14
9519,5640,36,1,55.53,6.55
9520,5641,23,1,629.48,53.67
9521,5641,182,2,19.48,1.72
9522,5642,21,1,285.75,27.8
9523,5643,167,1,139.5,9.87
9524,5643,148,1,101.97,5.31
9525,5644,227,1,49.54,5.76
9526,5645,122,1,69.41,3.6
9527,5645,206,1,760.6,61.46
9528,5645,3,1,51.08,2.36
9529,5646,207,1,51.95,2.86
9530,5647,151,1,116.4,5.82
9531,5647,125,1,111.51,6.1
9532,5647,200,1,16.92,1.2
9533,5648,158,1,19.01,2.16
9534,5649,234,1,17.93,1.14
9535,5649,120,1,44.88,3.74
9536,5649,126,1,25.06,2.26
9537,5649,232,1,155.86,16.58
9538,5650,151,1,116.4,10.19
9539,5651,185,1,647.11,20.13
9540,5651,92,1,1151.64,64.26
9541,5652,158,2,19.01,1.12
9542,5652,78,2,180.73,11.35
9543,5652,27,1,852.23,28.05
9544,5653,44,1,39.31,2.16
9545,5654,124,1,434.69,46.68
9546,5654,135,1,212.24,20.49
9547,5654,60,1,85.87,6.2
9548,5655,58,1,7.39,0.39
9549,5656,105,1,262.49,13.47
9550,5656,52,1,30.53,1.94
9551,5657,77,1,170.84,9.95
9552,5658,51,1,71.14,5.79
9553,5658,59,1,105.0,12.58
9554,5659,67,1,53.0,3.51
9555,5659,225,1,59.74,1.79
9556,5660,53,1,270.94,23.56
9557,5660,37,1,136.42,10.28
9558,5660,234,1,17.93,1.92
9559,5660,203,1,67.83,2.93
9560,5661,147,1,81.1,8.65
9561,5662,147,1,81.1,5.76
9562,5663,15,1,114.86,12.19
9563,5663,34,3,127.18,8.53
9564,5663,72,1,112.92,9.17
9565,5664,246,1,30.72,3.49
9566,5665,212,1,619.34,34.04
9567,5666,135,1,212.24,9.05
9568,5666,189,1,150.51,9.93
9569,5666,199,1,5.9,0.68
9570,5667,56,1,38.8,4.41
9571,5668,41,1,63.66,3.95
9572,5668,177,1,81.05,5.7
9573,5668,196,1,47.98,2.12
9574,5668,182,1,19.48,1.09
9575,5669,82,1,53.33,4.82
9576,5670,226,1,134.28,4.85
9577,5671,40,1,97.22,10.27
9578,5672,242,1,135.54,13.84
9579,5672,215,3,237.45,13.87
9580,5672,238,1,115.34,4.4
9581,5673,237,1,10.34,0.34
9582,5673,59,1,105.0,7.93
9583,5674,121,1,272.89,20.34
9584,5674,60,1,85.87,8.08
9585,5675,176,1,199.66,12.54
9586,5676,15,1,114.86,8.38
9587,5676,123,2,10.31,0.72
9588,5676,227,1,49.54,2.45
9589,5676,112,1,335.91,28.8
9590,5677,135,1,212.24,20.52
9591,5678,79,1,47.16,5.03
9592,5678,120,1,44.88,3.0
9593,5678,169,1,69.98,4.72
9594,5679,108,1,3.52,0.21
9595,5680,10,1,26.93,2.81
9596,5681,232,1,155.86,10.99
9597,5682,224,1,6.63,0.37
9598,5682,100,1,136.87,15.94
9599,5682,40,1,97.22,7.93
9600,5682,9,1,82.19,4.76
9601,5683,201,1,68.19,2.06
9602,5684,202,1,130.75,13.68
9603,5684,80,1,37.9,2.94
9604,5685,34,1,127.18,6.8
9605,5686,173,2,57.93,6.58
9606,5686,130,1,76.27,5.19
9607,5686,98,1,25.53,1.14
9608,5686,183,1,101.22,7.92
9609,5687,67,1,53.0,3.85
9610,5687,43,1,137.44,8.72
9611,5687,208,1,113.76,12.98
9612,5687,139,1,488.45,39.45
9613,5688,208,2,113.76,4.44
9614,5688,203,1,67.83,2.05
9615,5689,187,1,95.65,10.62
9616,5689,32,1,17.9,0.75
9617,5690,36,1,55.53,3.31
9618,5691,2,1,120.72,11.63
9619,5691,34,1,127.18,10.09
9620,5691,128,1,13.41,0.43
9621,5692,212,1,619.34,43.53
9622,5693,142,1,230.98,22.65
9623,5694,2,1,120.72,9.34
9624,5694,76,1,52.37,2.29
9625,5694,18,1,17.37,1.99
9626,5695,32,1,17.9,0.63
9627,5695,168,1,9.01,0.65
9628,5695,100,1,136.87,15.81
9629,5696,44,1,39.31,2.62
9630,5696,245,1,178.52,5.58
9631,5697,87,1,391.01,23.81
9632,5698,56,1,38.8,1.97
9633,5698,22,1,412.18,22.92
9634,5699,181,1,14.39,0.49
9635,5700,98,1,25.53,1.46
9636,5700,236,1,326.99,37.74
9637,5700,246,1,30.72,2.45
9638,5701,77,1,170.84,11.37
9639,5701,63,1,555.18,61.22
9640,5701,37,1,136.42,11.74
9641,5701,14,1,94.71,3.16
9642,5702,234,1,17.93,1.54
9643,5703,180,1,209.32,24.09
9644,5703,66,1,27.73,3.13
9645,5704,135,1,212.24,10.52
9646,5705,118,1,13.3,0.83
9647,5706,28,3,164.02,12.66
9648,5707,193,1,286.41,31.05
9649,5707,6,1,251.86,22.69
9650,5708,22,1,412.18,35.76
9651,5708,217,1,36.43,3.42
9652,5709,29,1,617.47,61.34
9653,5709,140,1,11.94,1.14
9654,5709,181,1,14.39,0.77
9655,5710,98,1,25.53,3.0
9656,5710,82,1,53.33,5.93
9657,5711,117,1,45.11,2.03
9658,5712,81,1,44.98,1.39
9659,5713,189,1,150.51,12.16
9660,5713,63,1,555.18,41.74
9661,5713,60,1,85.87,6.04
9662,5714,173,1,57.93,6.79
9663,5715,202,1,130.75,5.13
9664,5715,207,1,51.95,5.74
9665,5716,17,1,29.84,1.91
9666,5717,151,1,116.4,7.31
9667,5718,79,2,47.16,5.35
9668,5718,212,1,619.34,40.04
9669,5718,19,1,11.93,0.52
9670,5718,203,1,67.83,4.72
9671,5719,101,1,8.28,0.33
9672,5720,132,1,74.95,4.91
9673,5721,11,1,685.7,77.83
9674,5722,79,1,47.16,2.96
9675,5723,210,3,56.9,6.34
9676,5724,220,1,669.86,25.77
9677,5724,157,1,234.71,16.0
9678,5725,226,1,134.28,7.23
9679,5725,78,1,180.73,20.19
9680,5726,55,3,167.62,5.59
9681,5727,153,1,179.31,12.32
9682,5728,72,1,112.92,9.82
9683,5729,217,1,36.43,3.05
9684,5730,126,1,25.06,2.24
9685,5731,178,1,1065.13,110.35
9686,5732,182,1,19.48,1.63
9687,5733,29,1,617.47,52.03
9688,5734,77,1,170.84,14.26
9689,5735,63,1,555.18,57.47
9690,5735,150,1,43.62,3.94
9691,5735,189,1,150.51,4.55
9692,5735,23,1,629.48,64.3
9693,5736,212,1,619.34,33.16
9694,5736,86,1,124.98,12.33
9695,5736,202,1,130.75,7.1
9696,5737,215,1,237.45,14.65
9697,5738,139,1,488.45,31.6
9698,5739,235,1,75.26,3.29
9699,5740,225,1,59.74,3.17
9700,5741,230,1,231.23,8.44
9701,5742,109,1,151.47,17.22
9702,5742,143,2,180.32,19.54
9703,5743,99,3,14.4,0.87
9704,5743,77,1,170.84,10.78
9705,5744,88,1,2.59,0.2
9706,5745,16,1,90.17,2.81
9707,5745,43,1,137.44,6.06
9708,5746,194,1,41.9,1.97
9709,5746,190,1,239.32,13.79
9710,5746,89,1,179.88,16.6
9711,5746,21,1,285.75,13.31
9712,5747,137,1,112.97,10.84
9713,5748,121,3,272.89,19.27
9714,5749,59,1,105.0,7.39
9715,5750,199,1,5.9,0.41
9716,5751,138,1,45.06,3.71
9717,5751,5,1,88.33,9.36
9718,5752,183,1,101.22,9.47
9719,5753,45,1,30.04,1.31
9720,5753,136,3,763.13,62.4
9721,5754,207,1,51.95,2.46
9722,5755,202,1,130.75,11.42
9723,5755,78,1,180.73,13.47
9724,5756,25,1,28.3,2.13
9725,5757,235,1,75.26,4.5
9726,5758,141,1,483.07,53.51
9727,5758,186,1,66.12,5.83
9728,5758,178,1,1065.13,52.01
9729,5759,209,1,115.41,4.74
9730,5760,126,1,25.06,1.84
9731,5760,34,1,127.18,10.65
9732,5761,10,1,26.93,2.15
9733,5761,104,1,82.65,6.45
9734,5762,189,1,150.51,15.29
9735,5762,10,1,26.93,2.42
9736,5762,133,1,37.44,4.11
9737,5763,249,1,52.62,3.49
9738,5764,167,1,139.5,9.5
9739,5764,214,1,211.86,16.61
9740,5764,224,1,6.63,0.72
9741,5765,250,1,583.02,61.39
9742,5765,131,1,203.22,19.59
9743,5765,127,1,82.05,7.0
9744,5766,115,2,27.12,1.68
9745,5766,52,1,30.53,3.05
9746,5767,176,3,199.66,15.77
9747,5767,197,2,235.87,9.08
9748,5767,150,1,43.62,3.21
9749,5767,130,1,76.27,4.07
9750,5768,101,2,8.28,0.26
9751,5769,5,1,88.33,5.99
9752,5769,197,1,235.87,10.97
9753,5770,66,1,27.73,1.82
9754,5771,158,1,19.01,1.96
9755,5771,133,1,37.44,2.17
9756,5772,63,1,555.18,23.24
9757,5773,166,1,30.99,3.11
9758,5774,228,1,95.03,3.7
9759,5774,124,1,434.69,44.03
9760,5774,190,1,239.32,12.45
9761,5774,162,1,6.54,0.22
9762,5775,227,1,49.54,1.76
9763,5775,224,1,6.63,0.37
9764,5775,23,1,629.48,23.27
9765,5776,146,1,98.43,6.45
9766,5777,202,1,130.75,10.56
9767,5778,234,1,17.93,1.39
9768,5778,188,1,15.44,1.04
9769,5778,157,1,234.71,14.95
9770,5778,235,1,75.26,8.9
9771,5779,80,1,37.9,3.04
9772,5779,103,1,1102.59,113.41
9773,5780,59,1,105.0,7.33
9774,5781,36,1,55.53,5.09
9775,5782,121,1,272.89,8.63
9776,5782,196,1,47.98,4.11
9777,5782,151,1,116.4,9.81
9778,5782,149,3,71.93,8.33
9779,5783,189,1,150.51,13.52
9780,5783,134,1,140.62,6.46
9781,5784,180,1,209.32,6.42
9782,5785,153,1,179.31,9.99
9783,5785,119,1,69.61,7.26
9784,5785,41,1,63.66,7.03
9785,5785,48,1,93.17,6.56
9786,5786,123,1,10.31,0.47
9787,5786,17,1,29.84,1.52
9788,5787,15,1,114.86,5.02
9789,5788,131,1,203.22,16.61
9790,5789,244,1,84.79,2.83
9791,5790,191,1,39.7,4.59
9792,5791,247,1,31.51,1.77
9793,5791,148,1,101.97,8.94
9794,5792,34,1,127.18,10.68
9795,5793,167,1,139.5,14.4
9796,5793,110,1,759.15,79.56
9797,5793,6,1,251.86,20.57
9798,5794,159,1,124.76,8.23
9799,5794,199,1,5.9,0.7
9800,5794,40,1,97.22,10.23
9801,5795,158,1,19.01,1.68
9802,5795,103,1,1102.59,97.41
9803,5796,80,2,37.9,1.97
9804,5796,91,1,56.23,4.18
9805,5797,37,1,136.42,11.67
9806,5797,30,1,58.74,2.05
9807,5797,146,1,98.43,4.62
9808,5798,164,1,31.65,3.45
9809,5798,135,1,212.24,21.53
9810,5798,58,1,7.39,0.73
9811,5799,98,1,25.53,1.21
9812,5799,195,1,45.11,2.31
9813,5799,77,1,170.84,17.52
9814,5800,206,1,760.6,40.93
9815,5800,177,1,81.05,3.27
9816,5801,199,1,5.9,0.65
9817,5801,97,1,244.48,22.23
9818,5801,80,1,37.9,4.51
9819,5802,235,1,75.26,8.01
9820,5803,241,1,40.34,3.7
9821,5804,222,1,22.72,2.24
9822,5804,105,1,262.49,17.29
9823,5805,90,1,11.62,0.45
9824,5805,161,1,84.35,2.93
9825,5806,29,1,617.47,18.96
9826,5807,217,1,36.43,3.7
9827,5807,75,1,553.99,31.33
9828,5808,53,1,270.94,16.28
9829,5809,58,1,7.39,0.46
9830,5809,10,2,26.93,2.15
9831,5810,198,1,52.95,3.56
9832,5810,59,1,105.0,7.32
9833,5810,153,1,179.31,18.43
9834,5811,38,1,147.17,9.25
9835,5812,105,1,262.49,16.42
9836,5813,192,1,82.67,3.6
9837,5813,174,1,8.1,0.38
9838,5814,173,1,57.93,6.92
9839,5814,7,2,136.48,4.76
9840,5814,138,1,45.06,3.03
9841,5814,72,1,112.92,10.93
9842,5815,199,3,5.9,0.69
9843,5815,111,1,97.83,6.16
9844,5815,139,1,488.45,34.25
9845,5815,14,1,94.71,6.62
9846,5816,54,1,387.71,24.44
9847,5816,235,1,75.26,2.84
9848,5817,56,1,38.8,2.9
9849,5817,109,2,151.47,13.85
9850,5817,147,1,81.1,9.22
9851,5817,17,1,29.84,3.17
9852,5818,140,1,11.94,0.78
9853,5819,85,1,106.96,9.22
9854,5820,4,2,95.98,3.88
9855,5821,3,1,51.08,3.73
9856,5822,202,1,130.75,6.96
9857,5823,100,1,136.87,12.75
9858,5824,178,1,1065.13,74.09
9859,5824,77,3,170.84,6.27
9860,5825,209,1,115.41,13.05
9861,5825,124,1,434.69,31.43
9862,5826,119,3,69.61,5.68
9863,5826,195,1,45.11,5.1
9864,5827,44,1,39.31,2.28
9865,5827,142,1,230.98,26.55
9866,5828,104,1,82.65,7.99
9867,5828,42,1,145.78,4.44
9868,5829,142,1,230.98,26.33
9869,5830,215,1,237.45,15.39
9870,5830,222,1,22.72,1.1
9871,5831,215,1,237.45,9.81
9872,5832,79,1,47.16,5.05
9873,5832,72,1,112.92,10.14
9874,5833,220,1,669.86,21.88
9875,5833,142,1,230.98,12.01
9876,5834,44,1,39.31,2.1
9877,5835,209,1,115.41,11.51
9878,5836,206,2,760.6,76.29
9879,5837,246,1,30.72,3.28
9880,5838,59,2,105.0,5.71
9881,5839,120,1,44.88,2.37
9882,5839,132,1,74.95,8.98
9883,5839,109,1,151.47,8.87
9884,5840,171,1,100.35,5.49
9885,5841,91,1,56.23,6.51
9886,5841,20,1,71.62,2.55
9887,5842,119,1,69.61,2.55
9888,5842,234,1,17.93,0.67
9889,5843,232,1,155.86,5.44
9890,5844,225,1,59.74,5.17
9891,5845,74,1,35.45,4.0
9892,5846,156,1,99.5,10.56
9893,5847,61,1,30.27,1.42
9894,5848,209,1,115.41,9.49
9895,5849,176,1,199.66,17.59
9896,5850,213,3,31.81,3.76
9897,5851,129,1,858.28,77.83
9898,5851,176,1,199.66,17.5
9899,5852,72,1,112.92,11.08
9900,5853,240,1,694.84,73.86
9901,5854,129,1,858.28,70.29
9902,5855,242,1,135.54,8.65
9903,5855,249,1,52.62,2.11
9904,5855,245,1,178.52,18.22
9905,5855,35,1,76.68,5.94
9906,5856,157,1,234.71,21.73
9907,5856,158,1,19.01,1.12
9908,5857,110,1,759.15,56.15
9909,5857,67,1,53.0,5.59
9910,5857,204,1,103.62,5.35
9911,5857,89,1,179.88,9.73
9912,5858,243,1,83.89,6.06
9913,5859,234,1,17.93,0.69
9914,5859,148,1,101.97,6.97
9915,5859,134,1,140.62,13.99
9916,5860,137,1,112.97,10.16
9917,5860,67,1,53.0,5.61
9918,5860,217,1,36.43,2.68
9919,5860,15,1,114.86,12.36
9920,5861,228,2,95.03,6.9
9921,5862,93,1,25.75,2.21
9922,5863,162,1,6.54,0.21
9923,5863,164,1,31.65,2.72
9924,5864,113,1,29.13,1.73
9925,5864,223,1,155.25,15.67
9926,5865,45,1,30.04,2.21
9927,5865,116,1,53.02,4.31
9928,5865,52,1,30.53,2.3
9929,5866,61,1,30.27,1.99
9930,5867,122,1,69.41,6.05
9931,5868,220,1,669.86,25.81
9932,5869,229,1,16.22,0.54
9933,5869,219,1,66.09,6.09
9934,5869,146,2,98.43,9.36
9935,5870,35,1,76.68,7.41
9936,5871,199,1,5.9,0.7
9937,5872,241,1,40.34,2.64
9938,5873,116,1,53.02,6.17
9939,5874,162,1,6.54,0.55
9940,5874,41,1,63.66,6.94
9941,5874,155,3,18.82,0.82
9942,5875,27,1,852.23,98.86
9943,5876,86,1,124.98,5.29
9944,5876,21,1,285.75,8.63
9945,5877,13,1,31.08,3.57
9946,5878,197,1,235.87,21.7
9947,5879,248,1,40.02,2.21
9948,5880,72,1,112.92,4.85
9949,5881,60,1,85.87,6.36
9950,5881,72,1,112.92,5.97
9951,5882,83,1,9.7,1.07
9952,5883,239,1,762.58,40.22
9953,5884,15,1,114.86,6.14
9954,5884,64,1,191.61,12.12
9955,5884,250,1,583.02,44.16
9956,5884,3,1,51.08,1.83
9957,5885,186,1,66.12,2.28
9958,5886,95,1,25.87,2.32
9959,5887,15,1,114.86,11.79
9960,5888,206,1,760.6,47.39
9961,5889,95,1,25.87,2.19
9962,5889,22,1,412.18,48.27
9963,5890,83,1,9.7,0.98
9964,5891,120,1,44.88,3.71
9965,5891,64,1,191.61,13.57
9966,5892,128,1,13.41,1.56
9967,5893,63,2,555.18,24.08
9968,5894,125,1,111.51,12.26
9969,5894,37,2,136.42,5.0
9970,5895,61,1,30.27,1.2
9971,5896,59,3,105.0,3.57
9972,5897,53,1,270.94,14.93
9973,5897,176,1,199.66,15.43
9974,5898,124,1,434.69,21.3
9975,5898,220,1,669.86,69.7
9976,5899,188,1,15.44,1.24
9977,5899,53,1,270.94,27.28
9978,5900,189,1,150.51,17.26
9979,5901,218,1,62.27,3.03
9980,5901,143,1,180.32,18.9
9981,5901,40,1,97.22,3.83
9982,5901,195,1,45.11,3.3
9983,5902,98,1,25.53,2.97
9984,5903,97,1,244.48,12.29
9985,5903,75,1,553.99,65.85
9986,5903,11,1,685.7,46.75
9987,5903,197,1,235.87,27.16
9988,5904,169,1,69.98,2.44
9989,5905,32,1,17.9,0.87
9990,5906,40,1,97.22,3.57
9991,5906,204,1,103.62,7.3
9992,5906,215,1,237.45,18.74
9993,5907,250,1,583.02,58.77
9994,5907,155,1,18.82,1.93
9995,5907,52,1,30.53,2.4
9996,5908,197,1,235.87,25.92
9997,5908,33,1,30.54,3.13
9998,5908,95,1,25.87,2.04
9999,5909,38,1,147.17,13.3
10000,5910,3,1,51.08,5.4
10001,5911,21,2,285.75,31.26
10002,5911,34,1,127.18,3.99
10003,5912,82,1,53.33,4.72
10004,5913,3,1,51.08,4.07
10005,5914,191,1,39.7,3.58
10006,5914,153,1,179.31,18.47
10007,5915,17,1,29.84,3.56
10008,5915,192,1,82.67,2.91
10009,5915,26,1,16.21,1.84
10010,5915,66,1,27.73,2.65
10011,5916,221,1,80.15,9.44
10012,5916,52,1,30.53,3.01
10013,5916,55,1,167.62,19.53
10014,5916,235,1,75.26,5.75
10015,5917,197,1,235.87,28.14
10016,5918,3,1,51.08,5.6
10017,5919,202,1,130.75,4.31
10018,5920,220,1,669.86,45.18
10019,5921,207,1,51.95,4.82
10020,5921,67,1,53.0,2.61
10021,5922,234,1,17.93,1.46
10022,5923,181,1,14.39,1.71
10023,5923,154,1,53.6,4.46
10024,5924,6,1,251.86,13.11
10025,5925,24,1,89.79,8.23
10026,5926,59,3,105.0,12.34
10027,5927,238,1,115.34,10.01
10028,5928,182,1,19.48,1.6
10029,5928,34,1,127.18,13.88
10030,5929,33,1,30.54,1.27
10031,5930,72,1,112.92,11.8
10032,5931,137,1,112.97,7.78
10033,5931,32,1,17.9,0.97
10034,5932,22,1,412.18,14.61
10035,5933,159,1,124.76,11.16
10036,5934,237,1,10.34,0.89
10037,5934,43,2,137.44,5.6
10038,5934,236,1,326.99,10.52
10039,5935,16,1,90.17,5.51
10040,5935,55,1,167.62,13.31
10041,5936,129,1,858.28,79.46
10042,5936,168,1,9.01,0.84
10043,5937,218,1,62.27,5.26
10044,5938,220,1,669.86,35.95
10045,5939,48,1,93.17,10.77
10046,5940,230,1,231.23,16.24
10047,5941,35,1,76.68,8.99
10048,5942,235,1,75.26,8.51
10049,5942,55,1,167.62,15.08
10050,5942,3,1,51.08,3.46
10051,5943,118,2,13.3,1.34
10052,5943,189,1,150.51,5.17
10053,5944,212,2,619.34,52.1
10054,5945,171,1,100.35,3.66
10055,5946,87,1,391.01,42.46
10056,5946,205,1,172.47,10.59
10057,5947,61,2,30.27,2.21
10058,5948,150,1,43.62,4.38
10059,5948,194,1,41.9,2.28
10060,5949,20,1,71.62,2.18
10061,5949,147,1,81.1,2.79
10062,5950,80,1,37.9,2.14
10063,5951,58,1,7.39,0.53
10064,5952,21,1,285.75,33.46
10065,5953,15,1,114.86,7.18
10066,5954,151,1,116.4,4.98
10067,5955,40,2,97.22,6.8
10068,5956,217,1,36.43,3.38
10069,5956,120,1,44.88,3.78
10070,5957,187,1,95.65,4.34
10071,5957,225,1,59.74,6.59
10072,5958,237,1,10.34,0.94
10073,5958,22,1,412.18,26.2
10074,5958,102,1,683.61,54.77
10075,5958,225,1,59.74,2.42
10076,5959,129,1,858.28,44.31
10077,5959,106,1,27.76,1.68
10078,5960,164,1,31.65,1.68
10079,5961,22,1,412.18,47.58
10080,5961,59,1,105.0,7.73
10081,5962,14,1,94.71,9.82
10082,5963,235,1,75.26,6.94
10083,5963,18,1,17.37,1.92
10084,5963,7,1,136.48,13.64
10085,5963,120,2,44.88,1.98
10086,5964,130,1,76.27,5.53
10087,5964,117,1,45.11,2.01
10088,5965,196,1,47.98,3.64
10089,5966,75,1,553.99,37.53
10090,5966,118,1,13.3,0.84
10091,5967,198,1,52.95,2.79
10092,5968,86,1,124.98,5.83
10093,5968,15,1,114.86,12.7
10094,5969,111,1,97.83,8.51
10095,5970,151,3,116.4,13.27
10096,5971,228,1,95.03,9.25
10097,5972,205,1,172.47,18.51
10098,5973,178,1,1065.13,127.09
10099,5973,158,1,19.01,0.6
10100,5974,163,1,20.16,1.22
10101,5974,104,1,82.65,8.14
10102,5974,61,1,30.27,2.39
10103,5975,228,1,95.03,8.36
10104,5976,246,1,30.72,0.97
10105,5976,190,1,239.32,27.8
10106,5976,84,1,54.94,5.37
10107,5977,144,1,50.76,5.42
10108,5977,98,1,25.53,1.85
10109,5977,41,1,63.66,3.09
10110,5977,59,1,105.0,8.17
10111,5978,212,1,619.34,24.8
10112,5979,77,1,170.84,11.64
10113,5979,65,1,165.64,17.59
10114,5980,241,1,40.34,4.14
10115,5980,61,1,30.27,2.09
10116,5980,99,1,14.4,1.33
10117,5981,59,1,105.0,8.71
10118,5981,179,1,246.47,20.73
10119,5982,166,1,30.99,1.28
10120,5983,120,1,44.88,3.16
10121,5984,107,1,87.92,8.92
10122,5985,42,1,145.78,5.91
10123,5986,130,1,76.27,6.35
10124,5986,83,1,9.7,0.88
10125,5987,15,1,114.86,10.28
10126,5988,188,1,15.44,1.74
10127,5988,214,1,211.86,25.32
10128,5989,187,1,95.65,11.0
10129,5989,205,1,172.47,6.03
10130,5989,109,1,151.47,17.76
10131,5989,61,1,30.27,3.62
10132,5990,27,1,852.23,53.83
10133,5991,158,1,19.01,1.67
10134,5992,157,1,234.71,13.82
10135,5993,101,1,8.28,0.99
10136,5993,116,1,53.02,2.62
10137,5993,99,1,14.4,0.77
10138,5994,121,1,272.89,16.95
10139,5995,51,1,71.14,4.63
10140,5996,43,1,137.44,7.12
10141,5997,8,1,6.03,0.57
10142,5997,248,1,40.02,4.74
10143,5997,64,1,191.61,6.2
10144,5997,89,1,179.88,14.55
10145,5998,144,3,50.76,3.58
10146,5999,68,1,38.67,3.0
10147,5999,76,1,52.37,4.9
10148,6000,132,1,74.95,4.45
10149,6001,87,1,391.01,45.05
10150,6002,139,1,488.45,53.4
10151,6003,195,1,45.11,2.31
10152,6004,227,1,49.54,2.32
10153,6004,151,1,116.4,8.36
10154,6004,219,1,66.09,6.04
10155,6005,195,1,45.11,2.05
10156,6005,95,1,25.87,2.88
10157,6005,206,1,760.6,63.89
10158,6006,17,1,29.84,1.86
10159,6007,124,1,434.69,45.55
10160,6008,21,1,285.75,20.87
10161,6009,153,1,179.31,7.63
10162,6009,65,1,165.64,12.29
10163,6009,227,1,49.54,3.36
10164,6010,96,1,826.6,53.78
10165,6010,72,1,112.92,12.99
10166,6011,218,1,62.27,4.51
10167,6011,189,1,150.51,6.87
10168,6012,98,2,25.53,0.85
10169,6013,70,2,41.53,3.54
10170,6014,23,1,629.48,26.92
10171,6014,124,1,434.69,15.13
10172,6014,200,1,16.92,1.53
10173,6015,234,1,17.93,1.75
10174,6015,176,1,199.66,19.46
10175,6016,201,1,68.19,3.33
10176,6016,220,1,669.86,66.56
10177,6016,54,1,387.71,22.09
10178,6017,226,1,134.28,6.15
10179,6017,72,3,112.92,11.31
10180,6018,35,2,76.68,2.33
10181,6018,209,1,115.41,10.7
10182,6019,3,3,51.08,4.35
10183,6019,162,1,6.54,0.27
10184,6020,17,1,29.84,3.32
10185,6021,14,1,94.71,4.17
10186,6022,178,2,1065.13,119.65
10187,6022,119,1,69.61,5.79
10188,6022,109,1,151.47,5.85
10189,6023,166,1,30.99,3.23
10190,6024,61,1,30.27,3.5
10191,6025,250,3,583.02,30.81
10192,6026,232,2,155.86,12.5
10193,6027,139,1,488.45,47.44
10194,6027,87,1,391.01,46.83
10195,6028,8,1,6.03,0.34
10196,6029,120,1,44.88,3.88
10197,6030,215,1,237.45,12.33
10198,6030,63,1,555.18,57.44
10199,6031,83,1,9.7,0.98
10200,6031,105,1,262.49,24.03
10201,6032,125,2,111.51,11.51
10202,6032,238,3,115.34,7.62
10203,6033,157,1,234.71,11.22
10204,6034,91,1,56.23,3.09
10205,6035,221,1,80.15,7.99
10206,6036,153,1,179.31,12.9
10207,6037,191,1,39.7,2.84
10208,6037,230,1,231.23,21.66
10209,6038,97,1,244.48,18.56
10210,6038,158,1,19.01,1.71
10211,6039,155,1,18.82,0.7
10212,6040,182,1,19.48,0.87
10213,6040,20,1,71.62,5.29
10214,6040,153,1,179.31,9.53
10215,6040,173,1,57.93,5.85
10216,6041,51,1,71.14,2.25
10217,6041,183,1,101.22,6.49
10218,6042,162,1,6.54,0.71
10219,6043,119,1,69.61,7.32
10220,6044,32,1,17.9,0.66
10221,6045,186,1,66.12,2.1
10222,6046,10,1,26.93,2.18
10223,6046,111,1,97.83,4.12
10224,6047,29,1,617.47,32.33
10225,6047,211,2,22.6,0.79
10226,6048,80,1,37.9,2.63
10227,6049,174,1,8.1,0.4
10228,6050,68,1,38.67,1.89
10229,6050,187,1,95.65,4.67
10230,6050,210,1,56.9,2.03
10231,6051,20,1,71.62,4.1
10232,6051,196,1,47.98,3.15
10233,6052,119,2,69.61,2.45
10234,6052,200,1,16.92,0.58
10235,6053,105,1,262.49,21.27
10236,6054,203,1,67.83,7.84
10237,6055,224,1,6.63,0.76
10238,6055,187,2,95.65,8.94
10239,6056,129,1,858.28,60.75
10240,6057,37,1,136.42,12.18
10241,6057,127,1,82.05,3.08
10242,6058,198,1,52.95,5.79
10243,6058,80,1,37.9,2.12
10244,6059,172,1,356.67,13.16
10245,6060,68,1,38.67,4.36
10246,6061,192,1,82.67,5.57
10247,6062,238,1,115.34,12.25
10248,6062,102,1,683.61,57.03
10249,6062,1,1,826.88,93.76
10250,6063,51,1,71.14,3.73
10251,6064,48,1,93.17,3.49
10252,6065,15,1,114.86,6.95
10253,6065,173,1,57.93,2.17
10254,6066,248,1,40.02,1.61
10255,6066,91,1,56.23,6.46
10256,6067,139,1,488.45,35.84
10257,6068,112,1,335.91,40.21
10258,6069,232,1,155.86,8.28
10259,6070,209,1,115.41,6.75
10260,6071,67,1,53.0,2.45
10261,6071,210,1,56.9,3.76
10262,6071,184,1,344.95,18.45
10263,6072,63,1,555.18,53.94
10264,6073,40,1,97.22,9.74
10265,6074,83,1,9.7,0.94
10266,6074,189,1,150.51,6.67
10267,6075,161,1,84.35,6.8
10268,6075,28,3,164.02,17.13
10269,6075,190,1,239.32,9.27
10270,6076,179,1,246.47,19.98
10271,6077,232,1,155.86,5.27
10272,6078,174,1,8.1,0.86
10273,6079,104,1,82.65,7.94
10274,6080,94,1,33.91,1.44
10275,6081,152,1,343.16,22.78
10276,6082,154,1,53.6,4.21
10277,6083,127,1,82.05,8.51
10278,6083,134,1,140.62,7.1
10279,6084,28,1,164.02,10.98
10280,6085,210,1,56.9,3.21
10281,6085,246,1,30.72,1.63
10282,6085,136,2,763.13,51.12
10283,6086,129,2,858.28,37.32
10284,6086,148,1,101.97,11.38
10285,6086,135,1,212.24,6.47
10286,6086,73,1,85.1,10.03
10287,6087,209,2,115.41,3.57
10288,6087,206,1,760.6,52.2
10289,6087,139,1,488.45,18.07
10290,6088,179,1,246.47,15.38
10291,6089,17,1,29.84,2.9
10292,6089,60,1,85.87,8.66
10293,6090,167,1,139.5,4.78
10294,6091,168,1,9.01,0.91
10295,6092,63,1,555.18,17.35
10296,6093,233,1,339.7,33.36
10297,6093,202,1,130.75,5.23
10298,6094,53,2,270.94,30.05
10299,6094,119,1,69.61,7.81
10300,6095,3,1,51.08,6.01
10301,6095,22,1,412.18,25.82
10302,6096,206,1,760.6,85.86
10303,6096,24,1,89.79,6.59
10304,6097,237,1,10.34,0.95
10305,6097,99,1,14.4,1.21
10306,6098,45,1,30.04,1.71
10307,6099,14,1,94.71,10.94
10308,6099,235,1,75.26,6.27
10309,6099,25,1,28.3,1.23
10310,6100,146,1,98.43,6.17
10311,6101,124,1,434.69,20.72
10312,6102,249,1,52.62,1.84
10313,6102,197,1,235.87,18.2
10314,6103,90,1,11.62,1.07
10315,6104,101,1,8.28,0.85
10316,6104,57,1,185.85,17.08
10317,6105,88,1,2.59,0.28
10318,6106,97,1,244.48,11.22
10319,6106,217,1,36.43,3.63
10320,6106,114,1,164.19,9.98
10321,6107,62,1,19.26,0.95
10322,6108,209,1,115.41,3.86
10323,6109,66,1,27.73,3.02
10324,6110,214,1,211.86,20.05
10325,6111,141,1,483.07,41.41
10326,6111,133,1,37.44,4.11
10327,6112,42,1,145.78,10.12
10328,6112,63,1,555.18,35.58
10329,6113,25,2,28.3,3.35
10330,6113,204,1,103.62,6.89
10331,6114,9,1,82.19,9.3
10332,6115,227,1,49.54,4.97
10333,6116,227,1,49.54,3.66
10334,6116,245,1,178.52,20.24
10335,6117,102,1,683.61,40.58
10336,6118,241,1,40.34,2.62
10337,6118,148,1,101.97,5.52
10338,6119,94,3,33.91,3.53
10339,6119,60,2,85.87,9.58
10340,6119,121,1,272.89,29.36
10341,6120,6,1,251.86,21.97
10342,6121,199,1,5.9,0.52
10343,6122,181,1,14.39,1.1
10344,6123,227,1,49.54,5.74
10345,6123,118,1,13.3,1.3
10346,6124,220,1,669.86,69.04
10347,6125,189,1,150.51,10.12
10348,6125,190,1,239.32,22.45
10349,6125,172,1,356.67,30.26
10350,6125,100,1,136.87,14.61
10351,6126,227,2,49.54,3.2
10352,6126,210,3,56.9,4.6
10353,6126,151,1,116.4,12.39
10354,6127,46,1,645.92,35.92
10355,6128,171,3,100.35,10.51
10356,6128,79,1,47.16,2.75
10357,6129,24,1,89.79,4.82
10358,6130,234,1,17.93,1.47
10359,6130,40,1,97.22,4.31
10360,6131,235,3,75.26,9.02
10361,6131,35,1,76.68,2.33
10362,6131,79,1,47.16,5.42
10363,6132,162,1,6.54,0.52
10364,6133,89,1,179.88,13.2
10365,6134,203,1,67.83,3.76
10366,6135,199,1,5.9,0.45
10367,6136,161,1,84.35,3.77
10368,6137,56,1,38.8,3.59
10369,6138,230,1,231.23,24.46
10370,6138,236,1,326.99,36.25
10371,6138,144,1,50.76,2.06
10372,6139,45,2,30.04,1.15
10373,6140,119,1,69.61,6.85
10374,6141,155,1,18.82,1.18
10375,6142,100,1,136.87,12.63
10376,6143,40,1,97.22,3.68
10377,6143,176,1,199.66,6.43
10378,6144,73,1,85.1,2.72
10379,6144,36,1,55.53,5.23
10380,6145,174,1,8.1,0.92
10381,6146,86,1,124.98,7.48
10382,6147,123,1,10.31,0.75
10383,6148,213,1,31.81,2.59
10384,6148,71,1,179.59,20.22
10385,6149,155,1,18.82,1.98
10386,6149,169,1,69.98,3.38
10387,6150,210,1,56.9,6.06
10388,6150,87,1,391.01,32.94
10389,6151,98,1,25.53,1.22
10390,6152,89,1,179.88,10.28
10391,6152,105,1,262.49,27.08
10392,6152,40,1,97.22,3.99
10393,6153,143,1,180.32,6.81
10394,6153,84,1,54.94,4.84
10395,6153,75,1,553.99,43.3
10396,6154,206,1,760.6,49.47
10397,6155,70,1,41.53,2.02
10398,6155,84,1,54.94,3.76
10399,6155,13,1,31.08,2.83
10400,6155,59,1,105.0,4.99
10401,6156,153,1,179.31,11.4
10402,6156,202,1,130.75,8.87
10403,6156,52,1,30.53,3.01
10404,6157,161,1,84.35,5.43
10405,6158,21,1,285.75,24.45
10406,6159,134,1,140.62,16.57
10407,6160,28,1,164.02,9.07
10408,6160,42,1,145.78,15.01
10409,6160,76,1,52.37,2.56
10410,6161,120,1,44.88,4.41
10411,6162,183,1,101.22,3.07
10412,6163,58,1,7.39,0.7
10413,6164,248,1,40.02,2.13
10414,6164,230,1,231.23,7.44
10415,6165,77,1,170.84,11.72
10416,6166,227,1,49.54,2.17
10417,6167,46,1,645.92,37.66
10418,6167,94,1,33.91,3.26
10419,6168,98,1,25.53,1.92
10420,6168,104,1,82.65,5.13
10421,6169,54,3,387.71,13.65
10422,6169,228,2,95.03,7.6
10423,6170,77,1,170.84,18.7
10424,6170,43,1,137.44,4.66
10425,6171,106,1,27.76,2.19
10426,6172,202,1,130.75,12.01
10427,6172,67,1,53.0,3.32
10428,6172,6,1,251.86,19.43
10429,6172,38,1,147.17,16.63
10430,6173,73,1,85.1,6.87
10431,6173,165,1,6.2,0.55
10432,6174,221,3,80.15,5.73
10433,6174,43,1,137.44,15.68
10434,6175,161,1,84.35,3.05
10435,6176,241,1,40.34,2.62
10436,6177,100,1,136.87,15.29
10437,6178,246,1,30.72,2.55
10438,6179,36,1,55.53,4.39
10439,6180,27,1,852.23,57.96
10440,6181,51,1,71.14,3.14
10441,6181,152,1,343.16,19.11
10442,6182,118,1,13.3,0.93
10443,6183,186,1,66.12,5.14
10444,6184,248,1,40.02,4.49
10445,6184,174,1,8.1,0.5
10446,6185,195,2,45.11,3.59
10447,6185,248,1,40.02,1.36
10448,6186,3,1,51.08,2.42
10449,6186,125,1,111.51,7.53
10450,6187,124,1,434.69,30.95
10451,6188,31,1,34.65,1.23
10452,6188,143,1,180.32,7.03
10453,6188,246,1,30.72,1.12
10454,6189,202,1,130.75,12.2
10455,6189,187,1,95.65,9.31
10456,6189,14,1,94.71,6.38
10457,6190,250,1,583.02,42.5
10458,6191,86,1,124.98,9.72
10459,6191,104,1,82.65,7.87
10460,6192,31,1,34.65,2.67
10461,6193,98,1,25.53,2.88
10462,6194,196,1,47.98,1.99
10463,6194,93,1,25.75,2.48
10464,6194,232,1,155.86,16.94
10465,6195,215,1,237.45,14.25
10466,6196,16,1,90.17,3.5
10467,6197,225,1,59.74,5.63
10468,6198,162,1,6.54,0.59
10469,6199,40,1,97.22,8.12
10470,6199,104,1,82.65,4.53
10471,6199,22,1,412.18,39.17
10472,6200,161,3,84.35,3.74
10473,6201,158,3,19.01,2.05
10474,6202,185,1,647.11,27.27
10475,6202,59,1,105.0,8.14
10476,6203,187,1,95.65,9.02
10477,6203,162,1,6.54,0.43
10478,6203,16,1,90.17,9.98
10479,6204,244,1,84.79,4.79
10480,6205,67,1,53.0,4.52
10481,6206,69,1,33.1,2.87
10482,6207,166,1,30.99,1.66
10483,6208,193,1,286.41,13.09
10484,6209,230,3,231.23,10.31
10485,6209,11,1,685.7,81.21
10486,6210,230,1,231.23,15.96
10487,6210,26,1,16.21,0.52
10488,6210,183,2,101.22,5.9
10489,6210,133,1,37.44,3.73
10490,6211,134,1,140.62,13.3
10491,6211,177,1,81.05,9.2
10492,6212,215,1,237.45,11.8
10493,6213,146,3,98.43,8.86
10494,6214,102,1,683.61,42.54
10495,6215,30,1,58.74,5.67
10496,6216,199,1,5.9,0.21
10497,6217,146,1,98.43,8.64
10498,6217,133,1,37.44,1.3
10499,6218,34,1,127.18,14.42
10500,6219,205,1,172.47,11.54
10501,6219,15,1,114.86,8.42
10502,6220,32,1,17.9,0.59
10503,6220,149,1,71.93,6.88
10504,6221,183,1,101.22,10.83
10505,6222,91,1,56.23,2.07
10506,6223,131,2,203.22,6.21
10507,6224,20,1,71.62,7.53
10508,6225,223,2,155.25,17.83
10509,6225,35,3,76.68,8.76
10510,6226,193,2,286.41,31.41
10511,6226,250,1,583.02,63.1
10512,6227,134,1,140.62,15.22
10513,6228,19,1,11.93,0.53
10514,6229,23,1,629.48,36.72
10515,6230,36,1,55.53,4.99
10516,6231,108,1,3.52,0.4
10517,6231,227,1,49.54,2.37
10518,6231,164,1,31.65,2.37
10519,6232,32,1,17.9,1.2
10520,6233,23,1,629.48,69.11
10521,6234,46,1,645.92,50.32
10522,6234,246,1,30.72,2.77
10523,6235,122,1,69.41,7.17
10524,6236,33,1,30.54,1.32
10525,6236,250,1,583.02,19.25
10526,6237,94,1,33.91,1.55
10527,6238,27,2,852.23,49.35
10528,6238,231,1,80.77,6.61
10529,6238,228,1,95.03,5.47
10530,6239,40,1,97.22,8.81
10531,6240,59,1,105.0,5.84
10532,6240,62,1,19.26,2.12
10533,6241,17,1,29.84,3.57
10534,6242,203,1,67.83,5.53
10535,6243,159,1,124.76,13.16
10536,6244,112,1,335.91,25.15
10537,6244,70,1,41.53,2.59
10538,6245,169,1,69.98,7.91
10539,6245,120,1,44.88,3.62
10540,6246,65,1,165.64,6.01
10541,6247,91,1,56.23,6.56
10542,6247,164,1,31.65,3.7
10543,6247,235,1,75.26,7.25
10544,6248,20,1,71.62,7.34
10545,6249,61,1,30.27,3.39
10546,6249,77,1,170.84,8.91
10547,6250,60,1,85.87,6.12
10548,6251,84,1,54.94,2.78
10549,6252,184,1,344.95,19.94
10550,6253,149,1,71.93,4.93
10551,6253,100,1,136.87,15.43
10552,6253,11,1,685.7,51.36
10553,6254,234,1,17.93,2.15
10554,6254,32,1,17.9,1.98
10555,6255,169,1,69.98,6.11
10556,6256,227,1,49.54,3.63
10557,6256,214,1,211.86,21.36
10558,6257,220,1,669.86,59.98
10559,6257,73,1,85.1,4.82
10560,6257,232,1,155.86,12.57
10561,6258,29,1,617.47,66.89
10562,6258,161,1,84.35,2.7
10563,6259,126,1,25.06,2.01
10564,6260,193,1,286.41,12.85
10565,6260,179,1,246.47,20.04
10566,6261,245,1,178.52,7.3
10567,6261,98,1,25.53,1.92
10568,6262,135,1,212.24,15.34
10569,6263,248,1,40.02,3.33
10570,6263,215,1,237.45,7.16
10571,6264,237,1,10.34,0.84
10572,6265,99,1,14.4,0.77
10573,6266,196,1,47.98,5.59
10574,6266,161,1,84.35,7.47
10575,6267,248,1,40.02,4.51
10576,6267,211,1,22.6,1.24
10577,6267,94,1,33.91,3.2
10578,6268,127,1,82.05,5.52
10579,6269,72,1,112.92,6.73
10580,6270,46,3,645.92,50.76
10581,6271,3,1,51.08,1.63
10582,6271,65,1,165.64,12.01
10583,6272,72,1,112.92,5.05
10584,6272,145,1,366.49,32.01
10585,6273,71,1,179.59,15.69
10586,6273,130,1,76.27,2.94
10587,6273,15,3,114.86,10.27
10588,6274,19,1,11.93,1.4
10589,6275,129,1,858.28,100.8
10590,6276,209,1,115.41,7.3
10591,6276,32,1,17.9,0.58
10592,6277,83,1,9.7,0.31
10593,6278,182,1,19.48,1.76
10594,6278,123,1,10.31,0.48
10595,6279,100,1,136.87,5.71
10596,6280,8,1,6.03,0.51
10597,6280,63,1,555.18,19.28
10598,6281,118,1,13.3,1.14
10599,6282,205,1,172.47,14.55
10600,6282,162,1,6.54,0.5
10601,6282,230,3,231.23,17.23
10602,6283,113,1,29.13,2.5
10603,6283,227,1,49.54,4.26
10604,6284,168,1,9.01,0.92
10605,6285,47,1,18.06,0.98
10606,6285,53,1,270.94,29.25
10607,6285,191,1,39.7,4.07
10608,6286,38,2,147.17,10.41
10609,6286,217,1,36.43,3.45
10610,6287,82,1,53.33,5.48
10611,6288,208,1,113.76,11.64
10612,6289,59,1,105.0,8.61
10613,6289,130,1,76.27,3.43
10614,6289,151,1,116.4,13.22
10615,6290,73,1,85.1,10.17
10616,6291,86,1,124.98,7.48
10617,6292,142,1,230.98,8.4
10618,6293,113,1,29.13,1.43
10619,6294,82,1,53.33,5.9
10620,6294,27,1,852.23,93.05
10621,6294,202,2,130.75,11.17
10622,6294,193,1,286.41,19.5
10623,6295,177,1,81.05,7.03
10624,6295,34,1,127.18,5.45
10625,6296,136,1,763.13,57.15
10626,6296,100,1,136.87,9.33
10627,6296,3,1,51.08,4.58
10628,6297,48,1,93.17,10.47
10629,6298,189,1,150.51,9.27
10630,6298,132,1,74.95,6.54
10631,6298,79,1,47.16,5.41
10632,6298,23,1,629.48,31.76
10633,6299,121,2,272.89,12.93
10634,6299,34,1,127.18,10.84
10635,6299,83,1,9.7,0.29
10636,6300,212,1,619.34,30.19
10637,6301,68,1,38.67,4.32
10638,6302,207,1,51.95,5.5
10639,6302,98,1,25.53,1.65
10640,6302,3,1,51.08,2.39
10641,6303,74,1,35.45,3.01
10642,6303,85,1,106.96,6.26
10643,6304,237,3,10.34,1.13
10644,6305,93,1,25.75,2.02
10645,6305,14,1,94.71,3.98
10646,6306,37,1,136.42,11.49
10647,6307,18,1,17.37,0.91
10648,6307,34,1,127.18,10.78
10649,6308,168,1,9.01,0.73
10650,6308,106,1,27.76,2.48
10651,6309,36,2,55.53,3.59
10652,6309,73,1,85.1,7.4
10653,6310,204,1,103.62,5.7
10654,6311,117,1,45.11,3.17
10655,6312,190,1,239.32,21.52
10656,6313,82,1,53.33,3.73
10657,6314,246,1,30.72,1.35
10658,6315,215,1,237.45,9.04
10659,6316,241,1,40.34,2.94
10660,6317,235,1,75.26,4.79
10661,6317,219,1,66.09,4.54
10662,6318,240,1,694.84,71.25
10663,6319,71,1,179.59,17.02
10664,6320,234,1,17.93,2.14
10665,6321,4,1,95.98,8.53
10666,6321,61,1,30.27,1.84
10667,6322,102,1,683.61,46.3
10668,6323,133,3,37.44,2.67
10669,6323,74,1,35.45,1.68
10670,6323,152,1,343.16,14.6
10671,6324,61,1,30.27,1.14
10672,6325,146,1,98.43,5.83
10673,6325,153,1,179.31,5.72
10674,6326,100,1,136.87,4.78
10675,6326,12,1,94.84,9.53
10676,6327,217,1,36.43,2.11
10677,6327,14,1,94.71,6.98
10678,6328,168,2,9.01,1.04
10679,6329,180,1,209.32,12.35
10680,6330,212,1,619.34,51.82
10681,6330,101,1,8.28,0.96
10682,6331,44,1,39.31,1.71
10683,6331,86,1,124.98,6.03
10684,6332,12,1,94.84,5.85
10685,6332,70,3,41.53,1.46
10686,6333,181,1,14.39,0.59
10687,6333,131,1,203.22,17.14
10688,6334,234,1,17.93,1.47
10689,6335,43,1,137.44,14.51
10690,6336,8,2,6.03,0.51
10691,6337,14,1,94.71,11.18
10692,6338,135,1,212.24,13.76
10693,6338,233,1,339.7,11.68
10694,6339,77,2,170.84,18.39
10695,6339,104,1,82.65,3.59
10696,6340,76,1,52.37,3.99
10697,6341,96,2,826.6,77.78
10698,6342,104,2,82.65,9.22
10699,6343,77,1,170.84,10.48
10700,6344,51,1,71.14,6.53
10701,6344,76,1,52.37,6.27
10702,6345,126,3,25.06,2.87
10703,6345,87,1,391.01,19.98
10704,6345,231,1,80.77,8.77
10705,6346,185,1,647.11,71.79
10706,6346,186,1,66.12,3.51
10707,6346,60,1,85.87,8.87
10708,6346,99,1,14.4,1.2
10709,6347,41,1,63.66,4.11
10710,6348,61,1,30.27,1.09
10711,6348,91,2,56.23,3.34
10712,6349,124,1,434.69,23.88
10713,6350,165,1,6.2,0.61
10714,6351,15,3,114.86,10.07
10715,6352,103,1,1102.59,89.43
10716,6352,73,1,85.1,7.69
10717,6353,134,1,140.62,5.56
10718,6353,186,1,66.12,7.38
10719,6354,149,1,71.93,5.2
10720,6354,84,1,54.94,4.31
10721,6355,58,2,7.39,0.26
10722,6356,75,1,553.99,28.65
10723,6357,8,1,6.03,0.33
10724,6357,1,1,826.88,57.56
10725,6358,189,1,150.51,12.62
10726,6358,32,1,17.9,0.63
10727,6358,63,1,555.18,34.0
10728,6359,87,1,391.01,33.02
10729,6360,223,1,155.25,12.48
10730,6360,200,1,16.92,1.86
10731,6361,212,2,619.34,27.53
10732,6361,43,1,137.44,13.89
10733,6362,58,1,7.39,0.24
10734,6363,15,1,114.86,7.82
10735,6364,205,1,172.47,9.96
10736,6364,122,3,69.41,2.59
10737,6365,225,1,59.74,2.35
10738,6365,120,1,44.88,4.41
10739,6366,227,1,49.54,3.31
10740,6366,24,3,89.79,9.69
10741,6366,21,1,285.75,9.86
10742,6367,153,1,179.31,21.17
10743,6367,157,1,234.71,18.75
10744,6368,158,1,19.01,1.64
10745,6369,117,1,45.11,2.51
10746,6369,10,1,26.93,0.82
10747,6369,34,1,127.18,6.45
10748,6370,12,3,94.84,9.56
10749,6370,86,1,124.98,13.48
10750,6371,95,1,25.87,2.15
10751,6371,211,2,22.6,1.92
10752,6371,227,1,49.54,2.28
10753,6372,26,1,16.21,1.41
10754,6373,169,1,69.98,5.94
10755,6374,131,1,203.22,9.41
10756,6375,128,1,13.41,0.57
10757,6376,20,1,71.62,3.84
10758,6377,130,1,76.27,8.6
10759,6377,228,1,95.03,7.01
10760,6377,166,1,30.99,3.05
10761,6377,25,1,28.3,0.99
10762,6378,102,1,683.61,51.65
10763,6378,166,1,30.99,1.58
10764,6379,121,1,272.89,13.06
10765,6380,168,1,9.01,0.69
10766,6380,115,1,27.12,0.82
10767,6381,73,1,85.1,7.16
10768,6382,16,1,90.17,7.76
10769,6382,219,1,66.09,6.52
10770,6383,67,1,53.0,5.91
10771,6384,27,1,852.23,83.71
10772,6385,4,1,95.98,5.64
10773,6385,100,1,136.87,6.16
10774,6385,228,1,95.03,5.59
10775,6386,100,1,136.87,7.0
10776,6387,217,1,36.43,2.24
10777,6387,178,1,1065.13,103.1
10778,6388,84,1,54.94,2.47
10779,6388,188,1,15.44,0.47
10780,6389,23,2,629.48,19.58
10781,6389,124,1,434.69,40.8
10782,6389,147,1,81.1,8.69
10783,6390,116,1,53.02,6.36
10784,6391,10,1,26.93,2.97
10785,6392,72,1,112.92,7.24
10786,6392,153,1,179.31,11.27
10787,6393,63,1,555.18,26.11
10788,6393,139,1,488.45,46.86
10789,6393,131,2,203.22,14.36
10790,6393,95,1,25.87,2.56
10791,6394,75,1,553.99,34.63
10792,6394,124,3,434.69,32.86
10793,6395,96,1,826.6,26.25
10794,6395,95,1,25.87,0.92
10795,6395,152,1,343.16,21.17
10796,6396,212,1,619.34,26.58
10797,6396,207,1,51.95,2.51
10798,6396,195,1,45.11,4.22
10799,6397,215,1,237.45,25.27
10800,6398,153,1,179.31,15.64
10801,6399,211,1,22.6,2.24
10802,6400,224,1,6.63,0.75
10803,6401,222,1,22.72,2.06
10804,6401,59,1,105.0,5.15
10805,6402,218,1,62.27,7.4
10806,6402,207,2,51.95,6.18
10807,6402,78,1,180.73,14.98
10808,6403,1,3,826.88,97.07
10809,6404,66,1,27.73,1.29
10810,6404,142,2,230.98,26.37
10811,6405,69,1,33.1,1.44
10812,6405,171,1,100.35,10.08
10813,6405,178,1,1065.13,53.33
10814,6406,135,1,212.24,21.67
10815,6407,114,1,164.19,12.12
10816,6408,45,1,30.04,1.8
10817,6409,74,1,35.45,4.06
10818,6409,245,1,178.52,7.82
10819,6409,222,1,22.72,1.79
10820,6409,85,1,106.96,11.65
10821,6410,196,2,47.98,4.36
10822,6410,190,1,239.32,24.41
10823,6411,235,1,75.26,5.77
10824,6411,159,1,124.76,8.77
10825,6411,177,1,81.05,6.51
10826,6412,79,1,47.16,3.25
10827,6413,14,1,94.71,5.08
10828,6414,49,1,38.8,1.86
10829,6415,30,1,58.74,3.78
10830,6415,44,1,39.31,4.63
10831,6416,230,1,231.23,21.38
10832,6416,22,1,412.18,30.35
10833,6417,84,1,54.94,2.86
10834,6417,191,1,39.7,3.52
10835,6418,86,1,124.98,7.5
10836,6418,142,1,230.98,26.75
10837,6419,157,1,234.71,20.28
10838,6420,5,1,88.33,3.23
10839,6421,92,1,1151.64,91.17
10840,6421,18,1,17.37,1.43
10841,6422,75,3,553.99,54.5
10842,6422,169,1,69.98,5.37
10843,6423,204,1,103.62,3.96
10844,6424,22,3,412.18,34.47
10845,6424,141,3,483.07,22.08
10846,6424,118,1,13.3,1.55
10847,6425,5,1,88.33,6.71
10848,6425,161,1,84.35,6.38
10849,6426,179,1,246.47,13.19
10850,6426,217,1,36.43,3.62
10851,6426,154,1,53.6,2.62
10852,6427,107,1,87.92,4.01
10853,6427,76,1,52.37,5.62
10854,6428,115,1,27.12,1.33
10855,6428,241,1,40.34,3.24
10856,6429,63,1,555.18,46.0
10857,6429,206,1,760.6,69.64
10858,6429,70,1,41.53,3.13
10859,6430,231,1,80.77,6.15
10860,6430,134,1,140.62,7.98
10861,6430,171,1,100.35,5.18
10862,6431,86,1,124.98,7.46
10863,6432,142,1,230.98,9.37
10864,6433,73,1,85.1,9.05
10865,6433,213,1,31.81,2.31
10866,6434,98,1,25.53,2.96
10867,6435,203,2,67.83,3.01
10868,6436,98,1,25.53,1.66
10869,6437,190,1,239.32,10.04
10870,6437,199,1,5.9,0.44
10871,6437,79,2,47.16,1.9
10872,6438,45,1,30.04,2.8
10873,6439,130,1,76.27,6.03
10874,6440,64,1,191.61,16.29
10875,6441,198,1,52.95,5.67
10876,6441,98,3,25.53,1.03
10877,6441,244,1,84.79,5.17
10878,6442,30,1,58.74,4.69
10879,6442,109,1,151.47,12.27
10880,6442,80,1,37.9,1.17
10881,6443,197,1,235.87,27.74
10882,6443,71,1,179.59,18.73
10883,6444,86,3,124.98,6.29
10884,6444,134,1,140.62,15.2
10885,6445,105,1,262.49,8.3
10886,6445,74,1,35.45,1.75
10887,6446,245,1,178.52,5.84
10888,6447,72,1,112.92,6.56
10889,6448,108,1,3.52,0.23
10890,6449,174,1,8.1,0.93
10891,6450,72,3,112.92,9.82
10892,6450,217,1,36.43,2.02
10893,6451,249,1,52.62,1.61
10894,6452,77,1,170.84,15.66
10895,6452,232,1,155.86,17.09
10896,6453,48,1,93.17,5.83
10897,6454,49,1,38.8,1.63
10898,6455,151,1,116.4,6.34
10899,6456,198,1,52.95,5.77
10900,6456,64,1,191.61,12.01
10901,6456,44,1,39.31,1.44
10902,6457,76,1,52.37,2.61
10903,6458,89,1,179.88,8.68
10904,6459,222,1,22.72,2.68
10905,6459,55,1,167.62,12.24
10906,6459,95,1,25.87,0.99
10907,6459,153,1,179.31,18.98
10908,6460,57,1,185.85,11.22
10909,6460,135,1,212.24,10.88
10910,6461,169,1,69.98,8.27
10911,6461,204,1,103.62,12.02
10912,6462,180,1,209.32,10.06
10913,6463,77,1,170.84,5.42
10914,6463,98,1,25.53,0.79
10915,6463,244,1,84.79,8.61
10916,6463,115,3,27.12,1.54
10917,6464,175,1,16.15,1.01
10918,6464,225,1,59.74,2.29
10919,6465,86,1,124.98,5.11
10920,6465,153,2,179.31,11.69
10921,6465,42,1,145.78,4.44
10922,6466,211,1,22.6,1.85
10923,6467,111,1,97.83,9.24
10924,6467,44,1,39.31,3.75
10925,6468,3,1,51.08,2.27
10926,6469,40,1,97.22,9.59
10927,6470,98,1,25.53,1.15
10928,6471,23,1,629.48,48.47
10929,6472,218,1,62.27,1.96
10930,6472,103,1,1102.59,92.01
10931,6472,186,1,66.12,7.05
10932,6472,231,2,80.77,7.99
10933,6473,216,2,194.01,7.92
10934,6474,88,1,2.59,0.27
10935,6474,220,1,669.86,47.92
10936,6475,46,1,645.92,24.85
10937,6475,120,1,44.88,2.93
10938,6476,146,1,98.43,8.51
10939,6477,11,1,685.7,47.19
10940,6478,97,1,244.48,26.49
10941,6479,121,1,272.89,27.46
10942,6480,135,1,212.24,22.51
10943,6481,155,1,18.82,1.97
10944,6482,53,1,270.94,20.03
10945,6482,113,1,29.13,2.85
10946,6482,51,1,71.14,2.7
10947,6483,51,1,71.14,6.53
10948,6484,208,1,113.76,5.64
10949,6484,28,1,164.02,17.67
10950,6484,151,1,116.4,7.3
10951,6484,73,1,85.1,5.37
10952,6485,121,1,272.89,11.75
10953,6485,184,1,344.95,29.51
10954,6486,217,1,36.43,2.09
10955,6487,248,1,40.02,1.69
10956,6487,120,1,44.88,3.16
10957,6488,245,1,178.52,15.46
10958,6489,204,1,103.62,11.88
10959,6490,125,1,111.51,4.51
10960,6490,228,1,95.03,8.92
10961,6490,36,1,55.53,4.99
10962,6491,159,3,124.76,3.81
10963,6491,137,1,112.97,6.39
10964,6491,23,1,629.48,46.76
10965,6491,6,1,251.86,25.34
10966,6492,133,1,37.44,2.25
10967,6493,201,1,68.19,3.2
10968,6494,7,1,136.48,16.3
10969,6495,220,1,669.86,75.93
10970,6495,54,1,387.71,28.79
10971,6496,75,1,553.99,28.95
10972,6497,139,2,488.45,48.56
10973,6497,187,1,95.65,5.18
10974,6498,156,2,99.5,8.48
10975,6498,8,1,6.03,0.3
10976,6499,122,1,69.41,6.02
10977,6500,138,1,45.06,4.6
10978,6501,158,1,19.01,2.2
10979,6501,200,1,16.92,0.72
10980,6502,3,1,51.08,3.31
10981,6503,246,1,30.72,1.64
10982,6503,159,1,124.76,9.97
10983,6503,180,1,209.32,12.98
10984,6504,3,3,51.08,2.73
10985,6505,113,1,29.13,3.15
10986,6506,38,1,147.17,12.1
10987,6507,86,1,124.98,10.26
10988,6507,183,1,101.22,4.59
10989,6508,2,1,120.72,7.36
10990,6508,160,1,19.67,1.18
10991,6508,94,1,33.91,3.56
10992,6509,41,1,63.66,5.83
10993,6509,55,1,167.62,7.16
10994,6509,72,1,112.92,5.89
10995,6510,84,1,54.94,5.77
10996,6510,205,3,172.47,7.0
10997,6511,40,1,97.22,3.23
10998,6512,164,1,31.65,3.15
10999,6512,72,2,112.92,12.35
11000,6513,160,1,19.67,2.31
11001,6514,139,2,488.45,44.14
11002,6515,224,1,6.63,0.53
11003,6515,84,1,54.94,4.26
11004,6515,131,1,203.22,6.44
11005,6515,69,1,33.1,3.19
11006,6516,198,2,52.95,2.27
11007,6517,159,1,124.76,5.12
11008,6518,35,1,76.68,8.13
11009,6518,46,1,645.92,70.6
11010,6519,151,1,116.4,13.74
11011,6519,104,1,82.65,4.66
11012,6520,9,1,82.19,4.52
11013,6521,245,1,178.52,19.65
11014,6521,98,1,25.53,1.33
11015,6521,13,1,31.08,2.2
11016,6521,215,1,237.45,16.4
11017,6522,217,3,36.43,1.47
11018,6522,205,3,172.47,15.91
11019,6523,190,2,239.32,16.33
11020,6524,176,1,199.66,16.11
11021,6525,231,1,80.77,7.63
11022,6525,119,1,69.61,3.46
11023,6525,230,1,231.23,26.98
11024,6526,90,1,11.62,1.06
11025,6527,176,1,199.66,23.75
11026,6528,99,1,14.4,1.42
11027,6528,217,1,36.43,3.33
11028,6529,13,1,31.08,1.59
11029,6530,83,1,9.7,0.64
11030,6530,193,1,286.41,25.4
11031,6531,21,1,285.75,29.42
11032,6531,189,1,150.51,11.93
11033,6531,206,1,760.6,66.69
11034,6532,26,1,16.21,1.4
11035,6532,243,1,83.89,6.92
11036,6532,52,1,30.53,2.21
11037,6532,39,1,136.95,4.2
11038,6533,63,3,555.18,59.91
11039,6534,139,2,488.45,46.7
11040,6534,96,1,826.6,40.79
11041,6535,41,1,63.66,7.47
11042,6536,31,1,34.65,1.27
11043,6537,226,1,134.28,5.47
11044,6538,96,3,826.6,55.6
11045,6538,142,1,230.98,8.29
11046,6539,67,2,53.0,6.0
11047,6540,105,1,262.49,18.77
11048,6541,201,1,68.19,2.79
11049,6541,34,1,127.18,13.26
11050,6541,124,1,434.69,25.7
11051,6542,15,1,114.86,12.78
11052,6543,88,1,2.59,0.26
11053,6544,32,1,17.9,1.19
11054,6544,84,1,54.94,2.79
11055,6544,202,1,130.75,11.42
11056,6545,219,1,66.09,7.26
11057,6546,3,1,51.08,2.11
11058,6546,86,1,124.98,9.9
11059,6547,110,1,759.15,48.29
11060,6547,64,1,191.61,13.23
11061,6548,82,2,53.33,4.04
11062,6549,13,1,31.08,3.58
11063,6550,91,1,56.23,5.64
11064,6550,51,3,71.14,4.9
11065,6551,51,1,71.14,8.07
11066,6551,166,1,30.99,3.19
11067,6552,56,1,38.8,2.08
11068,6553,22,2,412.18,19.41
11069,6553,226,1,134.28,15.04
11070,6553,203,1,67.83,6.69
11071,6554,29,1,617.47,73.85
11072,6555,23,1,629.48,55.71
11073,6556,206,1,760.6,38.55
11074,6557,69,1,33.1,1.23
11075,6557,76,1,52.37,2.92
11076,6558,91,1,56.23,2.62
11077,6559,73,1,85.1,8.76
11078,6560,98,1,25.53,1.07
11079,6561,55,1,167.62,12.38
11080,6561,49,1,38.8,3.59
11081,6562,189,1,150.51,5.53
11082,6563,146,1,98.43,4.6
11083,6563,234,1,17.93,1.65
11084,6564,99,1,14.4,0.69
11085,6564,10,1,26.93,1.99
11086,6565,168,1,9.01,0.68
11087,6566,162,1,6.54,0.46
11088,6566,153,1,179.31,5.59
11089,6566,158,1,19.01,1.44
11090,6567,201,1,68.19,4.58
11091,6568,210,1,56.9,2.07
11092,6569,202,3,130.75,4.96
11093,6570,171,1,100.35,7.62
11094,6571,218,1,62.27,4.89
11095,6571,48,2,93.17,10.39
11096,6572,216,1,194.01,21.41
11097,6573,52,1,30.53,3.54
11098,6574,198,1,52.95,4.32
11099,6575,21,1,285.75,23.75
11100,6575,115,1,27.12,2.59
11101,6576,219,1,66.09,4.59
11102,6577,23,1,629.48,24.5
11103,6577,31,3,34.65,3.16
11104,6578,41,1,63.66,7.6
11105,6579,118,1,13.3,0.43
11106,6579,77,1,170.84,15.57
11107,6580,20,1,71.62,3.93
11108,6581,86,2,124.98,6.62
11109,6582,88,1,2.59,0.12
11110,6583,199,1,5.9,0.34
11111,6583,77,1,170.84,10.19
11112,6584,171,2,100.35,8.85
11113,6584,162,1,6.54,0.52
11114,6584,68,1,38.67,3.61
11115,6585,213,1,31.81,2.27
11116,6585,50,1,44.06,2.94
11117,6585,21,1,285.75,26.66
11118,6585,167,1,139.5,16.42
11119,6586,29,1,617.47,57.75
11120,6586,224,1,6.63,0.44
11121,6586,71,1,179.59,14.58
11122,6587,232,3,155.86,8.77
11123,6588,237,1,10.34,0.91
11124,6588,194,1,41.9,4.87
11125,6589,219,1,66.09,6.39
11126,6590,63,1,555.18,30.26
11127,6591,163,1,20.16,1.9
11128,6592,70,1,41.53,3.82
11129,6592,87,1,391.01,21.46
11130,6592,42,1,145.78,8.82
11131,6593,179,1,246.47,28.0
11132,6594,206,2,760.6,42.78
11133,6595,14,1,94.71,9.31
11134,6595,75,2,553.99,60.83
11135,6596,18,1,17.37,0.94
11136,6597,203,1,67.83,5.94
11137,6598,19,1,11.93,1.02
11138,6598,121,2,272.89,27.58
11139,6599,24,1,89.79,8.83
11140,6600,225,1,59.74,4.0
11141,6600,224,1,6.63,0.65
11142,6600,208,1,113.76,9.44
11143,6600,230,1,231.23,6.99
11144,6601,77,1,170.84,8.41
11145,6602,37,1,136.42,15.04
11146,6602,209,1,115.41,9.16
11147,6603,95,1,25.87,2.78
11148,6603,35,2,76.68,2.41
11149,6604,36,1,55.53,3.98
11150,6605,28,1,164.02,14.14
11151,6605,151,1,116.4,5.66
11152,6606,228,2,95.03,3.13
11153,6607,187,1,95.65,4.43
11154,6607,37,1,136.42,15.16
11155,6608,209,3,115.41,7.25
11156,6609,150,1,43.62,2.14
11157,6609,180,1,209.32,9.08
11158,6610,196,3,47.98,4.67
11159,6610,120,1,44.88,1.36
11160,6611,146,1,98.43,10.67
11161,6612,28,1,164.02,12.65
11162,6612,246,1,30.72,2.65
11163,6612,174,1,8.1,0.94
11164,6612,22,3,412.18,22.9
11165,6613,161,1,84.35,8.2
11166,6614,219,1,66.09,7.11
11167,6615,43,1,137.44,9.57
11168,6616,59,1,105.0,9.7
11169,6617,122,1,69.41,5.27
11170,6617,116,1,53.02,2.99
11171,6618,12,1,94.84,5.65
11172,6619,54,3,387.71,39.03
11173,6620,173,1,57.93,3.92
11174,6620,26,1,16.21,1.03
11175,6620,85,1,106.96,5.48
11176,6621,235,1,75.26,6.38
11177,6621,102,1,683.61,56.74
11178,6621,15,1,114.86,7.94
11179,6622,57,1,185.85,18.65
11180,6623,212,1,619.34,60.82
11181,6623,158,1,19.01,1.46
11182,6624,75,1,553.99,17.6
11183,6624,250,1,583.02,39.48
11184,6624,70,1,41.53,2.08
11185,6624,105,1,262.49,15.1
11186,6625,228,1,95.03,3.75
11187,6625,165,1,6.2,0.63
11188,6626,110,1,759.15,64.62
11189,6626,206,1,760.6,82.1
11190,6626,118,1,13.3,0.59
11191,6627,225,1,59.74,5.27
11192,6628,142,1,230.98,10.32
11193,6628,135,1,212.24,21.48
11194,6628,217,1,36.43,1.99
11195,6629,109,1,151.47,12.81
11196,6630,75,2,553.99,33.7
11197,6631,180,3,209.32,23.96
11198,6631,134,2,140.62,4.95
11199,6632,245,1,178.52,19.23
11200,6632,232,1,155.86,18.36
11201,6632,120,2,44.88,3.13
11202,6633,29,1,617.47,72.15
11203,6634,213,1,31.81,2.34
11204,6635,2,1,120.72,7.55
11205,6635,9,1,82.19,6.76
11206,6636,40,1,97.22,11.25
11207,6637,133,1,37.44,2.74
11208,6637,153,1,179.31,12.93
11209,6638,25,1,28.3,2.83
11210,6639,228,1,95.03,10.01
11211,6640,84,3,54.94,4.31
11212,6641,194,1,41.9,3.37
11213,6642,88,1,2.59,0.18
11214,6643,15,1,114.86,10.42
11215,6644,176,1,199.66,13.65
11216,6644,12,1,94.84,7.17
11217,6644,153,1,179.31,21.36
11218,6645,205,2,172.47,17.06
11219,6646,38,1,147.17,17.49
11220,6647,175,1,16.15,1.33
11221,6648,72,1,112.92,3.93
11222,6648,63,1,555.18,30.72
11223,6648,94,1,33.91,1.91
11224,6649,148,3,101.97,7.21
11225,6650,102,1,683.61,29.77
11226,6651,19,1,11.93,0.42
11227,6651,119,1,69.61,4.18
11228,6652,129,1,858.28,47.17
11229,6653,40,1,97.22,5.07
11230,6653,243,1,83.89,3.45
11231,6653,149,1,71.93,3.79
11232,6653,212,3,619.34,63.05
11233,6654,86,1,124.98,6.32
11234,6655,87,1,391.01,34.68
11235,6656,15,1,114.86,3.45
11236,6656,36,1,55.53,5.26
11237,6657,221,1,80.15,7.12
11238,6657,15,1,114.86,9.9
11239,6657,136,1,763.13,80.45
11240,6658,141,3,483.07,56.59
11241,6658,69,1,33.1,2.34
11242,6658,209,1,115.41,9.82
11243,6659,5,1,88.33,9.09
11244,6659,243,1,83.89,8.67
11245,6660,212,1,619.34,22.32
11246,6661,199,1,5.9,0.41
11247,6661,244,1,84.79,8.38
11248,6662,171,1,100.35,6.66
11249,6663,37,1,136.42,6.64
11250,6664,46,1,645.92,27.66
11251,6665,63,2,555.18,57.59
11252,6665,77,1,170.84,13.05
11253,6665,57,1,185.85,10.65
11254,6666,228,1,95.03,6.24
11255,6666,236,1,326.99,33.62
11256,6666,67,1,53.0,2.91
11257,6666,115,1,27.12,2.0
11258,6667,250,1,583.02,33.07
11259,6668,120,1,44.88,3.97
11260,6669,136,1,763.13,54.84
11261,6669,131,1,203.22,9.21
11262,6669,203,1,67.83,7.56
11263,6670,57,1,185.85,17.29
11264,6671,161,1,84.35,9.5
11265,6672,79,1,47.16,3.92
11266,6673,105,1,262.49,28.16
11267,6674,65,1,165.64,10.92
11268,6675,41,1,63.66,2.13
11269,6675,56,2,38.8,1.44
11270,6675,205,3,172.47,7.8
11271,6676,45,1,30.04,3.08
11272,6676,22,1,412.18,12.91
11273,6676,120,1,44.88,2.45
11274,6676,202,3,130.75,15.14
11275,6677,41,1,63.66,5.86
11276,6677,23,3,629.48,58.27
11277,6677,248,1,40.02,1.72
11278,6677,132,1,74.95,5.1
11279,6678,210,1,56.9,4.17
11280,6678,53,1,270.94,27.98
11281,6679,30,1,58.74,2.96
11282,6680,41,1,63.66,7.09
11283,6680,248,1,40.02,1.27
11284,6681,60,1,85.87,5.62
11285,6682,135,1,212.24,22.44
11286,6682,60,1,85.87,9.64
11287,6682,142,1,230.98,22.96
11288,6682,205,1,172.47,6.0
11289,6683,74,1,35.45,1.31
11290,6683,215,1,237.45,13.68
11291,6684,62,1,19.26,0.89
11292,6685,129,1,858.28,42.12
11293,6686,151,1,116.4,12.85
11294,6687,60,1,85.87,8.36
11295,6688,235,1,75.26,7.41
11296,6688,38,1,147.17,11.59
11297,6689,181,2,14.39,0.66
11298,6690,28,1,164.02,5.69
11299,6690,29,1,617.47,67.02
11300,6690,206,1,760.6,87.4
11301,6691,110,2,759.15,34.59
11302,6691,188,1,15.44,1.83
11303,6691,170,1,527.03,58.41
11304,6691,55,1,167.62,6.76
11305,6692,242,1,135.54,8.21
11306,6692,206,1,760.6,78.63
11307,6693,23,1,629.48,59.4
11308,6693,40,2,97.22,10.08
11309,6694,150,1,43.62,4.7
11310,6695,11,2,685.7,81.65
11311,6696,151,1,116.4,6.46
11312,6696,138,1,45.06,4.24
11313,6697,203,1,67.83,6.7
11314,6698,36,1,55.53,3.03
11315,6699,7,1,136.48,7.99
11316,6700,212,1,619.34,55.92
11317,6701,233,1,339.7,22.96
11318,6701,235,1,75.26,4.64
11319,6702,160,1,19.67,1.76
11320,6703,43,1,137.44,15.83
11321,6704,196,1,47.98,4.2
11322,6704,139,1,488.45,21.49
11323,6704,126,1,25.06,1.29
11324,6705,91,1,56.23,3.07
11325,6705,208,1,113.76,6.58
11326,6706,75,1,553.99,61.1
11327,6707,230,1,231.23,13.61
11328,6708,105,1,262.49,21.68
11329,6708,204,1,103.62,4.65
11330,6709,77,1,170.84,13.97
11331,6709,12,1,94.84,10.82
11332,6710,120,1,44.88,2.33
11333,6711,161,3,84.35,2.74
11334,6712,109,1,151.47,14.51
11335,6712,189,1,150.51,13.08
11336,6712,250,1,583.02,67.11
11337,6713,22,1,412.18,17.64
11338,6713,120,1,44.88,4.96
11339,6714,173,1,57.93,6.91
11340,6714,234,1,17.93,1.86
11341,6714,106,1,27.76,3.05
11342,6715,28,1,164.02,10.4
11343,6715,210,1,56.9,5.79
11344,6715,197,1,235.87,22.64
11345,6715,15,2,114.86,8.02
11346,6716,23,1,629.48,53.01
11347,6717,188,1,15.44,1.27
11348,6718,53,3,270.94,16.75
11349,6719,209,1,115.41,11.62
11350,6720,202,1,130.75,9.6
11351,6721,182,1,19.48,1.37
11352,6721,115,1,27.12,1.3
11353,6722,153,1,179.31,14.46
11354,6723,97,1,244.48,26.2
11355,6724,137,1,112.97,10.42
11356,6724,153,1,179.31,5.67
11357,6724,248,1,40.02,2.82
11358,6725,168,1,9.01,0.4
11359,6726,130,1,76.27,5.5
11360,6726,73,1,85.1,9.42
11361,6727,193,2,286.41,11.15
11362,6727,18,1,17.37,1.36
11363,6727,49,1,38.8,3.39
11364,6728,119,1,69.61,2.42
11365,6728,140,1,11.94,0.98
11366,6728,129,1,858.28,93.0
11367,6728,220,2,669.86,60.16
11368,6729,86,1,124.98,6.58
11369,6730,109,1,151.47,17.92
11370,6731,77,1,170.84,17.82
11371,6732,126,1,25.06,1.18
11372,6733,187,1,95.65,9.71
11373,6734,99,1,14.4,1.32
11374,6734,219,1,66.09,3.38
11375,6735,34,1,127.18,11.29
11376,6736,209,1,115.41,5.34
11377,6737,16,2,90.17,10.09
11378,6738,155,1,18.82,1.23
11379,6739,151,1,116.4,13.21
11380,6740,121,1,272.89,18.38
11381,6740,122,1,69.41,4.71
11382,6741,102,1,683.61,55.77
11383,6742,49,1,38.8,2.36
11384,6743,217,3,36.43,1.44
11385,6744,75,1,553.99,16.88
11386,6745,86,1,124.98,13.49
11387,6746,143,1,180.32,10.77
11388,6747,31,1,34.65,1.96
11389,6748,70,1,41.53,3.85
11390,6749,28,2,164.02,10.5
11391,6749,225,1,59.74,6.11
11392,6749,54,1,387.71,16.81
11393,6750,80,1,37.9,2.81
11394,6751,84,1,54.94,2.89
11395,6752,227,3,49.54,1.66
11396,6752,91,1,56.23,1.93
11397,6752,59,2,105.0,6.87
11398,6752,72,1,112.92,7.76
11399,6753,49,1,38.8,3.01
11400,6753,175,3,16.15,1.77
11401,6753,187,1,95.65,4.29
11402,6753,189,1,150.51,7.98
11403,6754,6,1,251.86,11.2
11404,6755,72,1,112.92,9.7
11405,6755,6,1,251.86,28.95
11406,6756,13,1,31.08,1.2
11407,6756,15,1,114.86,4.08
11408,6756,44,1,39.31,2.4
11409,6756,158,1,19.01,1.24
11410,6757,163,1,20.16,1.38
11411,6757,30,1,58.74,3.51
11412,6758,229,1,16.22,1.14
11413,6759,36,1,55.53,4.81
11414,6760,34,3,127.18,12.4
11415,6760,167,1,139.5,15.75
11416,6760,136,1,763.13,75.66
11417,6760,86,1,124.98,14.23
11418,6761,237,1,10.34,0.98
11419,6762,235,1,75.26,4.17
11420,6763,40,1,97.22,4.82
11421,6764,57,1,185.85,19.62
11422,6765,99,1,14.4,1.22
11423,6765,242,3,135.54,10.71
11424,6765,61,1,30.27,0.98
11425,6766,131,1,203.22,8.91
11426,6767,144,1,50.76,2.72
11427,6768,65,1,165.64,6.3
11428,6769,229,1,16.22,0.69
11429,6769,89,2,179.88,6.7
11430,6769,104,1,82.65,5.98
11431,6770,130,1,76.27,8.07
11432,6771,3,1,51.08,5.22
11433,6772,151,1,116.4,6.09
11434,6772,202,3,130.75,4.27
11435,6772,71,1,179.59,17.78
11436,6773,197,1,235.87,26.89
11437,6774,202,3,130.75,9.99
11438,6775,132,1,74.95,3.37
11439,6776,43,1,137.44,12.81
11440,6776,9,1,82.19,4.18
11441,6777,126,1,25.06,1.04
11442,6777,180,1,209.32,8.16
11443,6778,129,1,858.28,25.81
11444,6778,112,2,335.91,26.12
11445,6779,87,1,391.01,46.01
11446,6780,186,1,66.12,2.89
11447,6781,27,1,852.23,34.35
11448,6782,215,1,237.45,15.89
11449,6782,38,1,147.17,12.96
11450,6782,24,1,89.79,4.91
11451,6783,13,1,31.08,2.25
11452,6783,24,1,89.79,4.59
11453,6783,55,1,167.62,18.23
11454,6784,160,1,19.67,1.18
11455,6785,29,1,617.47,28.1
11456,6786,60,1,85.87,9.03
11457,6787,213,1,31.81,2.9
11458,6787,126,3,25.06,2.04
11459,6788,73,2,85.1,4.27
11460,6789,102,2,683.61,60.9
11461,6790,43,1,137.44,12.49
11462,6791,63,2,555.18,48.96
11463,6791,246,1,30.72,1.09
11464,6791,209,1,115.41,8.03
11465,6792,195,1,45.11,3.97
11466,6793,174,1,8.1,0.77
11467,6794,47,1,18.06,0.64
11468,6794,109,1,151.47,8.73
11469,6794,196,1,47.98,5.37
11470,6795,172,2,356.67,13.12
11471,6796,175,1,16.15,1.9
11472,6797,40,1,97.22,4.93
11473,6798,162,1,6.54,0.43
11474,6799,47,2,18.06,2.12
11475,6799,3,2,51.08,5.68
11476,6800,108,1,3.52,0.28
11477,6801,215,1,237.45,21.99
11478,6802,31,1,34.65,3.1
11479,6803,237,1,10.34,0.81
11480,6803,225,1,59.74,3.68
11481,6803,20,1,71.62,2.69
11482,6804,102,1,683.61,70.69
11483,6804,131,1,203.22,9.84
11484,6805,237,1,10.34,0.95
11485,6805,178,1,1065.13,121.38
11486,6805,28,1,164.02,12.28
11487,6806,36,1,55.53,4.1
11488,6806,100,1,136.87,7.74
11489,6807,194,1,41.9,2.72
11490,6807,189,1,150.51,5.79
11491,6808,15,1,114.86,3.66
11492,6808,24,1,89.79,5.98
11493,6809,91,1,56.23,2.7
11494,6810,250,1,583.02,55.76
11495,6811,226,1,134.28,15.51
11496,6812,53,1,270.94,10.67
11497,6813,75,1,553.99,44.37
11498,6813,119,3,69.61,4.27
11499,6814,151,1,116.4,8.08
11500,6815,192,1,82.67,4.99
11501,6816,230,1,231.23,27.39
11502,6816,237,1,10.34,0.52
11503,6817,69,1,33.1,3.9
11504,6817,157,1,234.71,22.72
11505,6817,22,1,412.18,22.06
11506,6818,208,1,113.76,5.28
11507,6818,192,1,82.67,8.2
11508,6819,244,1,84.79,5.6
11509,6819,75,1,553.99,56.42
11510,6819,165,1,6.2,0.71
11511,6819,34,3,127.18,5.13
11512,6820,92,1,1151.64,42.03
11513,6821,2,1,120.72,10.46
11514,6822,215,1,237.45,7.75
11515,6822,140,1,11.94,1.03
11516,6823,177,1,81.05,8.31
11517,6824,183,1,101.22,7.45
11518,6824,235,1,75.26,5.1
11519,6825,186,1,66.12,3.33
11520,6825,193,1,286.41,25.77
11521,6825,21,1,285.75,11.63
11522,6826,44,1,39.31,3.91
11523,6826,64,1,191.61,9.14
11524,6826,161,2,84.35,7.14
11525,6827,20,1,71.62,2.97
11526,6827,213,1,31.81,3.32
11527,6827,161,1,84.35,8.63
11528,6828,99,1,14.4,1.29
11529,6829,180,1,209.32,15.46
11530,6830,126,2,25.06,0.99
11531,6831,234,1,17.93,1.6
11532,6832,98,1,25.53,2.55
11533,6832,80,1,37.9,4.09
11534,6833,230,1,231.23,21.1
11535,6834,131,1,203.22,21.25
11536,6835,67,1,53.0,4.07
11537,6835,174,1,8.1,0.45
11538,6835,70,1,41.53,4.92
11539,6835,149,1,71.93,6.75
11540,6836,214,1,211.86,7.76
11541,6837,232,1,155.86,10.08
11542,6837,57,1,185.85,13.97
11543,6838,68,1,38.67,1.49
11544,6839,219,1,66.09,7.4
11545,6839,70,1,41.53,2.19
11546,6840,69,1,33.1,1.08
11547,6840,234,1,17.93,1.83
11548,6841,145,1,366.49,16.27
11549,6842,248,1,40.02,4.31
11550,6842,23,1,629.48,33.69
11551,6843,83,1,9.7,0.94
11552,6844,18,1,17.37,1.18
11553,6845,57,1,185.85,14.86
11554,6846,86,1,124.98,6.43
11555,6846,173,1,57.93,6.32
11556,6847,34,1,127.18,15.12
11557,6847,140,1,11.94,0.95
11558,6848,178,1,1065.13,115.24
11559,6849,57,1,185.85,5.8
11560,6850,101,1,8.28,0.94
11561,6850,192,1,82.67,5.87
11562,6850,94,1,33.91,1.49
11563,6851,83,1,9.7,0.43
11564,6852,10,1,26.93,0.93
11565,6852,81,1,44.98,4.41
11566,6852,131,1,203.22,9.58
11567,6853,86,1,124.98,13.87
11568,6854,120,1,44.88,4.87
11569,6855,131,1,203.22,9.16
11570,6856,94,2,33.91,1.22
11571,6856,12,1,94.84,7.78
11572,6856,183,1,101.22,8.15
11573,6857,132,1,74.95,8.28
11574,6857,118,1,13.3,0.94
11575,6858,75,1,553.99,24.93
11576,6859,239,1,762.58,68.33
11577,6859,218,1,62.27,4.16
11578,6859,102,1,683.61,40.94
11579,6859,142,1,230.98,22.91
11580,6860,16,1,90.17,9.86
11581,6861,229,1,16.22,1.61
11582,6862,102,2,683.61,60.81
11583,6863,27,2,852.23,72.28
11584,6863,161,3,84.35,2.93
11585,6864,196,1,47.98,2.99
11586,6864,38,1,147.17,15.66
11587,6864,147,1,81.1,6.11
11588,6865,128,1,13.41,0.67
11589,6866,2,1,120.72,10.66
11590,6867,18,1,17.37,1.56
11591,6867,223,1,155.25,5.03
11592,6867,238,1,115.34,6.79
11593,6868,242,1,135.54,4.29
11594,6869,32,1,17.9,0.97
11595,6870,35,1,76.68,2.75
11596,6871,181,1,14.39,0.63
11597,6871,218,1,62.27,2.1
11598,6872,15,1,114.86,9.8
11599,6873,250,3,583.02,62.13
11600,6874,227,1,49.54,5.73
11601,6874,105,3,262.49,30.52
11602,6875,151,1,116.4,7.02
11603,6876,71,1,179.59,14.87
11604,6877,27,1,852.23,57.85
11605,6878,227,1,49.54,4.76
11606,6879,214,1,211.86,25.18
11607,6880,175,1,16.15,1.65
11608,6880,164,1,31.65,1.18
11609,6880,22,1,412.18,45.88
11610,6881,41,1,63.66,7.61
11611,6882,139,1,488.45,21.11
11612,6882,57,1,185.85,20.76
11613,6883,49,1,38.8,4.64
11614,6883,130,1,76.27,8.5
11615,6884,45,1,30.04,0.97
11616,6885,237,1,10.34,0.99
11617,6885,226,1,134.28,4.05
11618,6885,135,1,212.24,12.85
11619,6885,191,1,39.7,3.53
11620,6886,235,1,75.26,4.11
11621,6887,61,1,30.27,1.01
11622,6887,104,3,82.65,3.49
11623,6888,179,1,246.47,22.76
11624,6888,29,1,617.47,40.37
11625,6888,138,1,45.06,3.99
11626,6889,232,1,155.86,5.39
11627,6890,93,1,25.75,2.71
11628,6890,102,1,683.61,53.28
11629,6891,179,1,246.47,28.53
11630,6892,21,1,285.75,11.97
11631,6893,47,1,18.06,1.94
11632,6893,241,1,40.34,3.66
11633,6894,106,1,27.76,2.43
11634,6894,245,1,178.52,10.29
11635,6895,98,1,25.53,2.65
11636,6896,37,1,136.42,5.98
11637,6897,242,1,135.54,13.59
11638,6897,230,1,231.23,18.67
11639,6897,204,1,103.62,11.27
11640,6897,100,1,136.87,9.73
11641,6898,55,1,167.62,16.36
11642,6898,32,1,17.9,2.04
11643,6898,75,1,553.99,58.95
11644,6899,75,2,553.99,34.56
11645,6900,115,1,27.12,1.82
11646,6901,208,1,113.76,3.66
11647,6901,149,1,71.93,8.35
11648,6901,228,1,95.03,9.37
11649,6902,197,1,235.87,10.64
11650,6903,3,1,51.08,2.56
11651,6904,153,2,179.31,9.59
11652,6905,209,1,115.41,6.43
11653,6905,202,2,130.75,11.24
11654,6906,226,1,134.28,15.82
11655,6907,21,1,285.75,8.73
11656,6908,157,1,234.71,13.99
11657,6909,151,1,116.4,3.91
11658,6909,36,1,55.53,4.68
11659,6910,56,1,38.8,1.53
11660,6911,104,1,82.65,7.28
11661,6912,100,2,136.87,8.4
11662,6913,22,1,412.18,31.82
11663,6913,130,1,76.27,3.0
11664,6914,134,1,140.62,5.19
11665,6914,28,1,164.02,14.78
11666,6914,155,1,18.82,1.34
11667,6914,3,1,51.08,5.95
11668,6915,151,2,116.4,3.55
11669,6916,147,1,81.1,7.52
11670,6917,16,1,90.17,9.44
11671,6917,75,1,553.99,43.82
11672,6918,70,1,41.53,3.5
11673,6919,3,1,51.08,3.44
11674,6920,44,1,39.31,2.07
11675,6920,133,1,37.44,3.16
11676,6921,58,1,7.39,0.69
11677,6922,149,1,71.93,5.43
11678,6922,227,1,49.54,1.85
11679,6922,46,1,645.92,56.11
11680,6923,77,1,170.84,12.51
11681,6923,100,1,136.87,9.77
11682,6923,3,2,51.08,2.94
11683,6924,235,1,75.26,6.82
11684,6925,157,1,234.71,15.79
11685,6926,8,1,6.03,0.58
11686,6926,131,1,203.22,17.81
11687,6927,224,1,6.63,0.24
11688,6927,116,1,53.02,6.33
11689,6928,124,1,434.69,40.31
11690,6929,120,1,44.88,5.37
11691,6930,48,1,93.17,8.0
11692,6930,138,1,45.06,3.53
11693,6930,34,1,127.18,14.9
11694,6930,43,1,137.44,9.59
11695,6931,33,3,30.54,2.68
11696,6932,18,1,17.37,1.3
11697,6932,44,1,39.31,2.03
11698,6933,102,1,683.61,62.95
11699,6934,128,1,13.41,0.53
11700,6935,161,2,84.35,6.96
11701,6936,142,1,230.98,17.66
11702,6937,18,1,17.37,1.06
11703,6937,197,1,235.87,24.84
11704,6937,155,1,18.82,0.7
11705,6938,57,1,185.85,13.36
11706,6939,45,1,30.04,1.18
11707,6940,87,1,391.01,18.81
11708,6940,168,1,9.01,0.67
11709,6940,158,1,19.01,0.66
11710,6941,220,1,669.86,74.52
11711,6941,189,1,150.51,4.97
11712,6942,212,3,619.34,72.22
11713,6942,127,1,82.05,2.48
11714,6943,227,1,49.54,5.19
11715,6944,33,1,30.54,2.06
11716,6945,113,1,29.13,1.86
11717,6946,72,1,112.92,7.11
11718,6946,53,1,270.94,14.9
11719,6946,139,1,488.45,45.88
11720,6947,120,1,44.88,4.03
11721,6947,72,1,112.92,8.42
11722,6948,225,1,59.74,3.73
11723,6949,97,1,244.48,21.41
11724,6950,245,1,178.52,12.98
11725,6951,204,1,103.62,3.51
11726,6951,44,1,39.31,3.76
11727,6952,6,1,251.86,11.4
11728,6953,98,1,25.53,1.43
11729,6953,121,1,272.89,19.74
11730,6953,132,1,74.95,8.17
11731,6954,40,1,97.22,3.31
11732,6955,79,1,47.16,4.02
11733,6956,13,1,31.08,3.49
11734,6957,182,1,19.48,0.93
11735,6958,72,2,112.92,7.64
11736,6958,134,1,140.62,14.28
11737,6959,46,1,645.92,38.82
11738,6960,41,1,63.66,4.03
11739,6960,227,1,49.54,3.96
11740,6960,105,1,262.49,20.3
11741,6960,101,1,8.28,0.36
11742,6961,10,1,26.93,2.69
11743,6962,48,1,93.17,7.5
11744,6962,190,3,239.32,8.12
11745,6963,215,1,237.45,27.62
11746,6964,18,1,17.37,0.53
11747,6964,169,1,69.98,6.03
11748,6964,17,1,29.84,2.87
11749,6965,56,1,38.8,3.18
11750,6965,146,1,98.43,5.51
11751,6965,141,1,483.07,27.71
11752,6965,147,3,81.1,5.76
11753,6966,9,1,82.19,8.44
11754,6967,148,1,101.97,10.23
11755,6967,235,1,75.26,5.75
11756,6968,68,1,38.67,2.54
11757,6968,227,1,49.54,3.87
11758,6969,77,1,170.84,18.43
11759,6970,139,1,488.45,23.53
11760,6971,232,1,155.86,4.93
11761,6972,81,1,44.98,1.77
11762,6972,125,1,111.51,3.72
11763,6972,156,1,99.5,6.83
11764,6973,104,1,82.65,8.79
11765,6974,95,3,25.87,2.15
11766,6974,98,1,25.53,2.52
11767,6974,30,1,58.74,5.98
11768,6974,127,1,82.05,3.13
11769,6975,61,1,30.27,3.57
11770,6975,11,1,685.7,30.07
11771,6976,160,1,19.67,0.87
11772,6976,184,1,344.95,23.11
11773,6976,23,1,629.48,67.39
11774,6977,183,1,101.22,9.56
11775,6977,241,1,40.34,1.69
11776,6977,14,1,94.71,5.29
11777,6978,124,1,434.69,41.92
11778,6978,117,1,45.11,1.99
11779,6979,194,1,41.9,3.86
11780,6980,210,1,56.9,2.2
11781,6980,120,1,44.88,1.87
11782,6980,7,1,136.48,10.56
11783,6981,143,1,180.32,16.16
11784,6981,204,1,103.62,6.21
11785,6982,3,1,51.08,1.97
11786,6983,51,1,71.14,6.0
11787,6984,25,3,28.3,3.39
11788,6984,93,1,25.75,1.2
11789,6985,130,1,76.27,5.09
11790,6986,154,1,53.6,5.95
11791,6987,34,1,127.18,9.06
11792,6987,235,1,75.26,8.58
11793,6988,99,1,14.4,1.15
11794,6988,24,1,89.79,2.7
11795,6988,106,1,27.76,1.99
11796,6988,28,1,164.02,13.74
11797,6989,15,1,114.86,4.78
11798,6989,41,1,63.66,7.34
11799,6990,120,2,44.88,4.74
11800,6991,234,2,17.93,2.04
11801,6992,219,1,66.09,3.1
11802,6993,75,1,553.99,43.8
11803,6994,150,1,43.62,2.08
11804,6995,234,1,17.93,2.07
11805,6996,21,1,285.75,23.85
11806,6996,211,1,22.6,1.02
11807,6997,247,1,31.51,2.99
11808,6998,222,1,22.72,2.16
11809,6998,48,2,93.17,4.62
11810,6999,67,2,53.0,3.91
11811,7000,136,1,763.13,70.11
11812,7001,184,1,344.95,15.68
11813,7001,192,1,82.67,5.0
11814,7001,103,1,1102.59,48.99
11815,7002,1,1,826.88,53.67
11816,7002,216,1,194.01,17.61
11817,7003,68,1,38.67,3.16
11818,7004,22,1,412.18,22.74
11819,7004,23,1,629.48,70.38
11820,7005,158,1,19.01,1.67
11821,7005,86,1,124.98,8.91
11822,7006,82,1,53.33,5.53
11823,7006,18,1,17.37,1.66
11824,7006,3,1,51.08,5.8
11825,7007,157,1,234.71,20.64
11826,7008,13,1,31.08,1.88
11827,7008,147,1,81.1,8.0
11828,7009,21,1,285.75,20.97
11829,7010,205,1,172.47,20.56
11830,7011,104,2,82.65,4.15
11831,7011,204,1,103.62,10.02
11832,7011,187,1,95.65,8.73
11833,7012,150,1,43.62,2.96
11834,7013,190,1,239.32,24.7
11835,7014,173,2,57.93,4.12
11836,7015,236,2,326.99,14.76
11837,7016,161,1,84.35,8.15
11838,7017,248,1,40.02,3.2
11839,7018,205,1,172.47,18.28
11840,7018,146,3,98.43,10.61
11841,7018,148,1,101.97,9.12
11842,7018,43,1,137.44,13.35
11843,7019,86,1,124.98,11.26
11844,7020,34,1,127.18,12.93
11845,7020,40,1,97.22,9.44
11846,7021,75,3,553.99,37.09
11847,7021,47,1,18.06,1.6
11848,7022,132,1,74.95,6.7
11849,7022,12,1,94.84,6.65
11850,7023,15,2,114.86,13.1
11851,7023,176,1,199.66,20.86
11852,7023,169,1,69.98,8.08
11853,7024,59,1,105.0,6.95
11854,7024,77,1,170.84,12.57
11855,7025,158,1,19.01,2.01
11856,7026,86,1,124.98,5.5
11857,7027,146,1,98.43,10.49
11858,7028,161,1,84.35,3.04
11859,7028,82,3,53.33,6.34
11860,7028,83,1,9.7,0.55
11861,7029,165,1,6.2,0.23
11862,7030,217,1,36.43,3.7
11863,7031,142,1,230.98,24.46
11864,7032,247,3,31.51,2.79
11865,7032,219,1,66.09,2.16
11866,7032,150,1,43.62,4.9
11867,7032,248,1,40.02,3.86
11868,7033,221,1,80.15,9.56
11869,7034,154,1,53.6,3.75
11870,7034,38,1,147.17,10.22
11871,7035,58,1,7.39,0.64
11872,7036,146,1,98.43,4.4
11873,7036,89,1,179.88,12.09
11874,7037,14,1,94.71,11.22
11875,7038,139,1,488.45,46.94
11876,7038,79,1,47.16,4.52
11877,7039,99,1,14.4,1.73
11878,7040,124,2,434.69,28.37
11879,7041,207,1,51.95,5.01
11880,7041,167,1,139.5,10.24
11881,7042,234,3,17.93,0.95
11882,7042,242,1,135.54,4.91
11883,7043,51,1,71.14,6.61
11884,7044,24,1,89.79,10.77
11885,7044,239,1,762.58,42.32
11886,7045,202,1,130.75,4.59
11887,7046,245,1,178.52,12.72
11888,7047,72,1,112.92,3.68
11889,7047,75,1,553.99,33.97
11890,7048,206,1,760.6,72.65
11891,7049,93,1,25.75,1.67
11892,7050,53,1,270.94,23.92
11893,7051,205,1,172.47,10.54
11894,7052,72,1,112.92,6.96
11895,7053,176,1,199.66,6.92
11896,7053,55,1,167.62,7.38
11897,7053,161,1,84.35,5.13
11898,7053,27,1,852.23,43.23
11899,7054,153,1,179.31,7.28
11900,7054,193,1,286.41,31.98
11901,7055,235,1,75.26,3.99
11902,7055,155,1,18.82,1.84
11903,7055,228,1,95.03,8.12
11904,7055,132,2,74.95,4.02
11905,7056,101,1,8.28,0.97
11906,7057,187,1,95.65,11.02
11907,7057,236,1,326.99,20.04
11908,7058,121,1,272.89,13.1
11909,7059,22,1,412.18,28.64
11910,7060,185,1,647.11,76.98
11911,7060,52,1,30.53,1.8
11912,7061,61,1,30.27,3.43
11913,7062,66,1,27.73,2.35
11914,7062,122,1,69.41,6.29
11915,7063,155,1,18.82,1.94
11916,7063,185,1,647.11,43.15
11917,7064,197,1,235.87,20.98
11918,7065,176,1,199.66,23.66
11919,7066,200,1,16.92,1.74
11920,7067,89,1,179.88,18.91
11921,7068,17,1,29.84,1.26
11922,7069,207,1,51.95,3.65
11923,7070,46,1,645.92,53.74
11924,7071,4,1,95.98,9.79
11925,7071,36,1,55.53,2.99
11926,7071,132,1,74.95,3.54
11927,7072,193,1,286.41,19.58
11928,7073,64,1,191.61,21.9
11929,7074,129,1,858.28,68.13
11930,7075,31,1,34.65,4.01
11931,7076,73,1,85.1,8.83
11932,7076,40,1,97.22,4.57
11933,7077,90,2,11.62,0.99
11934,7077,122,1,69.41,3.54
11935,7078,87,2,391.01,12.14
11936,7079,227,1,49.54,5.77
11937,7080,151,1,116.4,4.36
11938,7081,230,1,231.23,22.79
11939,7081,211,1,22.6,2.7
11940,7082,90,1,11.62,0.41
11941,7082,27,1,852.23,39.4
11942,7083,112,2,335.91,35.13
11943,7083,162,1,6.54,0.42
11944,7083,109,1,151.47,6.78
11945,7084,77,1,170.84,16.4
11946,7084,139,1,488.45,44.51
11947,7085,88,1,2.59,0.21
11948,7085,15,1,114.86,12.37
11949,7086,22,2,412.18,48.63
11950,7086,54,1,387.71,41.32
11951,7086,198,1,52.95,1.68
11952,7087,121,1,272.89,8.85
11953,7088,165,1,6.2,0.71
11954,7089,177,1,81.05,4.01
11955,7089,238,1,115.34,7.74
11956,7090,97,1,244.48,12.14
11957,7090,10,1,26.93,2.22
11958,7091,112,1,335.91,21.9
11959,7092,227,1,49.54,5.02
11960,7093,9,1,82.19,2.66
11961,7093,190,1,239.32,7.97
11962,7094,229,1,16.22,1.29
11963,7094,204,1,103.62,3.51
11964,7095,5,1,88.33,8.15
11965,7096,25,1,28.3,3.35
11966,7096,59,1,105.0,12.25
11967,7096,202,1,130.75,14.41
11968,7097,195,1,45.11,3.68
11969,7097,72,1,112.92,6.31
11970,7098,12,1,94.84,6.41
11971,7099,72,1,112.92,5.22
11972,7100,104,1,82.65,3.17
11973,7101,169,1,69.98,7.76
11974,7101,123,1,10.31,0.6
11975,7102,188,1,15.44,1.15
11976,7103,111,2,97.83,10.31
11977,7104,204,1,103.62,10.88
11978,7105,142,1,230.98,16.05
11979,7105,56,1,38.8,2.46
11980,7106,120,1,44.88,2.11
11981,7107,134,1,140.62,15.29
11982,7108,202,1,130.75,11.51
11983,7109,35,1,76.68,4.52
11984,7110,187,1,95.65,3.18
11985,7110,100,3,136.87,6.54
11986,7110,203,1,67.83,5.6
11987,7110,141,1,483.07,23.75
11988,7111,46,1,645.92,70.68
11989,7112,83,1,9.7,1.11
11990,7113,6,1,251.86,23.39
11991,7114,77,1,170.84,14.33
11992,7115,3,1,51.08,2.32
11993,7115,138,1,45.06,3.21
11994,7116,215,1,237.45,18.66
11995,7117,83,2,9.7,0.84
11996,7117,238,1,115.34,11.79
11997,7117,227,1,49.54,1.51
11998,7117,105,1,262.49,11.47
11999,7118,8,1,6.03,0.51
12000,7118,86,1,124.98,10.66
12001,7119,107,3,87.92,6.75
12002,7119,83,1,9.7,1.0
12003,7120,124,1,434.69,28.63
12004,7120,18,1,17.37,1.4
12005,7121,113,1,29.13,1.57
12006,7121,5,1,88.33,7.41
12007,7122,218,1,62.27,5.63
12008,7123,219,1,66.09,7.68
12009,7123,131,1,203.22,8.68
12010,7123,202,1,130.75,12.04
12011,7123,73,1,85.1,10.1
12012,7124,11,1,685.7,27.03
12013,7124,147,1,81.1,4.92
12014,7125,70,1,41.53,2.67
12015,7126,208,1,113.76,6.51
12016,7127,40,1,97.22,9.23
12017,7128,100,2,136.87,8.01
12018,7129,119,1,69.61,5.7
12019,7129,142,1,230.98,11.44
12020,7129,137,1,112.97,5.34
12021,7130,241,2,40.34,4.39
12022,7130,59,1,105.0,12.25
12023,7131,80,2,37.9,2.14
12024,7131,178,1,1065.13,74.22
12025,7132,110,1,759.15,38.07
12026,7133,89,1,179.88,11.51
12027,7133,72,1,112.92,9.93
12028,7134,75,1,553.99,38.48
12029,7135,138,1,45.06,2.59
12030,7136,95,1,25.87,2.44
12031,7136,56,1,38.8,3.45
12032,7137,217,1,36.43,1.61
12033,7138,132,1,74.95,5.87
12034,7138,102,2,683.61,69.49
12035,7139,73,1,85.1,8.1
12036,7139,50,1,44.06,3.93
12037,7140,98,1,25.53,2.5
12038,7141,9,1,82.19,9.36
12039,7142,57,1,185.85,21.39
12040,7143,75,1,553.99,38.85
12041,7144,116,2,53.02,3.35
12042,7144,159,1,124.76,8.48
12043,7145,129,1,858.28,42.63
12044,7146,56,1,38.8,3.36
12045,7146,204,2,103.62,5.91
12046,7147,205,1,172.47,8.78
12047,7148,119,1,69.61,3.3
12048,7149,244,2,84.79,10.02
12049,7149,36,1,55.53,6.61
12050,7150,68,2,38.67,4.64
12051,7150,83,1,9.7,0.55
12052,7151,80,1,37.9,3.56
12053,7151,70,1,41.53,4.21
12054,7152,24,1,89.79,9.9
12055,7152,81,1,44.98,4.85
12056,7152,151,1,116.4,7.1
12057,7152,215,1,237.45,27.12
12058,7153,133,1,37.44,2.69
12059,7154,118,1,13.3,1.35
12060,7154,97,1,244.48,22.86
12061,7155,126,1,25.06,0.92
12062,7155,147,1,81.1,2.89
12063,7156,47,1,18.06,2.05
12064,7157,104,1,82.65,6.99
12065,7158,10,1,26.93,2.63
12066,7159,241,1,40.34,3.1
12067,7160,170,1,527.03,57.72
12068,7160,121,1,272.89,8.77
12069,7160,26,1,16.21,1.66
12070,7160,230,1,231.23,13.36
12071,7161,120,1,44.88,3.75
12072,7161,134,1,140.62,14.67
12073,7162,40,1,97.22,6.66
12074,7163,158,1,19.01,0.63
12075,7163,56,1,38.8,2.28
12076,7164,229,1,16.22,1.41
12077,7165,122,1,69.41,3.46
12078,7166,50,1,44.06,5.28
12079,7167,17,1,29.84,1.65
12080,7168,28,1,164.02,8.23
12081,7168,133,1,37.44,3.2
12082,7169,211,1,22.6,0.81
12083,7170,41,1,63.66,2.81
12084,7170,9,1,82.19,7.64
12085,7170,176,1,199.66,17.72
12086,7170,235,1,75.26,5.08
12087,7171,66,3,27.73,1.94
12088,7172,212,1,619.34,46.2
12089,7173,175,1,16.15,0.58
12090,7174,219,1,66.09,4.91
12091,7175,234,1,17.93,1.03
12092,7176,15,1,114.86,9.53
12093,7176,227,1,49.54,2.95
12094,7177,93,1,25.75,2.87
12095,7178,196,1,47.98,5.42
12096,7179,131,1,203.22,15.61
12097,7179,220,1,669.86,57.83
12098,7179,98,1,25.53,2.98
12099,7180,232,1,155.86,8.33
12100,7181,34,1,127.18,7.06
12101,7181,147,1,81.1,3.27
12102,7181,169,1,69.98,3.32
12103,7182,221,1,80.15,6.24
12104,7183,59,2,105.0,10.44
12105,7184,248,1,40.02,3.25
12106,7184,93,1,25.75,2.89
12107,7184,79,1,47.16,3.01
12108,7184,187,1,95.65,5.99
12109,7185,138,1,45.06,4.09
12110,7185,162,1,6.54,0.35
12111,7186,107,3,87.92,10.3
12112,7186,36,2,55.53,5.44
12113,7187,225,1,59.74,5.05
12114,7188,17,1,29.84,1.97
12115,7189,23,1,629.48,57.74
12116,7189,75,1,553.99,59.3
12117,7189,86,1,124.98,6.7
12118,7190,156,1,99.5,10.74
12119,7190,121,1,272.89,16.98
12120,7190,74,1,35.45,3.86
12121,7191,167,1,139.5,16.05
12122,7192,227,1,49.54,5.38
12123,7192,225,1,59.74,2.68
12124,7193,57,1,185.85,19.92
12125,7194,34,1,127.18,8.97
12126,7194,113,1,29.13,3.11
12127,7194,75,1,553.99,34.23
12128,7194,234,1,17.93,1.65
12129,7195,134,1,140.62,5.88
12130,7195,112,1,335.91,27.7
12131,7196,8,1,6.03,0.35
12132,7196,109,1,151.47,8.23
12133,7197,121,1,272.89,23.3
12134,7198,19,2,11.93,0.68
12135,7199,196,1,47.98,4.57
12136,7200,129,1,858.28,29.36
12137,7201,156,1,99.5,11.39
12138,7201,210,1,56.9,2.6
12139,7202,48,1,93.17,3.73
12140,7203,228,1,95.03,9.54
12141,7203,233,1,339.7,26.61
12142,7204,134,1,140.62,6.2
12143,7205,243,1,83.89,8.89
12144,7205,39,1,136.95,7.0
12145,7206,105,1,262.49,14.77
12146,7206,53,1,270.94,25.17
12147,7207,165,1,6.2,0.66
12148,7208,22,1,412.18,44.53
12149,7209,238,1,115.34,11.21
12150,7209,132,2,74.95,6.71
12151,7209,35,1,76.68,6.56
12152,7210,234,1,17.93,1.23
12153,7211,227,1,49.54,1.83
12154,7211,77,1,170.84,7.26
12155,7212,7,1,136.48,16.05
12156,7212,212,1,619.34,53.7
12157,7213,122,1,69.41,8.17
12158,7214,207,1,51.95,1.76
12159,7214,2,1,120.72,11.09
12160,7215,187,1,95.65,5.17
12161,7216,244,1,84.79,7.2
12162,7216,64,1,191.61,11.51
12163,7217,130,1,76.27,8.85
12164,7218,130,1,76.27,9.02
12165,7219,242,2,135.54,13.32
12166,7219,181,1,14.39,0.72
12167,7220,162,1,6.54,0.27
12168,7221,40,1,97.22,5.94
12169,7222,48,2,93.17,7.47
12170,7223,58,1,7.39,0.28
12171,7223,188,1,15.44,1.3
12172,7223,222,1,22.72,0.69
12173,7223,126,1,25.06,2.61
12174,7224,8,1,6.03,0.71
12175,7225,10,1,26.93,2.73
12176,7226,198,1,52.95,4.23
12177,7227,23,1,629.48,37.15
12178,7228,234,1,17.93,0.93
12179,7228,230,1,231.23,26.05
12180,7229,49,1,38.8,1.51
12181,7230,45,1,30.04,1.79
12182,7230,91,1,56.23,6.02
12183,7231,118,1,13.3,1.12
12184,7232,245,3,178.52,6.03
12185,7233,240,1,694.84,47.65
12186,7233,144,2,50.76,4.53
12187,7234,17,1,29.84,1.01
12188,7235,179,1,246.47,15.62
12189,7235,230,1,231.23,23.68
12190,7235,195,1,45.11,4.86
12191,7235,197,1,235.87,23.75
12192,7236,198,1,52.95,5.42
12193,7236,200,1,16.92,1.99
12194,7236,84,1,54.94,3.81
12195,7237,23,3,629.48,54.73
12196,7238,217,1,36.43,2.11
12197,7238,158,2,19.01,1.56
12198,7238,235,1,75.26,8.19
12199,7239,27,1,852.23,83.21
12200,7240,158,1,19.01,1.54
12201,7241,97,1,244.48,10.43
12202,7241,187,1,95.65,11.41
12203,7241,35,1,76.68,4.33
12204,7242,117,1,45.11,1.72
12205,7242,181,1,14.39,1.51
12206,7242,165,1,6.2,0.33
12207,7242,13,3,31.08,1.67
12208,7243,57,1,185.85,6.41
12209,7244,158,1,19.01,0.67
12210,7244,24,3,89.79,7.37
12211,7244,47,1,18.06,0.88
12212,7245,101,1,8.28,0.94
12213,7246,15,1,114.86,8.67
12214,7246,128,2,13.41,1.11
12215,7246,159,1,124.76,12.96
12216,7247,75,1,553.99,60.93
12217,7247,98,1,25.53,2.56
12218,7247,146,1,98.43,11.37
12219,7247,73,1,85.1,7.74
12220,7248,134,1,140.62,16.68
12221,7249,182,1,19.48,1.69
12222,7249,171,1,100.35,6.52
12223,7250,190,1,239.32,13.86
12224,7251,135,1,212.24,19.4
12225,7251,179,1,246.47,22.85
12226,7252,143,1,180.32,18.46
12227,7252,25,1,28.3,2.81
12228,7252,94,1,33.91,1.38
12229,7252,21,1,285.75,30.93
12230,7253,22,1,412.18,46.34
12231,7254,53,1,270.94,26.06
12232,7255,61,1,30.27,1.81
12233,7256,86,1,124.98,12.28
12234,7257,20,1,71.62,7.58
12235,7258,98,1,25.53,1.31
12236,7259,58,1,7.39,0.43
12237,7259,165,1,6.2,0.58
12238,7260,27,1,852.23,67.14
12239,7260,241,1,40.34,1.95
12240,7261,157,1,234.71,15.92
12241,7261,67,1,53.0,4.07
12242,7262,109,3,151.47,7.5
12243,7262,77,1,170.84,16.53
12244,7263,16,1,90.17,5.07
12245,7264,59,2,105.0,9.34
12246,7265,43,1,137.44,4.85
12247,7265,118,1,13.3,1.42
12248,7266,24,1,89.79,5.4
12249,7267,214,1,211.86,9.77
12250,7268,39,1,136.95,12.45
12251,7268,106,3,27.76,3.33
12252,7269,133,1,37.44,3.89
12253,7269,61,1,30.27,2.38
12254,7270,4,2,95.98,3.25
12255,7271,67,1,53.0,3.29
12256,7272,158,1,19.01,0.93
12257,7272,228,1,95.03,8.99
12258,7273,72,1,112.92,12.46
12259,7274,182,1,19.48,0.73
12260,7274,133,1,37.44,3.28
12261,7274,183,1,101.22,4.9
12262,7275,43,1,137.44,7.02
12263,7276,224,1,6.63,0.44
12264,7277,175,1,16.15,1.12
12265,7278,104,2,82.65,3.02
12266,7279,48,1,93.17,7.02
12267,7280,27,1,852.23,28.85
12268,7281,10,3,26.93,1.16
12269,7282,235,1,75.26,8.94
12270,7283,224,1,6.63,0.49
12271,7283,235,1,75.26,7.61
12272,7283,106,1,27.76,2.35
12273,7284,36,1,55.53,4.06
12274,7285,46,1,645.92,28.3
12275,7286,185,3,647.11,52.43
12276,7287,136,1,763.13,70.42
12277,7287,80,1,37.9,2.7
12278,7287,227,1,49.54,3.81
12279,7288,192,1,82.67,9.73
12280,7289,214,1,211.86,23.98
12281,7290,185,1,647.11,25.29
12282,7291,212,1,619.34,67.56
12283,7292,156,1,99.5,5.71
12284,7292,126,1,25.06,2.23
12285,7293,10,3,26.93,1.42
12286,7294,147,1,81.1,6.69
12287,7295,5,1,88.33,5.25
12288,7296,8,1,6.03,0.64
12289,7297,35,1,76.68,8.77
12290,7298,5,2,88.33,9.9
12291,7299,203,1,67.83,4.07
12292,7299,121,1,272.89,22.65
12293,7300,61,1,30.27,1.21
12294,7301,99,1,14.4,0.64
12295,7301,47,1,18.06,1.76
12296,7302,115,1,27.12,3.09
12297,7303,160,1,19.67,1.28
12298,7303,141,1,483.07,48.75
12299,7304,197,1,235.87,26.54
12300,7305,59,1,105.0,3.76
12301,7306,202,1,130.75,8.86
12302,7306,193,1,286.41,23.54
12303,7307,154,1,53.6,4.75
12304,7307,75,1,553.99,61.78
12305,7308,132,2,74.95,4.87
12306,7309,51,1,71.14,3.94
12307,7309,105,1,262.49,28.92
12308,7309,87,1,391.01,17.9
12309,7310,134,2,140.62,11.85
12310,7310,165,1,6.2,0.22
12311,7311,229,1,16.22,1.94
12312,7312,72,1,112.92,3.53
12313,7312,22,1,412.18,39.45
12314,7312,179,1,246.47,15.54
12315,7312,19,1,11.93,1.02
12316,7313,38,1,147.17,11.37
12317,7314,22,1,412.18,18.02
12318,7315,105,1,262.49,8.5
12319,7315,238,1,115.34,8.67
12320,7315,22,1,412.18,19.23
12321,7316,205,1,172.47,14.22
12322,7317,245,1,178.52,13.53
12323,7318,53,1,270.94,16.41
12324,7319,231,1,80.77,7.64
12325,7319,32,1,17.9,1.81
12326,7320,195,2,45.11,3.9
12327,7321,177,1,81.05,3.37
12328,7321,222,1,22.72,1.31
12329,7321,236,1,326.99,17.59
12330,7322,42,1,145.78,5.16
12331,7322,38,1,147.17,6.56
12332,7323,120,1,44.88,5.34
12333,7324,158,1,19.01,0.99
12334,7325,105,1,262.49,15.25
12335,7325,104,1,82.65,4.98
12336,7325,230,1,231.23,17.15
12337,7326,236,1,326.99,20.49
12338,7327,120,1,44.88,2.85
12339,7327,230,1,231.23,8.2
12340,7327,184,2,344.95,12.23
12341,7327,217,1,36.43,1.55
12342,7328,84,1,54.94,1.73
12343,7329,242,1,135.54,9.24
12344,7330,106,3,27.76,1.45
12345,7330,28,1,164.02,14.4
12346,7331,126,1,25.06,1.51
12347,7332,3,1,51.08,5.97
12348,7332,250,1,583.02,18.73
12349,7332,9,1,82.19,7.35
12350,7333,118,1,13.3,0.88
12351,7333,180,1,209.32,23.89
12352,7334,174,1,8.1,0.38
12353,7334,121,1,272.89,18.08
12354,7334,214,2,211.86,17.64
12355,7334,181,1,14.39,1.27
12356,7335,170,1,527.03,25.85
12357,7335,238,1,115.34,3.62
12358,7335,68,1,38.67,2.72
12359,7336,36,1,55.53,3.57
12360,7336,240,1,694.84,31.34
12361,7337,237,2,10.34,0.84
12362,7337,121,1,272.89,20.61
12363,7338,155,3,18.82,1.61
12364,7338,217,1,36.43,2.02
12365,7339,216,1,194.01,9.03
12366,7340,63,1,555.18,23.85
12367,7341,190,1,239.32,13.25
12368,7341,105,1,262.49,10.91
12369,7341,224,1,6.63,0.62
12370,7342,72,1,112.92,9.98
12371,7343,66,1,27.73,2.85
12372,7344,61,1,30.27,2.08
12373,7344,213,1,31.81,2.12
12374,7344,57,1,185.85,20.0
12375,7345,157,1,234.71,13.53
12376,7346,126,1,25.06,0.84
12377,7346,76,1,52.37,2.11
12378,7347,244,1,84.79,3.44
12379,7347,234,1,17.93,1.34
12380,7347,171,1,100.35,11.16
12381,7348,230,1,231.23,9.38
12382,7348,190,1,239.32,21.12
12383,7349,44,1,39.31,1.82
12384,7349,15,3,114.86,6.56
12385,7349,147,1,81.1,3.97
12386,7349,79,1,47.16,5.11
12387,7350,209,2,115.41,9.05
12388,7350,228,1,95.03,11.23
12389,7350,70,1,41.53,3.9
12390,7351,34,1,127.18,4.61
12391,7351,79,1,47.16,2.61
12392,7352,122,1,69.41,5.33
12393,7352,22,1,412.18,13.22
12394,7353,114,1,164.19,5.92
12395,7354,87,1,391.01,33.98
12396,7354,63,1,555.18,30.6
12397,7354,67,1,53.0,1.88
12398,7354,153,1,179.31,17.21
12399,7355,18,3,17.37,0.79
12400,7356,6,1,251.86,26.27
12401,7357,131,1,203.22,11.76
12402,7357,157,3,234.71,23.01
12403,7358,75,1,553.99,43.47
12404,7359,56,1,38.8,3.75
12405,7359,190,2,239.32,22.62
12406,7359,112,1,335.91,29.57
12407,7359,12,1,94.84,5.37
12408,7360,47,1,18.06,1.25
12409,7361,204,2,103.62,4.28
12410,7362,73,1,85.1,7.41
12411,7362,204,1,103.62,4.06
12412,7363,29,1,617.47,36.18
12413,7364,231,2,80.77,8.38
12414,7364,1,1,826.88,83.68
12415,7365,232,3,155.86,9.49
12416,7366,11,1,685.7,65.24
12417,7366,138,1,45.06,3.79
12418,7366,43,1,137.44,13.02
12419,7367,71,1,179.59,18.84
12420,7368,146,1,98.43,3.19
12421,7369,84,1,54.94,5.49
12422,7370,149,1,71.93,8.38
12423,7371,73,1,85.1,6.95
12424,7372,52,1,30.53,1.27
12425,7373,19,1,11.93,0.73
12426,7374,41,2,63.66,6.79
12427,7375,206,1,760.6,59.22
12428,7376,189,1,150.51,17.02
12429,7377,235,1,75.26,5.22
12430,7378,32,1,17.9,0.83
12431,7379,205,1,172.47,9.72
12432,7379,124,3,434.69,35.37
12433,7379,57,1,185.85,6.28
12434,7379,210,3,56.9,2.54
12435,7380,64,1,191.61,7.59
12436,7380,81,1,44.98,2.48
12437,7381,66,1,27.73,2.39
12438,7382,29,1,617.47,39.3
12439,7382,123,1,10.31,0.36
12440,7382,27,1,852.23,43.87
12441,7383,47,3,18.06,1.18
12442,7384,242,1,135.54,8.63
12443,7384,150,1,43.62,1.31
12444,7385,185,1,647.11,42.03
12445,7385,177,1,81.05,7.02
12446,7385,88,1,2.59,0.23
12447,7386,44,1,39.31,2.08
12448,7387,225,1,59.74,3.14
12449,7387,104,1,82.65,9.23
12450,7388,53,1,270.94,12.29
12451,7389,86,2,124.98,9.28
12452,7390,191,1,39.7,1.7
12453,7391,243,1,83.89,7.78
12454,7391,122,1,69.41,7.27
12455,7392,83,1,9.7,0.81
12456,7393,70,1,41.53,2.51
12457,7393,245,1,178.52,12.27
12458,7393,121,1,272.89,13.94
12459,7394,97,1,244.48,11.28
12460,7395,244,1,84.79,3.14
12461,7396,104,2,82.65,3.71
12462,7396,31,1,34.65,2.79
12463,7397,3,1,51.08,4.14
12464,7398,161,1,84.35,6.64
12465,7399,66,1,27.73,3.29
12466,7400,2,1,120.72,14.0
12467,7401,232,1,155.86,6.33
12468,7402,167,1,139.5,8.58
12469,7403,73,1,85.1,9.79
12470,7403,72,1,112.92,8.77
12471,7403,226,1,134.28,8.43
12472,7404,12,1,94.84,7.06
12473,7404,105,1,262.49,8.92
12474,7405,25,1,28.3,2.51
12475,7406,153,1,179.31,16.37
12476,7406,250,1,583.02,38.43
12477,7406,77,1,170.84,8.97
12478,7407,116,1,53.02,2.4
12479,7407,170,1,527.03,20.78
12480,7407,187,1,95.65,9.1
12481,7408,69,1,33.1,1.92
12482,7408,119,1,69.61,5.01
12483,7408,49,1,38.8,2.03
12484,7409,146,1,98.43,7.11
12485,7410,83,1,9.7,0.94
12486,7411,17,1,29.84,2.69
12487,7411,29,1,617.47,22.57
12488,7411,58,1,7.39,0.32
12489,7412,71,2,179.59,21.35
12490,7413,9,1,82.19,6.81
12491,7413,135,1,212.24,7.22
12492,7413,184,2,344.95,35.07
12493,7414,23,1,629.48,53.89
12494,7415,174,1,8.1,0.39
12495,7415,150,1,43.62,2.93
12496,7415,34,1,127.18,13.28
12497,7415,111,1,97.83,4.42
12498,7416,123,1,10.31,0.93
12499,7417,214,1,211.86,16.6
12500,7418,74,1,35.45,2.93
12501,7418,206,1,760.6,24.97
12502,7419,149,1,71.93,3.68
12503,7419,202,2,130.75,14.06
12504,7420,105,1,262.49,9.56
12505,7421,97,1,244.48,9.84
12506,7422,115,1,27.12,2.76
12507,7423,66,1,27.73,3.19
12508,7424,183,1,101.22,11.45
12509,7425,206,1,760.6,53.15
12510,7426,104,1,82.65,6.12
12511,7427,20,2,71.62,6.47
12512,7427,185,1,647.11,69.66
12513,7427,47,1,18.06,2.05
12514,7428,195,1,45.11,1.41
12515,7428,212,1,619.34,51.21
12516,7428,224,1,6.63,0.33
12517,7429,180,1,209.32,10.07
12518,7429,108,1,3.52,0.36
12519,7430,43,1,137.44,5.51
12520,7431,245,1,178.52,13.75
12521,7432,195,1,45.11,3.31
12522,7432,136,3,763.13,48.25
12523,7433,62,1,19.26,0.9
12524,7434,104,1,82.65,3.98
12525,7435,179,1,246.47,17.83
12526,7436,17,1,29.84,1.53
12527,7437,157,1,234.71,10.04
12528,7437,86,1,124.98,5.0
12529,7438,71,1,179.59,13.45
12530,7438,27,1,852.23,69.19
12531,7438,129,1,858.28,70.46
12532,7439,182,1,19.48,1.07
12533,7439,77,1,170.84,13.9
12534,7439,63,1,555.18,29.65
12535,7439,124,1,434.69,32.55
12536,7440,189,1,150.51,14.39
12537,7440,175,1,16.15,1.59
12538,7441,183,1,101.22,9.89
12539,7442,230,1,231.23,8.72
12540,7442,132,1,74.95,8.94
12541,7442,80,1,37.9,3.96
12542,7443,15,2,114.86,7.75
12543,7443,250,1,583.02,21.44
12544,7443,111,1,97.83,7.35
12545,7444,207,1,51.95,4.06
12546,7445,188,1,15.44,0.75
12547,7445,174,3,8.1,0.53
12548,7446,227,1,49.54,2.95
12549,7446,23,3,629.48,26.08
12550,7447,145,1,366.49,23.85
12551,7448,139,3,488.45,22.8
12552,7449,21,1,285.75,14.7
12553,7449,192,3,82.67,4.86
12554,7450,147,1,81.1,3.8
12555,7451,241,1,40.34,2.52
12556,7451,157,1,234.71,8.84
12557,7451,43,1,137.44,12.35
12558,7452,86,1,124.98,3.8
12559,7452,23,2,629.48,41.49
12560,7453,91,1,56.23,6.13
12561,7453,116,1,53.02,2.66
12562,7454,250,1,583.02,67.36
12563,7454,47,1,18.06,1.89
12564,7454,156,1,99.5,5.88
12565,7455,99,1,14.4,0.96
12566,7455,111,2,97.83,9.48
12567,7456,105,1,262.49,10.08
12568,7456,75,3,553.99,20.89
12569,7457,212,1,619.34,43.86
12570,7458,3,1,51.08,4.8
12571,7459,227,1,49.54,5.32
12572,7460,8,1,6.03,0.56
12573,7461,40,1,97.22,6.93
12574,7462,15,1,114.86,7.12
12575,7462,241,1,40.34,3.46
12576,7462,63,2,555.18,54.24
12577,7463,117,1,45.11,3.73
12578,7463,121,1,272.89,18.16
12579,7464,24,1,89.79,4.91
12580,7465,72,1,112.92,10.36
12581,7466,87,1,391.01,11.89
12582,7467,22,1,412.18,21.71
12583,7467,175,1,16.15,0.71
12584,7468,48,1,93.17,6.4
12585,7469,105,2,262.49,24.61
12586,7469,26,1,16.21,0.89
12587,7470,226,1,134.28,7.67
12588,7470,130,1,76.27,8.93
12589,7471,78,1,180.73,8.54
12590,7471,35,1,76.68,5.84
12591,7472,130,1,76.27,8.58
12592,7472,174,1,8.1,0.43
12593,7473,159,1,124.76,4.09
12594,7474,62,1,19.26,1.84
12595,7475,130,1,76.27,3.44
12596,7475,36,2,55.53,2.17
12597,7475,133,1,37.44,2.13
12598,7476,106,1,27.76,1.63
12599,7476,85,1,106.96,7.31
12600,7477,67,1,53.0,4.91
12601,7477,45,1,30.04,3.5
12602,7478,250,1,583.02,66.28
12603,7479,34,1,127.18,11.01
12604,7480,13,1,31.08,3.55
12605,7481,1,1,826.88,32.83
12606,7482,239,1,762.58,70.19
12607,7483,209,1,115.41,9.38
12608,7483,67,1,53.0,4.67
12609,7483,61,1,30.27,3.37
12610,7483,24,1,89.79,4.75
12611,7484,223,1,155.25,17.64
12612,7484,87,1,391.01,44.5
12613,7485,123,1,10.31,0.84
12614,7486,210,1,56.9,5.01
12615,7487,122,1,69.41,3.18
12616,7488,49,1,38.8,1.85
12617,7489,130,1,76.27,5.16
12618,7489,36,1,55.53,2.16
12619,7489,211,1,22.6,1.12
12620,7490,95,1,25.87,1.74
12621,7491,142,1,230.98,9.02
12622,7492,30,1,58.74,2.96
12623,7492,190,1,239.32,21.87
12624,7493,66,1,27.73,1.03
12625,7494,213,1,31.81,2.15
12626,7494,7,1,136.48,13.34
12627,7495,172,1,356.67,14.17
12628,7496,83,1,9.7,0.87
12629,7496,122,1,69.41,4.51
12630,7496,231,1,80.77,8.02
12631,7497,126,1,25.06,2.98
12632,7497,124,1,434.69,46.45
12633,7498,172,1,356.67,30.37
12634,7499,129,1,858.28,54.87
12635,7499,153,1,179.31,12.54
12636,7500,183,1,101.22,9.81
12637,7501,186,1,66.12,7.72
12638,7502,102,1,683.61,71.0
12639,7502,245,1,178.52,15.61
12640,7503,128,1,13.41,0.8
12641,7503,139,1,488.45,14.71
12642,7503,223,1,155.25,10.12
12643,7503,64,1,191.61,7.52
12644,7504,10,1,26.93,2.86
12645,7504,157,1,234.71,26.11
12646,7504,237,1,10.34,0.56
12647,7504,191,1,39.7,2.0
12648,7505,129,1,858.28,51.73
12649,7506,15,1,114.86,4.04
12650,7507,102,1,683.61,28.48
12651,7507,119,1,69.61,7.94
12652,7508,120,1,44.88,2.14
12653,7509,59,1,105.0,6.27
12654,7510,199,1,5.9,0.28
12655,7511,237,1,10.34,1.23
12656,7512,153,2,179.31,20.44
12657,7513,203,1,67.83,5.57
12658,7513,63,1,555.18,60.2
12659,7513,74,1,35.45,2.54
12660,7514,165,1,6.2,0.39
12661,7515,118,1,13.3,0.58
12662,7516,211,1,22.6,1.67
12663,7517,223,1,155.25,11.68
12664,7517,75,1,553.99,21.45
12665,7518,48,3,93.17,10.02
12666,7519,62,3,19.26,1.18
12667,7520,121,1,272.89,18.62
12668,7521,229,3,16.22,1.62
12669,7522,176,1,199.66,10.22
12670,7522,31,2,34.65,3.54
12671,7522,22,1,412.18,34.87
12672,7523,113,1,29.13,1.73
12673,7523,87,1,391.01,33.83
12674,7524,137,1,112.97,11.86
12675,7525,60,2,85.87,3.23
12676,7526,66,1,27.73,3.1
12677,7526,119,1,69.61,4.32
12678,7526,84,1,54.94,3.18
12679,7527,97,1,244.48,17.51
12680,7528,208,1,113.76,13.18
12681,7528,3,3,51.08,3.19
12682,7529,28,1,164.02,7.27
12683,7529,77,1,170.84,15.42
12684,7530,204,1,103.62,4.98
12685,7531,113,1,29.13,3.32
12686,7531,192,1,82.67,8.43
12687,7531,13,3,31.08,1.58
12688,7532,195,1,45.11,4.65
12689,7533,87,1,391.01,32.24
12690,7533,102,1,683.61,44.82
12691,7533,34,1,127.18,11.32
12692,7534,53,1,270.94,8.69
12693,7535,16,1,90.17,3.54
12694,7536,101,2,8.28,0.8
12695,7537,132,1,74.95,3.28
12696,7537,29,1,617.47,26.95
12697,7538,98,1,25.53,2.51
12698,7539,26,1,16.21,1.34
12699,7539,50,1,44.06,2.73
12700,7539,46,1,645.92,23.1
12701,7540,40,1,97.22,10.82
12702,7541,135,1,212.24,17.3
12703,7541,37,1,136.42,12.79
12704,7542,97,2,244.48,17.93
12705,7543,248,1,40.02,4.66
12706,7543,40,1,97.22,7.24
12707,7544,46,1,645.92,73.34
12708,7544,35,1,76.68,4.25
12709,7544,41,1,63.66,2.69
12710,7545,153,1,179.31,17.92
12711,7545,218,1,62.27,6.64
12712,7545,140,1,11.94,0.96
12713,7546,234,1,17.93,0.64
12714,7546,65,1,165.64,18.67
12715,7547,151,1,116.4,11.79
12716,7548,147,1,81.1,2.73
12717,7548,230,1,231.23,15.72
12718,7549,49,1,38.8,4.16
12719,7550,120,1,44.88,2.16
12720,7550,154,1,53.6,4.69
12721,7551,126,1,25.06,2.29
12722,7551,189,1,150.51,14.53
12723,7552,88,1,2.59,0.25
12724,7552,130,1,76.27,6.76
12725,7553,90,1,11.62,1.22
12726,7553,146,1,98.43,11.07
12727,7554,125,1,111.51,11.55
12728,7555,220,1,669.86,29.72
12729,7555,23,1,629.48,64.25
12730,7556,108,1,3.52,0.16
12731,7556,130,1,76.27,3.8
12732,7557,216,1,194.01,17.45
12733,7558,212,1,619.34,63.48
12734,7559,231,1,80.77,3.54
12735,7560,164,1,31.65,3.48
12736,7561,71,1,179.59,7.66
12737,7562,8,1,6.03,0.51
12738,7563,82,1,53.33,2.9
12739,7564,163,1,20.16,1.84
12740,7564,79,1,47.16,2.89
12741,7565,15,1,114.86,5.36
12742,7565,211,1,22.6,1.47
12743,7565,25,1,28.3,2.36
12744,7566,210,2,56.9,3.27
12745,7567,189,1,150.51,14.03
12746,7568,35,1,76.68,2.79
12747,7569,67,1,53.0,3.12
12748,7569,40,1,97.22,8.23
12749,7569,100,1,136.87,11.52
12750,7570,23,1,629.48,39.58
12751,7570,35,1,76.68,5.61
12752,7570,181,1,14.39,1.11
12753,7571,135,1,212.24,18.11
12754,7571,72,1,112.92,5.78
12755,7571,148,1,101.97,11.78
12756,7571,250,1,583.02,58.53
12757,7572,22,1,412.18,43.9
12758,7573,209,1,115.41,5.38
12759,7574,14,3,94.71,7.45
12760,7575,226,3,134.28,8.73
12761,7576,144,1,50.76,5.92
12762,7577,98,2,25.53,1.19
12763,7577,99,1,14.4,0.53
12764,7577,21,1,285.75,26.06
12765,7578,5,1,88.33,10.21
12766,7578,234,1,17.93,1.66
12767,7579,177,1,81.05,8.08
12768,7579,94,3,33.91,2.7
12769,7579,165,3,6.2,0.36
12770,7580,132,1,74.95,2.63
12771,7581,101,1,8.28,0.97
12772,7582,93,1,25.75,2.28
12773,7583,123,1,10.31,0.88
12774,7583,235,1,75.26,3.17
12775,7584,48,1,93.17,4.82
12776,7585,217,1,36.43,3.36
12777,7586,119,1,69.61,5.14
12778,7586,51,1,71.14,5.39
12779,7587,174,1,8.1,0.91
12780,7588,60,1,85.87,5.22
12781,7588,97,1,244.48,25.65
12782,7589,129,1,858.28,59.07
12783,7590,194,1,41.9,2.86
12784,7591,132,1,74.95,2.4
12785,7591,124,1,434.69,20.11
12786,7592,69,1,33.1,2.15
12787,7592,172,1,356.67,24.72
12788,7592,77,1,170.84,13.31
12789,7593,248,1,40.02,2.23
12790,7593,7,1,136.48,6.06
12791,7594,131,1,203.22,16.65
12792,7594,36,1,55.53,5.25
12793,7594,139,1,488.45,39.35
12794,7595,142,1,230.98,15.2
12795,7596,222,1,22.72,1.35
12796,7597,242,1,135.54,15.0
12797,7598,120,1,44.88,4.38
12798,7599,10,1,26.93,1.84
12799,7600,40,1,97.22,11.48
12800,7601,220,1,669.86,76.48
12801,7602,214,1,211.86,23.7
12802,7603,193,1,286.41,17.82
12803,7604,228,1,95.03,9.03
12804,7605,29,1,617.47,70.82
12805,7606,99,1,14.4,1.44
12806,7607,142,1,230.98,8.31
12807,7607,183,2,101.22,6.44
12808,7608,151,1,116.4,12.64
12809,7608,220,2,669.86,70.94
12810,7609,44,1,39.31,4.27
12811,7609,142,1,230.98,15.76
12812,7609,22,1,412.18,26.38
12813,7609,208,1,113.76,9.66
12814,7610,161,1,84.35,8.49
12815,7611,66,1,27.73,2.56
12816,7612,15,1,114.86,11.53
12817,7612,131,1,203.22,21.25
12818,7612,213,1,31.81,2.4
12819,7612,150,1,43.62,1.43
12820,7613,100,1,136.87,5.86
12821,7614,95,3,25.87,1.16
12822,7614,190,1,239.32,20.95
12823,7614,74,1,35.45,1.57
12824,7614,189,1,150.51,9.05
12825,7615,59,1,105.0,8.45
12826,7615,107,1,87.92,4.02
12827,7616,156,1,99.5,10.33
12828,7616,184,1,344.95,40.74
12829,7617,169,1,69.98,3.63
12830,7618,147,1,81.1,5.82
12831,7618,113,2,29.13,2.42
12832,7618,86,1,124.98,9.05
12833,7619,248,1,40.02,3.35
12834,7620,78,1,180.73,17.68
12835,7620,243,1,83.89,6.75
12836,7621,78,1,180.73,20.02
12837,7621,45,1,30.04,3.58
12838,7622,128,1,13.41,1.14
12839,7623,187,2,95.65,6.6
12840,7623,228,1,95.03,5.82
12841,7624,72,1,112.92,10.63
12842,7624,205,1,172.47,7.4
12843,7624,86,1,124.98,9.94
12844,7625,103,1,1102.59,45.95
12845,7625,119,1,69.61,2.13
12846,7626,157,1,234.71,17.53
12847,7627,227,1,49.54,4.9
12848,7627,210,1,56.9,2.33
12849,7628,170,1,527.03,25.77
12850,7629,147,1,81.1,7.67
12851,7630,120,1,44.88,1.36
12852,7630,128,1,13.41,1.21
12853,7631,40,1,97.22,9.5
12854,7631,153,1,179.31,15.63
12855,7631,52,1,30.53,1.2
12856,7632,229,1,16.22,0.53
12857,7633,139,1,488.45,48.79
12858,7633,204,1,103.62,5.05
12859,7633,4,1,95.98,10.75
12860,7633,159,1,124.76,14.88
12861,7634,210,1,56.9,1.79
12862,7634,129,1,858.28,48.9
12863,7634,212,1,619.34,19.51
12864,7635,179,1,246.47,11.54
12865,7636,137,1,112.97,9.19
12866,7637,230,1,231.23,13.69
12867,7638,93,1,25.75,1.55
12868,7638,3,1,51.08,5.61
12869,7638,217,2,36.43,3.08
12870,7639,35,1,76.68,7.54
12871,7639,34,1,127.18,15.05
12872,7640,173,1,57.93,5.17
12873,7641,212,2,619.34,69.2
12874,7642,48,1,93.17,9.17
12875,7643,222,3,22.72,2.29
12876,7643,46,1,645.92,51.73
12877,7644,104,1,82.65,6.85
12878,7644,142,1,230.98,14.51
12879,7645,232,1,155.86,5.54
12880,7646,244,3,84.79,9.0
12881,7647,223,1,155.25,6.2
12882,7648,193,1,286.41,25.94
12883,7648,169,1,69.98,7.71
12884,7649,181,2,14.39,1.27
12885,7650,205,1,172.47,7.81
12886,7651,154,1,53.6,1.74
12887,7652,20,1,71.62,6.72
12888,7652,60,1,85.87,5.54
12889,7652,151,1,116.4,4.64
12890,7653,104,1,82.65,4.42
12891,7653,63,1,555.18,29.71
12892,7653,41,1,63.66,3.03
12893,7653,57,1,185.85,11.36
12894,7654,59,1,105.0,7.65
12895,7655,139,1,488.45,45.11
12896,7655,46,1,645.92,33.49
12897,7656,20,1,71.62,7.76
12898,7656,2,1,120.72,4.85
12899,7656,11,3,685.7,52.41
12900,7656,208,1,113.76,9.86
12901,7657,99,1,14.4,1.37
12902,7658,224,1,6.63,0.72
12903,7658,249,1,52.62,6.01
12904,7659,3,3,51.08,2.3
12905,7660,220,1,669.86,60.44
12906,7661,55,1,167.62,12.42
12907,7661,226,1,134.28,9.89
12908,7661,227,1,49.54,4.17
12909,7661,151,1,116.4,6.01
12910,7662,53,1,270.94,9.13
12911,7663,104,1,82.65,7.5
12912,7663,102,1,683.61,31.1
12913,7664,15,1,114.86,12.53
12914,7665,27,1,852.23,88.01
12915,7665,122,2,69.41,3.58
12916,7665,103,1,1102.59,64.64
12917,7666,158,1,19.01,1.9
12918,7667,242,1,135.54,11.22
12919,7667,77,2,170.84,12.44
12920,7668,133,1,37.44,3.38
12921,7669,61,1,30.27,0.95
12922,7670,164,1,31.65,1.79
12923,7670,102,3,683.61,28.7
12924,7671,102,1,683.61,28.16
12925,7672,49,1,38.8,3.91
12926,7673,235,1,75.26,6.84
12927,7673,65,1,165.64,8.09
12928,7673,177,1,81.05,2.69
12929,7674,139,1,488.45,44.0
12930,7674,25,1,28.3,2.31
12931,7675,165,1,6.2,0.46
12932,7676,219,1,66.09,3.37
12933,7677,205,1,172.47,14.92
12934,7677,75,1,553.99,33.31
12935,7677,44,1,39.31,1.73
12936,7677,97,1,244.48,28.37
12937,7678,52,1,30.53,1.93
12938,7679,34,1,127.18,8.23
12939,7680,232,1,155.86,6.98
12940,7680,65,1,165.64,12.63
12941,7681,179,1,246.47,17.53
12942,7681,234,1,17.93,1.79
12943,7682,146,1,98.43,5.95
12944,7682,32,1,17.9,1.85
12945,7683,228,2,95.03,3.94
12946,7684,20,1,71.62,6.23
12947,7684,232,1,155.86,6.08
12948,7684,57,1,185.85,9.59
12949,7685,71,1,179.59,20.24
12950,7685,172,1,356.67,42.12
12951,7686,27,1,852.23,70.81
12952,7686,44,1,39.31,4.08
12953,7686,204,1,103.62,3.88
12954,7686,126,1,25.06,2.61
12955,7687,235,1,75.26,4.0
12956,7687,224,1,6.63,0.36
12957,7687,189,1,150.51,16.86
12958,7688,27,1,852.23,36.37
12959,7689,67,1,53.0,5.88
12960,7690,147,1,81.1,4.26
12961,7690,58,3,7.39,0.78
12962,7690,88,1,2.59,0.31
12963,7690,75,1,553.99,50.47
12964,7691,23,1,629.48,51.12
12965,7692,115,1,27.12,1.06
12966,7692,30,1,58.74,3.26
12967,7693,118,1,13.3,0.77
12968,7694,34,1,127.18,7.44
12969,7694,111,1,97.83,9.13
12970,7695,84,1,54.94,5.59
12971,7695,180,1,209.32,11.89
12972,7695,48,1,93.17,5.46
12973,7696,134,1,140.62,7.12
12974,7697,205,2,172.47,19.59
12975,7698,236,1,326.99,12.69
12976,7698,15,1,114.86,11.48
12977,7699,94,1,33.91,2.63
12978,7700,160,1,19.67,2.18
12979,7700,17,1,29.84,1.25
12980,7701,87,1,391.01,20.58
12981,7702,165,1,6.2,0.74
12982,7702,242,1,135.54,15.91
12983,7703,189,2,150.51,13.69
12984,7704,234,1,17.93,1.3
12985,7705,22,1,412.18,28.86
12986,7705,77,1,170.84,19.18
12987,7706,184,3,344.95,11.88
12988,7707,15,3,114.86,5.87
12989,7707,131,1,203.22,22.87
12990,7708,144,1,50.76,2.56
12991,7708,162,1,6.54,0.42
12992,7709,161,1,84.35,9.48
12993,7709,94,1,33.91,1.59
12994,7709,159,1,124.76,10.93
12995,7710,228,1,95.03,4.21
12996,7710,135,1,212.24,8.04
12997,7710,179,1,246.47,20.78
12998,7711,235,1,75.26,2.67
12999,7711,173,1,57.93,4.47
13000,7712,211,1,22.6,2.08
13001,7713,216,1,194.01,7.96
13002,7714,87,1,391.01,15.96
13003,7714,104,1,82.65,8.56
13004,7715,124,1,434.69,43.56
13005,7716,123,1,10.31,0.92
13006,7716,146,1,98.43,8.16
13007,7716,218,1,62.27,5.54
13008,7717,151,1,116.4,5.54
13009,7717,217,1,36.43,2.02
13010,7717,79,1,47.16,4.29
13011,7717,32,1,17.9,1.68
13012,7718,161,1,84.35,2.63
13013,7718,144,1,50.76,1.75
13014,7718,63,1,555.18,62.9
13015,7719,30,1,58.74,3.3
13016,7719,206,1,760.6,41.78
13017,7720,42,2,145.78,12.84
13018,7721,188,1,15.44,0.99
13019,7722,129,1,858.28,26.04
13020,7723,40,1,97.22,5.14
13021,7724,7,1,136.48,5.55
13022,7725,120,2,44.88,3.85
13023,7725,13,1,31.08,2.44
13024,7726,124,1,434.69,24.91
13025,7726,113,1,29.13,1.17
13026,7727,218,1,62.27,7.45
13027,7728,76,3,52.37,3.65
13028,7728,104,1,82.65,6.72
13029,7729,63,1,555.18,57.43
13030,7729,34,1,127.18,10.0
13031,7729,131,1,203.22,7.66
13032,7730,153,1,179.31,13.56
13033,7731,211,1,22.6,2.42
13034,7732,217,1,36.43,1.27
13035,7733,169,1,69.98,4.86
13036,7734,135,3,212.24,8.23
13037,7735,63,1,555.18,21.26
13038,7736,235,1,75.26,8.08
13039,7736,98,1,25.53,2.49
13040,7737,161,1,84.35,6.98
13041,7738,155,1,18.82,1.49
13042,7738,27,1,852.23,91.35
13043,7739,116,1,53.02,4.9
13044,7740,14,1,94.71,3.48
13045,7740,109,1,151.47,9.84
13046,7740,166,1,30.99,3.33
13047,7740,175,2,16.15,1.83
13048,7741,106,1,27.76,1.23
13049,7742,84,1,54.94,3.28
13050,7742,209,1,115.41,4.64
13051,7743,153,1,179.31,17.38
13052,7743,75,1,553.99,26.87
13053,7744,44,2,39.31,2.53
13054,7745,67,1,53.0,3.42
13055,7746,219,1,66.09,7.53
13056,7747,54,2,387.71,41.77
13057,7747,86,1,124.98,5.46
13058,7748,173,1,57.93,6.71
13059,7748,205,1,172.47,16.9
13060,7749,94,1,33.91,3.49
13061,7749,171,1,100.35,6.92
13062,7749,48,1,93.17,3.57
13063,7750,168,3,9.01,0.44
13064,7750,162,1,6.54,0.4
13065,7751,67,1,53.0,3.69
13066,7752,84,1,54.94,3.88
13067,7753,86,2,124.98,14.0
13068,7754,138,1,45.06,3.96
13069,7755,158,1,19.01,2.18
13070,7755,97,1,244.48,23.97
13071,7756,155,1,18.82,0.64
13072,7756,36,1,55.53,4.65
13073,7756,18,1,17.37,1.19
13074,7756,130,1,76.27,8.95
13075,7757,22,1,412.18,34.78
13076,7758,204,1,103.62,7.61
13077,7759,207,1,51.95,4.58
13078,7759,56,1,38.8,2.18
13079,7760,77,1,170.84,19.16
13080,7760,37,1,136.42,6.82
13081,7761,72,1,112.92,7.25
13082,7762,63,1,555.18,25.91
13083,7763,104,1,82.65,4.38
13084,7763,14,1,94.71,3.64
13085,7764,233,1,339.7,24.42
13086,7764,71,3,179.59,21.16
13087,7764,66,1,27.73,0.98
13088,7765,10,1,26.93,0.87
13089,7765,202,3,130.75,13.39
13090,7766,79,1,47.16,5.6
13091,7767,131,2,203.22,11.96
13092,7767,109,1,151.47,13.18
13093,7768,189,1,150.51,14.97
13094,7768,250,1,583.02,54.81
13095,7768,192,1,82.67,4.41
13096,7768,14,1,94.71,5.82
13097,7769,75,1,553.99,48.93
13098,7769,73,2,85.1,3.0
13099,7770,137,1,112.97,8.78
13100,7771,51,1,71.14,3.77
13101,7771,21,1,285.75,33.76
13102,7772,138,1,45.06,4.62
13103,7772,23,1,629.48,69.3
13104,7773,182,1,19.48,1.92
13105,7773,111,1,97.83,4.98
13106,7773,157,1,234.71,23.08
13107,7774,91,1,56.23,6.56
13108,7775,249,1,52.62,2.09
13109,7775,40,1,97.22,11.27
13110,7775,176,1,199.66,16.82
13111,7776,200,1,16.92,1.24
13112,7777,5,2,88.33,4.01
13113,7777,225,1,59.74,4.15
13114,7777,241,3,40.34,1.59
13115,7777,216,1,194.01,21.13
13116,7778,37,1,136.42,14.76
13117,7778,59,1,105.0,9.2
13118,7779,175,1,16.15,0.99
13119,7780,181,1,14.39,1.16
13120,7780,201,1,68.19,3.55
13121,7781,183,1,101.22,3.63
13122,7782,125,1,111.51,9.59
13123,7783,176,1,199.66,11.18
13124,7784,147,1,81.1,6.03
13125,7784,68,1,38.67,3.01
13126,7785,98,1,25.53,2.4
13127,7786,15,1,114.86,3.86
13128,7786,127,1,82.05,9.55
13129,7786,94,1,33.91,2.41
13130,7787,10,1,26.93,1.98
13131,7788,86,1,124.98,6.72
13132,7788,57,1,185.85,19.52
13133,7788,113,1,29.13,2.42
13134,7788,235,1,75.26,6.0
13135,7789,4,1,95.98,11.27
13136,7790,94,2,33.91,2.38
13137,7790,90,1,11.62,0.99
13138,7791,15,1,114.86,3.89
13139,7791,109,2,151.47,17.76
13140,7792,222,1,22.72,0.79
13141,7793,192,1,82.67,6.3
13142,7793,231,1,80.77,3.38
13143,7793,88,1,2.59,0.22
13144,7793,119,2,69.61,6.41
13145,7794,234,1,17.93,1.15
13146,7795,72,1,112.92,3.8
13147,7795,77,1,170.84,12.81
13148,7796,134,1,140.62,13.71
13149,7797,45,1,30.04,1.97
13150,7797,56,1,38.8,4.06
13151,7798,245,1,178.52,18.93
13152,7798,27,1,852.23,28.31
13153,7798,64,1,191.61,21.66
13154,7799,35,1,76.68,3.65
13155,7799,53,3,270.94,14.68
13156,7800,154,1,53.6,3.71
13157,7801,148,1,101.97,10.76
13158,7802,176,1,199.66,20.21
13159,7803,240,1,694.84,55.78
13160,7804,135,1,212.24,13.65
13161,7805,56,1,38.8,3.37
13162,7806,214,1,211.86,7.56
13163,7807,206,1,760.6,40.15
13164,7807,150,1,43.62,2.49
13165,7808,15,1,114.86,3.82
13166,7809,88,1,2.59,0.1
13167,7810,107,2,87.92,9.24
13168,7810,189,1,150.51,8.08
13169,7810,161,1,84.35,6.52
13170,7811,106,1,27.76,2.92
13171,7811,112,1,335.91,20.01
13172,7811,3,1,51.08,6.05
13173,7812,18,1,17.37,1.72
13174,7813,51,1,71.14,8.31
13175,7814,89,1,179.88,10.58
13176,7814,98,1,25.53,1.92
13177,7815,116,1,53.02,6.18
13178,7815,35,1,76.68,3.36
13179,7816,11,1,685.7,26.13
13180,7817,241,1,40.34,1.59
13181,7818,151,1,116.4,11.72
13182,7818,219,1,66.09,4.73
13183,7818,8,1,6.03,0.35
13184,7818,224,2,6.63,0.73
13185,7819,80,1,37.9,2.81
13186,7820,232,1,155.86,13.3
13187,7821,169,1,69.98,3.55
13188,7822,250,1,583.02,62.98
13189,7823,107,1,87.92,5.63
13190,7824,109,1,151.47,17.43
13191,7824,72,1,112.92,6.56
13192,7824,4,1,95.98,8.15
13193,7825,197,1,235.87,23.89
13194,7826,59,3,105.0,6.25
13195,7827,204,1,103.62,11.02
13196,7827,140,1,11.94,1.15
13197,7827,20,1,71.62,8.01
13198,7828,77,1,170.84,15.7
13199,7829,146,1,98.43,4.7
13200,7829,98,1,25.53,1.15
13201,7830,49,1,38.8,4.11
13202,7831,159,1,124.76,5.38
13203,7832,176,3,199.66,13.65
13204,7833,245,1,178.52,7.41
13205,7834,53,1,270.94,32.04
13206,7834,119,1,69.61,6.4
13207,7834,73,1,85.1,5.18
13208,7834,90,1,11.62,0.64
13209,7835,85,1,106.96,3.48
13210,7836,144,3,50.76,2.59
13211,7837,171,1,100.35,11.13
13212,7838,246,1,30.72,1.3
13213,7839,161,1,84.35,5.18
13214,7840,239,1,762.58,63.97
13215,7841,212,1,619.34,55.97
13216,7842,23,1,629.48,19.18
13217,7843,1,1,826.88,24.86
13218,7843,238,1,115.34,5.56
13219,7844,222,1,22.72,0.83
13220,7844,81,2,44.98,3.82
13221,7845,106,1,27.76,1.08
13222,7845,213,1,31.81,1.84
13223,7846,224,1,6.63,0.66
13224,7847,146,1,98.43,10.37
13225,7848,12,1,94.84,5.18
13226,7849,12,1,94.84,6.79
13227,7850,61,1,30.27,2.48
13228,7850,176,1,199.66,7.14
13229,7850,8,1,6.03,0.29
13230,7851,77,1,170.84,18.76
13231,7852,186,1,66.12,7.17
13232,7852,142,1,230.98,14.63
13233,7853,155,1,18.82,0.67
13234,7854,161,1,84.35,2.65
13235,7855,27,1,852.23,83.09
13236,7855,65,1,165.64,15.07
13237,7856,214,3,211.86,14.87
13238,7856,35,1,76.68,5.15
13239,7856,102,1,683.61,32.12
13240,7856,104,1,82.65,2.54
13241,7857,126,2,25.06,2.86
13242,7857,217,1,36.43,3.95
13243,7858,29,1,617.47,54.17
13244,7859,33,1,30.54,1.13
13245,7859,205,1,172.47,6.13
13246,7860,230,1,231.23,27.59
13247,7861,190,1,239.32,22.71
13248,7862,44,1,39.31,3.55
13249,7863,232,1,155.86,17.87
13250,7863,179,1,246.47,18.62
13251,7863,222,3,22.72,1.09
13252,7864,173,1,57.93,4.33
13253,7865,214,1,211.86,17.7
13254,7865,21,3,285.75,16.62
13255,7866,189,1,150.51,11.73
13256,7866,50,1,44.06,3.93
13257,7866,25,1,28.3,1.51
13258,7867,146,1,98.43,10.72
13259,7867,73,1,85.1,3.58
13260,7868,75,1,553.99,31.84
13261,7869,105,1,262.49,30.14
13262,7869,161,1,84.35,6.65
13263,7870,44,1,39.31,3.63
13264,7870,214,1,211.86,6.86
13265,7870,224,1,6.63,0.59
13266,7871,132,1,74.95,3.01
13267,7872,25,1,28.3,2.79
13268,7873,104,1,82.65,8.43
13269,7873,200,1,16.92,1.07
13270,7874,24,1,89.79,8.38
13271,7875,60,1,85.87,5.91
13272,7876,81,1,44.98,3.64
13273,7877,234,1,17.93,1.74
13274,7878,250,1,583.02,56.23
13275,7879,248,1,40.02,4.32
13276,7880,69,1,33.1,2.98
13277,7880,250,1,583.02,28.94
13278,7880,172,1,356.67,16.34
13279,7880,242,1,135.54,8.44
13280,7881,46,1,645.92,26.53
13281,7881,245,1,178.52,21.42
13282,7882,171,1,100.35,6.18
13283,7883,23,2,629.48,29.99
13284,7884,47,1,18.06,0.83
13285,7885,129,1,858.28,58.87
13286,7885,48,1,93.17,5.39
13287,7886,239,1,762.58,27.68
13288,7887,250,1,583.02,63.88
13289,7888,15,1,114.86,10.36
13290,7889,242,1,135.54,15.2
13291,7890,143,1,180.32,10.78
13292,7891,229,1,16.22,1.11
13293,7891,151,1,116.4,6.43
13294,7891,122,3,69.41,6.29
13295,7891,123,1,10.31,0.5
13296,7892,8,1,6.03,0.53
13297,7892,212,1,619.34,52.94
13298,7892,167,2,139.5,15.9
13299,7893,15,1,114.86,5.03
13300,7893,126,1,25.06,2.32
13301,7893,164,1,31.65,2.32
13302,7894,158,2,19.01,1.32
13303,7895,198,1,52.95,4.4
13304,7895,40,1,97.22,10.45
13305,7896,217,1,36.43,2.32
13306,7896,13,1,31.08,2.59
13307,7897,46,1,645.92,75.52
13308,7898,121,1,272.89,15.34
13309,7899,235,1,75.26,7.45
13310,7899,86,1,124.98,4.69
13311,7899,100,1,136.87,8.05
13312,7900,164,1,31.65,1.43
13313,7901,206,1,760.6,25.64
13314,7901,223,1,155.25,14.67
13315,7901,212,1,619.34,55.16
13316,7902,161,1,84.35,3.82
13317,7902,142,1,230.98,21.16
13318,7903,37,1,136.42,11.39
13319,7903,35,1,76.68,2.91
13320,7904,94,1,33.91,3.14
13321,7905,130,1,76.27,5.83
13322,7906,75,1,553.99,50.6
13323,7907,161,1,84.35,2.56
13324,7907,67,1,53.0,4.67
13325,7908,160,1,19.67,2.22
13326,7909,142,1,230.98,24.08
13327,7910,197,1,235.87,11.53
13328,7910,71,1,179.59,11.88
13329,7911,34,1,127.18,13.65
13330,7911,36,1,55.53,6.42
13331,7912,171,1,100.35,6.01
13332,7913,60,1,85.87,5.7
13333,7914,220,1,669.86,21.5
13334,7915,169,1,69.98,2.38
13335,7916,47,1,18.06,2.06
13336,7916,173,1,57.93,5.45
13337,7917,156,1,99.5,8.5
13338,7918,67,1,53.0,3.43
13339,7919,90,1,11.62,1.03
13340,7919,227,1,49.54,2.64
13341,7920,220,1,669.86,65.47
13342,7921,130,1,76.27,5.28
13343,7922,106,1,27.76,2.8
13344,7923,168,1,9.01,0.72
13345,7924,158,1,19.01,0.75
13346,7925,15,2,114.86,9.57
13347,7926,15,3,114.86,4.95
13348,7927,238,1,115.34,8.71
13349,7928,220,1,669.86,77.59
13350,7928,97,2,244.48,19.09
13351,7929,230,1,231.23,13.86
13352,7929,200,1,16.92,0.66
13353,7930,196,2,47.98,3.0
13354,7931,24,1,89.79,6.83
13355,7932,10,1,26.93,2.85
13356,7932,161,1,84.35,8.22
13357,7932,67,2,53.0,2.19
13358,7933,235,1,75.26,7.56
13359,7934,59,1,105.0,4.16
13360,7935,181,1,14.39,1.46
13361,7936,76,1,52.37,2.54
13362,7936,27,1,852.23,90.44
13363,7936,197,1,235.87,23.37
13364,7937,75,1,553.99,22.39
13365,7938,69,1,33.1,3.33
13366,7939,108,1,3.52,0.24
13367,7939,129,1,858.28,54.32
13368,7939,221,1,80.15,3.07
13369,7940,32,1,17.9,1.75
13370,7940,142,1,230.98,15.74
13371,7940,180,1,209.32,20.86
13372,7941,159,1,124.76,8.86
13373,7942,21,1,285.75,26.4
13374,7943,191,1,39.7,4.72
13375,7943,89,1,179.88,8.56
13376,7943,67,1,53.0,2.17
13377,7943,68,1,38.67,3.89
13378,7944,206,1,760.6,42.21
13379,7945,175,1,16.15,1.09
13380,7945,148,1,101.97,8.88
13381,7946,242,1,135.54,11.94
13382,7946,149,2,71.93,4.07
13383,7947,173,3,57.93,2.48
13384,7948,215,1,237.45,28.08
13385,7949,151,1,116.4,12.98
13386,7949,75,1,553.99,42.05
13387,7950,113,1,29.13,3.23
13388,7950,98,1,25.53,1.57
13389,7951,71,1,179.59,8.75
13390,7951,110,1,759.15,74.98
13391,7951,5,1,88.33,5.66
13392,7951,203,1,67.83,2.36
13393,7952,6,1,251.86,17.03
13394,7953,170,1,527.03,51.15
13395,7954,66,2,27.73,1.56
13396,7955,104,1,82.65,3.13
13397,7955,23,1,629.48,38.12
13398,7955,176,1,199.66,10.27
13399,7955,224,1,6.63,0.68
13400,7956,3,1,51.08,1.65
13401,7956,68,1,38.67,2.44
13402,7956,243,2,83.89,5.98
13403,7956,36,1,55.53,6.15
13404,7957,148,1,101.97,6.42
13405,7957,199,2,5.9,0.58
13406,7958,217,1,36.43,3.16
13407,7959,90,1,11.62,0.81
13408,7960,8,1,6.03,0.64
13409,7960,121,1,272.89,9.01
13410,7960,244,1,84.79,8.16
13411,7960,235,3,75.26,8.98
13412,7961,161,1,84.35,9.38
13413,7961,214,1,211.86,20.64
13414,7962,43,1,137.44,4.8
13415,7963,86,1,124.98,14.07
13416,7963,16,1,90.17,4.94
13417,7964,21,1,285.75,27.53
13418,7964,232,1,155.86,11.85
13419,7964,220,1,669.86,48.87
13420,7964,194,1,41.9,3.84
13421,7965,51,1,71.14,6.81
13422,7965,150,1,43.62,1.84
13423,7965,212,1,619.34,72.07
13424,7966,22,1,412.18,37.01
13425,7966,98,1,25.53,1.77
13426,7967,27,1,852.23,90.19
13427,7968,210,1,56.9,5.76
13428,7969,40,1,97.22,7.4
13429,7970,227,1,49.54,4.72
13430,7970,29,1,617.47,52.94
13431,7970,230,1,231.23,25.24
13432,7971,73,1,85.1,3.21
13433,7971,28,1,164.02,9.24
13434,7972,22,1,412.18,27.82
13435,7973,207,1,51.95,4.87
13436,7973,186,1,66.12,7.58
13437,7974,135,1,212.24,16.66
13438,7975,24,1,89.79,8.85
13439,7976,65,1,165.64,17.74
13440,7977,202,1,130.75,10.1
13441,7978,65,1,165.64,19.01
13442,7978,29,1,617.47,70.72
13443,7979,118,1,13.3,1.45
13444,7980,96,1,826.6,45.08
13445,7981,163,1,20.16,2.14
13446,7982,53,1,270.94,12.46
13447,7983,21,1,285.75,19.82
13448,7984,189,1,150.51,16.2
13449,7985,153,1,179.31,18.07
13450,7986,24,1,89.79,7.47
13451,7987,115,1,27.12,1.32
13452,7987,143,1,180.32,20.94
13453,7988,179,1,246.47,22.81
13454,7989,186,1,66.12,2.89
13455,7990,234,1,17.93,1.02
13456,7990,34,1,127.18,7.49
13457,7991,148,1,101.97,6.22
13458,7991,27,1,852.23,40.71
13459,7992,13,1,31.08,2.85
13460,7993,18,1,17.37,1.88
13461,7993,107,1,87.92,8.28
13462,7994,134,1,140.62,4.62
13463,7994,118,1,13.3,1.32
13464,7995,174,1,8.1,0.95
13465,7996,161,1,84.35,9.95
13466,7996,79,1,47.16,3.33
13467,7997,91,1,56.23,5.73
13468,7997,224,1,6.63,0.63
13469,7998,230,1,231.23,10.04
13470,7998,120,1,44.88,1.6
13471,7999,151,1,116.4,11.89
13472,7999,31,1,34.65,2.82
13473,8000,27,1,852.23,90.38
13474,8000,153,1,179.31,17.64
13475,8001,131,1,203.22,21.0
13476,8002,43,2,137.44,11.66
13477,8002,71,1,179.59,6.98
13478,8003,192,1,82.67,6.17
13479,8004,101,1,8.28,0.5
13480,8005,66,1,27.73,3.29
13481,8006,60,1,85.87,4.4
13482,8006,157,1,234.71,11.79
13483,8006,44,1,39.31,2.15
13484,8006,133,1,37.44,1.33
13485,8007,3,1,51.08,3.32
13486,8007,104,1,82.65,3.08
13487,8008,238,2,115.34,6.77
13488,8008,38,1,147.17,12.5
13489,8008,52,1,30.53,1.99
13490,8009,53,1,270.94,16.68
13491,8009,87,1,391.01,13.54
13492,8010,228,1,95.03,6.56
13493,8011,33,2,30.54,3.21
13494,8012,238,3,115.34,7.32
13495,8013,161,1,84.35,9.24
13496,8013,249,1,52.62,3.77
13497,8014,26,1,16.21,1.35
13498,8015,197,1,235.87,17.53
13499,8015,247,1,31.51,2.99
13500,8016,22,1,412.18,12.42
13501,8017,32,1,17.9,1.79
13502,8017,40,1,97.22,9.36
13503,8018,115,1,27.12,3.23
13504,8019,164,1,31.65,3.71
13505,8019,95,1,25.87,1.29
13506,8020,59,1,105.0,9.17
13507,8020,197,1,235.87,7.92
13508,8021,111,1,97.83,10.27
13509,8022,120,1,44.88,4.43
13510,8022,65,2,165.64,13.03
13511,8022,179,1,246.47,19.43
13512,8023,245,1,178.52,15.82
13513,8024,49,1,38.8,1.84
13514,8025,235,1,75.26,7.15
13515,8026,205,3,172.47,12.95
13516,8026,40,1,97.22,3.14
13517,8026,196,1,47.98,4.4
13518,8027,242,1,135.54,8.56
13519,8028,204,1,103.62,9.58
13520,8029,10,1,26.93,0.82
13521,8029,159,1,124.76,5.35
13522,8030,40,1,97.22,3.07
13523,8031,139,1,488.45,22.27
13524,8032,139,1,488.45,18.0
13525,8032,36,1,55.53,2.48
13526,8033,189,1,150.51,14.82
13527,8033,129,1,858.28,69.93
13528,8033,50,1,44.06,4.65
13529,8034,43,1,137.44,12.12
13530,8034,46,1,645.92,45.16
13531,8034,24,1,89.79,3.49
13532,8034,48,1,93.17,9.25
13533,8035,30,1,58.74,2.7
13534,8036,228,1,95.03,6.52
13535,8037,123,3,10.31,1.21
13536,8038,36,1,55.53,1.97
13537,8038,180,1,209.32,9.0
13538,8039,43,1,137.44,13.5
13539,8039,51,1,71.14,3.88
13540,8040,250,1,583.02,48.32
13541,8041,129,1,858.28,73.07
13542,8041,229,1,16.22,1.37
13543,8042,140,1,11.94,1.18
13544,8043,139,1,488.45,34.26
13545,8044,104,1,82.65,7.83
13546,8044,142,1,230.98,15.21
13547,8045,139,1,488.45,37.19
13548,8046,228,1,95.03,6.56
13549,8047,11,1,685.7,42.08
13550,8048,55,1,167.62,12.44
13551,8049,229,1,16.22,0.83
13552,8050,130,1,76.27,6.62
13553,8051,137,1,112.97,9.53
13554,8051,102,1,683.61,22.05
13555,8052,146,1,98.43,3.22
13556,8053,227,1,49.54,4.14
13557,8053,206,1,760.6,80.16
13558,8054,187,1,95.65,6.27
13559,8054,161,1,84.35,3.7
13560,8054,24,1,89.79,8.51
13561,8054,141,1,483.07,32.24
13562,8055,72,1,112.92,12.52
13563,8055,123,1,10.31,0.73
13564,8056,63,1,555.18,64.71
13565,8057,59,1,105.0,3.86
13566,8057,235,1,75.26,9.0
13567,8058,219,1,66.09,5.41
13568,8059,246,1,30.72,3.55
13569,8059,231,1,80.77,6.6
13570,8059,3,1,51.08,4.15
13571,8059,227,1,49.54,2.45
13572,8060,86,1,124.98,4.23
13573,8060,61,2,30.27,2.06
13574,8060,202,3,130.75,15.39
13575,8060,124,1,434.69,18.53
13576,8061,104,1,82.65,3.61
13577,8062,117,1,45.11,2.12
13578,8062,174,1,8.1,0.5
13579,8062,131,1,203.22,15.76
13580,8062,217,1,36.43,1.99
13581,8063,155,1,18.82,1.84
13582,8064,62,1,19.26,0.61
13583,8064,139,1,488.45,25.13
13584,8064,118,1,13.3,0.84
13585,8064,85,1,106.96,7.76
13586,8065,46,1,645.92,51.39
13587,8066,195,1,45.11,4.19
13588,8067,25,1,28.3,2.03
13589,8067,131,1,203.22,16.21
13590,8068,57,1,185.85,16.42
13591,8068,36,1,55.53,5.14
13592,8069,87,1,391.01,32.1
13593,8070,195,1,45.11,5.0
13594,8071,199,1,5.9,0.7
13595,8071,22,1,412.18,36.29
13596,8072,229,1,16.22,0.58
13597,8073,55,1,167.62,16.43
13598,8074,242,1,135.54,8.64
13599,8075,19,1,11.93,1.42
13600,8075,249,1,52.62,5.56
13601,8076,40,2,97.22,3.45
13602,8077,174,1,8.1,0.71
13603,8078,88,1,2.59,0.24
13604,8078,73,1,85.1,4.91
13605,8078,1,1,826.88,92.34
13606,8079,106,2,27.76,1.42
13607,8080,205,1,172.47,7.28
13608,8080,203,1,67.83,6.77
13609,8081,104,1,82.65,5.98
13610,8082,214,1,211.86,22.68
13611,8083,69,1,33.1,2.06
13612,8083,79,1,47.16,5.11
13613,8083,177,1,81.05,5.18
13614,8084,169,1,69.98,5.35
13615,8084,225,1,59.74,6.48
13616,8085,114,1,164.19,17.82
13617,8085,25,1,28.3,0.99
13618,8086,250,1,583.02,45.29
13619,8087,70,1,41.53,4.59
13620,8087,195,1,45.11,1.99
13621,8088,111,1,97.83,6.07
13622,8089,190,1,239.32,9.92
13623,8089,108,1,3.52,0.2
13624,8090,66,3,27.73,1.3
13625,8091,45,1,30.04,3.36
13626,8092,228,1,95.03,10.87
13627,8093,205,3,172.47,14.24
13628,8094,54,1,387.71,23.82
13629,8094,215,1,237.45,21.21
13630,8094,209,1,115.41,11.4
13631,8095,147,1,81.1,8.43
13632,8095,236,1,326.99,15.95
13633,8096,27,1,852.23,65.37
13634,8097,225,1,59.74,2.4
13635,8098,129,1,858.28,78.8
13636,8098,38,1,147.17,12.07
13637,8098,99,1,14.4,1.21
13638,8099,103,2,1102.59,64.23
13639,8100,109,1,151.47,12.76
13640,8101,21,1,285.75,21.57
13641,8102,121,1,272.89,12.78
13642,8103,157,1,234.71,10.09
13643,8104,213,1,31.81,3.43
13644,8104,53,1,270.94,21.77
13645,8105,238,1,115.34,5.01
13646,8105,228,1,95.03,6.34
13647,8106,43,1,137.44,13.33
13648,8106,10,1,26.93,2.09
13649,8107,234,1,17.93,0.65
13650,8107,200,1,16.92,1.99
13651,8108,230,3,231.23,18.25
13652,8108,106,1,27.76,3.18
13653,8108,217,1,36.43,2.5
13654,8109,176,1,199.66,19.84
13655,8109,67,1,53.0,5.9
13656,8109,32,1,17.9,1.57
13657,8110,22,1,412.18,31.3
13658,8111,192,1,82.67,5.45
13659,8112,151,1,116.4,7.6
13660,8113,88,1,2.59,0.22
13661,8113,82,1,53.33,5.78
13662,8114,119,1,69.61,6.97
13663,8115,158,1,19.01,1.28
13664,8116,189,2,150.51,15.98
13665,8116,137,1,112.97,11.83
13666,8117,217,1,36.43,3.83
13667,8118,143,1,180.32,12.84
13668,8119,199,1,5.9,0.65
13669,8119,63,1,555.18,27.29
13670,8120,205,3,172.47,6.67
13671,8120,200,1,16.92,1.42
13672,8121,30,1,58.74,6.4
13673,8122,173,1,57.93,6.27
13674,8122,197,1,235.87,8.83
13675,8123,229,1,16.22,1.35
13676,8124,234,1,17.93,1.34
13677,8125,4,2,95.98,8.72
13678,8125,120,1,44.88,2.27
13679,8125,66,1,27.73,1.03
13680,8125,40,2,97.22,3.57
13681,8126,21,1,285.75,25.24
13682,8126,105,1,262.49,25.87
13683,8126,161,1,84.35,3.55
13684,8127,160,1,19.67,0.78
13685,8128,20,1,71.62,7.99
13686,8129,77,2,170.84,20.17
13687,8129,93,1,25.75,1.35
13688,8130,170,1,527.03,34.11
13689,8131,175,1,16.15,0.87
13690,8131,193,1,286.41,12.55
13691,8131,144,1,50.76,3.19
13692,8132,20,1,71.62,7.05
13693,8133,18,1,17.37,0.57
13694,8133,79,1,47.16,4.45
13695,8134,151,1,116.4,13.14
13696,8134,97,1,244.48,22.73
13697,8135,204,1,103.62,10.87
13698,8136,121,1,272.89,14.81
13699,8136,68,1,38.67,3.54
13700,8137,132,1,74.95,2.97
13701,8138,9,1,82.19,9.62
13702,8138,45,1,30.04,2.83
13703,8138,139,1,488.45,26.69
13704,8139,186,1,66.12,7.81
13705,8140,41,1,63.66,6.25
13706,8141,121,1,272.89,18.69
13707,8141,174,1,8.1,0.31
13708,8141,57,1,185.85,15.55
13709,8141,235,1,75.26,6.28
13710,8142,104,1,82.65,2.51
13711,8142,113,1,29.13,3.06
13712,8143,247,1,31.51,2.05
13713,8144,67,1,53.0,4.77
13714,8145,20,1,71.62,5.36
13715,8146,190,1,239.32,20.2
13716,8147,3,1,51.08,2.31
13717,8148,31,2,34.65,3.83
13718,8148,193,1,286.41,23.05
13719,8148,238,1,115.34,12.13
13720,8149,180,1,209.32,15.89
13721,8150,217,1,36.43,3.22
13722,8151,191,2,39.7,3.04
13723,8152,234,1,17.93,2.06
13724,8152,72,1,112.92,10.09
13725,8153,214,1,211.86,13.23
13726,8154,45,1,30.04,3.55
13727,8155,154,1,53.6,5.54
13728,8155,134,1,140.62,16.19
13729,8156,106,1,27.76,1.56
13730,8156,37,1,136.42,6.4
13731,8157,69,1,33.1,3.22
13732,8157,20,1,71.62,3.61
13733,8158,36,1,55.53,2.05
13734,8159,144,1,50.76,5.55
13735,8160,41,1,63.66,7.34
13736,8161,19,1,11.93,0.59
13737,8161,153,1,179.31,16.76
13738,8161,178,1,1065.13,62.06
13739,8162,137,1,112.97,8.75
13740,8163,131,1,203.22,9.67
13741,8164,199,1,5.9,0.44
13742,8164,247,1,31.51,2.1
13743,8165,153,1,179.31,14.61
13744,8165,43,1,137.44,14.62
13745,8165,165,1,6.2,0.4
13746,8166,148,1,101.97,4.43
13747,8166,153,1,179.31,7.39
13748,8167,245,1,178.52,10.39
13749,8167,171,1,100.35,8.29
13750,8168,104,1,82.65,5.23
13751,8168,46,1,645.92,26.9
13752,8169,56,1,38.8,2.04
13753,8170,65,1,165.64,11.7
13754,8171,250,1,583.02,65.25
13755,8171,91,1,56.23,3.23
13756,8171,105,1,262.49,15.56
13757,8172,168,1,9.01,0.29
13758,8172,18,1,17.37,1.8
13759,8173,148,1,101.97,11.69
13760,8174,4,1,95.98,10.49
13761,8175,37,1,136.42,7.41
13762,8175,95,1,25.87,2.46
13763,8175,74,1,35.45,1.35
13764,8175,140,1,11.94,0.65
13765,8176,211,1,22.6,1.94
13766,8177,79,1,47.16,4.14
13767,8177,173,1,57.93,5.16
13768,8178,155,1,18.82,1.55
13769,8178,45,1,30.04,1.17
13770,8178,209,1,115.41,9.51
13771,8178,206,1,760.6,70.09
13772,8179,88,1,2.59,0.19
13773,8180,132,2,74.95,3.43
13774,8181,54,1,387.71,30.3
13775,8181,198,1,52.95,2.74
13776,8182,10,1,26.93,1.56
13777,8183,179,1,246.47,21.86
13778,8184,36,1,55.53,5.6
13779,8185,205,1,172.47,10.46
13780,8186,57,1,185.85,5.62
13781,8186,220,1,669.86,41.66
13782,8186,215,1,237.45,22.59
13783,8187,231,3,80.77,8.52
13784,8187,109,2,151.47,11.08
13785,8188,21,1,285.75,24.98
13786,8188,235,1,75.26,4.82
13787,8188,53,1,270.94,25.55
13788,8189,22,1,412.18,20.03
13789,8189,106,1,27.76,2.07
13790,8190,16,1,90.17,4.83
13791,8191,79,1,47.16,2.82
13792,8191,226,1,134.28,4.61
13793,8192,13,3,31.08,3.29
13794,8193,113,1,29.13,1.56
13795,8194,168,1,9.01,1.05
13796,8195,60,2,85.87,3.32
13797,8196,231,1,80.77,5.58
13798,8196,228,1,95.03,4.09
13799,8197,75,3,553.99,17.89
13800,8198,237,1,10.34,0.74
13801,8198,109,1,151.47,10.91
13802,8199,220,1,669.86,35.67
13803,8200,153,1,179.31,6.85
13804,8200,1,3,826.88,29.93
13805,8200,164,1,31.65,2.7
13806,8201,80,1,37.9,2.57
13807,8202,61,1,30.27,1.89
13808,8203,201,1,68.19,2.3
13809,8204,234,1,17.93,1.6
13810,8204,26,1,16.21,0.73
13811,8205,65,1,165.64,14.05
13812,8205,229,1,16.22,1.39
13813,8206,135,1,212.24,12.11
13814,8206,10,1,26.93,2.93
13815,8206,217,1,36.43,2.94
13816,8207,62,1,19.26,1.41
13817,8207,131,1,203.22,21.96
13818,8207,74,1,35.45,2.09
13819,8207,69,1,33.1,2.77
13820,8208,34,1,127.18,7.88
13821,8208,32,2,17.9,1.13
13822,8209,120,1,44.88,4.93
13823,8210,208,1,113.76,5.48
13824,8210,120,1,44.88,2.11
13825,8211,147,1,81.1,2.86
13826,8212,239,1,762.58,31.64
13827,8212,236,2,326.99,11.91
13828,8213,113,1,29.13,1.81
13829,8214,236,1,326.99,11.98
13830,8215,237,1,10.34,0.58
13831,8216,151,1,116.4,9.4
13832,8216,69,1,33.1,2.56
13833,8216,65,1,165.64,14.34
13834,8217,55,1,167.62,15.49
13835,8217,37,1,136.42,8.54
13836,8218,81,1,44.98,3.87
13837,8218,47,1,18.06,0.85
13838,8219,129,2,858.28,100.25
13839,8219,133,2,37.44,2.31
13840,8220,13,1,31.08,3.58
13841,8221,218,1,62.27,5.09
13842,8222,127,1,82.05,4.35
13843,8222,41,1,63.66,2.49
13844,8223,195,1,45.11,3.04
13845,8223,65,1,165.64,6.54
13846,8224,65,1,165.64,17.18
13847,8224,179,1,246.47,11.0
13848,8224,144,1,50.76,5.59
13849,8225,130,1,76.27,8.89
13850,8226,79,3,47.16,3.59
13851,8226,146,1,98.43,4.16
13852,8227,51,1,71.14,3.81
13853,8228,241,1,40.34,3.49
13854,8228,36,1,55.53,3.73
13855,8229,210,1,56.9,3.06
13856,8229,196,1,47.98,2.32
13857,8230,237,1,10.34,0.56
13858,8231,17,1,29.84,3.21
13859,8231,24,1,89.79,6.68
13860,8232,214,1,211.86,8.73
13861,8233,55,1,167.62,8.17
13862,8234,125,1,111.51,12.44
13863,8235,161,1,84.35,5.23
13864,8235,32,1,17.9,0.97
13865,8236,134,1,140.62,13.3
13866,8237,45,1,30.04,1.0
13867,8238,232,1,155.86,12.64
13868,8239,34,1,127.18,7.87
13869,8239,83,2,9.7,0.59
13870,8239,64,1,191.61,8.12
13871,8239,197,1,235.87,27.6
13872,8240,134,1,140.62,14.07
13873,8240,50,1,44.06,3.82
13874,8240,18,1,17.37,0.53
13875,8241,244,2,84.79,5.82
13876,8242,68,1,38.67,3.33
13877,8242,209,1,115.41,11.35
13878,8243,23,1,629.48,52.86
13879,8244,249,1,52.62,3.92
13880,8244,241,1,40.34,3.28
13881,8244,100,1,136.87,8.93
13882,8245,217,1,36.43,2.81
13883,8246,23,1,629.48,25.87
13884,8247,209,2,115.41,9.3
13885,8248,73,1,85.1,5.53
13886,8249,98,1,25.53,2.36
13887,8249,234,1,17.93,0.55
13888,8250,11,1,685.7,27.55
13889,8251,114,1,164.19,18.31
13890,8252,121,1,272.89,13.21
13891,8253,206,1,760.6,57.37
13892,8253,179,1,246.47,25.47
13893,8254,69,1,33.1,2.28
13894,8254,141,1,483.07,53.08
13895,8255,46,1,645.92,23.42
13896,8256,169,1,69.98,6.33
13897,8256,14,1,94.71,6.29
13898,8256,12,1,94.84,10.21
13899,8257,80,3,37.9,3.24
13900,8257,189,1,150.51,15.93
13901,8258,166,1,30.99,2.98
13902,8258,59,1,105.0,9.62
13903,8259,31,1,34.65,2.1
13904,8259,10,1,26.93,1.87
13905,8259,43,1,137.44,4.94
13906,8259,176,1,199.66,6.8
13907,8260,234,2,17.93,1.07
13908,8261,56,1,38.8,4.62
13909,8262,116,1,53.02,3.74
13910,8262,87,1,391.01,18.38
13911,8263,10,1,26.93,1.43
13912,8263,55,1,167.62,7.46
13913,8263,104,1,82.65,3.22
13914,8264,48,1,93.17,3.65
13915,8265,147,1,81.1,2.76
13916,8266,10,1,26.93,1.07
13917,8267,161,1,84.35,6.89
13918,8267,226,3,134.28,14.53
13919,8268,84,1,54.94,3.22
13920,8268,59,3,105.0,10.69
13921,8269,190,1,239.32,14.9
13922,8270,199,1,5.9,0.22
13923,8271,210,1,56.9,4.93
13924,8271,20,1,71.62,6.76
13925,8272,138,1,45.06,2.38
13926,8272,92,1,1151.64,126.69
13927,8273,157,1,234.71,9.91
13928,8274,98,1,25.53,2.75
13929,8275,36,1,55.53,4.66
13930,8276,189,1,150.51,7.95
13931,8277,24,1,89.79,8.41
13932,8278,33,1,30.54,2.84
13933,8279,67,1,53.0,3.2
13934,8279,24,1,89.79,7.75
13935,8279,197,2,235.87,16.68
13936,8279,29,1,617.47,63.71
13937,8280,238,1,115.34,3.66
13938,8281,25,1,28.3,1.63
13939,8282,15,1,114.86,13.12
13940,8282,216,1,194.01,21.25
13941,8283,6,1,251.86,25.79
13942,8283,203,2,67.83,2.04
13943,8284,72,3,112.92,3.54
13944,8284,212,1,619.34,42.85
13945,8285,104,1,82.65,8.66
13946,8285,202,1,130.75,12.0
13947,8285,2,1,120.72,10.39
13948,8286,235,1,75.26,3.85
13949,8287,218,3,62.27,3.21
13950,8288,235,1,75.26,2.61
13951,8288,25,1,28.3,3.14
13952,8288,46,1,645.92,33.08
13953,8289,14,1,94.71,4.38
13954,8290,115,1,27.12,1.15
13955,8291,68,1,38.67,1.95
13956,8291,12,1,94.84,2.91
13957,8291,212,2,619.34,70.14
13958,8291,47,2,18.06,0.84
13959,8292,183,1,101.22,7.09
13960,8292,101,1,8.28,0.44
13961,8293,17,1,29.84,3.37
13962,8293,120,1,44.88,2.79
13963,8293,45,1,30.04,2.51
13964,8294,193,1,286.41,27.94
13965,8294,206,1,760.6,70.21
13966,8295,84,1,54.94,2.62
13967,8296,176,1,199.66,16.65
13968,8296,195,1,45.11,4.74
13969,8297,87,1,391.01,44.94
13970,8297,230,1,231.23,21.33
13971,8298,109,1,151.47,9.39
13972,8299,102,1,683.61,43.84
13973,8300,146,1,98.43,6.5
13974,8301,80,1,37.9,3.68
13975,8302,235,1,75.26,7.37
13976,8303,123,1,10.31,0.51
13977,8304,231,1,80.77,4.76
13978,8304,250,1,583.02,27.3
13979,8305,26,1,16.21,0.8
13980,8306,118,1,13.3,0.94
13981,8306,19,1,11.93,0.95
13982,8306,109,1,151.47,18.16
13983,8307,232,1,155.86,13.2
13984,8308,55,1,167.62,5.13
13985,8309,23,1,629.48,71.55
13986,8310,189,1,150.51,5.07
13987,8310,216,1,194.01,11.2
13988,8310,4,1,95.98,11.34
13989,8310,49,1,38.8,2.92
13990,8311,206,1,760.6,30.15
13991,8311,25,1,28.3,1.35
13992,8312,171,1,100.35,5.44
13993,8312,139,1,488.45,19.71
13994,8313,248,1,40.02,2.45
13995,8314,22,1,412.18,27.09
13996,8315,75,2,553.99,24.95
13997,8316,234,1,17.93,2.01
13998,8317,185,1,647.11,31.22
13999,8318,29,1,617.47,52.49
14000,8318,121,1,272.89,18.83
14001,8319,24,1,89.79,9.61
14002,8320,75,1,553.99,42.24
14003,8321,59,1,105.0,5.35
14004,8321,231,1,80.77,4.03
14005,8321,156,1,99.5,7.36
14006,8322,42,1,145.78,14.9
14007,8323,195,1,45.11,4.65
14008,8323,190,1,239.32,25.05
14009,8324,148,1,101.97,10.96
14010,8324,55,1,167.62,6.85
14011,8325,150,1,43.62,2.47
14012,8326,165,1,6.2,0.25
14013,8327,60,1,85.87,10.11
14014,8327,245,1,178.52,17.23
14015,8328,20,1,71.62,8.26
14016,8328,220,1,669.86,78.86
14017,8329,120,1,44.88,4.9
14018,8329,249,1,52.62,5.56
14019,8330,34,1,127.18,11.95
14020,8331,220,1,669.86,75.17
14021,8332,20,1,71.62,6.15
14022,8332,232,1,155.86,7.34
14023,8332,124,1,434.69,41.67
14024,8333,139,3,488.45,16.67
14025,8334,173,1,57.93,4.7
14026,8334,225,1,59.74,2.82
14027,8335,111,1,97.83,9.52
14028,8335,142,1,230.98,16.96
14029,8336,202,1,130.75,4.5
14030,8336,238,1,115.34,8.33
14031,8336,66,1,27.73,0.89
14032,8336,2,2,120.72,12.78
14033,8337,77,1,170.84,17.66
14034,8338,230,1,231.23,24.26
14035,8339,138,1,45.06,3.89
14036,8340,38,1,147.17,6.36
14037,8341,69,1,33.1,3.19
14038,8341,209,1,115.41,5.02
14039,8342,8,1,6.03,0.38
14040,8343,172,1,356.67,30.81
14041,8343,129,2,858.28,102.37
14042,8344,4,1,95.98,9.99
14043,8345,196,1,47.98,5.72
14044,8345,59,1,105.0,6.84
14045,8345,77,1,170.84,11.85
14046,8346,26,1,16.21,0.5
14047,8346,80,1,37.9,3.02
14048,8347,122,1,69.41,7.14
14049,8347,5,1,88.33,8.68
14050,8348,220,1,669.86,35.51
14051,8349,214,1,211.86,15.12
14052,8349,151,1,116.4,5.57
14053,8349,91,1,56.23,6.23
14054,8349,149,1,71.93,3.16
14055,8350,17,1,29.84,2.71
14056,8351,51,1,71.14,7.32
14057,8352,81,1,44.98,4.2
14058,8353,34,1,127.18,4.72
14059,8354,159,1,124.76,6.41
14060,8355,34,1,127.18,10.45
14061,8356,232,1,155.86,12.96
14062,8357,234,1,17.93,1.08
14063,8357,177,1,81.05,2.44
14064,8358,86,1,124.98,14.54
14065,8358,34,1,127.18,4.42
14066,8359,243,1,83.89,3.25
14067,8359,31,1,34.65,3.66
14068,8359,224,1,6.63,0.3
14069,8360,175,1,16.15,1.24
14070,8361,33,1,30.54,1.15
14071,8361,90,1,11.62,0.74
14072,8361,50,1,44.06,2.17
14073,8361,75,1,553.99,50.72
14074,8362,224,1,6.63,0.51
14075,8362,58,1,7.39,0.57
14076,8363,79,1,47.16,3.23
14077,8364,34,1,127.18,5.0
14078,8365,79,3,47.16,4.44
14079,8366,154,1,53.6,3.59
14080,8367,34,2,127.18,6.88
14081,8367,176,1,199.66,18.9
14082,8368,83,1,9.7,0.6
14083,8368,135,1,212.24,21.7
14084,8368,151,1,116.4,5.95
14085,8369,134,1,140.62,7.8
14086,8370,234,1,17.93,0.98
14087,8370,220,1,669.86,48.97
14088,8371,98,1,25.53,2.59
14089,8371,205,1,172.47,6.73
14090,8372,82,1,53.33,2.08
14091,8372,227,1,49.54,3.0
14092,8373,79,1,47.16,3.75
14093,8374,37,1,136.42,7.59
14094,8375,217,1,36.43,4.01
14095,8375,158,1,19.01,1.65
14096,8375,66,1,27.73,2.31
14097,8376,220,2,669.86,20.98
14098,8376,223,1,155.25,15.62
14099,8376,113,1,29.13,3.4
14100,8377,10,1,26.93,1.85
14101,8378,98,1,25.53,1.67
14102,8379,15,1,114.86,9.47
14103,8379,72,1,112.92,8.09
14104,8379,205,1,172.47,19.08
14105,8379,36,1,55.53,4.44
14106,8380,16,1,90.17,9.12
14107,8381,52,1,30.53,3.26
14108,8382,42,1,145.78,10.92
14109,8382,48,1,93.17,10.33
14110,8383,234,1,17.93,1.58
14111,8384,10,1,26.93,3.21
14112,8385,46,1,645.92,77.39
14113,8386,90,1,11.62,1.09
14114,8386,175,2,16.15,1.5
14115,8386,63,2,555.18,58.56
14116,8386,151,1,116.4,5.3
14117,8387,27,1,852.23,48.65
14118,8388,161,1,84.35,8.3
14119,8389,237,1,10.34,0.89
14120,8390,177,1,81.05,5.44
14121,8391,121,1,272.89,31.02
14122,8391,51,2,71.14,5.92
14123,8391,135,1,212.24,14.39
14124,8391,112,3,335.91,31.85
14125,8392,201,3,68.19,2.09
14126,8392,134,1,140.62,7.49
14127,8393,23,1,629.48,54.55
14128,8394,59,1,105.0,3.82
14129,8395,16,1,90.17,8.58
14130,8396,102,3,683.61,39.63
14131,8397,15,1,114.86,13.07
14132,8398,169,1,69.98,6.94
14133,8399,35,1,76.68,5.99
14134,8400,154,2,53.6,5.37
14135,8400,227,1,49.54,2.62
14136,8401,22,1,412.18,17.64
14137,8402,192,1,82.67,3.1
14138,8402,105,1,262.49,13.13
14139,8403,161,1,84.35,3.69
14140,8404,139,1,488.45,14.99
14141,8405,90,2,11.62,1.31
14142,8406,242,1,135.54,12.62
14143,8407,215,1,237.45,7.73
14144,8407,28,1,164.02,11.4
14145,8408,28,1,164.02,18.53
14146,8408,104,1,82.65,4.29
14147,8409,24,1,89.79,9.05
14148,8410,3,3,51.08,4.87
14149,8411,46,1,645.92,21.67
14150,8412,172,1,356.67,37.25
14151,8412,9,1,82.19,8.41
14152,8413,150,1,43.62,2.82
14153,8413,56,1,38.8,4.33
14154,8414,118,1,13.3,0.87
14155,8415,53,1,270.94,26.98
14156,8416,194,1,41.9,1.4
14157,8416,104,1,82.65,6.16
14158,8417,23,1,629.48,48.71
14159,8417,221,1,80.15,6.49
14160,8418,30,1,58.74,4.36
14161,8419,227,1,49.54,3.1
14162,8420,148,2,101.97,6.92
14163,8421,234,1,17.93,1.1
14164,8421,188,1,15.44,1.61
14165,8422,74,1,35.45,2.77
14166,8422,28,1,164.02,17.33
14167,8423,75,1,553.99,54.51
14168,8423,247,1,31.51,2.91
14169,8423,43,1,137.44,10.51
14170,8423,150,1,43.62,5.06
14171,8424,184,1,344.95,19.05
14172,8425,242,1,135.54,6.71
14173,8426,69,1,33.1,3.11
14174,8426,147,1,81.1,4.03
14175,8427,39,2,136.95,4.28
14176,8428,247,1,31.51,1.92
14177,8429,131,1,203.22,6.87
14178,8429,124,1,434.69,26.31
14179,8430,179,1,246.47,17.38
14180,8430,231,1,80.77,5.97
14181,8430,152,1,343.16,31.07
14182,8431,90,1,11.62,0.69
14183,8431,55,2,167.62,5.88
14184,8431,96,1,826.6,75.55
14185,8431,71,1,179.59,12.84
14186,8432,234,1,17.93,0.85
14187,8432,40,1,97.22,8.21
14188,8432,122,1,69.41,2.51
14189,8433,19,1,11.93,1.18
14190,8434,25,3,28.3,2.77
14191,8435,84,1,54.94,6.14
14192,8435,31,1,34.65,2.33
14193,8436,41,1,63.66,5.76
14194,8437,97,1,244.48,17.41
14195,8438,88,1,2.59,0.24
14196,8438,63,1,555.18,50.69
14197,8439,5,1,88.33,3.44
14198,8440,151,1,116.4,8.33
14199,8440,60,1,85.87,6.75
14200,8441,157,3,234.71,9.96
14201,8442,209,1,115.41,11.28
14202,8443,217,3,36.43,3.73
14203,8444,210,1,56.9,3.91
14204,8445,235,1,75.26,5.94
14205,8445,223,1,155.25,17.97
14206,8445,57,1,185.85,20.11
14207,8446,158,1,19.01,1.98
14208,8447,129,1,858.28,99.98
14209,8447,125,1,111.51,10.53
14210,8448,158,1,19.01,0.76
14211,8449,215,1,237.45,16.49
14212,8450,235,1,75.26,8.19
14213,8451,42,1,145.78,15.07
14214,8451,40,1,97.22,9.83
14215,8452,109,1,151.47,6.92
14216,8453,202,1,130.75,4.12
14217,8454,57,1,185.85,12.89
14218,8455,1,1,826.88,93.79
14219,8455,139,1,488.45,22.78
14220,8456,191,1,39.7,2.02
14221,8457,241,1,40.34,2.32
14222,8458,27,1,852.23,63.92
14223,8458,20,1,71.62,7.33
14224,8459,162,1,6.54,0.77
14225,8459,107,1,87.92,10.09
14226,8460,119,1,69.61,8.09
14227,8460,228,2,95.03,6.16
14228,8461,171,1,100.35,9.02
14229,8462,118,1,13.3,1.51
14230,8463,34,1,127.18,11.15
14231,8463,104,1,82.65,9.71
14232,8464,213,1,31.81,2.23
14233,8464,116,1,53.02,1.92
14234,8465,65,1,165.64,6.35
14235,8466,126,1,25.06,2.94
14236,8467,83,1,9.7,0.64
14237,8468,68,1,38.67,3.34
14238,8469,144,3,50.76,1.64
14239,8469,150,1,43.62,3.09
14240,8470,215,1,237.45,7.64
14241,8471,61,1,30.27,1.11
14242,8471,105,1,262.49,17.95
14243,8471,86,1,124.98,13.23
14244,8472,169,1,69.98,6.68
14245,8472,28,1,164.02,18.15
14246,8473,79,1,47.16,1.51
14247,8474,225,1,59.74,2.75
14248,8474,12,1,94.84,10.71
14249,8475,163,1,20.16,1.44
14250,8476,24,1,89.79,8.42
14251,8477,179,2,246.47,7.5
14252,8477,14,1,94.71,9.95
14253,8477,142,1,230.98,10.1
14254,8477,71,1,179.59,17.22
14255,8478,193,1,286.41,14.45
14256,8478,180,1,209.32,15.05
14257,8479,203,1,67.83,4.94
14258,8480,231,3,80.77,4.79
14259,8480,40,1,97.22,10.19
14260,8480,98,1,25.53,1.4
14261,8481,46,1,645.92,28.46
14262,8481,131,1,203.22,17.98
14263,8482,44,1,39.31,1.3
14264,8483,158,1,19.01,1.39
14265,8483,67,1,53.0,4.61
14266,8484,39,1,136.95,8.28
14267,8484,75,1,553.99,54.0
14268,8485,215,1,237.45,9.0
14269,8486,227,1,49.54,3.49
14270,8487,139,1,488.45,20.26
14271,8488,197,1,235.87,9.01
14272,8489,204,1,103.62,12.2
14273,8489,200,1,16.92,0.82
14274,8489,40,1,97.22,3.86
14275,8490,242,1,135.54,7.0
14276,8491,212,1,619.34,49.78
14277,8491,240,1,694.84,50.77
14278,8492,210,1,56.9,5.69
14279,8492,121,2,272.89,22.53
14280,8492,250,1,583.02,52.07
14281,8493,7,1,136.48,10.53
14282,8493,220,1,669.86,46.55
14283,8494,234,1,17.93,1.95
14284,8494,4,1,95.98,11.08
14285,8494,125,1,111.51,13.07
14286,8494,181,1,14.39,1.56
14287,8495,201,1,68.19,4.39
14288,8496,248,1,40.02,2.39
14289,8496,37,1,136.42,12.72
14290,8496,183,1,101.22,9.09
14291,8497,151,1,116.4,7.72
14292,8498,53,1,270.94,14.51
14293,8499,18,1,17.37,1.15
14294,8499,67,1,53.0,3.11
14295,8499,29,1,617.47,24.82
14296,8499,205,1,172.47,8.79
14297,8500,121,1,272.89,30.1
14298,8501,159,1,124.76,10.8
14299,8502,121,1,272.89,21.24
14300,8502,171,1,100.35,10.51
14301,8503,26,1,16.21,1.83
14302,8503,32,1,17.9,0.95
14303,8504,210,1,56.9,1.78
14304,8505,71,2,179.59,15.31
14305,8505,245,1,178.52,12.8
14306,8506,157,1,234.71,25.36
14307,8507,113,1,29.13,1.08
14308,8508,18,1,17.37,0.76
14309,8508,68,3,38.67,3.45
14310,8508,97,1,244.48,23.52
14311,8509,77,1,170.84,19.98
14312,8510,210,1,56.9,3.65
14313,8511,157,1,234.71,23.9
14314,8512,208,1,113.76,10.09
14315,8512,114,1,164.19,12.32
14316,8512,29,1,617.47,21.85
14317,8512,241,1,40.34,1.51
14318,8513,83,1,9.7,0.92
14319,8513,183,1,101.22,11.92
14320,8513,227,1,49.54,2.62
14321,8513,211,2,22.6,2.66
14322,8514,34,1,127.18,11.65
14323,8515,53,1,270.94,12.53
14324,8515,150,1,43.62,4.78
14325,8516,52,1,30.53,3.09
14326,8516,104,1,82.65,7.2
14327,8516,155,1,18.82,1.27
14328,8517,201,2,68.19,5.22
14329,8517,134,2,140.62,8.75
14330,8517,16,1,90.17,6.87
14331,8518,48,1,93.17,7.12
14332,8519,87,1,391.01,46.23
14333,8520,72,1,112.92,11.08
14334,8520,151,2,116.4,7.97
14335,8521,74,1,35.45,3.06
14336,8522,169,1,69.98,5.41
14337,8523,155,1,18.82,0.61
14338,8523,45,1,30.04,1.07
14339,8523,193,1,286.41,18.88
14340,8523,128,1,13.41,1.38
14341,8524,68,1,38.67,2.99
14342,8525,98,1,25.53,1.43
14343,8526,51,1,71.14,8.04
14344,8526,99,1,14.4,1.2
14345,8527,42,2,145.78,9.48
14346,8528,148,1,101.97,9.74
14347,8529,92,1,1151.64,132.69
14348,8530,59,1,105.0,8.72
14349,8531,201,1,68.19,2.28
14350,8532,120,1,44.88,1.74
14351,8533,109,1,151.47,11.47
14352,8534,121,1,272.89,20.7
14353,8534,194,1,41.9,1.38
14354,8535,32,1,17.9,1.07
14355,8535,66,1,27.73,3.32
14356,8536,161,1,84.35,8.35
14357,8536,139,2,488.45,52.44
14358,8537,247,1,31.51,2.69
14359,8538,121,1,272.89,31.86
14360,8538,213,1,31.81,2.19
14361,8538,232,1,155.86,11.35
14362,8539,77,1,170.84,9.54
14363,8540,83,1,9.7,1.12
14364,8540,249,1,52.62,5.75
14365,8541,74,1,35.45,1.31
14366,8541,246,1,30.72,1.09
14367,8542,61,1,30.27,3.59
14368,8542,114,1,164.19,12.98
14369,8543,83,1,9.7,0.68
14370,8543,12,1,94.84,6.56
14371,8544,48,1,93.17,5.78
14372,8544,229,1,16.22,0.99
14373,8544,66,1,27.73,1.27
14374,8545,179,1,246.47,20.76
14375,8545,21,1,285.75,24.33
14376,8546,105,1,262.49,10.08
14377,8547,189,1,150.51,17.42
14378,8547,27,1,852.23,53.62
14379,8547,25,3,28.3,2.13
14380,8548,105,1,262.49,24.16
14381,8548,120,1,44.88,1.43
14382,8549,82,1,53.33,6.03
14383,8550,87,1,391.01,26.25
14384,8550,139,1,488.45,54.35
14385,8551,40,1,97.22,9.07
14386,8552,157,1,234.71,24.82
14387,8552,28,1,164.02,9.35
14388,8553,168,1,9.01,0.94
14389,8554,228,3,95.03,8.0
14390,8555,192,1,82.67,4.2
14391,8555,154,1,53.6,2.14
14392,8556,146,1,98.43,4.82
14393,8557,67,1,53.0,3.44
14394,8557,132,1,74.95,4.24
14395,8557,40,1,97.22,8.18
14396,8558,104,1,82.65,9.67
14397,8559,173,1,57.93,5.43
14398,8559,238,2,115.34,11.84
14399,8560,106,1,27.76,2.22
14400,8560,15,1,114.86,7.01
14401,8560,66,3,27.73,2.61
14402,8561,190,1,239.32,24.47
14403,8561,201,1,68.19,4.19
14404,8562,57,1,185.85,6.76
14405,8563,181,1,14.39,0.67
14406,8564,111,1,97.83,9.81
14407,8564,56,1,38.8,4.01
14408,8564,210,1,56.9,6.47
14409,8564,139,1,488.45,37.35
14410,8565,131,1,203.22,14.05
14411,8565,205,3,172.47,11.6
14412,8566,40,1,97.22,3.28
14413,8567,74,1,35.45,3.04
14414,8567,142,1,230.98,22.07
14415,8567,100,1,136.87,12.52
14416,8568,8,1,6.03,0.54
14417,8569,245,1,178.52,12.01
14418,8570,122,1,69.41,2.54
14419,8571,171,1,100.35,3.06
14420,8572,86,1,124.98,13.56
14421,8572,79,2,47.16,2.17
14422,8572,25,1,28.3,3.37
14423,8572,197,1,235.87,14.7
14424,8573,131,1,203.22,16.82
14425,8573,21,3,285.75,23.38
14426,8574,46,2,645.92,50.09
14427,8575,79,1,47.16,1.91
14428,8576,21,1,285.75,20.66
14429,8576,212,1,619.34,48.49
14430,8577,190,1,239.32,20.4
14431,8577,230,1,231.23,9.01
14432,8578,67,1,53.0,1.8
14433,8579,120,2,44.88,2.97
14434,8580,23,1,629.48,47.36
14435,8581,135,2,212.24,9.86
14436,8581,73,1,85.1,9.81
14437,8582,204,2,103.62,10.84
14438,8582,245,1,178.52,10.95
14439,8583,133,1,37.44,2.45
14440,8584,140,1,11.94,0.86
14441,8584,18,1,17.37,1.83
14442,8585,81,3,44.98,4.77
14443,8585,217,1,36.43,2.0
14444,8586,225,1,59.74,5.97
14445,8587,207,1,51.95,3.34
14446,8588,207,1,51.95,5.92
14447,8588,172,1,356.67,34.2
14448,8589,153,2,179.31,19.21
14449,8589,55,3,167.62,6.84
14450,8590,147,1,81.1,2.56
14451,8591,193,1,286.41,28.18
14452,8591,1,1,826.88,96.49
14453,8591,18,1,17.37,0.93
14454,8592,48,1,93.17,3.61
14455,8593,90,1,11.62,0.88
14456,8594,148,2,101.97,10.83
14457,8594,28,1,164.02,18.82
14458,8595,73,1,85.1,6.24
14459,8596,152,1,343.16,14.66
14460,8596,179,1,246.47,29.5
14461,8597,222,1,22.72,1.36
14462,8597,84,1,54.94,2.22
14463,8598,48,1,93.17,5.89
14464,8598,142,1,230.98,18.13
14465,8599,25,1,28.3,2.63
14466,8599,53,1,270.94,9.36
14467,8600,168,3,9.01,0.96
14468,8601,10,3,26.93,2.58
14469,8602,220,1,669.86,57.66
14470,8602,104,1,82.65,7.13
14471,8603,202,1,130.75,10.72
14472,8603,66,1,27.73,1.54
14473,8604,199,1,5.9,0.52
14474,8604,166,3,30.99,2.01
14475,8604,230,1,231.23,26.06
14476,8605,220,1,669.86,41.26
14477,8606,197,1,235.87,7.48
14478,8607,36,1,55.53,5.53
14479,8608,3,1,51.08,3.87
14480,8608,67,1,53.0,5.23
14481,8608,176,1,199.66,19.2
14482,8609,121,1,272.89,24.53
14483,8609,7,1,136.48,10.7
14484,8609,108,1,3.52,0.19
14485,8610,173,1,57.93,5.22
14486,8611,21,1,285.75,18.01
14487,8612,187,1,95.65,10.97
14488,8612,33,1,30.54,1.4
14489,8613,142,1,230.98,16.36
14490,8613,159,1,124.76,4.48
14491,8613,146,1,98.43,10.59
14492,8614,48,1,93.17,9.85
14493,8615,232,2,155.86,10.6
14494,8615,43,1,137.44,6.51
14495,8615,80,1,37.9,1.29
14496,8616,176,1,199.66,9.29
14497,8616,160,1,19.67,1.61
14498,8616,4,2,95.98,3.56
14499,8616,196,1,47.98,1.6
14500,8617,223,1,155.25,13.71
14501,8617,139,1,488.45,35.22
14502,8618,161,1,84.35,7.87
14503,8619,161,2,84.35,3.41
14504,8619,98,2,25.53,1.76
14505,8620,232,1,155.86,10.07
14506,8621,163,1,20.16,2.16
14507,8622,128,1,13.41,0.56
14508,8622,158,1,19.01,0.72
14509,8622,187,3,95.65,3.02
14510,8623,37,1,136.42,6.79
14511,8624,60,1,85.87,6.39
14512,8625,232,3,155.86,6.26
14513,8625,57,1,185.85,9.96
14514,8625,245,1,178.52,19.25
14515,8626,69,1,33.1,2.21
14516,8627,195,1,45.11,4.03
14517,8627,193,1,286.41,16.83
14518,8627,75,1,553.99,36.3
14519,8628,229,1,16.22,0.89
14520,8629,221,1,80.15,7.22
14521,8630,18,1,17.37,1.91
14522,8631,172,1,356.67,27.67
14523,8631,242,1,135.54,7.0
14524,8631,107,3,87.92,2.72
14525,8632,46,1,645.92,57.97
14526,8632,99,3,14.4,1.35
14527,8632,221,1,80.15,8.01
14528,8632,72,2,112.92,7.13
14529,8633,36,1,55.53,3.11
14530,8634,174,1,8.1,0.62
14531,8634,193,1,286.41,30.32
14532,8634,101,1,8.28,0.46
14533,8634,122,1,69.41,5.57
14534,8635,214,1,211.86,14.76
14535,8636,165,1,6.2,0.62
14536,8636,57,1,185.85,10.4
14537,8636,60,1,85.87,6.41
14538,8637,66,1,27.73,1.03
14539,8638,3,1,51.08,5.66
14540,8639,110,1,759.15,23.24
14541,8640,104,3,82.65,8.96
14542,8641,234,1,17.93,1.27
14543,8642,131,1,203.22,17.31
14544,8642,205,1,172.47,12.97
14545,8643,174,1,8.1,0.82
14546,8644,53,1,270.94,13.95
14547,8645,5,1,88.33,9.2
14548,8646,44,1,39.31,1.51
14549,8647,70,1,41.53,1.85
14550,8648,86,1,124.98,5.44
14551,8649,18,1,17.37,0.91
14552,8649,20,1,71.62,5.04
14553,8650,132,2,74.95,2.76
14554,8651,146,1,98.43,8.03
14555,8651,202,1,130.75,5.08
14556,8652,165,1,6.2,0.65
14557,8652,103,1,1102.59,53.56
14558,8652,52,1,30.53,2.01
14559,8653,119,1,69.61,4.03
14560,8654,161,1,84.35,4.74
14561,8654,230,1,231.23,16.54
14562,8654,31,2,34.65,4.14
14563,8655,206,1,760.6,82.08
14564,8655,92,2,1151.64,116.26
14565,8655,65,1,165.64,8.29
14566,8656,220,1,669.86,45.54
14567,8657,46,1,645.92,41.39
14568,8658,6,1,251.86,16.88
14569,8658,181,1,14.39,1.23
14570,8659,161,1,84.35,9.15
14571,8659,98,1,25.53,2.44
14572,8659,243,1,83.89,9.9
14573,8659,16,3,90.17,9.76
14574,8660,71,1,179.59,12.25
14575,8660,69,1,33.1,3.33
14576,8661,56,1,38.8,4.4
14577,8662,26,2,16.21,1.13
14578,8663,110,1,759.15,52.41
14579,8664,191,1,39.7,1.33
14580,8664,127,1,82.05,5.88
14581,8664,189,1,150.51,4.98
14582,8665,89,1,179.88,16.01
14583,8666,98,1,25.53,2.07
14584,8666,217,2,36.43,2.01
14585,8667,157,2,234.71,17.58
14586,8668,66,1,27.73,1.95
14587,8669,239,1,762.58,80.54
14588,8670,117,1,45.11,1.68
14589,8670,24,1,89.79,6.41
14590,8670,104,1,82.65,9.01
14591,8671,28,1,164.02,4.97
14592,8671,22,1,412.18,24.69
14593,8672,151,1,116.4,5.25
14594,8673,116,3,53.02,6.28
14595,8673,211,1,22.6,2.26
14596,8674,14,1,94.71,5.69
14597,8674,82,1,53.33,5.21
14598,8675,34,2,127.18,4.45
14599,8676,73,1,85.1,2.8
14600,8676,63,1,555.18,46.56
14601,8677,6,1,251.86,22.8
14602,8678,227,1,49.54,2.05
14603,8679,134,1,140.62,13.6
14604,8680,206,1,760.6,28.21
14605,8680,11,1,685.7,71.59
14606,8681,189,2,150.51,11.91
14607,8682,14,1,94.71,6.23
14608,8683,32,1,17.9,1.25
14609,8684,28,1,164.02,13.92
14610,8684,73,1,85.1,7.39
14611,8685,98,1,25.53,1.23
14612,8685,7,1,136.48,8.68
14613,8685,177,1,81.05,8.18
14614,8685,59,1,105.0,9.99
14615,8686,111,1,97.83,6.61
14616,8687,231,2,80.77,4.36
14617,8688,202,1,130.75,11.74
14618,8689,74,1,35.45,2.25
14619,8690,83,1,9.7,0.35
14620,8691,82,1,53.33,2.17
14621,8692,75,1,553.99,47.04
14622,8693,181,1,14.39,1.36
14623,8693,120,1,44.88,1.53
14624,8693,72,2,112.92,11.62
14625,8693,129,1,858.28,96.05
14626,8694,125,1,111.51,5.08
14627,8694,135,1,212.24,11.0
14628,8694,15,1,114.86,13.7
14629,8695,13,1,31.08,1.03
14630,8695,219,1,66.09,7.45
14631,8695,193,1,286.41,18.51
14632,8696,180,1,209.32,10.76
14633,8697,153,1,179.31,9.88
14634,8698,69,1,33.1,1.97
14635,8699,138,3,45.06,5.14
14636,8700,61,1,30.27,3.07
14637,8701,98,1,25.53,1.57
14638,8701,250,2,583.02,39.04
14639,8702,12,1,94.84,4.55
14640,8703,146,1,98.43,6.49
14641,8704,72,1,112.92,5.51
14642,8704,82,1,53.33,2.46
14643,8705,190,1,239.32,28.34
14644,8706,221,3,80.15,4.28
14645,8707,46,1,645.92,55.03
14646,8707,128,1,13.41,1.42
14647,8708,125,1,111.51,9.62
14648,8708,192,1,82.67,8.6
14649,8709,15,2,114.86,4.99
14650,8710,97,1,244.48,13.38
14651,8710,98,1,25.53,2.11
14652,8710,241,1,40.34,3.7
14653,8711,250,1,583.02,18.4
14654,8712,56,1,38.8,2.13
14655,8712,33,1,30.54,3.52
14656,8713,48,1,93.17,7.84
14657,8714,132,1,74.95,7.51
14658,8715,73,1,85.1,2.82
14659,8715,5,1,88.33,7.56
14660,8715,26,1,16.21,1.34
14661,8716,17,1,29.84,3.49
14662,8716,151,1,116.4,6.27
14663,8716,200,1,16.92,1.23
14664,8716,238,1,115.34,3.73
14665,8717,125,1,111.51,9.84
14666,8718,53,1,270.94,29.07
14667,8719,16,1,90.17,4.68
14668,8719,58,1,7.39,0.85
14669,8719,15,1,114.86,7.49
14670,8720,120,1,44.88,1.89
14671,8721,3,1,51.08,5.14
14672,8722,187,2,95.65,8.97
14673,8722,87,1,391.01,46.17
14674,8722,243,1,83.89,8.13
14675,8722,155,2,18.82,0.8
14676,8723,26,1,16.21,1.11
14677,8723,90,1,11.62,1.26
14678,8724,53,1,270.94,30.35
14679,8724,161,1,84.35,10.07
14680,8725,81,1,44.98,3.03
14681,8726,77,1,170.84,7.01
14682,8726,195,1,45.11,4.26
14683,8727,107,1,87.92,3.39
14684,8727,70,1,41.53,1.77
14685,8727,63,1,555.18,64.06
14686,8728,51,1,71.14,4.22
14687,8729,80,1,37.9,1.85
14688,8729,74,1,35.45,1.72
14689,8729,214,1,211.86,23.63
14690,8730,130,2,76.27,3.44
14691,8731,22,1,412.18,23.91
14692,8732,227,1,49.54,4.93
14693,8733,221,2,80.15,4.23
14694,8733,113,3,29.13,1.57
14695,8733,9,1,82.19,5.77
14696,8734,183,3,101.22,4.55
14697,8735,191,1,39.7,3.11
14698,8736,104,1,82.65,3.68
14699,8737,64,1,191.61,7.99
14700,8738,219,1,66.09,7.06
14701,8738,29,1,617.47,34.35
14702,8739,166,1,30.99,3.38
14703,8740,158,2,19.01,2.21
14704,8741,222,1,22.72,2.7
14705,8741,196,1,47.98,3.84
14706,8741,108,1,3.52,0.17
14707,8742,90,1,11.62,0.61
14708,8742,119,1,69.61,3.93
14709,8742,77,3,170.84,20.49
14710,8743,149,1,71.93,5.24
14711,8744,99,1,14.4,0.8
14712,8744,23,1,629.48,24.0
14713,8745,230,1,231.23,8.56
14714,8746,43,1,137.44,13.18
14715,8747,176,1,199.66,19.57
14716,8748,228,1,95.03,3.95
14717,8748,38,1,147.17,8.37
14718,8748,59,1,105.0,5.69
14719,8748,91,1,56.23,4.41
14720,8749,130,1,76.27,4.86
14721,8749,9,1,82.19,6.73
14722,8750,52,1,30.53,3.44
14723,8750,237,1,10.34,1.01
14724,8750,53,1,270.94,24.03
14725,8751,91,1,56.23,4.19
14726,8752,43,1,137.44,9.7
14727,8753,96,1,826.6,50.56
14728,8753,124,1,434.69,40.94
14729,8754,189,1,150.51,4.87
14730,8755,43,1,137.44,7.33
14731,8756,177,1,81.05,6.21
14732,8757,169,1,69.98,4.29
14733,8758,174,1,8.1,0.79
14734,8758,228,1,95.03,7.55
14735,8759,11,1,685.7,31.41
14736,8760,104,1,82.65,6.21
14737,8761,97,1,244.48,25.54
14738,8761,89,1,179.88,11.17
14739,8762,19,1,11.93,1.22
14740,8763,242,1,135.54,11.81
14741,8763,25,1,28.3,2.58
14742,8764,189,1,150.51,14.4
14743,8764,235,1,75.26,5.58
14744,8764,27,1,852.23,85.28
14745,8764,133,1,37.44,1.56
14746,8765,229,1,16.22,0.95
14747,8766,72,1,112.92,8.26
14748,8767,48,1,93.17,9.82
14749,8767,27,1,852.23,69.45
14750,8768,190,1,239.32,12.51
14751,8768,121,1,272.89,27.56
14752,8769,168,1,9.01,0.41
14753,8770,218,1,62.27,3.55
14754,8770,160,1,19.67,1.57
14755,8770,65,1,165.64,17.73
14756,8771,73,1,85.1,6.24
14757,8771,67,1,53.0,4.14
14758,8771,199,1,5.9,0.44
14759,8772,9,1,82.19,4.89
14760,8772,28,1,164.02,9.26
14761,8773,18,1,17.37,1.1
14762,8774,246,1,30.72,1.82
14763,8775,71,1,179.59,15.83
14764,8776,27,1,852.23,27.22
14765,8777,156,1,99.5,5.58
14766,8777,246,1,30.72,1.7
14767,8778,184,1,344.95,13.76
14768,8779,13,1,31.08,1.76
14769,8780,147,1,81.1,5.87
14770,8781,234,1,17.93,0.77
14771,8782,87,3,391.01,30.07
14772,8783,203,1,67.83,7.72
14773,8783,220,1,669.86,61.56
14774,8784,33,1,30.54,2.26
14775,8784,87,1,391.01,23.53
14776,8785,158,1,19.01,1.98
14777,8785,150,1,43.62,4.02
14778,8785,23,1,629.48,69.72
14779,8786,209,1,115.41,11.34
14780,8787,155,1,18.82,1.08
14781,8787,244,1,84.79,7.67
14782,8788,30,1,58.74,6.97
14783,8789,218,3,62.27,6.04
14784,8790,67,3,53.0,2.49
14785,8790,33,1,30.54,2.02
14786,8790,175,1,16.15,0.81
14787,8791,196,1,47.98,5.47
14788,8792,9,1,82.19,2.55
14789,8793,204,2,103.62,6.1
14790,8793,90,1,11.62,1.35
14791,8793,218,1,62.27,7.09
14792,8793,206,1,760.6,67.02
14793,8794,120,1,44.88,3.97
14794,8794,47,1,18.06,1.63
14795,8795,250,1,583.02,37.19
14796,8796,23,1,629.48,25.25
14797,8797,228,1,95.03,9.74
14798,8798,98,1,25.53,1.11
14799,8798,103,1,1102.59,103.53
14800,8799,46,2,645.92,47.04
14801,8799,235,1,75.26,3.83
14802,8799,202,1,130.75,11.62
14803,8800,218,1,62.27,3.12
14804,8800,104,1,82.65,4.1
14805,8801,172,1,356.67,10.72
14806,8802,45,1,30.04,1.06
14807,8802,158,1,19.01,0.77
14808,8803,220,1,669.86,30.02
14809,8804,43,1,137.44,8.88
14810,8804,132,1,74.95,7.46
14811,8805,73,2,85.1,6.49
14812,8806,80,3,37.9,3.11
14813,8807,61,1,30.27,1.81
14814,8808,65,1,165.64,13.89
14815,8808,135,1,212.24,12.98
14816,8808,107,1,87.92,9.54
14817,8808,212,1,619.34,40.92
14818,8809,95,1,25.87,1.4
14819,8810,181,1,14.39,0.7
14820,8810,87,1,391.01,46.03
14821,8810,122,1,69.41,3.85
14822,8811,26,1,16.21,0.54
14823,8811,246,1,30.72,0.94
14824,8812,34,1,127.18,4.88
14825,8812,18,1,17.37,1.36
14826,8812,36,1,55.53,2.75
14827,8812,178,1,1065.13,121.53
14828,8813,230,1,231.23,16.73
14829,8814,109,1,151.47,8.47
14830,8815,71,1,179.59,11.0
14831,8815,36,1,55.53,3.35
14832,8816,108,1,3.52,0.19
14833,8817,122,1,69.41,2.77
14834,8818,83,1,9.7,0.61
14835,8818,11,1,685.7,21.66
14836,8819,26,1,16.21,1.7
14837,8820,57,1,185.85,17.69
14838,8820,55,1,167.62,9.39
14839,8820,14,1,94.71,5.16
14840,8821,250,1,583.02,27.37
14841,8821,74,1,35.45,2.74
14842,8822,102,1,683.61,64.61
14843,8823,192,1,82.67,4.38
14844,8824,137,3,112.97,11.21
14845,8824,144,1,50.76,3.4
14846,8825,41,1,63.66,5.51
14847,8825,87,1,391.01,39.79
14848,8825,34,1,127.18,12.3
14849,8825,99,1,14.4,1.56
14850,8826,218,1,62.27,2.32
14851,8826,244,1,84.79,6.09
14852,8827,133,1,37.44,3.24
14853,8827,40,1,97.22,7.51
14854,8828,191,1,39.7,4.64
14855,8829,143,1,180.32,7.26
14856,8829,135,1,212.24,18.72
14857,8830,222,2,22.72,1.02
14858,8831,80,1,37.9,4.04
14859,8832,28,1,164.02,9.51
14860,8833,123,1,10.31,1.05
14861,8833,132,1,74.95,2.38
14862,8834,100,1,136.87,14.02
14863,8834,120,1,44.88,2.74
14864,8834,106,1,27.76,1.94
14865,8834,61,1,30.27,2.03
14866,8835,124,1,434.69,24.71
14867,8836,195,1,45.11,4.05
14868,8837,61,1,30.27,1.08
14869,8837,90,1,11.62,0.95
14870,8838,43,1,137.44,12.83
14871,8839,98,1,25.53,1.54
14872,8840,154,1,53.6,3.65
14873,8841,46,1,645.92,67.53
14874,8841,220,1,669.86,45.48
14875,8842,199,1,5.9,0.61
14876,8842,92,1,1151.64,133.11
14877,8843,107,1,87.92,3.02
14878,8844,127,1,82.05,5.43
14879,8845,144,1,50.76,4.47
14880,8845,151,1,116.4,5.4
14881,8846,25,1,28.3,2.07
14882,8846,95,1,25.87,2.16
14883,8846,228,1,95.03,2.93
14884,8846,5,1,88.33,9.97
14885,8847,104,1,82.65,9.9
14886,8847,131,1,203.22,11.17
14887,8847,151,1,116.4,11.42
14888,8848,235,1,75.26,5.21
14889,8849,67,1,53.0,5.1
14890,8850,131,1,203.22,24.24
14891,8851,187,1,95.65,4.34
14892,8852,231,1,80.77,5.03
14893,8852,221,1,80.15,8.92
14894,8852,9,1,82.19,2.47
14895,8852,46,1,645.92,46.18
14896,8853,156,1,99.5,6.06
14897,8854,242,1,135.54,13.74
14898,8855,131,1,203.22,20.62
14899,8856,228,1,95.03,3.55
14900,8857,66,1,27.73,2.44
14901,8858,188,1,15.44,0.53
14902,8858,149,1,71.93,4.26
14903,8858,67,1,53.0,5.97
14904,8859,167,1,139.5,13.4
14905,8860,249,1,52.62,5.95
14906,8860,218,1,62.27,7.41
14907,8860,199,1,5.9,0.6
14908,8861,50,1,44.06,2.92
14909,8862,70,1,41.53,1.91
14910,8862,235,1,75.26,7.95
14911,8863,48,1,93.17,4.42
14912,8864,158,1,19.01,2.17
14913,8865,98,1,25.53,2.06
14914,8866,158,1,19.01,1.0
14915,8867,163,1,20.16,1.3
14916,8867,89,1,179.88,15.91
14917,8867,23,1,629.48,30.74
14918,8868,143,1,180.32,12.45
14919,8868,111,1,97.83,11.58
14920,8869,161,1,84.35,2.55
14921,8869,228,1,95.03,7.23
14922,8870,182,1,19.48,1.44
14923,8871,72,1,112.92,13.02
14924,8871,35,1,76.68,7.5
14925,8872,190,1,239.32,11.28
14926,8873,202,1,130.75,13.98
14927,8874,114,1,164.19,18.25
14928,8874,86,1,124.98,6.74
14929,8874,84,1,54.94,5.1
14930,8874,220,1,669.86,40.71
14931,8875,43,1,137.44,8.93
14932,8876,118,1,13.3,0.81
14933,8876,180,1,209.32,14.02
14934,8877,121,1,272.89,26.6
14935,8878,89,1,179.88,21.12
14936,8878,23,1,629.48,58.09
14937,8879,37,1,136.42,8.28
14938,8880,14,1,94.71,11.32
14939,8881,221,1,80.15,9.46
14940,8881,140,1,11.94,0.5
14941,8881,143,1,180.32,21.12
14942,8882,24,2,89.79,4.54
14943,8882,133,1,37.44,1.86
14944,8883,46,1,645.92,55.57
14945,8884,235,1,75.26,2.72
14946,8884,43,1,137.44,5.77
14947,8885,201,1,68.19,7.19
14948,8886,182,1,19.48,2.01
14949,8887,234,1,17.93,1.56
14950,8887,207,1,51.95,4.9
14951,8888,232,1,155.86,16.78
14952,8889,234,1,17.93,0.66
14953,8889,85,1,106.96,9.11
14954,8889,118,3,13.3,0.54
14955,8890,232,1,155.86,5.35
14956,8891,2,1,120.72,9.98
14957,8891,125,1,111.51,11.66
14958,8891,14,1,94.71,10.5
14959,8892,105,1,262.49,8.37
14960,8892,145,1,366.49,29.08
14961,8892,245,1,178.52,14.95
14962,8893,30,1,58.74,2.48
14963,8893,113,1,29.13,2.9
14964,8893,197,1,235.87,23.61
14965,8894,16,1,90.17,7.58
14966,8895,88,1,2.59,0.12
14967,8896,118,1,13.3,0.99
14968,8896,166,1,30.99,3.71
14969,8896,202,1,130.75,10.97
14970,8896,5,1,88.33,8.41
14971,8897,28,2,164.02,9.56
14972,8898,242,1,135.54,10.83
14973,8898,161,1,84.35,3.29
14974,8898,68,1,38.67,2.63
14975,8898,154,1,53.6,5.29
14976,8899,19,1,11.93,1.09
14977,8900,84,1,54.94,5.01
14978,8900,159,1,124.76,13.52
14979,8900,156,1,99.5,3.57
14980,8901,32,1,17.9,1.71
14981,8902,15,1,114.86,10.48
14982,8902,249,2,52.62,2.15
14983,8903,91,1,56.23,5.3
14984,8903,217,1,36.43,3.32
14985,8904,193,1,286.41,15.77
14986,8905,201,1,68.19,3.91
14987,8906,134,1,140.62,14.23
14988,8907,123,1,10.31,0.96
14989,8907,142,1,230.98,10.61
14990,8907,129,1,858.28,74.36
14991,8908,16,1,90.17,4.79
14992,8909,4,1,95.98,4.77
14993,8910,224,1,6.63,0.74
14994,8911,21,1,285.75,18.77
14995,8911,59,1,105.0,12.05
14996,8911,180,1,209.32,8.77
14997,8912,84,1,54.94,3.24
14998,8912,152,1,343.16,21.63
14999,8912,120,1,44.88,5.08
15000,8913,38,1,147.17,11.98
15001,8913,132,3,74.95,3.0
15002,8913,27,1,852.23,41.52
15003,8914,96,1,826.6,83.86
15004,8915,46,1,645.92,74.24
15005,8916,232,1,155.86,8.06
15006,8916,46,1,645.92,54.93
15007,8916,119,1,69.61,6.63
15008,8917,246,1,30.72,1.06
15009,8918,241,1,40.34,4.18
15010,8919,23,2,629.48,72.81
15011,8920,190,1,239.32,19.34
15012,8920,247,1,31.51,1.18
15013,8920,60,1,85.87,9.07
15014,8920,59,1,105.0,5.14
15015,8921,130,1,76.27,5.32
15016,8922,219,1,66.09,7.57
15017,8922,86,1,124.98,7.57
15018,8923,65,1,165.64,12.56
15019,8924,86,1,124.98,8.41
15020,8924,104,1,82.65,5.91
15021,8925,57,1,185.85,8.27
15022,8926,138,1,45.06,4.09
15023,8926,127,1,82.05,8.93
15024,8927,14,2,94.71,11.01
15025,8927,193,1,286.41,16.45
15026,8927,53,1,270.94,29.39
15027,8927,75,1,553.99,37.04
15028,8928,26,1,16.21,1.72
15029,8929,130,1,76.27,5.39
15030,8929,35,1,76.68,3.71
15031,8929,161,1,84.35,2.8
15032,8929,16,1,90.17,5.11
15033,8930,89,1,179.88,9.63
15034,8931,92,1,1151.64,47.52
15035,8931,217,1,36.43,1.56
15036,8932,153,1,179.31,20.87
15037,8932,55,2,167.62,9.51
15038,8932,98,1,25.53,1.0
15039,8932,228,1,95.03,3.53
15040,8933,176,3,199.66,10.39
15041,8934,221,1,80.15,4.09
15042,8934,37,1,136.42,16.34
15043,8934,134,2,140.62,13.1
15044,8935,50,1,44.06,4.15
15045,8935,77,1,170.84,7.66
15046,8935,6,1,251.86,29.19
15047,8936,51,1,71.14,4.74
15048,8936,32,1,17.9,1.8
15049,8936,77,1,170.84,11.87
15050,8937,157,1,234.71,21.76
15051,8938,216,2,194.01,12.96
15052,8939,21,1,285.75,32.5
15053,8939,112,1,335.91,30.22
15054,8939,120,1,44.88,3.76
15055,8940,26,1,16.21,0.81
15056,8941,3,1,51.08,3.41
15057,8941,220,3,669.86,42.12
15058,8941,184,1,344.95,36.09
15059,8942,206,1,760.6,72.84
15060,8942,138,1,45.06,1.92
15061,8942,54,1,387.71,19.22
15062,8942,122,2,69.41,4.16
15063,8943,110,1,759.15,37.93
15064,8943,198,1,52.95,4.85
15065,8943,85,1,106.96,5.12
15066,8944,230,3,231.23,11.57
15067,8944,159,1,124.76,4.43
15068,8945,148,1,101.97,5.72
15069,8945,194,1,41.9,2.05
15070,8946,161,3,84.35,3.44
15071,8947,232,1,155.86,11.6
15072,8947,157,1,234.71,7.44
15073,8948,15,1,114.86,13.58
15074,8949,130,1,76.27,8.05
15075,8950,19,1,11.93,0.52
15076,8951,234,1,17.93,0.56
15077,8952,121,1,272.89,17.81
15078,8952,232,1,155.86,11.16
15079,8952,68,1,38.67,1.68
15080,8953,76,1,52.37,5.26
15081,8953,142,1,230.98,18.92
15082,8953,173,1,57.93,6.75
15083,8954,73,2,85.1,9.97
15084,8955,9,2,82.19,6.2
15085,8956,217,1,36.43,3.17
15086,8956,67,1,53.0,3.21
15087,8956,151,1,116.4,11.55
15088,8957,21,1,285.75,15.9
15089,8958,113,1,29.13,1.33
15090,8958,186,1,66.12,3.24
15091,8959,241,1,40.34,2.78
15092,8959,192,1,82.67,8.34
15093,8960,235,2,75.26,5.38
15094,8961,2,1,120.72,4.11
15095,8962,14,2,94.71,4.4
15096,8963,207,1,51.95,4.43
15097,8964,102,1,683.61,55.02
15098,8965,235,1,75.26,5.7
15099,8965,198,1,52.95,4.38
15100,8965,103,2,1102.59,126.19
15101,8965,98,1,25.53,2.54
15102,8966,211,1,22.6,2.47
15103,8967,150,3,43.62,3.79
15104,8967,35,3,76.68,4.43
15105,8968,80,2,37.9,1.16
15106,8968,226,1,134.28,10.22
15107,8968,101,1,8.28,0.81
15108,8968,176,1,199.66,20.07
15109,8969,40,1,97.22,5.75
15110,8969,211,1,22.6,2.59
15111,8970,213,1,31.81,1.28
15112,8970,40,1,97.22,8.57
15113,8970,94,1,33.91,2.41
15114,8971,16,1,90.17,5.93
15115,8972,27,1,852.23,62.21
15116,8973,66,1,27.73,0.86
15117,8973,223,1,155.25,13.36
15118,8974,160,1,19.67,1.96
15119,8975,89,1,179.88,15.99
15120,8975,34,1,127.18,13.09
15121,8976,228,1,95.03,4.04
15122,8976,65,1,165.64,18.08
15123,8977,250,1,583.02,22.87
15124,8978,105,1,262.49,29.55
15125,8978,120,1,44.88,4.32
15126,8979,83,1,9.7,1.01
15127,8979,135,1,212.24,10.3
15128,8980,18,1,17.37,1.14
15129,8981,15,1,114.86,11.77
15130,8981,187,1,95.65,6.05
15131,8981,75,1,553.99,57.05
15132,8981,26,1,16.21,1.93
15133,8982,233,1,339.7,23.35
15134,8983,57,1,185.85,10.84
15135,8984,204,1,103.62,6.14
15136,8984,75,1,553.99,17.12
15137,8985,123,1,10.31,1.17
15138,8986,91,1,56.23,2.28
15139,8987,84,1,54.94,5.47
15140,8988,212,1,619.34,23.31
15141,8989,45,1,30.04,2.13
15142,8989,140,1,11.94,0.69
15143,8990,117,1,45.11,5.39
15144,8990,2,1,120.72,11.08
15145,8991,63,1,555.18,60.93
15146,8992,207,1,51.95,5.01
15147,8993,212,1,619.34,33.22
15148,8993,10,1,26.93,2.7
15149,8994,227,1,49.54,3.71
15150,8994,144,1,50.76,4.19
15151,8994,80,1,37.9,2.71
15152,8995,17,2,29.84,1.62
15153,8995,18,1,17.37,0.82
15154,8996,244,1,84.79,3.91
15155,8996,187,1,95.65,5.53
15156,8997,166,1,30.99,2.67
15157,8997,249,1,52.62,2.09
15158,8998,15,1,114.86,7.64
15159,8999,20,1,71.62,7.14
15160,8999,59,3,105.0,4.8
15161,8999,151,1,116.4,8.3
15162,9000,153,1,179.31,7.25
15163,9001,36,3,55.53,6.55
15164,9001,57,1,185.85,14.09
15165,9001,47,1,18.06,1.21
15166,9002,8,1,6.03,0.33
15167,9002,245,1,178.52,9.06
15168,9002,140,1,11.94,0.83
15169,9002,70,1,41.53,2.59
15170,9003,180,1,209.32,17.01
15171,9003,46,1,645.92,57.41
15172,9004,88,1,2.59,0.24
15173,9004,198,1,52.95,4.42
15174,9004,31,1,34.65,1.18
15175,9004,126,1,25.06,1.06
15176,9005,10,1,26.93,2.06
15177,9006,242,1,135.54,10.8
15178,9007,161,1,84.35,3.36
15179,9007,224,1,6.63,0.72
15180,9007,91,1,56.23,6.15
15181,9008,116,1,53.02,2.85
15182,9008,149,1,71.93,5.11
15183,9009,171,2,100.35,8.48
15184,9010,47,1,18.06,1.9
15185,9011,116,1,53.02,2.78
15186,9011,156,1,99.5,7.62
15187,9012,86,1,124.98,11.42
15188,9013,75,1,553.99,37.62
15189,9014,91,1,56.23,4.85
15190,9014,124,1,434.69,29.55
15191,9015,30,1,58.74,2.54
15192,9015,222,1,22.72,1.05
15193,9015,104,1,82.65,3.74
15194,9016,232,1,155.86,13.42
15195,9017,43,1,137.44,14.26
15196,9017,24,1,89.79,8.95
15197,9018,173,1,57.93,2.61
15198,9019,61,2,30.27,1.64
15199,9020,124,1,434.69,33.22
15200,9021,18,2,17.37,0.65
15201,9022,104,1,82.65,7.3
15202,9023,240,1,694.84,31.11
15203,9023,43,1,137.44,12.61
15204,9024,161,1,84.35,6.34
15205,9024,63,1,555.18,53.0
15206,9024,17,1,29.84,2.04
15207,9025,53,2,270.94,22.36
15208,9026,157,1,234.71,9.02
15209,9027,53,2,270.94,11.71
15210,9028,163,1,20.16,1.02
15211,9029,19,1,11.93,1.19
15212,9029,177,1,81.05,4.95
15213,9030,87,1,391.01,16.35
15214,9031,161,1,84.35,9.42
15215,9031,74,1,35.45,3.99
15216,9032,40,1,97.22,4.36
15217,9033,102,1,683.61,73.44
15218,9034,121,1,272.89,20.26
15219,9034,250,1,583.02,44.52
15220,9034,129,1,858.28,87.99
15221,9034,107,1,87.92,7.76
15222,9035,39,1,136.95,5.9
15223,9035,177,1,81.05,2.8
15224,9035,244,1,84.79,9.45
15225,9036,72,1,112.92,3.43
15226,9037,129,1,858.28,99.2
15227,9038,156,1,99.5,9.67
15228,9039,75,1,553.99,45.62
15229,9040,176,1,199.66,19.17
15230,9041,97,1,244.48,12.31
15231,9042,53,1,270.94,20.29
15232,9043,107,1,87.92,6.86
15233,9043,34,1,127.18,14.46
15234,9044,210,1,56.9,3.94
15235,9044,14,1,94.71,9.08
15236,9045,212,1,619.34,71.64
15237,9046,122,3,69.41,6.31
15238,9046,16,1,90.17,3.06
15239,9046,106,1,27.76,2.35
15240,9047,169,1,69.98,5.51
15241,9047,224,1,6.63,0.72
15242,9047,14,1,94.71,9.64
15243,9047,151,1,116.4,7.19
15244,9048,176,1,199.66,13.66
15245,9049,141,1,483.07,16.86
15246,9050,217,1,36.43,2.56
15247,9051,208,1,113.76,8.12
15248,9052,120,1,44.88,1.52
15249,9053,245,3,178.52,9.54
15250,9054,169,1,69.98,8.32
15251,9055,173,1,57.93,3.82
15252,9056,173,1,57.93,6.41
15253,9057,82,2,53.33,1.69
15254,9057,53,1,270.94,12.17
15255,9057,76,1,52.37,2.92
15256,9057,40,1,97.22,9.49
15257,9058,124,1,434.69,34.95
15258,9059,40,1,97.22,9.96
15259,9060,132,2,74.95,2.37
15260,9061,76,1,52.37,2.49
15261,9061,192,1,82.67,8.26
15262,9061,136,1,763.13,38.68
15263,9062,87,1,391.01,21.21
15264,9063,124,1,434.69,21.65
15265,9064,249,1,52.62,5.35
15266,9065,189,1,150.51,13.01
15267,9065,212,1,619.34,72.89
15268,9066,176,1,199.66,14.95
15269,9066,171,1,100.35,6.31
15270,9067,204,1,103.62,4.4
15271,9067,126,1,25.06,1.15
15272,9067,135,1,212.24,17.51
15273,9068,36,1,55.53,4.77
15274,9069,214,1,211.86,13.91
15275,9069,27,1,852.23,92.62
15276,9069,245,1,178.52,6.87
15277,9070,49,1,38.8,4.49
15278,9070,94,1,33.91,3.55
15279,9070,14,1,94.71,7.63
15280,9071,142,1,230.98,8.25
15281,9071,249,1,52.62,3.41
15282,9072,250,2,583.02,42.66
15283,9073,206,1,760.6,74.14
15284,9074,63,1,555.18,45.97
15285,9074,237,1,10.34,0.42
15286,9075,140,1,11.94,0.64
15287,9075,192,1,82.67,3.72
15288,9076,123,1,10.31,1.13
15289,9077,147,1,81.1,2.77
15290,9077,190,1,239.32,17.83
15291,9077,52,1,30.53,1.84
15292,9078,87,1,391.01,12.31
15293,9078,193,1,286.41,12.75
15294,9078,115,3,27.12,2.6
15295,9078,138,1,45.06,5.11
15296,9079,73,1,85.1,9.49
15297,9079,120,1,44.88,2.85
15298,9080,72,1,112.92,8.34
15299,9080,135,1,212.24,24.7
15300,9081,155,1,18.82,0.68
15301,9082,230,1,231.23,8.35
15302,9082,29,2,617.47,39.98
15303,9083,72,1,112.92,7.64
15304,9084,20,1,71.62,3.0
15305,9084,239,1,762.58,53.13
15306,9085,104,1,82.65,4.53
15307,9086,101,1,8.28,0.77
15308,9086,161,1,84.35,4.82
15309,9087,46,1,645.92,72.07
15310,9087,176,1,199.66,11.14
15311,9088,214,1,211.86,21.46
15312,9089,49,1,38.8,3.24
15313,9089,216,1,194.01,14.37
15314,9090,8,1,6.03,0.61
15315,9090,120,1,44.88,3.83
15316,9091,182,1,19.48,1.27
15317,9091,58,1,7.39,0.23
15318,9092,49,2,38.8,4.34
15319,9093,124,1,434.69,31.9
15320,9094,146,1,98.43,11.74
15321,9095,126,2,25.06,1.83
15322,9096,99,1,14.4,1.4
15323,9097,241,1,40.34,2.36
15324,9098,216,1,194.01,9.85
15325,9099,23,2,629.48,55.62
15326,9099,250,1,583.02,63.33
15327,9100,48,1,93.17,10.44
15328,9101,245,1,178.52,16.75
15329,9102,86,1,124.98,12.93
15330,9102,203,1,67.83,6.48
15331,9102,44,1,39.31,2.81
15332,9103,15,1,114.86,7.66
15333,9104,101,1,8.28,0.82
15334,9104,186,1,66.12,6.42
15335,9105,249,1,52.62,2.61
15336,9105,154,1,53.6,3.68
15337,9106,188,2,15.44,0.99
15338,9107,173,1,57.93,4.89
15339,9107,98,1,25.53,2.83
15340,9108,167,1,139.5,10.37
15341,9109,105,1,262.49,22.05
15342,9109,65,1,165.64,7.6
15343,9110,45,1,30.04,3.33
15344,9110,153,1,179.31,8.89
15345,9110,76,1,52.37,5.33
15346,9110,118,3,13.3,1.55
15347,9111,160,1,19.67,1.44
15348,9112,137,1,112.97,10.6
15349,9113,20,1,71.62,3.39
15350,9113,202,1,130.75,8.86
15351,9114,217,1,36.43,1.85
15352,9114,207,1,51.95,4.7
15353,9115,180,1,209.32,6.81
15354,9116,217,1,36.43,1.53
15355,9117,63,1,555.18,25.96
15356,9117,235,1,75.26,6.07
15357,9117,88,1,2.59,0.09
15358,9118,244,1,84.79,6.22
15359,9118,16,1,90.17,7.72
15360,9118,111,1,97.83,8.73
15361,9119,193,1,286.41,9.26
15362,9119,98,1,25.53,3.0
15363,9120,129,1,858.28,73.26
15364,9120,5,2,88.33,4.37
15365,9121,165,1,6.2,0.46
15366,9121,181,1,14.39,1.58
15367,9121,16,1,90.17,8.24
15368,9122,55,1,167.62,9.6
15369,9123,217,1,36.43,2.34
15370,9124,67,1,53.0,5.47
15371,9125,63,1,555.18,52.72
15372,9126,25,1,28.3,1.49
15373,9127,35,3,76.68,2.57
15374,9127,22,1,412.18,47.09
15375,9128,193,1,286.41,29.38
15376,9128,164,1,31.65,2.61
15377,9129,44,1,39.31,4.49
15378,9130,179,1,246.47,26.57
15379,9130,180,1,209.32,16.62
15380,9131,218,1,62.27,2.79
15381,9131,123,2,10.31,1.11
15382,9131,72,1,112.92,12.42
15383,9132,104,1,82.65,9.24
15384,9132,52,1,30.53,1.84
15385,9133,72,1,112.92,13.13
15386,9133,219,1,66.09,2.99
15387,9134,237,1,10.34,1.17
15388,9134,18,1,17.37,1.5
15389,9135,135,2,212.24,12.43
15390,9135,48,1,93.17,3.91
15391,9135,198,2,52.95,2.79
15392,9135,87,1,391.01,26.79
15393,9136,89,1,179.88,11.47
15394,9137,118,1,13.3,0.41
15395,9137,214,1,211.86,14.82
15396,9137,91,1,56.23,6.21
15397,9138,173,1,57.93,3.96
15398,9139,71,1,179.59,5.6
15399,9140,164,1,31.65,2.28
15400,9141,234,1,17.93,1.17
15401,9142,179,1,246.47,13.73
15402,9143,185,1,647.11,20.89
15403,9144,98,1,25.53,1.6
15404,9144,248,1,40.02,2.4
15405,9144,70,1,41.53,3.73
15406,9145,127,1,82.05,4.68
15407,9146,65,1,165.64,17.01
15408,9146,76,1,52.37,4.11
15409,9147,206,1,760.6,31.97
15410,9147,1,1,826.88,87.13
15411,9148,36,1,55.53,2.08
15412,9148,161,1,84.35,6.23
15413,9149,179,3,246.47,11.6
15414,9150,77,1,170.84,13.41
15415,9150,241,1,40.34,2.63
15416,9150,129,1,858.28,28.32
15417,9151,192,1,82.67,7.47
15418,9152,79,1,47.16,1.76
15419,9152,186,1,66.12,2.94
15420,9153,235,1,75.26,6.82
15421,9153,40,1,97.22,5.22
15422,9153,31,1,34.65,2.28
15423,9154,90,1,11.62,1.06
15424,9155,12,1,94.84,5.71
15425,9156,104,2,82.65,5.16
15426,9156,109,1,151.47,9.11
15427,9157,56,1,38.8,3.26
15428,9157,181,1,14.39,1.05
15429,9157,157,1,234.71,18.42
15430,9158,35,1,76.68,5.19
15431,9158,244,1,84.79,7.39
15432,9159,37,1,136.42,5.05
15433,9159,129,1,858.28,70.12
15434,9159,239,1,762.58,88.6
15435,9159,246,1,30.72,3.4
15436,9160,40,1,97.22,9.09
15437,9160,124,1,434.69,20.64
15438,9161,125,1,111.51,13.32
15439,9161,244,1,84.79,8.38
15440,9161,210,2,56.9,3.21
15441,9161,216,1,194.01,13.88
15442,9162,3,1,51.08,3.36
15443,9162,138,1,45.06,3.46
15444,9162,57,1,185.85,16.24
15445,9163,59,1,105.0,7.95
15446,9164,65,1,165.64,16.77
15447,9164,26,1,16.21,1.74
15448,9164,158,1,19.01,1.06
15449,9165,201,1,68.19,6.38
15450,9166,151,1,116.4,7.3
15451,9166,60,1,85.87,6.23
15452,9167,192,1,82.67,8.56
15453,9167,57,1,185.85,22.05
15454,9167,187,1,95.65,4.26
15455,9168,6,1,251.86,9.4
15456,9169,30,1,58.74,6.98
15457,9170,181,1,14.39,0.85
15458,9171,23,1,629.48,62.04
15459,9171,104,1,82.65,4.54
15460,9171,25,2,28.3,2.67
15461,9171,199,1,5.9,0.39
15462,9172,125,1,111.51,6.45
15463,9173,135,1,212.24,10.93
15464,9174,72,1,112.92,8.62
15465,9174,245,1,178.52,8.6
15466,9174,204,1,103.62,10.59
15467,9175,62,3,19.26,1.01
15468,9175,109,1,151.47,6.65
15469,9175,203,1,67.83,7.23
15470,9176,109,1,151.47,15.47
15471,9177,175,1,16.15,1.11
15472,9178,55,2,167.62,11.79
15473,9179,119,1,69.61,2.22
15474,9180,19,1,11.93,0.4
15475,9180,157,1,234.71,11.38
15476,9180,104,1,82.65,3.73
15477,9180,54,1,387.71,26.22
15478,9181,157,1,234.71,7.32
15479,9181,121,1,272.89,25.81
15480,9181,232,1,155.86,16.25
15481,9181,195,1,45.11,4.59
15482,9182,240,1,694.84,45.33
15483,9183,161,1,84.35,6.22
15484,9183,66,1,27.73,1.87
15485,9184,164,1,31.65,2.68
15486,9185,80,1,37.9,1.35
15487,9186,124,1,434.69,27.19
15488,9187,212,1,619.34,73.58
15489,9188,220,1,669.86,77.91
15490,9189,147,1,81.1,5.18
15491,9190,197,1,235.87,18.34
15492,9190,25,2,28.3,1.13
15493,9190,223,1,155.25,14.01
15494,9191,19,1,11.93,0.83
15495,9191,176,1,199.66,19.55
15496,9192,249,1,52.62,4.13
15497,9193,105,1,262.49,21.45
15498,9194,118,1,13.3,1.05
15499,9195,193,1,286.41,33.35
15500,9196,112,1,335.91,28.17
15501,9196,37,1,136.42,8.73
15502,9196,52,1,30.53,1.2
15503,9196,60,1,85.87,6.36
15504,9197,29,1,617.47,43.67
15505,9198,77,1,170.84,13.75
15506,9199,229,1,16.22,1.49
15507,9199,52,1,30.53,2.45
15508,9199,105,1,262.49,29.58
15509,9200,157,1,234.71,25.47
15510,9201,125,1,111.51,7.81
15511,9202,220,1,669.86,62.04
15512,9202,83,2,9.7,1.11
15513,9202,71,1,179.59,17.97
15514,9203,195,1,45.11,4.01
15515,9204,160,1,19.67,1.75
15516,9204,57,1,185.85,16.8
15517,9204,43,1,137.44,11.13
15518,9205,53,2,270.94,22.51
15519,9205,205,1,172.47,7.18
15520,9206,102,1,683.61,42.98
15521,9207,224,1,6.63,0.42
15522,9207,198,1,52.95,4.3
15523,9208,28,1,164.02,19.25
15524,9208,196,1,47.98,3.0
15525,9208,212,1,619.34,55.51
15526,9209,36,1,55.53,5.52
15527,9210,98,3,25.53,2.51
15528,9210,233,1,339.7,25.61
15529,9211,189,1,150.51,10.64
15530,9212,215,1,237.45,7.6
15531,9212,121,1,272.89,15.26
15532,9212,5,1,88.33,3.69
15533,9213,242,1,135.54,7.56
15534,9213,198,1,52.95,4.17
15535,9214,201,2,68.19,2.29
15536,9215,227,1,49.54,2.88
15537,9215,134,1,140.62,6.44
15538,9215,229,1,16.22,1.48
15539,9215,63,1,555.18,33.2
15540,9216,46,1,645.92,66.63
15541,9216,222,1,22.72,1.06
15542,9217,18,1,17.37,1.78
15543,9217,104,1,82.65,4.59
15544,9217,189,1,150.51,5.8
15545,9217,66,1,27.73,1.05
15546,9218,238,1,115.34,9.69
15547,9219,48,1,93.17,9.12
15548,9219,81,1,44.98,4.73
15549,9220,199,1,5.9,0.54
15550,9221,66,1,27.73,2.73
15551,9221,64,1,191.61,22.36
15552,9222,222,1,22.72,1.98
15553,9223,246,1,30.72,2.2
15554,9223,85,1,106.96,6.72
15555,9223,197,3,235.87,10.02
15556,9223,63,1,555.18,31.85
15557,9224,27,1,852.23,40.55
15558,9225,15,1,114.86,8.22
15559,9226,6,1,251.86,12.39
15560,9226,18,1,17.37,0.77
15561,9227,105,1,262.49,13.41
15562,9227,40,1,97.22,9.01
15563,9227,225,1,59.74,3.91
15564,9228,104,1,82.65,5.65
15565,9228,134,1,140.62,14.15
15566,9229,84,1,54.94,6.11
15567,9230,215,1,237.45,8.65
15568,9230,192,1,82.67,9.14
15569,9231,241,1,40.34,4.58
15570,9231,190,1,239.32,27.62
15571,9231,167,1,139.5,7.31
15572,9232,130,1,76.27,4.31
15573,9233,53,1,270.94,25.08
15574,9233,229,3,16.22,0.58
15575,9234,203,1,67.83,6.26
15576,9235,36,1,55.53,2.75
15577,9236,140,3,11.94,0.42
15578,9237,106,1,27.76,0.94
15579,9238,110,1,759.15,72.59
15580,9238,72,1,112.92,12.77
15581,9239,109,3,151.47,13.64
15582,9239,49,1,38.8,2.53
15583,9240,151,1,116.4,5.2
15584,9241,134,1,140.62,10.83
15585,9242,140,1,11.94,0.69
15586,9242,167,1,139.5,5.96
15587,9243,55,1,167.62,6.33
15588,9244,29,1,617.47,41.19
15589,9245,126,1,25.06,1.38
15590,9246,192,1,82.67,5.35
15591,9246,118,1,13.3,1.13
15592,9247,99,1,14.4,1.46
15593,9248,87,1,391.01,21.86
15594,9248,40,1,97.22,9.45
15595,9249,30,1,58.74,6.42
15596,9249,177,1,81.05,5.71
15597,9250,82,1,53.33,2.99
15598,9250,8,1,6.03,0.31
15599,9250,129,1,858.28,55.35
15600,9251,137,1,112.97,13.5
15601,9251,42,1,145.78,16.44
15602,9251,84,1,54.94,3.32
15603,9251,127,1,82.05,5.06
15604,9252,207,1,51.95,2.95
15605,9252,158,3,19.01,1.4
15606,9253,191,1,39.7,1.97
15607,9254,36,1,55.53,3.45
15608,9255,24,1,89.79,10.16
15609,9255,86,2,124.98,10.83
15610,9256,218,1,62.27,5.44
15611,9256,200,1,16.92,1.35
15612,9257,24,1,89.79,2.92
15613,9257,134,1,140.62,7.32
15614,9258,22,1,412.18,49.44
15615,9259,13,1,31.08,2.72
15616,9259,213,1,31.81,1.32
15617,9260,200,1,16.92,1.22
15618,9260,197,1,235.87,9.51
15619,9261,176,1,199.66,13.1
15620,9262,193,1,286.41,29.3
15621,9262,95,1,25.87,0.88
15622,9263,227,1,49.54,2.03
15623,9263,49,1,38.8,2.98
15624,9264,206,1,760.6,28.73
15625,9264,157,1,234.71,18.76
15626,9264,8,2,6.03,0.51
15627,9264,56,1,38.8,1.39
15628,9265,113,1,29.13,2.43
15629,9266,120,1,44.88,3.39
15630,9266,33,1,30.54,2.68
15631,9266,34,1,127.18,7.89
15632,9267,21,1,285.75,18.61
15633,9267,188,1,15.44,0.98
15634,9268,71,1,179.59,15.49
15635,9268,187,1,95.65,11.35
15636,9269,168,2,9.01,0.47
15637,9270,5,1,88.33,8.49
15638,9271,49,2,38.8,3.2
15639,9272,104,1,82.65,6.17
15640,9272,210,1,56.9,2.25
15641,9273,134,1,140.62,8.52
15642,9273,175,2,16.15,1.14
15643,9273,184,1,344.95,29.7
15644,9274,241,1,40.34,4.14
15645,9275,81,1,44.98,3.63
15646,9276,190,1,239.32,22.53
15647,9276,117,1,45.11,5.23
15648,9277,230,1,231.23,23.07
15649,9278,249,1,52.62,2.9
15650,9279,97,1,244.48,24.73
15651,9279,32,1,17.9,1.38
15652,9279,161,1,84.35,5.46
15653,9279,189,1,150.51,16.55
15654,9280,146,1,98.43,7.97
15655,9280,200,1,16.92,1.26
15656,9280,220,1,669.86,76.74
15657,9281,46,1,645.92,72.98
15658,9282,105,1,262.49,10.39
15659,9282,158,1,19.01,2.23
15660,9282,212,1,619.34,26.86
15661,9283,56,1,38.8,3.19
15662,9283,217,1,36.43,1.73
15663,9284,176,1,199.66,21.2
15664,9284,172,1,356.67,11.39
15665,9284,119,1,69.61,4.23
15666,9285,14,1,94.71,5.01
15667,9285,229,1,16.22,1.78
15668,9286,89,1,179.88,7.5
15669,9287,88,1,2.59,0.17
15670,9288,33,1,30.54,3.33
15671,9289,244,1,84.79,4.69
15672,9289,41,1,63.66,5.63
15673,9290,134,1,140.62,14.58
15674,9290,110,1,759.15,52.88
15675,9290,23,1,629.48,49.02
15676,9291,16,1,90.17,5.38
15677,9291,119,2,69.61,3.98
15678,9292,99,2,14.4,1.06
15679,9292,67,1,53.0,3.4
15680,9293,82,1,53.33,4.26
15681,9294,41,1,63.66,3.83
15682,9294,46,1,645.92,45.46
15683,9294,3,2,51.08,2.41
15684,9295,27,1,852.23,52.48
15685,9295,158,1,19.01,2.18
15686,9296,242,1,135.54,9.43
15687,9296,208,1,113.76,6.45
15688,9296,191,1,39.7,1.7
15689,9297,139,1,488.45,15.31
15690,9297,233,1,339.7,16.57
15691,9298,27,1,852.23,27.05
15692,9298,142,1,230.98,20.86
15693,9298,89,1,179.88,9.54
15694,9299,41,2,63.66,6.56
15695,9300,107,1,87.92,8.08
15696,9301,241,1,40.34,4.79
15697,9302,101,1,8.28,0.81
15698,9302,35,1,76.68,8.52
15699,9303,235,1,75.26,8.01
15700,9303,129,2,858.28,92.82
15701,9303,14,1,94.71,4.73
15702,9304,87,1,391.01,20.93
15703,9304,124,1,434.69,28.52
15704,9304,129,1,858.28,70.48
15705,9305,130,1,76.27,8.29
15706,9305,128,1,13.41,0.67
15707,9306,90,1,11.62,1.27
15708,9306,88,1,2.59,0.28
15709,9307,233,1,339.7,15.77
15710,9308,225,1,59.74,2.65
15711,9308,187,1,95.65,9.1
15712,9309,112,1,335.91,19.31
15713,9310,202,1,130.75,11.71
15714,9311,129,1,858.28,43.21
15715,9311,35,1,76.68,8.01
15716,9311,135,1,212.24,15.51
15717,9312,85,1,106.96,6.66
15718,9312,199,1,5.9,0.19
15719,9312,120,1,44.88,1.57
15720,9313,157,1,234.71,18.51
15721,9314,239,1,762.58,66.8
15722,9314,202,1,130.75,6.14
15723,9315,243,1,83.89,7.22
15724,9315,82,1,53.33,3.06
15725,9316,115,1,27.12,1.98
15726,9317,68,1,38.67,3.63
15727,9317,53,1,270.94,29.98
15728,9318,74,1,35.45,3.28
15729,9319,227,3,49.54,3.68
15730,9319,121,1,272.89,15.93
15731,9319,185,1,647.11,37.56
15732,9319,104,1,82.65,9.09
15733,9320,70,1,41.53,3.28
15734,9320,142,1,230.98,20.59
15735,9320,158,1,19.01,0.76
15736,9321,167,1,139.5,7.25
15737,9322,61,1,30.27,1.17
15738,9323,32,1,17.9,0.81
15739,9323,67,1,53.0,4.48
15740,9323,80,1,37.9,2.72
15741,9324,123,1,10.31,0.84
15742,9325,88,1,2.59,0.3
15743,9326,56,1,38.8,2.55
15744,9327,205,1,172.47,15.8
15745,9327,171,1,100.35,10.26
15746,9328,116,1,53.02,3.29
15747,9328,73,1,85.1,4.28
15748,9329,38,1,147.17,16.81
15749,9330,52,1,30.53,1.75
15750,9331,76,1,52.37,3.15
15751,9331,70,1,41.53,3.23
15752,9331,234,1,17.93,0.79
15753,9331,139,1,488.45,56.53
15754,9332,157,2,234.71,17.33
15755,9332,227,1,49.54,1.65
15756,9332,7,1,136.48,11.07
15757,9333,119,1,69.61,6.87
15758,9334,156,1,99.5,8.04
15759,9335,187,1,95.65,5.09
15760,9335,51,1,71.14,4.13
15761,9336,232,1,155.86,14.94
15762,9336,211,1,22.6,2.26
15763,9336,45,1,30.04,2.28
15764,9337,159,1,124.76,4.88
15765,9338,200,1,16.92,1.96
15766,9339,10,1,26.93,1.19
15767,9339,48,1,93.17,3.2
15768,9339,194,1,41.9,4.78
15769,9340,147,1,81.1,5.29
15770,9340,118,1,13.3,1.19
15771,9341,23,1,629.48,33.84
15772,9342,109,1,151.47,11.69
15773,9343,195,1,45.11,1.89
15774,9344,106,1,27.76,1.84
15775,9344,243,2,83.89,4.43
15776,9345,63,1,555.18,54.28
15777,9345,35,1,76.68,5.74
15778,9346,20,1,71.62,7.06
15779,9346,215,3,237.45,21.79
15780,9346,176,1,199.66,18.81
15781,9347,158,1,19.01,1.55
15782,9348,183,1,101.22,11.71
15783,9348,160,1,19.67,0.63
15784,9349,173,1,57.93,4.78
15785,9350,187,1,95.65,9.05
15786,9351,199,1,5.9,0.53
15787,9352,117,1,45.11,2.04
15788,9352,33,2,30.54,1.14
15789,9353,119,1,69.61,3.95
15790,9354,21,1,285.75,26.05
15791,9355,25,1,28.3,2.83
15792,9355,189,3,150.51,7.48
15793,9356,109,1,151.47,6.12
15794,9356,68,2,38.67,3.75
15795,9356,197,1,235.87,14.41
15796,9357,44,1,39.31,3.18
15797,9358,32,1,17.9,1.94
15798,9358,119,1,69.61,7.91
15799,9359,150,1,43.62,4.58
15800,9359,148,1,101.97,4.17
15801,9359,25,1,28.3,3.05
15802,9360,217,1,36.43,3.24
15803,9361,27,2,852.23,94.68
15804,9362,8,1,6.03,0.36
15805,9363,80,1,37.9,3.03
15806,9364,247,1,31.51,3.14
15807,9364,124,1,434.69,41.89
15808,9365,190,1,239.32,7.58
15809,9365,44,1,39.31,1.93
15810,9366,229,1,16.22,0.71
15811,9366,181,1,14.39,1.28
15812,9366,163,1,20.16,0.89
15813,9366,37,1,136.42,14.56
15814,9367,132,1,74.95,5.64
15815,9368,183,1,101.22,9.58
15816,9369,105,1,262.49,29.9
15817,9370,137,1,112.97,4.9
15818,9370,209,2,115.41,6.39
15819,9371,120,1,44.88,2.17
15820,9371,205,1,172.47,12.93
15821,9372,98,1,25.53,1.09
15822,9373,232,1,155.86,18.19
15823,9374,219,1,66.09,2.64
15824,9375,21,1,285.75,16.81
15825,9375,207,1,51.95,2.04
15826,9375,241,1,40.34,4.28
15827,9375,137,1,112.97,5.03
15828,9376,212,3,619.34,46.31
15829,9377,59,1,105.0,12.26
15830,9377,142,1,230.98,22.28
15831,9377,105,1,262.49,9.12
15832,9378,52,1,30.53,1.95
15833,9378,161,1,84.35,7.16
15834,9379,49,1,38.8,2.58
15835,9379,230,1,231.23,7.86
15836,9380,14,1,94.71,7.56
15837,9380,132,1,74.95,7.38
15838,9381,202,1,130.75,11.02
15839,9381,250,1,583.02,29.6
15840,9382,81,1,44.98,4.58
15841,9383,34,1,127.18,8.29
15842,9384,131,1,203.22,16.4
15843,9385,195,1,45.11,4.54
15844,9386,181,1,14.39,1.25
15845,9387,189,1,150.51,16.27
15846,9388,88,1,2.59,0.12
15847,9388,134,1,140.62,13.54
15848,9388,4,1,95.98,2.95
15849,9389,57,1,185.85,14.77
15850,9389,180,1,209.32,12.34
15851,9389,6,1,251.86,27.51
15852,9390,15,3,114.86,10.58
15853,9391,123,1,10.31,0.61
15854,9391,113,1,29.13,1.71
15855,9391,207,1,51.95,3.38
15856,9391,30,1,58.74,5.41
15857,9392,235,1,75.26,8.86
15858,9393,31,1,34.65,1.49
15859,9394,138,1,45.06,4.84
15860,9395,150,1,43.62,1.53
15861,9395,163,1,20.16,1.5
15862,9396,248,1,40.02,4.46
15863,9397,14,1,94.71,10.84
15864,9398,137,2,112.97,5.16
15865,9398,36,1,55.53,2.67
15866,9399,93,1,25.75,1.28
15867,9400,229,3,16.22,1.52
15868,9400,211,1,22.6,1.38
15869,9400,105,1,262.49,8.04
15870,9401,124,1,434.69,37.34
15871,9402,110,1,759.15,27.42
15872,9403,7,1,136.48,14.95
15873,9404,136,1,763.13,26.28
15874,9404,40,1,97.22,9.25
15875,9404,157,1,234.71,17.02
15876,9405,41,1,63.66,7.54
15877,9406,50,1,44.06,4.78
15878,9406,222,1,22.72,1.52
15879,9407,47,1,18.06,1.43
15880,9407,156,1,99.5,4.31
15881,9408,220,1,669.86,53.18
15882,9409,188,1,15.44,1.24
15883,9410,58,1,7.39,0.73
15884,9410,74,1,35.45,4.16
15885,9411,46,3,645.92,61.2
15886,9412,122,1,69.41,5.87
15887,9412,73,1,85.1,9.33
15888,9412,60,1,85.87,9.44
15889,9413,36,1,55.53,4.19
15890,9413,151,1,116.4,10.25
15891,9414,139,1,488.45,54.14
15892,9415,158,1,19.01,2.16
15893,9416,143,1,180.32,16.96
15894,9417,82,1,53.33,4.69
15895,9417,81,1,44.98,1.95
15896,9418,120,1,44.88,4.55
15897,9419,48,1,93.17,4.72
15898,9419,242,1,135.54,12.94
15899,9420,86,1,124.98,14.96
15900,9421,137,2,112.97,9.74
15901,9422,248,1,40.02,3.03
15902,9423,213,1,31.81,1.39
15903,9423,176,1,199.66,10.45
15904,9424,205,1,172.47,6.6
15905,9425,221,1,80.15,5.83
15906,9426,235,1,75.26,3.14
15907,9427,174,1,8.1,0.68
15908,9427,110,1,759.15,48.34
15909,9428,188,1,15.44,1.35
15910,9429,24,1,89.79,9.24
15911,9429,27,3,852.23,96.8
15912,9429,41,1,63.66,3.28
15913,9430,13,1,31.08,2.81
15914,9431,95,1,25.87,0.88
15915,9431,147,1,81.1,6.86
15916,9432,191,1,39.7,3.92
15917,9433,205,1,172.47,19.08
15918,9434,132,1,74.95,7.87
15919,9435,197,1,235.87,21.72
15920,9435,8,1,6.03,0.68
15921,9436,3,1,51.08,5.93
15922,9436,42,1,145.78,6.02
15923,9436,67,1,53.0,5.73
15924,9437,176,1,199.66,20.24
15925,9438,123,1,10.31,0.95
15926,9439,142,1,230.98,7.53
15927,9440,217,1,36.43,3.18
15928,9441,102,1,683.61,27.63
15929,9441,220,1,669.86,45.03
15930,9442,98,1,25.53,2.81
15931,9443,248,1,40.02,4.75
15932,9443,115,1,27.12,1.57
15933,9444,12,1,94.84,6.42
15934,9444,105,1,262.49,8.44
15935,9445,248,1,40.02,3.52
15936,9446,105,1,262.49,19.09
15937,9446,81,1,44.98,5.06
15938,9446,250,1,583.02,65.47
15939,9447,19,2,11.93,0.58
15940,9447,186,1,66.12,2.11
15941,9448,222,1,22.72,2.36
15942,9449,151,1,116.4,5.18
15943,9450,200,1,16.92,0.86
15944,9450,104,1,82.65,7.53
15945,9450,24,1,89.79,5.29
15946,9450,59,1,105.0,9.31
15947,9451,37,1,136.42,9.99
15948,9451,6,1,251.86,18.36
15949,9452,188,1,15.44,1.22
15950,9453,104,1,82.65,5.96
15951,9454,246,2,30.72,3.4
15952,9455,232,1,155.86,7.02
15953,9455,137,1,112.97,13.51
15954,9455,241,1,40.34,4.31
15955,9456,242,1,135.54,6.81
15956,9456,150,1,43.62,4.6
15957,9457,213,1,31.81,3.0
15958,9458,8,1,6.03,0.64
15959,9458,178,1,1065.13,111.01
15960,9459,100,1,136.87,9.29
15961,9460,246,1,30.72,3.66
15962,9461,100,1,136.87,15.2
15963,9461,18,1,17.37,0.59
15964,9461,3,3,51.08,4.59
15965,9462,120,1,44.88,3.37
15966,9463,109,1,151.47,9.22
15967,9463,71,1,179.59,19.2
15968,9464,55,1,167.62,19.38
15969,9465,164,1,31.65,1.74
15970,9466,48,1,93.17,9.28
15971,9466,66,1,27.73,1.94
15972,9467,41,1,63.66,6.58
15973,9468,158,1,19.01,1.84
15974,9469,231,2,80.77,4.9
15975,9470,84,1,54.94,4.81
15976,9470,133,3,37.44,1.18
15977,9471,193,1,286.41,26.0
15978,9471,29,1,617.47,67.19
15979,9471,235,1,75.26,3.29
15980,9471,138,2,45.06,3.76
15981,9472,214,1,211.86,24.58
15982,9472,46,1,645.92,62.57
15983,9473,181,1,14.39,1.32
15984,9473,66,2,27.73,3.02
15985,9473,105,1,262.49,21.91
15986,9474,174,1,8.1,0.28
15987,9474,54,1,387.71,37.11
15988,9475,15,1,114.86,13.05
15989,9476,3,1,51.08,5.16
15990,9477,242,2,135.54,5.29
15991,9477,115,3,27.12,0.89
15992,9478,52,3,30.53,3.13
15993,9479,51,1,71.14,3.43
15994,9479,196,1,47.98,1.85
15995,9480,121,1,272.89,29.4
15996,9481,200,1,16.92,0.71
15997,9482,232,1,155.86,15.84
15998,9482,40,1,97.22,11.1
15999,9483,236,1,326.99,11.19
16000,9484,144,1,50.76,2.42
16001,9484,189,1,150.51,15.88
16002,9485,140,1,11.94,0.6
16003,9486,111,1,97.83,7.87
16004,9486,48,1,93.17,10.79
16005,9486,225,1,59.74,3.23
16006,9487,181,1,14.39,0.91
16007,9487,51,1,71.14,6.26
16008,9487,80,2,37.9,4.49
16009,9487,39,1,136.95,10.48
16010,9488,103,3,1102.59,41.12
16011,9488,157,1,234.71,18.9
16012,9489,41,1,63.66,2.95
16013,9490,154,2,53.6,4.07
16014,9491,90,1,11.62,0.59
16015,9491,220,2,669.86,73.84
16016,9491,77,1,170.84,9.41
16017,9492,15,1,114.86,10.16
16018,9492,137,1,112.97,12.84
16019,9493,46,1,645.92,65.11
16020,9494,120,1,44.88,4.81
16021,9495,5,1,88.33,5.58
16022,9495,242,1,135.54,5.05
16023,9495,83,1,9.7,1.14
16024,9495,21,1,285.75,18.01
16025,9496,25,1,28.3,3.06
16026,9497,242,1,135.54,7.6
16027,9497,151,1,116.4,6.11
16028,9498,170,1,527.03,42.48
16029,9498,60,1,85.87,6.53
16030,9498,115,3,27.12,1.16
16031,9499,214,1,211.86,10.56
16032,9499,226,1,134.28,12.16
16033,9499,119,1,69.61,7.77
16034,9499,26,1,16.21,0.79
16035,9500,8,1,6.03,0.51
16036,9501,22,1,412.18,16.31
16037,9502,124,1,434.69,16.59
16038,9503,175,1,16.15,0.98
16039,9503,73,1,85.1,10.02
16040,9503,203,1,67.83,4.89
16041,9503,102,2,683.61,69.28
16042,9504,176,1,199.66,15.08
16043,9504,79,1,47.16,4.55
16044,9505,204,1,103.62,5.1
16045,9506,235,1,75.26,2.4
16046,9506,151,1,116.4,8.88
16047,9506,23,1,629.48,69.61
16048,9507,3,1,51.08,4.1
16049,9508,141,1,483.07,42.88
16050,9509,190,2,239.32,25.63
16051,9510,55,1,167.62,6.87
16052,9510,191,1,39.7,2.55
16053,9510,157,1,234.71,14.41
16054,9511,28,1,164.02,16.95
16055,9512,186,1,66.12,7.39
16056,9512,25,2,28.3,2.96
16057,9513,37,3,136.42,6.66
16058,9514,53,1,270.94,26.77
16059,9515,15,1,114.86,9.75
16060,9516,178,3,1065.13,59.99
16061,9517,245,1,178.52,10.86
16062,9517,46,3,645.92,38.2
16063,9517,75,1,553.99,25.62
16064,9518,192,1,82.67,7.85
16065,9518,228,1,95.03,4.97
16066,9518,125,1,111.51,3.64
16067,9519,209,1,115.41,10.95
16068,9520,156,1,99.5,5.1
16069,9520,159,1,124.76,9.54
16070,9521,67,3,53.0,4.62
16071,9522,30,1,58.74,4.79
16072,9523,66,1,27.73,3.0
16073,9524,83,2,9.7,0.47
16074,9525,77,1,170.84,16.81
16075,9525,31,1,34.65,2.31
16076,9525,32,1,17.9,1.96
16077,9526,170,1,527.03,26.09
16078,9526,139,1,488.45,26.11
16079,9527,7,1,136.48,4.82
16080,9527,161,1,84.35,9.08
16081,9527,157,1,234.71,13.83
16082,9528,143,1,180.32,10.13
16083,9528,24,1,89.79,7.13
16084,9529,153,1,179.31,12.86
16085,9529,170,1,527.03,37.36
16086,9529,34,1,127.18,5.08
16087,9530,36,1,55.53,4.49
16088,9531,56,1,38.8,3.33
16089,9532,184,1,344.95,30.04
16090,9533,76,1,52.37,4.37
16091,9533,40,1,97.22,7.4
16092,9534,131,1,203.22,11.9
16093,9534,79,1,47.16,3.34
16094,9535,209,3,115.41,11.29
16095,9536,46,3,645.92,47.74
16096,9536,73,1,85.1,9.22
16097,9537,139,1,488.45,27.33
16098,9538,120,1,44.88,1.8
16099,9538,180,1,209.32,8.13
16100,9538,48,2,93.17,6.1
16101,9538,77,1,170.84,5.94
16102,9539,4,1,95.98,7.46
16103,9540,22,1,412.18,46.62
16104,9540,81,1,44.98,2.94
16105,9541,189,1,150.51,9.98
16106,9541,67,1,53.0,4.87
16107,9542,104,2,82.65,4.44
16108,9543,92,1,1151.64,85.39
16109,9543,70,1,41.53,2.46
16110,9544,17,1,29.84,1.56
16111,9544,187,1,95.65,3.27
16112,9544,217,1,36.43,4.08
16113,9545,215,1,237.45,20.32
16114,9546,241,1,40.34,4.51
16115,9546,189,1,150.51,12.82
16116,9546,240,2,694.84,75.61
16117,9547,27,1,852.23,53.47
16118,9547,157,1,234.71,20.16
16119,9547,242,1,135.54,13.93
16120,9548,3,1,51.08,4.94
16121,9549,66,1,27.73,1.97
16122,9550,98,1,25.53,2.67
16123,9551,111,1,97.83,3.73
16124,9551,142,1,230.98,15.89
16125,9552,198,1,52.95,2.63
16126,9553,29,1,617.47,54.6
16127,9554,27,1,852.23,87.8
16128,9555,167,1,139.5,6.42
16129,9555,245,1,178.52,17.7
16130,9555,203,1,67.83,4.12
16131,9556,63,1,555.18,55.92
16132,9557,183,3,101.22,3.96
16133,9558,220,1,669.86,67.85
16134,9559,40,1,97.22,10.84
16135,9560,141,1,483.07,16.17
16136,9560,71,1,179.59,12.91
16137,9560,213,3,31.81,2.47
16138,9560,15,1,114.86,13.25
16139,9561,28,1,164.02,13.12
16140,9562,249,1,52.62,3.95
16141,9563,55,1,167.62,18.06
16142,9564,186,1,66.12,4.98
16143,9565,183,1,101.22,6.54
16144,9565,48,1,93.17,6.01
16145,9565,220,1,669.86,78.43
16146,9566,161,1,84.35,5.85
16147,9567,199,1,5.9,0.36
16148,9567,56,1,38.8,3.56
16149,9567,209,1,115.41,11.9
16150,9568,10,1,26.93,2.7
16151,9568,47,2,18.06,1.21
16152,9569,105,1,262.49,14.82
16153,9569,73,1,85.1,7.28
16154,9569,197,2,235.87,12.62
16155,9569,174,1,8.1,0.8
16156,9570,91,1,56.23,6.0
16157,9571,199,1,5.9,0.64
16158,9572,64,1,191.61,15.64
16159,9573,24,1,89.79,10.7
16160,9574,217,1,36.43,3.81
16161,9575,43,1,137.44,14.81
16162,9576,13,3,31.08,0.98
16163,9576,185,1,647.11,66.12
16164,9577,12,1,94.84,8.4
16165,9578,230,1,231.23,23.19
16166,9578,134,1,140.62,11.48
16167,9579,199,1,5.9,0.6
16168,9579,209,1,115.41,10.17
16169,9580,192,1,82.67,2.57
16170,9580,52,1,30.53,2.28
16171,9581,206,1,760.6,72.54
16172,9582,196,1,47.98,2.19
16173,9583,248,1,40.02,2.14
16174,9584,162,1,6.54,0.27
16175,9584,175,1,16.15,1.83
16176,9585,18,1,17.37,0.99
16177,9585,230,1,231.23,24.44
16178,9586,38,1,147.17,9.89
16179,9586,214,1,211.86,8.12
16180,9587,67,1,53.0,3.49
16181,9588,46,1,645.92,66.72
16182,9589,161,1,84.35,4.06
16183,9589,21,1,285.75,27.97
16184,9589,23,1,629.48,28.83
16185,9590,181,1,14.39,0.46
16186,9590,109,1,151.47,12.42
16187,9591,189,1,150.51,5.57
16188,9591,203,1,67.83,4.51
16189,9591,136,1,763.13,40.4
16190,9592,102,1,683.61,30.81
16191,9592,118,1,13.3,0.65
16192,9593,121,1,272.89,24.87
16193,9594,97,1,244.48,23.24
16194,9595,158,1,19.01,0.65
16195,9596,220,1,669.86,61.56
16196,9597,120,1,44.88,4.24
16197,9598,240,1,694.84,52.18
16198,9598,4,1,95.98,10.14
16199,9598,28,2,164.02,6.07
16200,9599,163,1,20.16,1.03
16201,9599,117,1,45.11,4.26
16202,9599,142,1,230.98,22.02
16203,9600,116,1,53.02,4.31
16204,9601,200,1,16.92,0.78
16205,9602,132,1,74.95,7.46
16206,9603,169,1,69.98,4.26
16207,9603,216,1,194.01,8.98
16208,9604,203,1,67.83,8.09
16209,9604,133,3,37.44,4.4
16210,9605,192,1,82.67,7.14
16211,9606,30,1,58.74,3.67
16212,9607,40,1,97.22,3.84
16213,9607,215,1,237.45,26.02
16214,9608,157,1,234.71,14.4
16215,9609,177,1,81.05,8.09
16216,9609,148,2,101.97,5.99
16217,9610,86,1,124.98,13.29
16218,9611,49,1,38.8,4.22
16219,9612,26,1,16.21,1.84
16220,9612,24,1,89.79,9.23
16221,9613,119,3,69.61,8.16
16222,9613,21,1,285.75,25.64
16223,9614,211,1,22.6,2.09
16224,9614,63,1,555.18,59.39
16225,9614,80,1,37.9,2.52
16226,9614,124,1,434.69,24.75
16227,9615,88,1,2.59,0.3
16228,9616,134,1,140.62,11.81
16229,9617,229,1,16.22,1.33
16230,9617,234,1,17.93,1.73
16231,9618,29,1,617.47,22.5
16232,9619,214,1,211.86,8.19
16233,9620,206,1,760.6,51.84
16234,9620,40,1,97.22,11.28
16235,9621,232,1,155.86,11.23
16236,9622,205,1,172.47,6.73
16237,9622,67,1,53.0,4.66
16238,9623,43,1,137.44,8.28
16239,9624,164,1,31.65,1.17
16240,9624,166,1,30.99,2.86
16241,9624,243,1,83.89,7.76
16242,9625,245,1,178.52,21.26
16243,9625,119,1,69.61,5.71
16244,9625,225,1,59.74,5.24
16245,9626,79,1,47.16,4.65
16246,9626,118,1,13.3,0.99
16247,9626,249,1,52.62,2.68
16248,9627,167,1,139.5,7.36
16249,9627,67,1,53.0,2.02
16250,9627,155,1,18.82,1.7
16251,9628,133,1,37.44,2.53
16252,9628,34,1,127.18,11.67
16253,9629,151,1,116.4,6.64
16254,9630,61,1,30.27,2.99
16255,9630,198,1,52.95,6.08
16256,9631,219,1,66.09,7.16
16257,9631,8,1,6.03,0.48
16258,9632,30,1,58.74,3.75
16259,9632,70,1,41.53,3.85
16260,9633,23,1,629.48,46.41
16261,9634,77,1,170.84,18.92
16262,9635,120,2,44.88,2.49
16263,9636,163,1,20.16,1.0
16264,9636,73,1,85.1,7.93
16265,9637,37,1,136.42,14.93
16266,9638,77,1,170.84,9.43
16267,9638,73,1,85.1,3.7
16268,9639,53,1,270.94,14.29
16269,9639,147,1,81.1,5.89
16270,9640,121,1,272.89,14.91
16271,9641,210,1,56.9,1.9
16272,9642,113,1,29.13,2.24
16273,9643,183,1,101.22,4.95
16274,9643,196,2,47.98,1.68
16275,9644,81,1,44.98,1.82
16276,9645,242,1,135.54,12.83
16277,9646,168,1,9.01,1.02
16278,9646,217,1,36.43,4.08
16279,9647,194,1,41.9,1.75
16280,9648,237,1,10.34,0.44
16281,9648,98,1,25.53,2.52
16282,9649,248,1,40.02,3.61
16283,9650,47,1,18.06,2.16
16284,9650,77,1,170.84,11.42
16285,9650,57,1,185.85,5.84
16286,9650,117,1,45.11,2.02
16287,9651,4,1,95.98,6.42
16288,9651,11,1,685.7,51.66
16289,9651,73,1,85.1,3.99
16290,9652,45,1,30.04,1.9
16291,9653,137,1,112.97,10.83
16292,9654,139,1,488.45,46.33
16293,9654,192,1,82.67,3.37
16294,9655,36,1,55.53,4.03
16295,9655,238,1,115.34,7.87
16296,9655,145,1,366.49,42.98
16297,9656,167,2,139.5,13.95
16298,9656,166,1,30.99,1.94
16299,9656,59,1,105.0,6.85
16300,9657,225,1,59.74,6.31
16301,9657,24,1,89.79,10.71
16302,9658,2,1,120.72,12.14
16303,9658,33,1,30.54,1.35
16304,9658,231,1,80.77,3.33
16305,9659,190,1,239.32,15.75
16306,9660,75,1,553.99,52.37
16307,9660,77,1,170.84,15.66
16308,9661,135,1,212.24,7.76
16309,9662,102,1,683.61,59.39
16310,9663,122,1,69.41,3.77
16311,9663,87,1,391.01,41.68
16312,9663,229,1,16.22,1.29
16313,9663,95,1,25.87,2.34
16314,9664,115,1,27.12,1.79
16315,9665,233,2,339.7,11.51
16316,9665,46,1,645.92,48.52
16317,9665,98,1,25.53,1.51
16318,9666,207,1,51.95,5.56
16319,9667,109,1,151.47,12.37
16320,9667,245,1,178.52,10.27
16321,9668,191,1,39.7,3.08
16322,9668,194,1,41.9,4.88
16323,9669,78,1,180.73,18.97
16324,9670,46,1,645.92,42.38
16325,9670,217,1,36.43,1.57
16326,9671,201,1,68.19,4.29
16327,9672,191,3,39.7,3.62
16328,9673,225,2,59.74,5.11
16329,9674,47,1,18.06,1.35
16330,9674,104,1,82.65,2.86
16331,9674,64,1,191.61,22.23
16332,9675,38,1,147.17,4.68
16333,9676,205,1,172.47,19.97
16334,9676,224,3,6.63,0.67
16335,9676,148,1,101.97,7.33
16336,9677,243,1,83.89,6.88
16337,9678,141,1,483.07,45.16
16338,9679,199,1,5.9,0.23
16339,9679,16,1,90.17,4.53
16340,9680,177,1,81.05,3.45
16341,9680,228,1,95.03,5.91
16342,9680,169,1,69.98,6.87
16343,9680,30,1,58.74,4.45
16344,9681,182,1,19.48,1.91
16345,9682,188,1,15.44,0.65
16346,9683,217,3,36.43,3.53
16347,9683,100,1,136.87,13.5
16348,9684,74,1,35.45,2.05
16349,9684,25,1,28.3,3.19
16350,9685,82,1,53.33,3.03
16351,9685,154,1,53.6,3.57
16352,9686,77,1,170.84,15.75
16353,9687,62,1,19.26,2.1
16354,9687,67,2,53.0,3.95
16355,9688,230,1,231.23,19.02
16356,9689,186,1,66.12,7.58
16357,9690,37,3,136.42,7.82
16358,9691,67,1,53.0,2.5
16359,9692,204,1,103.62,5.38
16360,9692,3,1,51.08,2.35
16361,9693,123,1,10.31,0.59
16362,9694,46,1,645.92,51.69
16363,9695,91,1,56.23,2.7
16364,9696,237,1,10.34,0.39
16365,9697,161,1,84.35,9.46
16366,9697,165,1,6.2,0.48
16367,9698,99,1,14.4,1.0
16368,9698,111,1,97.83,6.31
16369,9699,43,1,137.44,7.12
16370,9699,91,3,56.23,5.55
16371,9699,88,1,2.59,0.11
16372,9700,53,1,270.94,20.5
16373,9701,228,1,95.03,8.49
16374,9701,248,1,40.02,1.21
16375,9702,44,2,39.31,2.53
16376,9703,175,2,16.15,1.51
16377,9703,56,1,38.8,2.83
16378,9703,46,1,645.92,67.15
16379,9704,192,1,82.67,8.43
16380,9704,228,1,95.03,6.8
16381,9705,177,1,81.05,8.14
16382,9706,202,1,130.75,13.0
16383,9706,16,1,90.17,6.83
16384,9707,76,1,52.37,5.22
16385,9708,235,1,75.26,5.18
16386,9708,129,1,858.28,74.16
16387,9709,32,1,17.9,1.86
16388,9710,164,1,31.65,2.35
16389,9710,46,1,645.92,34.24
16390,9710,18,1,17.37,1.9
16391,9710,113,2,29.13,2.74
16392,9711,212,1,619.34,32.35
16393,9712,163,1,20.16,1.54
16394,9713,69,1,33.1,1.05
16395,9714,84,1,54.94,2.9
16396,9715,75,1,553.99,34.5
16397,9716,250,1,583.02,56.15
16398,9717,245,1,178.52,17.56
16399,9718,5,1,88.33,7.1
16400,9718,55,1,167.62,5.74
16401,9719,137,1,112.97,9.48
16402,9719,82,1,53.33,2.9
16403,9719,37,1,136.42,9.44
16404,9720,98,3,25.53,1.1
16405,9721,116,1,53.02,3.38
16406,9722,40,1,97.22,6.45
16407,9722,97,1,244.48,12.75
16408,9723,77,1,170.84,9.82
16409,9723,122,1,69.41,7.7
16410,9723,228,2,95.03,10.49
16411,9724,165,1,6.2,0.31
16412,9724,122,1,69.41,7.33
16413,9724,57,1,185.85,15.89
16414,9725,78,1,180.73,12.94
16415,9726,169,1,69.98,5.2
16416,9726,105,1,262.49,25.07
16417,9727,100,1,136.87,6.28
16418,9728,5,1,88.33,6.7
16419,9729,224,1,6.63,0.6
16420,9730,59,1,105.0,7.92
16421,9731,121,1,272.89,15.05
16422,9732,160,1,19.67,1.38
16423,9732,154,1,53.6,4.34
16424,9732,16,1,90.17,9.55
16425,9733,64,2,191.61,11.12
16426,9733,104,1,82.65,8.83
16427,9734,170,1,527.03,55.98
16428,9735,82,3,53.33,5.98
16429,9735,189,1,150.51,12.09
16430,9735,147,1,81.1,5.88
16431,9735,245,1,178.52,21.17
16432,9736,246,1,30.72,2.31
16433,9737,201,1,68.19,7.27
16434,9738,6,1,251.86,28.32
16435,9739,207,1,51.95,3.52
16436,9740,205,1,172.47,5.57
16437,9740,107,1,87.92,4.72
16438,9740,26,1,16.21,1.0
16439,9741,190,1,239.32,16.25
16440,9742,179,1,246.47,9.91
16441,9743,133,2,37.44,4.11
16442,9743,87,1,391.01,17.04
16443,9743,235,1,75.26,3.88
16444,9744,68,1,38.67,2.45
16445,9745,220,1,669.86,69.07
16446,9745,248,1,40.02,3.15
16447,9746,142,1,230.98,13.74
16448,9747,215,1,237.45,10.6
16449,9748,188,1,15.44,1.57
16450,9749,144,1,50.76,5.36
16451,9749,140,1,11.94,1.36
16452,9749,166,1,30.99,1.31
16453,9750,180,1,209.32,7.36
16454,9750,133,1,37.44,3.91
16455,9751,65,1,165.64,10.65
16456,9751,222,1,22.72,1.51
16457,9752,119,1,69.61,2.37
16458,9753,111,1,97.83,4.79
16459,9753,37,1,136.42,11.95
16460,9754,234,1,17.93,1.55
16461,9754,161,1,84.35,4.4
16462,9754,194,1,41.9,1.84
16463,9755,5,1,88.33,3.53
16464,9755,210,1,56.9,3.82
16465,9755,50,1,44.06,4.29
16466,9756,244,1,84.79,8.79
16467,9757,56,1,38.8,4.23
16468,9758,93,1,25.75,1.69
16469,9759,84,1,54.94,4.92
16470,9760,175,1,16.15,0.64
16471,9761,40,1,97.22,8.83
16472,9761,84,1,54.94,4.38
16473,9762,122,1,69.41,6.96
16474,9762,66,1,27.73,1.62
16475,9762,211,1,22.6,1.81
16476,9762,144,1,50.76,2.54
16477,9763,27,1,852.23,90.64
16478,9764,157,1,234.71,11.2
16479,9765,153,1,179.31,9.14
16480,9766,54,1,387.71,37.7
16481,9767,108,1,3.52,0.34
16482,9768,21,1,285.75,18.83
16483,9768,142,1,230.98,20.34
16484,9768,15,1,114.86,12.69
16485,9769,82,1,53.33,1.88
16486,9769,64,1,191.61,13.31
16487,9770,132,1,74.95,2.43
16488,9771,213,1,31.81,1.41
16489,9772,183,1,101.22,9.86
16490,9772,107,1,87.92,6.37
16491,9772,69,1,33.1,1.04
16492,9772,27,1,852.23,47.99
16493,9773,192,1,82.67,6.93
16494,9773,64,3,191.61,18.35
16495,9773,228,1,95.03,8.84
16496,9774,116,1,53.02,2.12
16497,9774,66,1,27.73,2.3
16498,9775,37,1,136.42,8.95
16499,9776,101,1,8.28,0.6
16500,9776,153,1,179.31,19.5
16501,9776,150,1,43.62,3.87
16502,9776,38,1,147.17,8.58
16503,9777,3,1,51.08,2.76
16504,9778,38,1,147.17,15.37
16505,9779,146,2,98.43,8.87
16506,9780,22,1,412.18,26.23
16507,9781,108,1,3.52,0.36
16508,9782,193,1,286.41,30.88
16509,9782,57,1,185.85,11.3
16510,9782,202,1,130.75,8.91
16511,9783,190,1,239.32,10.0
16512,9783,120,1,44.88,1.67
16513,9784,121,3,272.89,24.12
16514,9784,48,1,93.17,3.84
16515,9784,33,1,30.54,3.09
16516,9785,197,1,235.87,11.65
16517,9785,158,1,19.01,2.1
16518,9785,63,1,555.18,36.36
16519,9786,77,3,170.84,12.8
16520,9787,80,1,37.9,2.92
16521,9787,32,1,17.9,1.63
16522,9787,139,1,488.45,31.51
16523,9788,95,1,25.87,1.03
16524,9789,184,1,344.95,40.48
16525,9789,176,1,199.66,10.77
16526,9789,131,1,203.22,16.72
16527,9790,235,1,75.26,6.44
16528,9790,225,1,59.74,5.94
16529,9790,184,1,344.95,36.37
16530,9791,87,1,391.01,22.85
16531,9792,20,1,71.62,4.81
16532,9792,44,1,39.31,1.72
16533,9792,72,1,112.92,3.74
16534,9793,27,1,852.23,72.73
16535,9794,90,1,11.62,1.16
16536,9794,209,1,115.41,8.19
16537,9794,151,1,116.4,13.86
16538,9795,104,1,82.65,3.78
16539,9796,111,1,97.83,4.69
16540,9797,228,2,95.03,5.46
16541,9797,32,1,17.9,1.21
16542,9797,65,1,165.64,12.42
16543,9798,173,1,57.93,3.98
16544,9799,167,1,139.5,9.94
16545,9799,236,2,326.99,38.98
16546,9800,179,1,246.47,14.09
16547,9801,92,1,1151.64,50.89
16548,9802,120,2,44.88,4.45
16549,9803,207,1,51.95,1.93
16550,9804,133,1,37.44,2.77
16551,9804,104,1,82.65,3.28
16552,9805,79,1,47.16,4.29
16553,9806,248,1,40.02,2.4
16554,9806,130,2,76.27,3.66
16555,9807,15,1,114.86,10.63
16556,9808,87,1,391.01,33.5
16557,9809,197,3,235.87,23.41
16558,9810,196,1,47.98,4.23
16559,9810,120,1,44.88,2.58
16560,9811,109,2,151.47,5.31
16561,9812,236,1,326.99,16.02
16562,9812,26,1,16.21,0.9
16563,9813,129,1,858.28,91.25
16564,9813,135,1,212.24,9.67
16565,9814,66,1,27.73,1.9
16566,9815,128,1,13.41,1.56
16567,9816,147,1,81.1,6.89
16568,9816,151,1,116.4,4.98
16569,9817,44,1,39.31,1.7
16570,9817,221,1,80.15,2.7
16571,9817,68,1,38.67,2.52
16572,9817,61,1,30.27,1.84
16573,9818,107,1,87.92,7.46
16574,9818,23,1,629.48,19.01
16575,9819,16,1,90.17,8.14
16576,9819,199,1,5.9,0.37
16577,9820,249,1,52.62,5.36
16578,9820,164,1,31.65,2.95
16579,9820,73,1,85.1,3.83
16580,9821,158,1,19.01,1.21
16581,9821,85,1,106.96,3.81
16582,9822,99,1,14.4,1.35
16583,9823,246,1,30.72,3.22
16584,9824,8,1,6.03,0.29
16585,9825,173,1,57.93,1.77
16586,9826,26,1,16.21,1.13
16587,9827,52,1,30.53,2.81
16588,9827,227,1,49.54,2.83
16589,9827,185,1,647.11,31.51
16590,9828,218,1,62.27,3.98
16591,9828,116,1,53.02,5.64
16592,9829,48,1,93.17,4.66
16593,9829,248,1,40.02,4.76
16594,9830,221,1,80.15,2.48
16595,9831,82,1,53.33,1.79
16596,9831,120,1,44.88,2.13
16597,9832,43,1,137.44,12.86
16598,9833,153,1,179.31,16.17
16599,9833,98,1,25.53,2.33
16600,9834,36,1,55.53,5.31
16601,9834,99,1,14.4,1.24
16602,9835,60,1,85.87,3.05
16603,9836,64,1,191.61,16.56
16604,9837,23,1,629.48,52.93
16605,9838,55,1,167.62,6.98
16606,9838,8,1,6.03,0.72
16607,9838,40,1,97.22,3.68
16608,9839,71,1,179.59,7.98
16609,9840,34,1,127.18,13.86
16610,9840,89,1,179.88,11.08
16611,9840,73,2,85.1,5.7
16612,9841,158,1,19.01,0.84
16613,9842,173,1,57.93,3.03
16614,9843,199,1,5.9,0.21
16615,9844,105,1,262.49,31.27
16616,9845,241,1,40.34,2.17
16617,9845,24,1,89.79,4.13
16618,9845,227,1,49.54,5.39
16619,9846,120,1,44.88,4.34
16620,9847,195,1,45.11,3.68
16621,9848,157,2,234.71,25.54
16622,9848,110,1,759.15,56.3
16623,9849,230,1,231.23,8.31
16624,9850,227,1,49.54,5.07
16625,9851,150,2,43.62,2.0
16626,9852,231,1,80.77,4.45
16627,9853,222,1,22.72,1.73
16628,9854,36,1,55.53,3.73
16629,9855,111,1,97.83,7.57
16630,9856,120,1,44.88,5.23
16631,9856,13,1,31.08,2.94
16632,9857,21,1,285.75,12.56
16633,9857,124,1,434.69,15.37
16634,9857,26,1,16.21,1.79
16635,9858,100,1,136.87,6.86
16636,9859,22,1,412.18,33.9
16637,9860,134,1,140.62,6.58
16638,9860,136,1,763.13,83.67
16639,9860,121,1,272.89,28.87
16640,9861,21,1,285.75,24.04
16641,9861,70,1,41.53,3.86
16642,9862,242,1,135.54,11.57
16643,9862,124,1,434.69,42.63
16644,9862,51,1,71.14,7.31
16645,9862,228,1,95.03,3.47
16646,9863,219,1,66.09,4.59
16647,9864,194,2,41.9,4.98
16648,9865,100,1,136.87,12.76
16649,9866,49,1,38.8,2.51
16650,9867,23,1,629.48,27.44
16651,9867,67,1,53.0,5.08
16652,9868,134,1,140.62,5.45
16653,9869,35,1,76.68,8.06
16654,9870,45,1,30.04,1.51
16655,9871,140,1,11.94,0.93
16656,9871,177,1,81.05,8.5
16657,9871,50,1,44.06,2.33
16658,9872,187,1,95.65,8.7
16659,9872,222,1,22.72,2.13
16660,9873,221,1,80.15,5.88
16661,9873,159,1,124.76,6.34
16662,9873,6,1,251.86,12.78
16663,9874,44,1,39.31,4.07
16664,9875,190,1,239.32,26.88
16665,9876,215,1,237.45,25.36
16666,9877,179,1,246.47,23.84
16667,9877,120,1,44.88,1.37
16668,9877,230,1,231.23,22.36
16669,9878,147,2,81.1,4.49
16670,9879,210,1,56.9,6.23
16671,9880,54,1,387.71,20.21
16672,9881,198,1,52.95,2.49
16673,9881,151,1,116.4,8.98
16674,9881,53,1,270.94,28.89
16675,9882,140,3,11.94,0.85
16676,9883,164,1,31.65,2.48
16677,9883,139,1,488.45,42.97
16678,9884,16,1,90.17,4.76
16679,9885,36,1,55.53,2.97
16680,9886,31,1,34.65,2.62
16681,9886,226,1,134.28,8.41
16682,9887,50,1,44.06,3.41
16683,9887,27,1,852.23,72.07
16684,9887,15,1,114.86,9.99
16685,9888,75,1,553.99,49.75
16686,9889,186,1,66.12,4.0
16687,9890,24,1,89.79,9.35
16688,9890,100,1,136.87,12.7
16689,9891,241,1,40.34,1.7
16690,9892,40,1,97.22,10.48
16691,9893,90,1,11.62,1.14
16692,9893,15,1,114.86,9.1
16693,9893,20,1,71.62,6.95
16694,9893,98,1,25.53,2.59
16695,9894,248,1,40.02,2.19
16696,9895,157,1,234.71,26.81
16697,9896,158,1,19.01,2.24
16698,9896,161,2,84.35,6.48
16699,9897,161,1,84.35,5.73
16700,9897,198,1,52.95,5.25
16701,9897,35,1,76.68,3.69
16702,9898,3,1,51.08,4.63
16703,9898,229,1,16.22,1.05
16704,9899,74,1,35.45,3.02
16705,9899,48,1,93.17,6.93
16706,9899,49,1,38.8,3.37
16707,9900,158,1,19.01,1.6
16708,9901,234,1,17.93,1.75
16709,9902,67,1,53.0,1.66
16710,9903,235,1,75.26,3.37
16711,9904,155,1,18.82,0.77
16712,9905,38,1,147.17,15.34
16713,9906,106,1,27.76,2.76
16714,9906,124,1,434.69,31.79
16715,9906,105,1,262.49,12.43
16716,9907,161,1,84.35,3.76
16717,9907,157,2,234.71,12.81
16718,9908,202,1,130.75,13.63
16719,9909,69,1,33.1,1.56
16720,9910,65,1,165.64,13.88
16721,9911,140,1,11.94,0.62
16722,9911,176,1,199.66,10.95
16723,9912,94,1,33.91,2.29
16724,9913,33,1,30.54,3.47
16725,9913,1,1,826.88,85.26
16726,9914,206,1,760.6,74.85
16727,9915,189,3,150.51,11.32
16728,9916,187,1,95.65,10.15
16729,9917,109,1,151.47,8.39
16730,9917,19,1,11.93,0.74
16731,9917,146,1,98.43,9.45
16732,9918,72,1,112.92,3.58
16733,9918,98,3,25.53,1.23
16734,9919,10,1,26.93,1.53
16735,9920,110,1,759.15,51.32
16736,9920,80,2,37.9,2.9
16737,9921,76,1,52.37,2.59
16738,9922,57,1,185.85,5.67
16739,9922,59,1,105.0,9.06
16740,9923,55,1,167.62,15.11
16741,9923,27,1,852.23,67.05
16742,9924,217,1,36.43,1.72
16743,9925,174,1,8.1,0.26
16744,9925,134,1,140.62,6.3
16745,9925,235,1,75.26,6.96
16746,9926,120,1,44.88,3.96
16747,9927,94,1,33.91,1.64
16748,9928,23,1,629.48,60.45
16749,9929,167,1,139.5,11.49
16750,9930,29,1,617.47,33.57
16751,9931,138,1,45.06,2.7
16752,9931,14,1,94.71,7.45
16753,9932,228,1,95.03,9.86
16754,9932,3,1,51.08,1.75
16755,9932,89,1,179.88,15.82
16756,9933,59,1,105.0,5.38
16757,9933,155,1,18.82,0.77
16758,9934,21,1,285.75,29.95
16759,9935,120,1,44.88,5.32
16760,9936,40,1,97.22,6.61
16761,9936,147,1,81.1,8.46
16762,9936,46,1,645.92,71.01
16763,9937,205,1,172.47,7.45
16764,9937,59,2,105.0,11.65
16765,9937,73,1,85.1,8.59
16766,9938,49,1,38.8,4.66
16767,9939,74,1,35.45,2.89
16768,9940,207,1,51.95,2.28
16769,9940,178,1,1065.13,40.19
16770,9941,232,1,155.86,18.68
16771,9941,142,1,230.98,19.93
16772,9941,132,1,74.95,5.08
16773,9942,250,1,583.02,30.25
16774,9943,161,1,84.35,6.01
16775,9944,59,2,105.0,12.12
16776,9945,159,1,124.76,12.63
16777,9946,188,1,15.44,0.68
16778,9946,231,1,80.77,4.78
16779,9947,34,1,127.18,6.66
16780,9947,100,1,136.87,15.65
16781,9948,16,1,90.17,6.41
16782,9948,165,2,6.2,0.4
16783,9949,132,1,74.95,8.98
16784,9949,181,1,14.39,0.66
16785,9949,115,1,27.12,1.42
16786,9950,136,1,763.13,66.4
16787,9950,131,3,203.22,20.86
16788,9950,121,1,272.89,27.93
16789,9950,15,1,114.86,9.58
16790,9951,59,1,105.0,4.44
16791,9952,55,1,167.62,15.93
16792,9953,7,1,136.48,13.11
16793,9954,143,1,180.32,12.16
16794,9955,79,1,47.16,3.51
16795,9956,104,1,82.65,6.01
16796,9956,24,1,89.79,8.88
16797,9957,119,1,69.61,3.69
16798,9957,111,1,97.83,6.23
16799,9958,113,1,29.13,1.56
16800,9958,37,1,136.42,13.18
16801,9959,174,1,8.1,0.63
16802,9959,238,1,115.34,10.82
16803,9959,183,1,101.22,7.21
16804,9959,140,1,11.94,1.35
16805,9960,14,1,94.71,8.05
16806,9960,225,2,59.74,3.44
16807,9961,63,1,555.18,48.96
16808,9961,77,2,170.84,10.98
16809,9961,132,1,74.95,6.34
16810,9962,55,1,167.62,9.52
16811,9963,168,2,9.01,0.32
16812,9964,248,1,40.02,1.23
16813,9965,156,1,99.5,5.42
16814,9966,217,3,36.43,3.39
16815,9967,40,1,97.22,6.14
16816,9968,245,1,178.52,10.04
16817,9968,66,3,27.73,0.95
16818,9969,189,1,150.51,12.81
16819,9969,67,1,53.0,5.8
16820,9970,63,1,555.18,40.78
16821,9970,220,1,669.86,30.04
16822,9970,234,1,17.93,1.7
16823,9970,109,1,151.47,8.23
16824,9971,109,1,151.47,6.41
16825,9971,151,1,116.4,5.43
16826,9972,242,1,135.54,6.35
16827,9973,235,1,75.26,6.82
16828,9974,54,1,387.71,37.02
16829,9974,131,1,203.22,14.78
16830,9975,209,1,115.41,5.62
16831,9975,205,1,172.47,16.31
16832,9975,7,3,136.48,9.71
16833,9976,65,1,165.64,10.79
16834,9976,133,1,37.44,1.35
16835,9976,71,1,179.59,12.57
16836,9977,53,1,270.94,16.9
16837,9978,211,1,22.6,1.33
16838,9979,152,1,343.16,29.92
16839,9980,98,1,25.53,1.39
16840,9981,214,1,211.86,11.86
16841,9981,98,1,25.53,2.02
16842,9981,68,1,38.67,1.6
16843,9981,3,1,51.08,2.85
16844,9982,125,1,111.51,8.95
16845,9982,24,3,89.79,5.96
16846,9983,153,1,179.31,20.36
16847,9984,42,1,145.78,14.17
16848,9984,58,1,7.39,0.81
16849,9985,21,1,285.75,13.51
16850,9985,63,1,555.18,55.69
16851,9986,135,1,212.24,7.3
16852,9987,45,1,30.04,2.33
16853,9987,8,1,6.03,0.18
16854,9988,34,1,127.18,7.12
16855,9988,89,1,179.88,9.79
16856,9989,66,1,27.73,3.25
16857,9989,94,1,33.91,2.86
16858,9990,238,1,115.34,8.38
16859,9991,234,1,17.93,1.43
16860,9992,13,1,31.08,3.48
16861,9992,60,1,85.87,3.0
16862,9993,176,1,199.66,11.52
16863,9994,107,1,87.92,4.71
16864,9994,55,1,167.62,12.43
16865,9994,6,1,251.86,8.75
16866,9994,230,2,231.23,25.91
16867,9995,235,1,75.26,3.89
16868,9995,102,1,683.61,32.89
16869,9995,74,1,35.45,2.9
16870,9996,175,1,16.15,0.71
16871,9996,158,1,19.01,0.75
16872,9997,59,1,105.0,8.06
16873,9997,129,1,858.28,74.26
16874,9997,32,1,17.9,1.88
16875,9998,207,1,51.95,3.4
16876,9998,154,1,53.6,2.51
16877,9998,197,1,235.87,13.58
16878,9999,85,1,106.96,7.16
16879,10000,242,1,135.54,5.58
16880,10001,71,1,179.59,10.61
16881,10002,50,1,44.06,3.6
16882,10002,161,1,84.35,4.51
16883,10003,12,1,94.84,4.48
16884,10004,248,1,40.02,3.36
16885,10005,127,1,82.05,3.61
16886,10005,33,1,30.54,1.12
16887,10006,15,1,114.86,4.66
16888,10006,119,1,69.61,8.13
16889,10006,237,1,10.34,0.35
16890,10007,217,1,36.43,4.26
16891,10007,146,1,98.43,11.06
16892,10007,239,1,762.58,24.67
16893,10008,33,1,30.54,2.29
16894,10009,14,2,94.71,3.64
16895,10009,226,1,134.28,10.93
16896,10009,46,1,645.92,42.8
16897,10010,6,1,251.86,28.53
16898,10011,118,1,13.3,1.19
16899,10012,212,1,619.34,42.75
16900,10012,222,1,22.72,0.75
16901,10013,215,1,237.45,21.31
16902,10014,193,3,286.41,9.74
16903,10015,87,1,391.01,22.46
16904,10016,105,1,262.49,30.63
16905,10017,183,3,101.22,9.02
16906,10018,192,1,82.67,4.84
16907,10018,130,1,76.27,3.76
16908,10019,97,1,244.48,9.32
16909,10019,111,1,97.83,10.98
16910,10020,5,1,88.33,7.19
16911,10021,76,1,52.37,2.43
16912,10022,72,1,112.92,12.66
16913,10023,43,1,137.44,16.0
16914,10023,139,1,488.45,52.55
16915,10023,86,1,124.98,4.43
16916,10023,162,2,6.54,0.26
16917,10024,151,1,116.4,7.31
16918,10025,113,1,29.13,1.12
16919,10026,228,1,95.03,5.42
16920,10026,11,1,685.7,44.4
16921,10027,205,1,172.47,11.57
16922,10027,135,1,212.24,15.49
16923,10027,29,1,617.47,57.78
16924,10027,88,1,2.59,0.27
16925,10028,46,1,645.92,48.52
16926,10028,201,1,68.19,2.37
16927,10029,162,1,6.54,0.26
16928,10030,168,1,9.01,0.75
16929,10030,235,1,75.26,8.65
16930,10031,132,2,74.95,4.53
16931,10032,153,1,179.31,20.47
16932,10032,125,1,111.51,3.41
16933,10033,212,1,619.34,41.44
16934,10034,179,1,246.47,28.58
16935,10035,176,3,199.66,16.91
16936,10035,23,1,629.48,53.88
16937,10036,66,1,27.73,1.46
16938,10037,234,1,17.93,1.28
16939,10038,151,1,116.4,7.4
16940,10039,215,1,237.45,13.45
16941,10039,220,1,669.86,26.8
16942,10040,178,1,1065.13,48.7
16943,10040,40,1,97.22,7.15
16944,10041,151,1,116.4,5.05
16945,10041,158,1,19.01,2.25
16946,10042,156,1,99.5,9.63
16947,10043,32,2,17.9,1.7
16948,10043,187,1,95.65,10.18
16949,10044,247,1,31.51,1.26
16950,10045,36,1,55.53,5.46
16951,10045,188,1,15.44,1.39
16952,10046,16,1,90.17,3.32
16953,10047,212,1,619.34,57.04
16954,10048,26,1,16.21,0.94
16955,10048,22,1,412.18,23.73
16956,10049,77,1,170.84,12.28
16957,10049,10,1,26.93,2.92
16958,10050,29,1,617.47,45.01
16959,10051,20,1,71.62,3.91
16960,10052,205,1,172.47,10.77
16961,10052,26,1,16.21,0.71
16962,10053,110,1,759.15,68.23
16963,10053,98,3,25.53,1.4
16964,10053,47,1,18.06,2.02
16965,10054,226,1,134.28,7.59
16966,10054,120,1,44.88,2.4
16967,10054,188,1,15.44,0.82
16968,10055,228,1,95.03,3.89
16969,10055,136,1,763.13,29.67
16970,10056,173,1,57.93,5.49
16971,10057,29,1,617.47,38.04
16972,10057,181,1,14.39,1.41
16973,10057,212,1,619.34,38.39
16974,10058,183,1,101.22,6.91
16975,10059,134,1,140.62,9.08
16976,10060,200,1,16.92,0.73
16977,10061,88,1,2.59,0.23
16978,10061,135,1,212.24,12.65
16979,10061,242,1,135.54,6.08
16980,10062,208,1,113.76,11.56
16981,10063,64,1,191.61,9.35
16982,10063,72,2,112.92,8.16
16983,10064,72,1,112.92,13.49
16984,10065,144,1,50.76,1.77
16985,10066,66,1,27.73,1.56
16986,10067,97,2,244.48,16.98
16987,10067,8,1,6.03,0.33
16988,10068,134,1,140.62,5.77
16989,10069,29,1,617.47,29.29
16990,10069,187,1,95.65,3.45
16991,10069,132,1,74.95,4.53
16992,10070,71,1,179.59,11.73
16993,10070,48,1,93.17,6.56
16994,10070,34,1,127.18,4.85
16995,10070,42,1,145.78,15.32
16996,10071,176,1,199.66,22.73
16997,10071,189,1,150.51,17.63
16998,10072,216,1,194.01,22.03
16999,10073,132,1,74.95,7.53
17000,10073,135,1,212.24,13.76
17001,10074,45,1,30.04,1.04
17002,10074,250,1,583.02,23.46
17003,10075,79,1,47.16,5.15
17004,10076,40,1,97.22,11.34
17005,10076,14,1,94.71,9.62
17006,10076,126,1,25.06,2.55
17007,10077,209,1,115.41,7.67
17008,10077,157,1,234.71,24.06
17009,10077,232,1,155.86,5.82
17010,10078,167,1,139.5,12.49
17011,10079,79,1,47.16,3.62
17012,10080,40,1,97.22,8.72
17013,10081,58,1,7.39,0.74
17014,10081,118,1,13.3,1.45
17015,10082,61,1,30.27,2.58
17016,10082,180,1,209.32,6.98
17017,10082,134,1,140.62,12.18
17018,10082,140,1,11.94,0.86
17019,10083,158,3,19.01,1.13
17020,10084,147,1,81.1,3.2
17021,10084,118,1,13.3,1.46
17022,10085,100,1,136.87,13.24
17023,10085,29,1,617.47,37.06
17024,10086,20,1,71.62,7.61
17025,10087,13,1,31.08,1.07
17026,10087,241,1,40.34,3.3
17027,10088,205,1,172.47,13.48
17028,10088,225,1,59.74,2.43
17029,10089,29,1,617.47,72.17
17030,10090,101,1,8.28,0.63
17031,10090,12,1,94.84,6.84
17032,10090,41,2,63.66,3.62
17033,10091,197,1,235.87,27.2
17034,10091,217,1,36.43,2.04
17035,10092,3,1,51.08,3.9
17036,10092,141,2,483.07,39.93
17037,10093,56,1,38.8,3.4
17038,10094,8,1,6.03,0.29
17039,10095,37,3,136.42,5.53
17040,10095,245,1,178.52,9.41
17041,10095,151,1,116.4,12.87
17042,10096,188,1,15.44,1.38
17043,10096,109,2,151.47,14.03
17044,10096,59,1,105.0,6.75
17045,10097,114,1,164.19,6.31
17046,10097,51,1,71.14,7.14
17047,10098,20,3,71.62,4.63
17048,10098,187,1,95.65,4.56
17049,10098,181,1,14.39,1.28
17050,10098,27,1,852.23,77.03
17051,10099,97,1,244.48,28.58
17052,10100,63,1,555.18,18.93
17053,10100,89,1,179.88,12.24
17054,10100,153,1,179.31,21.18
17055,10100,219,2,66.09,4.05
17056,10101,135,1,212.24,24.36
17057,10102,188,1,15.44,1.52
17058,10103,117,1,45.11,5.23
17059,10104,2,1,120.72,4.87
17060,10105,8,1,6.03,0.33
17061,10106,60,1,85.87,9.57
17062,10106,84,1,54.94,6.4
17063,10107,3,1,51.08,3.57
17064,10108,223,1,155.25,16.62
17065,10109,77,1,170.84,17.46
17066,10109,232,1,155.86,15.86
17067,10109,55,1,167.62,5.63
17068,10110,211,3,22.6,2.0
17069,10110,3,1,51.08,3.2
17070,10110,91,1,56.23,4.61
17071,10110,213,1,31.81,1.57
17072,10111,211,1,22.6,1.17
17073,10111,115,1,27.12,2.71
17074,10112,161,1,84.35,8.36
17075,10113,120,1,44.88,4.66
17076,10113,152,1,343.16,27.7
17077,10113,57,1,185.85,14.21
17078,10113,192,1,82.67,8.84
17079,10114,59,1,105.0,9.66
17080,10115,234,3,17.93,1.26
17081,10115,139,1,488.45,41.91
17082,10115,220,1,669.86,25.18
17083,10116,44,2,39.31,2.78
17084,10116,228,1,95.03,8.12
17085,10116,217,1,36.43,3.65
17086,10116,202,1,130.75,4.27
17087,10117,176,1,199.66,8.98
17088,10118,205,1,172.47,7.79
17089,10119,208,2,113.76,9.17
17090,10119,72,1,112.92,12.18
17091,10119,113,2,29.13,2.15
17092,10119,83,1,9.7,0.96
17093,10120,15,1,114.86,12.35
17094,10120,10,1,26.93,1.57
17095,10121,190,1,239.32,13.29
17096,10122,41,1,63.66,3.15
17097,10123,94,1,33.91,2.46
17098,10123,149,1,71.93,7.68
17099,10124,66,1,27.73,3.33
17100,10125,61,1,30.27,0.97
17101,10126,46,2,645.92,69.52
17102,10126,31,1,34.65,3.7
17103,10127,45,1,30.04,1.41
17104,10127,198,1,52.95,5.95
17105,10128,147,1,81.1,7.88
17106,10129,105,1,262.49,29.71
17107,10130,160,1,19.67,2.02
17108,10130,84,1,54.94,3.61
17109,10130,95,1,25.87,1.63
17110,10131,46,1,645.92,48.81
17111,10131,50,1,44.06,4.02
17112,10131,32,1,17.9,1.81
17113,10132,63,1,555.18,60.63
17114,10132,135,1,212.24,9.63
17115,10132,222,1,22.72,1.03
17116,10133,27,1,852.23,26.2
17117,10133,75,1,553.99,36.94
17118,10134,56,2,38.8,1.65
17119,10135,122,1,69.41,7.8
17120,10136,190,1,239.32,26.83
17121,10136,2,1,120.72,6.55
17122,10137,189,1,150.51,5.03
17123,10138,132,1,74.95,4.07
17124,10139,27,1,852.23,33.33
17125,10140,244,1,84.79,8.19
17126,10141,149,1,71.93,8.07
17127,10142,87,3,391.01,18.11
17128,10142,136,1,763.13,48.76
17129,10143,189,1,150.51,14.42
17130,10144,67,1,53.0,5.33
17131,10144,10,1,26.93,0.97
17132,10144,143,1,180.32,5.97
17133,10145,199,1,5.9,0.27
17134,10145,61,2,30.27,1.88
17135,10146,95,1,25.87,1.58
17136,10146,106,1,27.76,1.92
17137,10147,46,1,645.92,27.99
17138,10148,61,1,30.27,3.43
17139,10148,77,1,170.84,7.78
17140,10148,3,1,51.08,2.81
17141,10148,230,1,231.23,27.73
17142,10149,109,1,151.47,13.75
17143,10149,15,3,114.86,4.15
17144,10150,220,1,669.86,46.27
17145,10151,217,1,36.43,1.15
17146,10152,220,1,669.86,24.51
17147,10152,35,2,76.68,6.61
17148,10152,101,1,8.28,0.75
17149,10153,169,1,69.98,3.03
17150,10153,56,1,38.8,3.35
17151,10153,45,1,30.04,1.59
17152,10154,104,1,82.65,2.66
17153,10155,153,1,179.31,16.09
17154,10155,3,1,51.08,5.31
17155,10155,105,1,262.49,21.99
17156,10156,67,3,53.0,2.5
17157,10156,213,1,31.81,3.28
17158,10156,24,1,89.79,9.55
17159,10157,55,1,167.62,8.35
17160,10158,50,1,44.06,3.26
17161,10159,64,1,191.61,7.96
17162,10159,60,1,85.87,3.56
17163,10160,121,1,272.89,25.98
17164,10161,34,1,127.18,14.18
17165,10161,239,1,762.58,71.32
17166,10161,124,1,434.69,27.13
17167,10162,105,1,262.49,22.93
17168,10162,3,1,51.08,5.15
17169,10163,67,1,53.0,3.54
17170,10163,134,1,140.62,9.21
17171,10163,250,1,583.02,49.16
17172,10163,141,1,483.07,17.95
17173,10164,217,1,36.43,4.11
17174,10165,71,1,179.59,11.11
17175,10165,68,1,38.67,4.46
17176,10165,130,1,76.27,4.74
17177,10165,5,1,88.33,7.25
17178,10166,180,1,209.32,15.09
17179,10166,209,1,115.41,12.75
17180,10167,36,2,55.53,4.96
17181,10168,35,1,76.68,8.95
17182,10169,100,1,136.87,10.39
17183,10169,226,1,134.28,8.78
17184,10170,117,1,45.11,2.22
17185,10171,212,1,619.34,42.17
17186,10171,89,1,179.88,16.76
17187,10171,21,1,285.75,27.68
17188,10171,175,1,16.15,0.77
17189,10172,149,1,71.93,8.62
17190,10172,129,1,858.28,79.14
17191,10173,212,1,619.34,40.83
17192,10173,120,1,44.88,1.4
17193,10173,92,1,1151.64,63.99
17194,10174,189,1,150.51,15.85
17195,10175,190,1,239.32,27.78
17196,10175,215,1,237.45,11.22
17197,10175,196,1,47.98,3.02
17198,10175,97,1,244.48,24.14
17199,10176,180,1,209.32,18.83
17200,10177,147,1,81.1,5.01
17201,10178,176,1,199.66,11.75
17202,10178,151,1,116.4,13.87
17203,10179,185,1,647.11,51.03
17204,10180,151,1,116.4,4.11
17205,10180,68,1,38.67,4.41
17206,10181,150,1,43.62,1.75
17207,10182,218,1,62.27,5.93
17208,10182,44,1,39.31,3.33
17209,10183,16,1,90.17,9.34
17210,10184,129,1,858.28,70.99
17211,10184,212,1,619.34,18.72
17212,10184,5,3,88.33,4.17
17213,10185,21,1,285.75,17.24
17214,10185,118,1,13.3,1.09
17215,10185,55,1,167.62,13.7
17216,10186,130,1,76.27,8.56
17217,10187,206,1,760.6,49.61
17218,10187,100,1,136.87,8.08
17219,10188,79,1,47.16,3.73
17220,10189,24,1,89.79,3.74
17221,10190,72,1,112.92,7.0
17222,10190,205,1,172.47,13.51
17223,10191,64,1,191.61,10.36
17224,10192,169,1,69.98,3.08
17225,10193,143,2,180.32,10.47
17226,10194,36,1,55.53,5.99
17227,10195,97,1,244.48,28.24
17228,10196,133,1,37.44,2.73
17229,10196,180,1,209.32,9.54
17230,10196,36,1,55.53,3.54
17231,10197,170,3,527.03,56.83
17232,10198,91,1,56.23,3.7
17233,10199,248,1,40.02,1.59
17234,10200,51,1,71.14,8.35
17235,10200,248,1,40.02,4.43
17236,10201,228,1,95.03,8.55
17237,10201,59,1,105.0,6.74
17238,10202,137,1,112.97,4.52
17239,10203,28,1,164.02,9.86
17240,10203,30,1,58.74,4.89
17241,10204,156,3,99.5,3.0
17242,10205,209,1,115.41,4.63
17243,10206,86,1,124.98,11.83
17244,10206,122,1,69.41,5.54
17245,10207,74,2,35.45,2.25
17246,10208,49,1,38.8,2.84
17247,10208,55,1,167.62,12.81
17248,10209,208,1,113.76,5.57
17249,10210,40,1,97.22,3.47
17250,10211,31,1,34.65,3.14
17251,10212,29,1,617.47,48.27
17252,10213,40,1,97.22,9.37
17253,10214,34,1,127.18,5.43
17254,10215,46,1,645.92,47.66
17255,10216,102,1,683.61,70.47
17256,10217,40,1,97.22,7.13
17257,10218,48,1,93.17,6.03
17258,10218,6,1,251.86,25.58
17259,10219,66,1,27.73,1.08
17260,10220,10,1,26.93,1.79
17261,10220,193,1,286.41,13.19
17262,10220,57,1,185.85,14.26
17263,10221,36,1,55.53,4.55
17264,10222,33,1,30.54,2.75
17265,10223,222,1,22.72,1.41
17266,10223,194,1,41.9,4.37
17267,10224,215,1,237.45,11.98
17268,10225,203,1,67.83,7.08
17269,10226,17,1,29.84,3.27
17270,10226,105,1,262.49,16.57
17271,10227,199,1,5.9,0.21
17272,10228,116,1,53.02,3.79
17273,10229,56,1,38.8,1.44
17274,10229,215,3,237.45,12.25
17275,10230,157,1,234.71,23.81
17276,10230,188,1,15.44,0.84
17277,10231,72,1,112.92,11.26
17278,10232,115,1,27.12,2.66
17279,10233,123,1,10.31,0.33
17280,10233,238,1,115.34,10.73
17281,10234,250,1,583.02,25.24
17282,10235,107,1,87.92,3.72
17283,10236,27,1,852.23,75.98
17284,10236,211,1,22.6,1.24
17285,10237,235,1,75.26,7.11
17286,10238,196,1,47.98,1.97
17287,10239,76,3,52.37,3.95
17288,10239,121,1,272.89,28.46
17289,10240,26,1,16.21,1.69
17290,10240,88,1,2.59,0.28
17291,10240,173,1,57.93,6.57
17292,10240,186,1,66.12,2.66
17293,10241,143,1,180.32,10.19
17294,10241,72,1,112.92,13.26
17295,10241,43,2,137.44,7.64
17296,10242,69,1,33.1,1.37
17297,10242,189,1,150.51,14.45
17298,10243,21,1,285.75,24.61
17299,10244,73,1,85.1,4.83
17300,10245,223,1,155.25,6.01
17301,10245,48,1,93.17,7.34
17302,10246,123,1,10.31,1.03
17303,10247,27,1,852.23,25.71
17304,10247,209,1,115.41,5.3
17305,10248,99,1,14.4,1.2
17306,10249,193,1,286.41,25.33
17307,10250,128,1,13.41,1.2
17308,10251,157,1,234.71,10.65
17309,10252,225,1,59.74,6.13
17310,10252,40,1,97.22,10.32
17311,10252,230,1,231.23,12.44
17312,10253,117,1,45.11,5.32
17313,10254,218,1,62.27,2.52
17314,10254,77,1,170.84,6.8
17315,10255,120,1,44.88,5.03
17316,10256,194,1,41.9,4.87
17317,10257,157,1,234.71,14.26
17318,10257,84,1,54.94,5.86
17319,10257,132,1,74.95,3.72
17320,10258,202,2,130.75,4.42
17321,10258,20,2,71.62,3.21
17322,10259,225,1,59.74,5.49
17323,10260,10,2,26.93,2.71
17324,10260,47,1,18.06,0.84
17325,10261,124,1,434.69,51.32
17326,10261,177,1,81.05,9.61
17327,10262,3,1,51.08,4.56
17328,10262,227,1,49.54,5.88
17329,10263,151,2,116.4,11.81
17330,10264,34,1,127.18,11.85
17331,10265,75,1,553.99,34.68
17332,10266,186,1,66.12,5.53
17333,10267,44,1,39.31,4.02
17334,10267,250,1,583.02,68.25
17335,10267,30,1,58.74,5.86
17336,10268,87,1,391.01,33.25
17337,10268,20,1,71.62,5.26
17338,10268,183,2,101.22,3.34
17339,10268,230,1,231.23,14.53
17340,10269,28,1,164.02,13.19
17341,10269,161,1,84.35,4.96
17342,10270,72,1,112.92,11.94
17343,10270,129,1,858.28,50.58
17344,10271,238,1,115.34,12.18
17345,10272,221,1,80.15,6.74
17346,10273,20,1,71.62,3.68
17347,10274,44,1,39.31,1.28
17348,10275,105,1,262.49,9.08
17349,10276,65,1,165.64,19.51
17350,10276,81,1,44.98,4.32
17351,10276,100,1,136.87,16.01
17352,10276,68,1,38.67,2.4
17353,10277,232,1,155.86,13.03
17354,10278,177,1,81.05,3.35
17355,10278,189,1,150.51,16.38
17356,10278,244,1,84.79,7.81
17357,10279,15,2,114.86,11.09
17358,10280,226,1,134.28,6.89
17359,10281,21,1,285.75,33.15
17360,10281,98,1,25.53,1.95
17361,10282,222,1,22.72,1.96
17362,10283,120,1,44.88,5.12
17363,10284,174,1,8.1,0.95
17364,10284,89,2,179.88,6.48
17365,10284,48,1,93.17,8.05
17366,10285,84,1,54.94,4.15
17367,10285,237,1,10.34,0.9
17368,10286,62,1,19.26,1.38
17369,10287,54,1,387.71,42.25
17370,10287,192,1,82.67,3.15
17371,10288,104,1,82.65,8.46
17372,10289,72,1,112.92,8.23
17373,10289,149,1,71.93,5.97
17374,10289,180,1,209.32,11.35
17375,10290,197,1,235.87,14.27
17376,10291,245,1,178.52,6.15
17377,10291,73,2,85.1,4.6
17378,10291,207,1,51.95,4.65
17379,10291,122,1,69.41,3.69
17380,10292,48,1,93.17,4.25
17381,10293,101,1,8.28,0.97
17382,10294,23,2,629.48,37.83
17383,10295,124,1,434.69,43.99
17384,10295,170,1,527.03,60.76
17385,10295,27,1,852.23,68.53
17386,10296,64,1,191.61,11.99
17387,10297,188,3,15.44,1.82
17388,10297,245,1,178.52,19.72
17389,10298,44,1,39.31,3.9
17390,10298,242,2,135.54,11.84
17391,10299,136,1,763.13,78.1
17392,10299,219,1,66.09,2.86
17393,10299,73,1,85.1,8.34
17394,10300,109,1,151.47,15.88
17395,10300,223,1,155.25,12.35
17396,10301,193,1,286.41,31.9
17397,10301,172,1,356.67,38.28
17398,10301,102,1,683.61,50.55
17399,10302,28,1,164.02,5.1
17400,10302,151,1,116.4,12.65
17401,10303,153,1,179.31,6.23
17402,10303,77,1,170.84,10.41
17403,10303,70,1,41.53,4.52
17404,10303,169,1,69.98,6.58
17405,10304,193,1,286.41,22.52
17406,10305,161,2,84.35,8.19
17407,10306,118,1,13.3,0.73
17408,10307,144,1,50.76,2.77
17409,10308,139,2,488.45,24.55
17410,10309,131,2,203.22,8.09
17411,10310,98,1,25.53,1.43
17412,10310,4,1,95.98,9.01
17413,10311,80,1,37.9,4.13
17414,10311,211,1,22.6,2.35
17415,10312,75,1,553.99,23.26
17416,10312,161,1,84.35,8.77
17417,10312,123,1,10.31,0.65
17418,10312,88,1,2.59,0.24
17419,10313,227,2,49.54,2.56
17420,10313,99,1,14.4,0.7
17421,10313,232,1,155.86,18.19
17422,10314,77,1,170.84,13.52
17423,10315,53,1,270.94,14.67
17424,10316,205,1,172.47,11.99
17425,10316,101,1,8.28,0.96
17426,10317,245,1,178.52,13.25
17427,10318,72,1,112.92,4.44
17428,10319,235,1,75.26,3.97
17429,10320,109,1,151.47,8.02
17430,10320,77,1,170.84,8.47
17431,10321,11,1,685.7,48.62
17432,10321,213,1,31.81,3.33
17433,10321,95,1,25.87,1.39
17434,10321,250,2,583.02,48.77
17435,10322,3,1,51.08,3.74
17436,10322,124,1,434.69,47.29
17437,10322,165,1,6.2,0.25
17438,10323,83,1,9.7,1.01
17439,10324,146,1,98.43,11.2
17440,10325,57,1,185.85,19.62
17441,10325,60,1,85.87,10.29
17442,10326,83,1,9.7,1.16
17443,10326,132,1,74.95,2.46
17444,10327,234,1,17.93,1.51
17445,10328,52,1,30.53,2.21
17446,10328,211,1,22.6,0.79
17447,10329,111,1,97.83,7.41
17448,10330,237,1,10.34,0.6
17449,10331,108,1,3.52,0.23
17450,10332,97,1,244.48,22.3
17451,10332,24,1,89.79,5.38
17452,10333,120,1,44.88,2.45
17453,10333,219,1,66.09,6.3
17454,10333,126,1,25.06,2.28
17455,10334,25,1,28.3,3.23
17456,10335,22,1,412.18,25.6
17457,10335,235,1,75.26,4.29
17458,10336,126,1,25.06,1.95
17459,10337,134,1,140.62,12.35
17460,10338,115,1,27.12,1.93
17461,10339,74,1,35.45,2.24
17462,10340,23,1,629.48,57.68
17463,10341,151,1,116.4,5.92
17464,10341,200,1,16.92,0.95
17465,10342,53,1,270.94,30.84
17466,10343,134,1,140.62,9.49
17467,10344,90,1,11.62,1.05
17468,10344,192,1,82.67,7.0
17469,10345,135,1,212.24,11.09
17470,10345,248,1,40.02,1.55
17471,10346,101,1,8.28,0.98
17472,10347,51,1,71.14,4.25
17473,10347,158,1,19.01,1.5
17474,10347,205,2,172.47,6.95
17475,10348,103,1,1102.59,90.1
17476,10348,199,1,5.9,0.2
17477,10348,151,1,116.4,3.7
17478,10349,79,1,47.16,2.38
17479,10349,250,1,583.02,41.53
17480,10350,178,1,1065.13,41.93
17481,10351,235,1,75.26,7.34
17482,10352,230,2,231.23,7.61
17483,10353,6,1,251.86,19.69
17484,10354,202,1,130.75,5.62
17485,10355,204,1,103.62,8.64
17486,10356,169,1,69.98,7.39
17487,10357,86,2,124.98,4.09
17488,10358,20,1,71.62,5.68
17489,10359,154,1,53.6,4.26
17490,10359,35,1,76.68,4.79
17491,10359,69,1,33.1,1.34
17492,10360,8,1,6.03,0.51
17493,10361,84,1,54.94,5.45
17494,10361,146,1,98.43,4.56
17495,10361,45,1,30.04,1.52
17496,10362,121,3,272.89,29.53
17497,10363,22,1,412.18,32.48
17498,10363,15,3,114.86,11.08
17499,10363,168,3,9.01,0.51
17500,10364,226,1,134.28,11.64
17501,10365,35,1,76.68,6.26
17502,10366,17,1,29.84,2.57
17503,10366,121,1,272.89,24.67
17504,10366,217,1,36.43,3.76
17505,10367,98,1,25.53,1.06
17506,10367,25,1,28.3,2.07
17507,10367,185,1,647.11,38.36
17508,10367,16,2,90.17,4.41
17509,10368,184,1,344.95,18.16
17510,10368,13,1,31.08,1.91
17511,10369,113,1,29.13,1.55
17512,10369,73,2,85.1,9.11
17513,10370,153,1,179.31,11.91
17514,10371,12,1,94.84,10.04
17515,10371,97,1,244.48,18.05
17516,10371,79,1,47.16,1.64
17517,10372,162,1,6.54,0.35
17518,10373,31,1,34.65,1.4
17519,10374,235,1,75.26,4.93
17520,10375,141,1,483.07,44.65
17521,10376,58,1,7.39,0.84
17522,10376,18,1,17.37,1.7
17523,10377,215,1,237.45,20.53
17524,10378,93,3,25.75,1.79
17525,10379,211,1,22.6,1.35
17526,10379,240,1,694.84,21.96
17527,10380,174,1,8.1,0.35
17528,10381,59,1,105.0,5.28
17529,10381,97,1,244.48,20.96
17530,10381,88,1,2.59,0.29
17531,10381,143,1,180.32,13.88
17532,10382,161,1,84.35,8.12
17533,10382,75,1,553.99,52.25
17534,10383,147,1,81.1,7.97
17535,10384,176,1,199.66,12.98
17536,10385,133,1,37.44,3.78
17537,10386,209,1,115.41,4.14
17538,10386,135,1,212.24,17.88
17539,10386,102,1,683.61,72.95
17540,10387,187,1,95.65,7.29
17541,10387,183,1,101.22,7.32
17542,10388,111,1,97.83,10.49
17543,10389,21,1,285.75,31.26
17544,10390,243,1,83.89,6.6
17545,10391,151,1,116.4,6.07
17546,10392,110,1,759.15,70.67
17547,10393,228,3,95.03,10.39
17548,10394,220,1,669.86,61.11
17549,10395,160,2,19.67,1.73
17550,10396,60,1,85.87,9.94
17551,10396,40,3,97.22,8.55
17552,10397,73,1,85.1,5.18
17553,10398,240,1,694.84,64.18
17554,10398,224,1,6.63,0.3
17555,10398,215,1,237.45,13.15
17556,10398,193,1,286.41,15.83
17557,10399,109,1,151.47,5.02
17558,10400,105,3,262.49,16.09
17559,10400,221,1,80.15,6.06
17560,10400,227,1,49.54,1.79
17561,10400,23,1,629.48,40.17
17562,10401,3,1,51.08,4.73
17563,10401,40,1,97.22,6.69
17564,10402,109,1,151.47,8.62
17565,10403,25,1,28.3,2.28
17566,10403,124,1,434.69,34.91
17567,10404,219,1,66.09,3.77
17568,10404,148,1,101.97,9.6
17569,10405,55,1,167.62,6.02
17570,10406,51,1,71.14,8.31
17571,10407,38,1,147.17,8.54
17572,10408,43,1,137.44,6.05
17573,10408,126,1,25.06,2.54
17574,10408,79,1,47.16,4.77
17575,10408,171,1,100.35,8.65
17576,10409,94,1,33.91,1.65
17577,10410,241,2,40.34,3.57
17578,10411,40,1,97.22,8.18
17579,10412,238,1,115.34,8.32
17580,10413,168,1,9.01,0.87
17581,10413,3,1,51.08,5.82
17582,10413,48,1,93.17,10.48
17583,10414,216,1,194.01,16.13
17584,10414,184,1,344.95,19.91
17585,10414,234,1,17.93,0.76
17586,10414,246,1,30.72,2.25
17587,10415,68,1,38.67,3.75
17588,10415,192,1,82.67,3.92
17589,10415,39,1,136.95,8.86
17590,10416,60,1,85.87,9.85
17591,10417,104,1,82.65,4.85
17592,10418,3,1,51.08,3.02
17593,10418,53,1,270.94,31.5
17594,10419,124,1,434.69,32.97
17595,10419,99,1,14.4,1.73
17596,10420,55,1,167.62,16.38
17597,10420,190,2,239.32,23.04
17598,10421,227,1,49.54,5.31
17599,10422,97,1,244.48,7.57
17600,10422,188,1,15.44,1.06
17601,10422,37,1,136.42,14.0
17602,10423,87,1,391.01,16.09
17603,10423,112,1,335.91,29.92
17604,10424,199,1,5.9,0.7
17605,10424,131,1,203.22,21.29
17606,10424,41,2,63.66,4.6
17607,10425,59,1,105.0,4.85
17608,10426,150,1,43.62,3.79
17609,10426,18,1,17.37,1.68
17610,10427,175,1,16.15,0.6
17611,10427,24,1,89.79,6.87
17612,10428,75,1,553.99,49.66
17613,10428,133,1,37.44,1.29
17614,10429,17,1,29.84,1.45
17615,10429,71,1,179.59,15.1
17616,10429,31,1,34.65,3.61
17617,10429,55,1,167.62,7.87
17618,10430,53,1,270.94,23.85
17619,10430,23,2,629.48,50.74
17620,10430,134,1,140.62,16.77
17621,10430,60,1,85.87,5.84
17622,10431,118,1,13.3,1.43
17623,10431,71,1,179.59,18.69
17624,10432,131,1,203.22,18.12
17625,10433,51,1,71.14,5.63
17626,10434,91,1,56.23,5.77
17627,10435,169,1,69.98,8.3
17628,10435,237,3,10.34,0.54
17629,10435,27,1,852.23,97.87
17630,10436,155,1,18.82,2.22
17631,10436,164,1,31.65,2.44
17632,10436,146,1,98.43,9.81
17633,10437,205,1,172.47,12.94
17634,10437,246,1,30.72,2.19
17635,10437,69,1,33.1,2.65
17636,10438,71,1,179.59,12.16
17637,10439,175,1,16.15,1.84
17638,10439,130,3,76.27,5.92
17639,10439,109,1,151.47,17.97
17640,10439,156,1,99.5,9.45
17641,10440,138,1,45.06,4.29
17642,10441,121,1,272.89,25.04
17643,10442,61,1,30.27,3.11
17644,10442,237,1,10.34,1.15
17645,10442,21,1,285.75,15.15
17646,10443,179,1,246.47,19.69
17647,10444,28,1,164.02,10.63
17648,10445,29,1,617.47,54.5
17649,10446,206,1,760.6,49.63
17650,10446,121,1,272.89,26.97
17651,10447,190,1,239.32,8.34
17652,10447,151,1,116.4,6.07
17653,10447,235,1,75.26,4.09
17654,10448,154,1,53.6,2.77
17655,10449,146,2,98.43,10.99
17656,10449,176,1,199.66,9.41
17657,10450,151,3,116.4,10.51
17658,10450,121,1,272.89,9.95
17659,10450,10,1,26.93,1.96
17660,10450,241,1,40.34,4.77
17661,10451,237,1,10.34,1.2
17662,10451,25,1,28.3,1.59
17663,10452,182,1,19.48,1.75
17664,10452,94,1,33.91,3.87
17665,10453,3,1,51.08,2.1
17666,10453,72,1,112.92,8.3
17667,10453,242,1,135.54,8.75
17668,10453,89,1,179.88,6.95
17669,10454,183,1,101.22,4.99
17670,10455,205,1,172.47,11.66
17671,10455,230,2,231.23,14.78
17672,10455,232,1,155.86,9.6
17673,10455,1,1,826.88,49.72
17674,10456,3,1,51.08,1.64
17675,10457,243,1,83.89,2.66
17676,10458,249,1,52.62,4.11
17677,10459,12,1,94.84,3.78
17678,10459,90,1,11.62,0.65
17679,10459,247,1,31.51,2.19
17680,10460,226,1,134.28,9.25
17681,10460,70,1,41.53,2.04
17682,10460,210,1,56.9,3.93
17683,10461,219,1,66.09,7.4
17684,10461,200,1,16.92,1.39
17685,10462,64,3,191.61,9.56
17686,10463,104,1,82.65,4.52
17687,10464,200,1,16.92,0.96
17688,10464,15,1,114.86,3.51
17689,10465,201,1,68.19,4.12
17690,10466,139,1,488.45,23.21
17691,10467,200,1,16.92,0.64
17692,10468,4,1,95.98,7.08
17693,10469,87,1,391.01,36.21
17694,10470,131,1,203.22,19.72
17695,10471,155,1,18.82,1.96
17696,10471,151,3,116.4,4.0
17697,10471,118,1,13.3,0.8
17698,10472,100,3,136.87,6.66
17699,10472,213,1,31.81,1.44
17700,10473,42,1,145.78,16.93
17701,10473,66,2,27.73,2.13
17702,10474,197,1,235.87,17.05
17703,10475,53,3,270.94,11.57
17704,10475,180,1,209.32,6.88
17705,10476,91,1,56.23,5.21
17706,10477,123,1,10.31,0.67
17707,10478,183,3,101.22,5.1
17708,10478,118,1,13.3,0.76
17709,10478,70,1,41.53,1.54
17710,10479,177,1,81.05,5.63
17711,10480,69,1,33.1,3.71
17712,10481,170,1,527.03,19.59
17713,10482,206,1,760.6,74.16
17714,10482,88,1,2.59,0.22
17715,10483,100,1,136.87,13.52
17716,10483,133,1,37.44,2.7
17717,10483,33,1,30.54,2.84
17718,10484,47,1,18.06,1.24
17719,10484,142,1,230.98,14.64
17720,10485,9,1,82.19,7.18
17721,10486,129,1,858.28,100.31
17722,10487,44,1,39.31,1.57
17723,10487,153,1,179.31,18.84
17724,10487,20,1,71.62,8.46
17725,10487,124,1,434.69,30.53
17726,10488,152,1,343.16,38.81
17727,10488,180,1,209.32,8.61
17728,10489,83,1,9.7,0.68
17729,10490,5,1,88.33,6.73
17730,10490,206,1,760.6,69.62
17731,10490,60,1,85.87,8.17
17732,10491,37,1,136.42,9.48
17733,10492,122,1,69.41,6.23
17734,10492,165,1,6.2,0.71
17735,10492,189,1,150.51,8.19
17736,10493,20,1,71.62,5.59
17737,10493,83,1,9.7,0.65
17738,10493,230,1,231.23,11.44
17739,10494,161,1,84.35,6.81
17740,10495,176,1,199.66,8.28
17741,10495,48,1,93.17,7.04
17742,10496,75,1,553.99,52.5
17743,10496,86,1,124.98,9.38
17744,10496,49,1,38.8,1.29
17745,10497,54,1,387.71,45.71
17746,10498,15,1,114.86,9.55
17747,10498,201,2,68.19,5.24
17748,10498,209,3,115.41,6.93
17749,10499,58,1,7.39,0.6
17750,10500,102,1,683.61,47.72
17751,10500,244,1,84.79,4.11
17752,10501,25,1,28.3,1.33
17753,10502,189,1,150.51,13.16
17754,10502,18,1,17.37,0.57
17755,10502,179,1,246.47,24.65
17756,10503,174,1,8.1,0.68
17757,10503,24,2,89.79,8.47
17758,10503,87,1,391.01,31.68
17759,10504,61,3,30.27,1.41
17760,10505,105,1,262.49,29.25
17761,10506,132,1,74.95,8.63
17762,10507,12,1,94.84,3.77
17763,10508,171,1,100.35,3.06
17764,10509,43,2,137.44,13.9
17765,10509,35,1,76.68,3.33
17766,10509,176,2,199.66,23.36
17767,10510,152,2,343.16,37.31
17768,10511,241,1,40.34,3.84
17769,10512,115,2,27.12,3.05
17770,10512,52,1,30.53,1.82
17771,10512,119,1,69.61,4.38
17772,10513,8,1,6.03,0.58
17773,10513,200,1,16.92,1.82
17774,10513,113,1,29.13,3.05
17775,10514,125,1,111.51,9.15
17776,10515,196,1,47.98,1.56
17777,10515,82,1,53.33,4.16
17778,10516,181,1,14.39,1.47
17779,10517,120,3,44.88,4.84
17780,10517,161,1,84.35,8.99
17781,10517,188,1,15.44,0.86
17782,10518,108,1,3.52,0.36
17783,10518,136,1,763.13,39.78
17784,10519,72,1,112.92,6.16
17785,10519,129,1,858.28,37.87
17786,10520,227,1,49.54,4.97
17787,10521,94,1,33.91,1.98
17788,10522,119,1,69.61,6.02
17789,10523,102,1,683.61,21.24
17790,10524,192,1,82.67,7.54
17791,10524,104,1,82.65,7.19
17792,10525,73,1,85.1,9.56
17793,10526,92,1,1151.64,58.48
17794,10527,47,1,18.06,1.94
17795,10527,246,1,30.72,2.2
17796,10528,24,1,89.79,5.83
17797,10529,237,1,10.34,1.23
17798,10530,249,1,52.62,6.1
17799,10531,28,1,164.02,14.18
17800,10532,51,1,71.14,6.66
17801,10533,46,1,645.92,26.81
17802,10533,187,1,95.65,10.48
17803,10533,52,1,30.53,1.65
17804,10533,208,2,113.76,11.46
17805,10534,250,1,583.02,19.56
17806,10534,134,1,140.62,9.07
17807,10535,15,1,114.86,10.23
17808,10536,77,1,170.84,8.02
17809,10537,3,3,51.08,3.25
17810,10537,41,1,63.66,2.53
17811,10537,156,1,99.5,10.94
17812,10538,230,1,231.23,9.28
17813,10538,128,1,13.41,1.21
17814,10538,183,1,101.22,10.95
17815,10538,46,1,645.92,62.68
17816,10539,225,1,59.74,2.48
17817,10540,59,1,105.0,12.33
17818,10541,104,1,82.65,6.71
17819,10542,86,1,124.98,14.17
17820,10543,241,1,40.34,3.01
17821,10544,85,3,106.96,10.07
17822,10544,55,2,167.62,16.82
17823,10545,79,1,47.16,1.64
17824,10545,210,1,56.9,5.6
17825,10545,93,1,25.75,2.16
17826,10545,217,1,36.43,3.87
17827,10546,230,1,231.23,6.94
17828,10546,109,1,151.47,12.87
17829,10547,176,1,199.66,15.7
17830,10548,169,1,69.98,6.1
17831,10548,129,1,858.28,90.69
17832,10549,246,1,30.72,3.29
17833,10549,179,1,246.47,17.78
17834,10550,32,1,17.9,0.93
17835,10551,124,1,434.69,23.85
17836,10552,108,1,3.52,0.25
17837,10552,55,1,167.62,5.81
17838,10553,234,1,17.93,2.06
17839,10553,162,1,6.54,0.2
17840,10554,22,1,412.18,17.45
17841,10554,40,1,97.22,3.16
17842,10555,158,1,19.01,1.68
17843,10556,43,1,137.44,6.45
17844,10556,98,1,25.53,1.17
17845,10557,68,1,38.67,3.42
17846,10558,3,1,51.08,2.13
17847,10559,134,2,140.62,16.86
17848,10560,14,1,94.71,6.35
17849,10561,45,1,30.04,2.1
17850,10561,87,1,391.01,41.31
17851,10561,86,1,124.98,13.8
17852,10562,159,1,124.76,11.66
17853,10563,105,1,262.49,18.52
17854,10564,177,1,81.05,7.88
17855,10565,46,1,645.92,45.81
17856,10566,87,1,391.01,31.3
17857,10567,182,1,19.48,2.06
17858,10568,3,1,51.08,4.62
17859,10569,12,1,94.84,8.83
17860,10570,65,1,165.64,10.98
17861,10570,234,1,17.93,0.69
17862,10571,234,1,17.93,1.05
17863,10572,189,1,150.51,13.35
17864,10572,149,1,71.93,3.23
17865,10572,200,1,16.92,1.72
17866,10572,36,1,55.53,2.97
17867,10573,66,1,27.73,1.85
17868,10574,28,1,164.02,7.66
17869,10574,25,1,28.3,1.97
17870,10575,237,1,10.34,0.93
17871,10575,223,1,155.25,10.73
17872,10576,122,1,69.41,2.99
17873,10577,36,1,55.53,2.14
17874,10578,87,1,391.01,19.66
17875,10578,120,1,44.88,3.55
17876,10579,160,1,19.67,0.83
17877,10579,100,1,136.87,11.51
17878,10579,143,1,180.32,13.61
17879,10580,23,1,629.48,25.56
17880,10580,136,3,763.13,90.29
17881,10581,231,1,80.77,4.9
17882,10582,65,1,165.64,8.83
17883,10583,90,1,11.62,0.62
17884,10583,68,1,38.67,2.35
17885,10583,213,1,31.81,3.27
17886,10584,98,1,25.53,0.95
17887,10584,148,1,101.97,10.54
17888,10585,143,1,180.32,17.91
17889,10586,29,1,617.47,73.91
17890,10587,120,1,44.88,4.93
17891,10587,207,1,51.95,2.21
17892,10587,211,1,22.6,2.07
17893,10588,200,1,16.92,1.06
17894,10589,173,1,57.93,2.84
17895,10589,202,1,130.75,13.74
17896,10589,228,1,95.03,9.75
17897,10589,104,1,82.65,9.09
17898,10590,15,1,114.86,12.79
17899,10591,186,1,66.12,2.82
17900,10591,86,1,124.98,10.9
17901,10592,243,1,83.89,3.69
17902,10592,146,2,98.43,11.37
17903,10593,3,1,51.08,5.45
17904,10593,190,1,239.32,20.43
17905,10594,36,1,55.53,4.5
17906,10595,61,1,30.27,2.69
17907,10596,225,1,59.74,2.85
17908,10597,192,1,82.67,9.31
17909,10598,134,1,140.62,14.81
17910,10599,244,1,84.79,3.8
17911,10599,72,1,112.92,4.61
17912,10599,126,1,25.06,2.8
17913,10599,231,1,80.77,6.72
17914,10600,49,1,38.8,4.6
17915,10601,212,1,619.34,64.78
17916,10601,227,1,49.54,5.22
17917,10602,53,1,270.94,9.31
17918,10602,36,1,55.53,5.06
17919,10602,180,1,209.32,21.74
17920,10602,173,1,57.93,5.97
17921,10603,203,2,67.83,4.46
17922,10604,37,1,136.42,14.37
17923,10605,20,1,71.62,7.62
17924,10606,136,1,763.13,46.26
17925,10607,215,1,237.45,22.55
17926,10608,81,1,44.98,4.4
17927,10608,76,1,52.37,5.67
17928,10609,209,1,115.41,4.74
17929,10609,112,1,335.91,34.84
17930,10610,60,1,85.87,7.89
17931,10610,32,1,17.9,1.75
17932,10610,86,1,124.98,13.9
17933,10611,164,1,31.65,1.64
17934,10612,139,1,488.45,34.33
17935,10613,133,2,37.44,2.67
17936,10613,235,1,75.26,4.9
17937,10613,60,1,85.87,4.32
17938,10613,197,1,235.87,25.87
17939,10614,90,2,11.62,0.77
17940,10614,61,1,30.27,1.33
17941,10615,151,1,116.4,7.92
17942,10616,224,1,6.63,0.4
17943,10617,107,1,87.92,7.37
17944,10618,188,2,15.44,0.56
17945,10619,71,1,179.59,17.34
17946,10619,40,1,97.22,3.4
17947,10620,83,1,9.7,0.71
17948,10621,121,1,272.89,15.13
17949,10622,184,1,344.95,39.25
17950,10623,241,2,40.34,3.65
17951,10623,247,1,31.51,3.23
17952,10624,202,1,130.75,14.35
17953,10625,59,1,105.0,9.08
17954,10626,205,1,172.47,9.85
17955,10627,118,1,13.3,1.55
17956,10628,231,1,80.77,4.65
17957,10629,149,1,71.93,7.83
17958,10630,198,1,52.95,4.15
17959,10631,12,1,94.84,3.69
17960,10631,200,1,16.92,1.45
17961,10632,217,1,36.43,2.44
17962,10633,131,1,203.22,14.46
17963,10633,35,3,76.68,9.2
17964,10633,17,1,29.84,1.05
17965,10633,151,1,116.4,13.06
17966,10634,40,1,97.22,7.27
17967,10634,203,1,67.83,5.06
17968,10635,123,1,10.31,0.97
17969,10635,119,1,69.61,4.67
17970,10636,192,2,82.67,5.1
17971,10637,12,1,94.84,6.4
17972,10638,40,1,97.22,3.88
17973,10639,5,1,88.33,9.49
17974,10639,123,1,10.31,0.85
17975,10640,227,1,49.54,2.68
17976,10640,98,1,25.53,1.37
17977,10641,240,1,694.84,54.49
17978,10641,160,1,19.67,2.2
17979,10642,73,1,85.1,3.11
17980,10643,189,1,150.51,16.95
17981,10643,158,1,19.01,1.39
17982,10643,222,1,22.72,2.33
17983,10643,152,1,343.16,40.06
17984,10644,203,2,67.83,5.03
17985,10644,16,1,90.17,2.81
17986,10645,139,2,488.45,31.96
17987,10646,227,1,49.54,2.35
17988,10646,35,1,76.68,4.01
17989,10646,98,1,25.53,3.02
17990,10647,124,1,434.69,36.49
17991,10648,147,1,81.1,5.33
17992,10648,138,1,45.06,2.98
17993,10649,134,1,140.62,8.83
17994,10650,133,1,37.44,3.96
17995,10651,176,1,199.66,21.71
17996,10652,119,1,69.61,6.2
17997,10652,19,1,11.93,0.39
17998,10653,48,1,93.17,9.25
17999,10654,145,1,366.49,24.38
18000,10655,138,1,45.06,2.96
18001,10655,236,1,326.99,19.46
18002,10656,169,1,69.98,2.65
18003,10656,16,1,90.17,9.27
18004,10657,105,1,262.49,26.45
18005,10658,27,1,852.23,62.27
18006,10659,133,1,37.44,3.51
18007,10659,40,1,97.22,7.16
18008,10659,4,1,95.98,7.46
18009,10659,83,1,9.7,1.16
18010,10660,86,1,124.98,12.33
18011,10661,18,1,17.37,1.36
18012,10661,191,1,39.7,3.33
18013,10662,245,2,178.52,16.11
18014,10663,27,1,852.23,85.96
18015,10663,250,1,583.02,45.9
18016,10663,26,1,16.21,1.58
18017,10664,48,1,93.17,6.46
18018,10664,119,1,69.61,7.18
18019,10665,52,1,30.53,2.97
18020,10665,86,1,124.98,7.38
18021,10665,217,1,36.43,2.39
18022,10666,86,1,124.98,9.57
18023,10667,118,3,13.3,1.17
18024,10668,139,1,488.45,24.07
18025,10668,66,1,27.73,1.73
18026,10669,137,1,112.97,11.84
18027,10670,228,1,95.03,11.18
18028,10671,47,1,18.06,1.19
18029,10672,198,1,52.95,3.18
18030,10672,158,1,19.01,0.64
18031,10672,209,1,115.41,11.03
18032,10673,138,1,45.06,4.1
18033,10673,51,1,71.14,7.52
18034,10674,151,1,116.4,5.1
18035,10674,144,2,50.76,2.33
18036,10674,50,1,44.06,4.2
18037,10675,202,1,130.75,13.51
18038,10675,176,1,199.66,10.29
18039,10676,88,1,2.59,0.29
18040,10677,69,1,33.1,3.44
18041,10677,75,1,553.99,27.55
18042,10678,53,1,270.94,12.69
18043,10679,90,1,11.62,1.04
18044,10680,235,1,75.26,8.92
18045,10681,35,1,76.68,8.45
18046,10681,59,1,105.0,9.53
18047,10682,53,3,270.94,25.24
18048,10683,54,1,387.71,13.05
18049,10684,196,1,47.98,2.42
18050,10685,51,1,71.14,4.46
18051,10685,146,1,98.43,8.76
18052,10685,136,1,763.13,56.74
18053,10685,75,1,553.99,20.16
18054,10686,220,1,669.86,58.87
18055,10686,175,2,16.15,1.1
18056,10687,87,3,391.01,26.08
18057,10688,51,1,71.14,6.52
18058,10689,18,1,17.37,0.88
18059,10689,120,1,44.88,2.96
18060,10689,245,1,178.52,7.92
18061,10690,136,1,763.13,60.15
18062,10690,48,1,93.17,6.24
18063,10690,84,1,54.94,6.49
18064,10691,121,1,272.89,26.53
18065,10692,10,1,26.93,1.16
18066,10693,241,1,40.34,1.24
18067,10694,135,1,212.24,12.67
18068,10695,63,1,555.18,49.59
18069,10696,207,1,51.95,2.31
18070,10697,71,3,179.59,11.49
18071,10698,76,1,52.37,3.7
18072,10699,79,1,47.16,5.39
18073,10699,32,1,17.9,2.1
18074,10700,104,1,82.65,7.06
18075,10701,75,1,553.99,40.15
18076,10702,101,1,8.28,0.46
18077,10702,31,1,34.65,2.39
18078,10703,185,1,647.11,39.31
18079,10703,106,1,27.76,2.14
18080,10704,195,1,45.11,3.18
18081,10705,37,1,136.42,13.38
18082,10705,98,1,25.53,2.56
18083,10705,53,1,270.94,14.32
18084,10706,115,1,27.12,2.36
18085,10706,128,1,13.41,1.05
18086,10706,189,1,150.51,11.01
18087,10706,187,1,95.65,5.06
18088,10707,132,1,74.95,8.03
18089,10707,216,1,194.01,6.6
18090,10707,220,1,669.86,66.89
18091,10708,246,1,30.72,2.93
18092,10708,18,1,17.37,1.69
18093,10709,117,1,45.11,1.38
18094,10710,56,1,38.8,1.26
18095,10710,120,1,44.88,4.24
18096,10711,185,1,647.11,57.83
18097,10711,27,1,852.23,81.31
18098,10712,102,1,683.61,67.43
18099,10713,196,1,47.98,2.53
18100,10714,232,3,155.86,11.9
18101,10715,90,1,11.62,1.12
18102,10716,149,1,71.93,6.25
18103,10717,94,1,33.91,4.04
18104,10717,87,1,391.01,43.93
18105,10718,105,1,262.49,13.34
18106,10719,36,2,55.53,3.6
18107,10719,64,1,191.61,14.42
18108,10719,27,1,852.23,45.33
18109,10720,35,1,76.68,7.85
18110,10721,47,1,18.06,1.57
18111,10721,134,1,140.62,14.38
18112,10722,86,1,124.98,5.68
18113,10723,169,1,69.98,3.91
18114,10724,67,1,53.0,4.32
18115,10724,169,1,69.98,2.71
18116,10724,43,1,137.44,10.39
18117,10725,229,1,16.22,1.25
18118,10725,235,1,75.26,5.51
18119,10726,110,1,759.15,40.33
18120,10726,136,1,763.13,48.99
18121,10727,100,1,136.87,8.84
18122,10727,244,1,84.79,8.14
18123,10728,90,2,11.62,1.06
18124,10729,208,1,113.76,7.52
18125,10729,36,1,55.53,2.64
18126,10730,161,1,84.35,4.19
18127,10731,241,1,40.34,3.69
18128,10732,51,1,71.14,4.79
18129,10732,49,1,38.8,4.12
18130,10733,127,1,82.05,5.29
18131,10734,161,1,84.35,4.19
18132,10734,121,1,272.89,11.75
18133,10734,134,1,140.62,5.44
18134,10735,134,1,140.62,11.33
18135,10735,120,1,44.88,1.68
18136,10735,58,1,7.39,0.81
18137,10736,230,2,231.23,25.64
18138,10736,234,1,17.93,1.65
18139,10737,215,1,237.45,19.82
18140,10737,81,1,44.98,3.42
18141,10738,128,1,13.41,1.36
18142,10739,229,1,16.22,1.41
18143,10739,23,1,629.48,47.84
18144,10740,113,1,29.13,1.85
18145,10741,185,1,647.11,59.61
18146,10741,102,1,683.61,51.86
18147,10741,92,1,1151.64,63.2
18148,10741,144,3,50.76,4.76
18149,10742,33,1,30.54,1.67
18150,10743,151,1,116.4,11.28
18151,10743,148,1,101.97,9.65
18152,10744,234,1,17.93,1.17
18153,10745,220,1,669.86,50.45
18154,10746,104,1,82.65,5.94
18155,10746,102,1,683.61,27.84
18156,10746,7,1,136.48,6.58
18157,10746,43,2,137.44,12.63
18158,10747,249,1,52.62,4.39
18159,10747,151,1,116.4,7.7
18160,10747,217,1,36.43,3.23
18161,10747,102,1,683.61,76.04
18162,10748,233,3,339.7,26.04
18163,10748,150,1,43.62,3.56
18164,10749,235,1,75.26,7.1
18165,10749,6,1,251.86,25.07
18166,10749,175,1,16.15,1.85
18167,10750,188,1,15.44,1.63
18168,10751,106,2,27.76,2.11
18169,10752,203,1,67.83,6.07
18170,10752,223,1,155.25,17.2
18171,10753,228,1,95.03,8.27
18172,10754,67,3,53.0,5.65
18173,10754,36,1,55.53,6.31
18174,10755,160,1,19.67,0.87
18175,10755,34,2,127.18,3.83
18176,10755,125,2,111.51,9.48
18177,10755,209,1,115.41,7.23
18178,10756,213,1,31.81,2.37
18179,10756,65,2,165.64,18.77
18180,10756,219,1,66.09,5.97
18181,10756,158,1,19.01,1.31
18182,10757,72,1,112.92,9.08
18183,10758,240,1,694.84,68.06
18184,10758,195,1,45.11,4.71
18185,10758,10,1,26.93,2.44
18186,10759,106,1,27.76,1.34
18187,10759,71,1,179.59,18.37
18188,10759,206,1,760.6,88.79
18189,10760,157,1,234.71,19.73
18190,10761,139,1,488.45,56.94
18191,10761,79,1,47.16,4.67
18192,10762,195,1,45.11,4.59
18193,10763,120,1,44.88,3.66
18194,10763,189,1,150.51,6.25
18195,10763,121,1,272.89,15.94
18196,10764,109,1,151.47,14.15
18197,10765,180,1,209.32,7.77
18198,10766,235,2,75.26,8.26
18199,10767,198,1,52.95,2.16
18200,10767,38,1,147.17,5.05
18201,10768,248,1,40.02,1.75
18202,10768,181,1,14.39,1.72
18203,10769,124,1,434.69,28.9
18204,10770,245,1,178.52,18.21
18205,10771,116,1,53.02,3.59
18206,10771,15,1,114.86,7.07
18207,10772,104,1,82.65,5.61
18208,10772,131,3,203.22,15.16
18209,10773,151,2,116.4,8.1
18210,10774,155,1,18.82,2.21
18211,10775,179,1,246.47,27.55
18212,10775,105,1,262.49,28.67
18213,10776,75,1,553.99,39.21
18214,10777,179,1,246.47,9.46
18215,10778,181,1,14.39,1.32
18216,10778,53,1,270.94,31.4
18217,10779,67,1,53.0,4.54
18218,10779,157,1,234.71,21.58
18219,10780,165,1,6.2,0.47
18220,10781,243,1,83.89,5.23
18221,10782,17,1,29.84,3.32
18222,10783,93,1,25.75,1.25
18223,10783,205,1,172.47,13.22
18224,10784,201,1,68.19,5.57
18225,10785,169,2,69.98,6.9
18226,10785,34,1,127.18,3.92
18227,10786,195,1,45.11,4.22
18228,10786,52,1,30.53,1.11
18229,10786,200,3,16.92,1.38
18230,10787,122,1,69.41,7.68
18231,10788,40,1,97.22,10.0
18232,10788,10,1,26.93,1.28
18233,10789,40,3,97.22,11.62
18234,10790,44,1,39.31,3.26
18235,10791,84,1,54.94,2.51
18236,10792,56,1,38.8,4.61
18237,10793,44,2,39.31,4.25
18238,10794,248,1,40.02,4.8
18239,10795,166,1,30.99,1.96
18240,10796,116,1,53.02,2.21
18241,10797,3,3,51.08,2.15
18242,10798,187,1,95.65,10.35
18243,10799,217,1,36.43,1.84
18244,10799,22,1,412.18,17.83
18245,10799,114,1,164.19,13.68
18246,10800,86,1,124.98,4.66
18247,10800,55,1,167.62,5.3
18248,10801,58,1,7.39,0.44
18249,10801,208,1,113.76,7.15
18250,10802,46,1,645.92,30.23
18251,10802,60,1,85.87,5.89
18252,10802,92,1,1151.64,86.15
18253,10802,89,1,179.88,19.75
18254,10803,185,1,647.11,50.25
18255,10803,191,1,39.7,1.7
18256,10803,37,1,136.42,8.16
18257,10804,94,1,33.91,2.61
18258,10805,187,1,95.65,7.76
18259,10805,215,1,237.45,23.97
18260,10805,217,1,36.43,1.58
18261,10806,156,1,99.5,8.74
18262,10806,158,1,19.01,0.96
18263,10807,123,1,10.31,0.4
18264,10807,194,2,41.9,2.02
18265,10808,142,1,230.98,12.87
18266,10809,158,1,19.01,1.08
18267,10810,169,1,69.98,3.25
18268,10810,33,1,30.54,3.61
18269,10811,209,1,115.41,11.9
18270,10811,40,1,97.22,3.22
18271,10811,205,1,172.47,18.36
18272,10812,153,1,179.31,20.7
18273,10812,149,1,71.93,3.95
18274,10812,129,1,858.28,33.87
18275,10812,57,1,185.85,17.12
18276,10813,21,1,285.75,21.8
18277,10814,2,1,120.72,5.83
18278,10814,233,1,339.7,21.89
18279,10815,23,1,629.48,66.11
18280,10816,36,1,55.53,4.7
18281,10816,13,1,31.08,1.32
18282,10817,84,1,54.94,3.9
18283,10818,129,3,858.28,41.28
18284,10818,87,1,391.01,16.91
18285,10819,185,1,647.11,74.77
18286,10820,101,1,8.28,0.92
18287,10820,1,1,826.88,48.21
18288,10820,97,1,244.48,8.94
18289,10821,172,1,356.67,29.88
18290,10821,46,1,645.92,73.12
18291,10822,93,3,25.75,3.07
18292,10823,44,1,39.31,4.23
18293,10823,47,1,18.06,1.75
18294,10824,132,1,74.95,5.68
18295,10824,47,1,18.06,1.48
18296,10825,209,1,115.41,3.69
18297,10826,182,1,19.48,0.94
18298,10826,214,1,211.86,22.79
18299,10827,72,1,112.92,9.05
18300,10828,174,1,8.1,0.52
18301,10828,120,1,44.88,1.86
18302,10828,192,1,82.67,5.44
18303,10829,67,1,53.0,4.45
18304,10830,66,1,27.73,3.1
18305,10830,157,3,234.71,13.26
18306,10831,67,1,53.0,6.3
18307,10831,15,1,114.86,6.83
18308,10831,43,1,137.44,13.99
18309,10831,98,1,25.53,3.04
18310,10832,184,2,344.95,18.83
18311,10832,197,1,235.87,7.35
18312,10833,87,1,391.01,34.02
18313,10834,234,3,17.93,0.66
18314,10834,120,1,44.88,4.0
18315,10835,22,1,412.18,30.37
18316,10835,86,1,124.98,4.93
18317,10836,18,2,17.37,1.21
18318,10837,34,1,127.18,15.21
18319,10838,20,2,71.62,5.53
18320,10838,122,1,69.41,5.04
18321,10838,87,1,391.01,27.26
18322,10838,142,1,230.98,20.58
18323,10839,137,1,112.97,12.12
18324,10840,250,1,583.02,33.18
18325,10841,176,1,199.66,15.49
18326,10842,47,1,18.06,2.11
18327,10842,30,1,58.74,1.98
18328,10842,139,1,488.45,34.66
18329,10843,129,1,858.28,57.81
18330,10844,189,1,150.51,16.54
18331,10845,24,1,89.79,10.19
18332,10845,133,1,37.44,3.1
18333,10846,57,1,185.85,16.18
18334,10847,120,1,44.88,4.15
18335,10847,61,1,30.27,1.85
18336,10848,232,1,155.86,6.0
18337,10849,199,1,5.9,0.23
18338,10849,240,1,694.84,70.86
18339,10849,215,1,237.45,24.98
18340,10850,146,1,98.43,11.21
18341,10851,16,1,90.17,4.15
18342,10852,4,1,95.98,8.2
18343,10853,141,3,483.07,41.75
18344,10854,55,1,167.62,15.61
18345,10854,77,1,170.84,15.86
18346,10855,187,1,95.65,9.33
18347,10856,134,1,140.62,8.17
18348,10857,25,1,28.3,1.44
18349,10858,102,1,683.61,47.02
18350,10859,15,1,114.86,11.55
18351,10860,94,1,33.91,3.94
18352,10860,88,1,2.59,0.23
18353,10860,193,1,286.41,17.48
18354,10860,204,1,103.62,8.06
18355,10861,167,1,139.5,5.79
18356,10862,143,1,180.32,19.07
18357,10863,186,1,66.12,5.76
18358,10864,53,1,270.94,30.5
18359,10865,27,1,852.23,75.99
18360,10866,222,1,22.72,1.02
18361,10866,84,1,54.94,2.32
18362,10866,121,1,272.89,23.55
18363,10867,163,1,20.16,2.32
18364,10868,63,1,555.18,18.24
18365,10869,246,1,30.72,3.43
18366,10869,79,1,47.16,1.61
18367,10869,34,1,127.18,7.8
18368,10869,43,1,137.44,4.76
18369,10870,102,1,683.61,57.9
18370,10870,200,1,16.92,1.61
18371,10871,242,1,135.54,13.87
18372,10872,40,1,97.22,3.12
18373,10872,147,1,81.1,7.54
18374,10872,169,1,69.98,2.78
18375,10872,174,1,8.1,0.85
18376,10873,179,1,246.47,9.91
18377,10873,28,1,164.02,7.38
18378,10873,80,1,37.9,2.85
18379,10874,16,3,90.17,4.18
18380,10874,196,1,47.98,3.46
18381,10875,122,1,69.41,5.11
18382,10876,66,1,27.73,1.07
18383,10877,124,1,434.69,36.53
18384,10877,65,1,165.64,5.44
18385,10877,169,1,69.98,4.43
18386,10878,216,1,194.01,15.22
18387,10879,15,1,114.86,11.22
18388,10880,169,1,69.98,3.53
18389,10881,37,2,136.42,15.52
18390,10881,28,1,164.02,5.89
18391,10882,55,1,167.62,16.27
18392,10883,228,1,95.03,11.24
18393,10883,117,1,45.11,4.37
18394,10883,4,2,95.98,5.94
18395,10884,59,1,105.0,9.39
18396,10884,138,1,45.06,2.6
18397,10885,6,1,251.86,26.84
18398,10886,243,2,83.89,8.04
18399,10886,25,1,28.3,1.34
18400,10886,203,1,67.83,5.98
18401,10887,150,2,43.62,4.98
18402,10887,149,1,71.93,6.49
18403,10888,86,1,124.98,9.97
18404,10889,114,1,164.19,11.95
18405,10889,221,1,80.15,5.8
18406,10889,51,2,71.14,2.28
18407,10889,2,1,120.72,12.79
18408,10890,210,1,56.9,6.76
18409,10891,48,2,93.17,10.72
18410,10891,39,1,136.95,7.62
18411,10891,221,1,80.15,8.02
18412,10892,237,1,10.34,1.17
18413,10893,155,1,18.82,1.46
18414,10893,24,1,89.79,9.64
18415,10893,149,1,71.93,2.58
18416,10894,198,1,52.95,1.63
18417,10894,133,1,37.44,2.7
18418,10895,8,1,6.03,0.51
18419,10895,42,1,145.78,5.19
18420,10896,94,1,33.91,2.44
18421,10896,212,1,619.34,36.12
18422,10897,139,1,488.45,19.03
18423,10898,23,1,629.48,33.74
18424,10898,102,1,683.61,45.78
18425,10899,113,3,29.13,1.96
18426,10900,116,1,53.02,6.19
18427,10900,27,1,852.23,65.63
18428,10900,115,2,27.12,2.56
18429,10901,235,1,75.26,8.45
18430,10902,105,1,262.49,29.51
18431,10903,130,1,76.27,5.52
18432,10904,142,1,230.98,18.02
18433,10905,147,2,81.1,2.6
18434,10906,35,1,76.68,7.97
18435,10906,181,1,14.39,1.71
18436,10907,205,3,172.47,12.08
18437,10907,138,1,45.06,4.6
18438,10908,102,1,683.61,61.48
18439,10909,153,1,179.31,19.16
18440,10909,98,1,25.53,0.9
18441,10910,209,1,115.41,11.97
18442,10911,170,1,527.03,46.23
18443,10912,129,1,858.28,27.75
18444,10913,99,1,14.4,0.93
18445,10914,206,1,760.6,83.31
18446,10915,189,1,150.51,4.87
18447,10916,22,1,412.18,26.08
18448,10917,88,1,2.59,0.26
18449,10917,187,3,95.65,8.01
18450,10918,227,1,49.54,3.46
18451,10918,232,1,155.86,4.83
18452,10918,121,1,272.89,29.89
18453,10918,84,1,54.94,4.52
18454,10919,171,1,100.35,11.75
18455,10919,72,1,112.92,11.28
18456,10919,104,1,82.65,3.25
18457,10920,137,1,112.97,9.19
18458,10920,27,1,852.23,59.35
18459,10921,83,1,9.7,1.0
18460,10922,46,1,645.92,53.73
18461,10922,79,1,47.16,2.81
18462,10923,77,1,170.84,12.02
18463,10924,73,1,85.1,3.86
18464,10924,148,1,101.97,3.82
18465,10925,25,2,28.3,1.16
18466,10926,181,1,14.39,0.71
18467,10927,67,1,53.0,3.9
18468,10928,124,1,434.69,30.11
18469,10929,153,1,179.31,5.93
18470,10929,10,1,26.93,2.55
18471,10930,133,1,37.44,2.49
18472,10931,100,1,136.87,15.47
18473,10931,132,1,74.95,7.49
18474,10932,29,1,617.47,58.11
18475,10932,130,1,76.27,5.67
18476,10933,206,1,760.6,83.41
18477,10934,27,1,852.23,26.77
18478,10935,164,1,31.65,2.16
18479,10936,206,1,760.6,66.86
18480,10937,63,1,555.18,51.45
18481,10938,11,1,685.7,41.96
18482,10938,12,2,94.84,3.78
18483,10939,90,1,11.62,0.88
18484,10940,205,1,172.47,6.28
18485,10941,205,1,172.47,17.14
18486,10942,105,1,262.49,31.14
18487,10942,183,3,101.22,6.32
18488,10943,73,2,85.1,9.34
18489,10943,221,1,80.15,8.32
18490,10943,248,1,40.02,4.09
18491,10944,217,1,36.43,3.22
18492,10944,49,1,38.8,2.74
18493,10944,156,1,99.5,4.17
18494,10944,230,1,231.23,14.33
18495,10945,189,1,150.51,8.11
18496,10945,230,3,231.23,11.01
18497,10946,49,1,38.8,4.08
18498,10947,217,1,36.43,4.23
18499,10947,209,1,115.41,6.26
18500,10948,27,1,852.23,30.28
18501,10949,67,1,53.0,6.25
18502,10949,238,1,115.34,6.71
18503,10949,135,1,212.24,17.72
18504,10950,163,1,20.16,1.43
18505,10951,116,1,53.02,5.06
18506,10951,85,1,106.96,5.59
18507,10951,93,1,25.75,1.91
18508,10952,24,1,89.79,7.05
18509,10953,44,2,39.31,1.21
18510,10954,89,1,179.88,16.48
18511,10955,169,2,69.98,4.9
18512,10956,214,1,211.86,17.51
18513,10956,118,1,13.3,1.03
18514,10957,45,2,30.04,2.45
18515,10958,151,3,116.4,5.79
18516,10959,18,2,17.37,1.53
18517,10959,220,1,669.86,43.1
18518,10960,176,1,199.66,17.22
18519,10961,59,1,105.0,6.59
18520,10962,3,1,51.08,2.02
18521,10963,80,1,37.9,1.75
18522,10963,223,1,155.25,11.03
18523,10963,46,1,645.92,59.6
18524,10964,250,1,583.02,61.66
18525,10964,159,1,124.76,13.67
18526,10965,8,1,6.03,0.32
18527,10966,21,1,285.75,14.1
18528,10967,136,1,763.13,43.46
18529,10968,195,3,45.11,4.21
18530,10968,250,1,583.02,33.2
18531,10969,111,2,97.83,8.57
18532,10970,139,1,488.45,51.1
18533,10971,109,1,151.47,13.79
18534,10971,67,1,53.0,6.16
18535,10971,127,1,82.05,9.67
18536,10972,37,2,136.42,11.25
18537,10973,151,1,116.4,12.78
18538,10973,123,1,10.31,0.47
18539,10974,141,1,483.07,39.57
18540,10975,194,1,41.9,4.18
18541,10975,79,1,47.16,3.52
18542,10976,50,1,44.06,2.18
18543,10977,18,1,17.37,0.88
18544,10978,217,2,36.43,3.56
18545,10979,146,1,98.43,8.31
18546,10979,101,1,8.28,0.62
18547,10980,114,1,164.19,9.31
18548,10981,36,1,55.53,2.24
18549,10982,191,1,39.7,3.21
18550,10982,235,1,75.26,8.62
18551,10983,153,1,179.31,16.46
18552,10983,189,1,150.51,5.09
18553,10984,59,1,105.0,4.03
18554,10985,18,1,17.37,2.06
18555,10986,221,1,80.15,3.74
18556,10986,59,1,105.0,12.09
18557,10986,14,1,94.71,4.45
18558,10987,218,1,62.27,2.09
18559,10988,79,1,47.16,4.21
18560,10988,33,1,30.54,1.94
18561,10989,43,1,137.44,15.87
18562,10990,171,1,100.35,11.86
18563,10991,152,1,343.16,11.64
18564,10992,23,1,629.48,32.78
18565,10993,8,1,6.03,0.39
18566,10993,136,1,763.13,55.99
18567,10994,228,3,95.03,7.7
18568,10995,1,1,826.88,76.99
18569,10995,158,1,19.01,1.15
18570,10996,27,1,852.23,48.62
18571,10996,40,1,97.22,3.94
18572,10997,142,1,230.98,12.66
18573,10998,109,1,151.47,11.66
18574,10999,65,1,165.64,5.65
18575,10999,142,3,230.98,7.3
18576,11000,81,1,44.98,3.53
18577,11001,248,1,40.02,1.31
18578,11002,134,1,140.62,15.99
18579,11002,125,1,111.51,7.75
18580,11002,89,1,179.88,6.54
18581,11003,73,1,85.1,5.57
18582,11004,51,1,71.14,3.94
18583,11004,208,1,113.76,6.34
18584,11004,55,1,167.62,12.68
18585,11004,105,1,262.49,15.59
18586,11005,24,1,89.79,5.5
18587,11006,215,1,237.45,28.14
18588,11007,130,1,76.27,4.77
18589,11007,75,1,553.99,31.22
18590,11008,246,1,30.72,1.24
18591,11008,130,1,76.27,2.93
18592,11009,104,1,82.65,8.72
18593,11010,158,1,19.01,1.42
18594,11010,194,1,41.9,4.75
18595,11010,128,1,13.41,1.2
18596,11011,148,1,101.97,4.2
18597,11011,202,1,130.75,5.74
18598,11011,129,1,858.28,44.35
18599,11011,118,1,13.3,1.2
18600,11012,154,1,53.6,6.23
18601,11012,226,1,134.28,7.39
18602,11013,17,1,29.84,1.57
18603,11013,48,1,93.17,9.12
18604,11014,176,1,199.66,9.8
18605,11015,93,2,25.75,0.87
18606,11015,137,1,112.97,10.78
18607,11016,34,1,127.18,14.87
18608,11017,155,3,18.82,1.95
18609,11018,207,1,51.95,2.9
18610,11019,151,1,116.4,6.06
18611,11020,24,1,89.79,7.81
18612,11020,177,1,81.05,2.75
18613,11020,48,1,93.17,10.22
18614,11021,3,1,51.08,2.22
18615,11021,188,1,15.44,1.08
18616,11021,90,1,11.62,0.74
18617,11022,77,1,170.84,8.42
18618,11022,39,1,136.95,12.51
18619,11023,105,1,262.49,8.47
18620,11024,109,1,151.47,15.35
18621,11024,227,2,49.54,4.84
18622,11025,237,3,10.34,1.24
18623,11026,80,1,37.9,4.24
18624,11026,76,3,52.37,4.68
18625,11027,119,1,69.61,5.84
18626,11028,242,1,135.54,8.59
18627,11029,135,1,212.24,9.21
18628,11030,99,1,14.4,1.43
18629,11031,205,2,172.47,7.91
18630,11032,21,1,285.75,18.03
18631,11033,77,1,170.84,16.97
18632,11033,176,1,199.66,16.67
18633,11034,166,1,30.99,3.45
18634,11035,110,1,759.15,52.04
18635,11035,8,1,6.03,0.28
18636,11035,245,1,178.52,18.08
18637,11036,105,1,262.49,12.67
18638,11036,23,1,629.48,57.04
18639,11037,73,1,85.1,9.06
18640,11037,126,1,25.06,2.71
18641,11038,185,1,647.11,24.79
18642,11039,147,2,81.1,8.75
18643,11040,123,1,10.31,0.44
18644,11041,90,1,11.62,1.08
18645,11042,101,1,8.28,0.27
18646,11042,129,1,858.28,62.65
18647,11042,199,1,5.9,0.61
18648,11043,150,1,43.62,1.65
18649,11044,122,1,69.41,7.01
18650,11045,8,1,6.03,0.6
18651,11045,13,1,31.08,2.76
18652,11045,139,1,488.45,31.0
18653,11046,34,3,127.18,7.31
18654,11046,228,1,95.03,9.36
18655,11047,35,1,76.68,2.84
18656,11048,18,1,17.37,1.98
18657,11048,98,1,25.53,2.23
18658,11049,117,1,45.11,2.28
18659,11050,183,2,101.22,6.95
18660,11050,74,2,35.45,4.16
18661,11051,225,1,59.74,5.18
18662,11051,128,1,13.41,1.45
18663,11052,238,1,115.34,3.47
18664,11052,21,1,285.75,20.93
18665,11053,155,1,18.82,2.19
18666,11054,156,1,99.5,8.45
18667,11055,226,1,134.28,10.8
18668,11055,8,1,6.03,0.23
18669,11055,245,1,178.52,8.07
18670,11055,86,1,124.98,10.15
18671,11056,86,1,124.98,14.66
18672,11056,3,1,51.08,2.12
18673,11057,18,1,17.37,0.85
18674,11058,36,1,55.53,1.74
18675,11059,28,2,164.02,7.73
18676,11060,165,1,6.2,0.66
18677,11060,224,1,6.63,0.64
18678,11061,28,1,164.02,15.21
18679,11062,233,1,339.7,35.78
18680,11063,105,1,262.49,22.06
18681,11064,246,1,30.72,2.75
18682,11064,77,1,170.84,10.93
18683,11065,139,1,488.45,18.75
18684,11065,116,2,53.02,5.16
18685,11066,202,1,130.75,11.04
18686,11067,247,1,31.51,2.28
18687,11067,94,1,33.91,1.48
18688,11068,167,1,139.5,4.23
18689,11068,83,1,9.7,0.69
18690,11068,120,1,44.88,2.15
18691,11069,15,1,114.86,8.66
18692,11069,117,1,45.11,4.85
18693,11069,194,1,41.9,2.41
18694,11069,14,1,94.71,10.81
18695,11070,72,1,112.92,10.44
18696,11070,74,1,35.45,1.92
18697,11071,249,1,52.62,2.59
18698,11071,212,1,619.34,47.44
18699,11072,124,1,434.69,42.87
18700,11072,149,1,71.93,6.19
18701,11072,48,1,93.17,2.86
18702,11072,133,1,37.44,4.07
18703,11073,173,1,57.93,2.98
18704,11074,192,1,82.67,2.64
18705,11074,22,1,412.18,48.33
18706,11075,97,2,244.48,21.22
18707,11076,132,1,74.95,3.1
18708,11076,250,1,583.02,56.68
18709,11077,86,2,124.98,12.26
18710,11077,29,1,617.47,18.84
18711,11078,2,1,120.72,12.4
18712,11079,140,1,11.94,1.37
18713,11080,75,1,553.99,50.18
18714,11081,5,1,88.33,9.2
18715,11082,24,1,89.79,7.57
18716,11083,200,1,16.92,1.62
18717,11083,67,1,53.0,5.36
18718,11084,125,1,111.51,12.53
18719,11084,150,1,43.62,2.81
18720,11084,180,1,209.32,20.29
18721,11085,113,1,29.13,3.2
18722,11085,250,1,583.02,42.76
18723,11085,105,1,262.49,24.27
18724,11085,196,1,47.98,4.22
18725,11086,173,2,57.93,2.76
18726,11086,105,1,262.49,27.23
18727,11087,188,1,15.44,1.27
18728,11087,143,1,180.32,9.84
18729,11087,3,1,51.08,2.95
18730,11087,2,1,120.72,13.21
18731,11088,250,1,583.02,66.5
18732,11088,193,1,286.41,28.69
18733,11088,215,1,237.45,27.33
18734,11089,217,1,36.43,1.12
18735,11090,37,1,136.42,12.87
18736,11090,109,1,151.47,11.01
18737,11090,142,1,230.98,22.43
18738,11091,203,1,67.83,2.22
18739,11091,77,2,170.84,12.58
18740,11092,120,1,44.88,4.74
18741,11093,143,1,180.32,9.65
18742,11094,213,1,31.81,2.23
18743,11095,151,1,116.4,9.33
18744,11096,191,2,39.7,4.13
18745,11097,209,2,115.41,5.63
18746,11098,25,1,28.3,1.94
18747,11099,170,2,527.03,22.04
18748,11099,104,1,82.65,8.61
18749,11099,215,1,237.45,26.54
18750,11100,135,1,212.24,12.14
18751,11101,30,1,58.74,6.8
18752,11101,120,1,44.88,1.92
18753,11102,134,1,140.62,14.14
18754,11103,46,1,645.92,61.7
18755,11104,241,1,40.34,2.51
18756,11104,188,1,15.44,0.64
18757,11105,27,2,852.23,27.72
18758,11106,171,1,100.35,11.43
18759,11106,33,1,30.54,3.34
18760,11107,217,1,36.43,3.4
18761,11108,180,1,209.32,14.42
18762,11108,102,1,683.61,52.32
18763,11109,77,1,170.84,18.42
18764,11110,246,1,30.72,2.98
18765,11110,22,1,412.18,25.18
18766,11111,11,1,685.7,61.51
18767,11111,56,1,38.8,4.63
18768,11111,12,1,94.84,8.83
18769,11111,187,1,95.65,3.86
18770,11112,146,1,98.43,5.84
18771,11112,13,1,31.08,2.86
18772,11113,215,1,237.45,19.17
18773,11114,210,1,56.9,6.27
18774,11115,55,1,167.62,19.42
18775,11116,250,1,583.02,49.74
18776,11117,212,1,619.34,58.38
18777,11118,224,3,6.63,0.37
18778,11118,150,1,43.62,4.49
18779,11119,134,1,140.62,5.6
18780,11119,235,1,75.26,5.58
18781,11119,56,1,38.8,2.51
18782,11120,86,1,124.98,6.39
18783,11120,189,2,150.51,6.26
18784,11121,110,1,759.15,73.86
18785,11121,134,1,140.62,7.1
18786,11122,183,1,101.22,7.52
18787,11123,147,1,81.1,3.41
18788,11124,120,1,44.88,2.13
18789,11124,155,1,18.82,0.64
18790,11125,17,2,29.84,1.0
18791,11125,89,1,179.88,8.49
18792,11125,142,1,230.98,7.94
18793,11126,136,1,763.13,72.5
18794,11126,40,1,97.22,8.49
18795,11127,121,1,272.89,12.62
18796,11128,57,1,185.85,15.81
18797,11128,120,1,44.88,2.84
18798,11129,68,2,38.67,2.85
18799,11130,120,1,44.88,1.63
18800,11131,151,3,116.4,9.18
18801,11131,7,1,136.48,9.4
18802,11131,124,1,434.69,30.64
18803,11132,9,3,82.19,9.62
18804,11132,231,1,80.77,3.44
18805,11132,219,1,66.09,5.62
18806,11133,104,1,82.65,8.95
18807,11134,103,1,1102.59,39.31
18808,11134,44,1,39.31,2.41
18809,11135,116,1,53.02,5.95
18810,11136,171,1,100.35,4.49
18811,11136,81,1,44.98,3.98
18812,11137,23,1,629.48,32.23
18813,11138,25,1,28.3,0.86
18814,11139,165,1,6.2,0.41
18815,11139,57,1,185.85,15.57
18816,11139,129,1,858.28,87.98
18817,11140,135,1,212.24,10.32
18818,11140,151,1,116.4,12.53
18819,11141,23,1,629.48,69.16
18820,11142,198,1,52.95,2.61
18821,11142,216,3,194.01,6.64
18822,11143,207,1,51.95,2.52
18823,11143,26,1,16.21,1.91
18824,11144,86,1,124.98,9.35
18825,11144,113,1,29.13,2.04
18826,11144,104,2,82.65,5.97
18827,11145,199,1,5.9,0.62
18828,11146,57,1,185.85,16.33
18829,11146,130,1,76.27,5.28
18830,11146,180,3,209.32,14.74
18831,11146,40,1,97.22,8.22
18832,11147,72,1,112.92,3.61
18833,11148,182,1,19.48,0.7
18834,11148,29,1,617.47,50.72
18835,11148,100,1,136.87,11.17
18836,11149,134,3,140.62,11.98
18837,11149,158,1,19.01,1.61
18838,11150,36,1,55.53,4.75
18839,11150,26,1,16.21,0.76
18840,11151,3,1,51.08,3.45
18841,11152,105,1,262.49,18.4
18842,11153,125,1,111.51,10.56
18843,11153,237,1,10.34,1.24
18844,11154,146,1,98.43,11.39
18845,11155,98,1,25.53,0.82
18846,11155,179,1,246.47,16.61
18847,11156,88,2,2.59,0.24
18848,11156,27,2,852.23,54.77
18849,11157,105,1,262.49,10.79
18850,11157,59,1,105.0,11.93
18851,11158,191,1,39.7,2.23
18852,11159,216,1,194.01,10.51
18853,11159,19,3,11.93,0.59
18854,11160,65,1,165.64,9.1
18855,11161,34,1,127.18,7.27
18856,11162,66,1,27.73,3.02
18857,11162,187,1,95.65,8.34
18858,11163,199,1,5.9,0.24
18859,11163,70,1,41.53,2.79
18860,11163,196,1,47.98,2.74
18861,11163,120,3,44.88,4.38
18862,11164,98,1,25.53,1.77
18863,11164,46,1,645.92,59.73
18864,11165,78,1,180.73,16.31
18865,11166,16,1,90.17,6.27
18866,11167,203,1,67.83,5.8
18867,11168,123,3,10.31,1.16
18868,11168,120,1,44.88,3.71
18869,11168,180,1,209.32,19.47
18870,11168,239,2,762.58,27.47
18871,11169,228,1,95.03,8.06
18872,11170,219,1,66.09,5.9
18873,11171,10,2,26.93,2.19
18874,11172,192,1,82.67,9.31
18875,11172,45,1,30.04,2.94
18876,11172,203,1,67.83,4.61
18877,11173,183,1,101.22,5.86
18878,11173,45,1,30.04,2.41
18879,11174,70,1,41.53,2.52
18880,11175,12,1,94.84,3.99
18881,11175,124,1,434.69,29.17
18882,11175,29,1,617.47,50.87
18883,11176,40,1,97.22,9.85
18884,11176,3,1,51.08,5.51
18885,11177,45,1,30.04,3.35
18886,11177,201,1,68.19,6.87
18887,11178,121,1,272.89,28.15
18888,11178,3,1,51.08,5.77
18889,11179,157,1,234.71,19.42
18890,11180,240,1,694.84,47.25
18891,11181,158,1,19.01,0.61
18892,11182,150,1,43.62,4.87
18893,11183,40,1,97.22,8.5
18894,11184,205,1,172.47,14.65
18895,11184,48,1,93.17,6.54
18896,11185,186,1,66.12,7.76
18897,11185,23,1,629.48,53.45
18898,11186,243,1,83.89,9.58
18899,11186,167,1,139.5,10.5
18900,11187,44,1,39.31,3.42
18901,11188,241,1,40.34,3.5
18902,11188,127,1,82.05,8.13
18903,11188,185,1,647.11,31.67
18904,11188,108,1,3.52,0.35
18905,11189,84,1,54.94,3.74
18906,11189,159,3,124.76,8.98
18907,11190,187,1,95.65,5.78
18908,11190,28,1,164.02,18.13
18909,11191,19,1,11.93,1.38
18910,11191,222,1,22.72,1.02
18911,11192,151,1,116.4,6.75
18912,11192,39,1,136.95,6.39
18913,11192,71,1,179.59,9.02
18914,11192,159,2,124.76,4.63
18915,11193,90,1,11.62,1.07
18916,11194,20,1,71.62,6.87
18917,11194,16,1,90.17,8.28
18918,11195,250,1,583.02,69.55
18919,11195,159,1,124.76,4.62
18920,11196,36,1,55.53,3.56
18921,11197,28,1,164.02,17.79
18922,11198,131,1,203.22,11.16
18923,11199,86,1,124.98,11.22
18924,11199,45,1,30.04,2.43
18925,11200,177,1,81.05,4.4
18926,11201,169,1,69.98,7.76
18927,11202,134,1,140.62,14.76
18928,11203,25,1,28.3,2.34
18929,11204,196,1,47.98,5.23
18930,11204,127,1,82.05,2.91
18931,11204,209,1,115.41,11.54
18932,11205,72,1,112.92,11.02
18933,11206,245,3,178.52,7.2
18934,11207,93,1,25.75,2.57
18935,11207,121,1,272.89,21.47
18936,11207,94,1,33.91,1.12
18937,11208,153,1,179.31,7.07
18938,11208,68,1,38.67,3.16
18939,11209,150,1,43.62,1.9
18940,11210,36,1,55.53,3.82
18941,11211,121,1,272.89,24.49
18942,11211,43,1,137.44,9.39
18943,11211,53,1,270.94,29.68
18944,11212,71,1,179.59,12.43
18945,11213,90,1,11.62,0.82
18946,11214,15,1,114.86,10.43
18947,11215,234,1,17.93,1.63
18948,11216,150,1,43.62,3.43
18949,11216,116,1,53.02,4.41
18950,11216,77,1,170.84,6.83
18951,11217,27,1,852.23,64.46
18952,11217,232,1,155.86,12.76
18953,11218,237,1,10.34,1.13
18954,11218,195,1,45.11,4.1
18955,11218,13,1,31.08,1.7
18956,11219,108,1,3.52,0.36
18957,11220,107,1,87.92,3.44
18958,11221,194,1,41.9,3.28
18959,11222,160,1,19.67,2.09
18960,11223,200,1,16.92,1.35
18961,11224,104,3,82.65,7.45
18962,11225,75,1,553.99,33.37
18963,11225,11,1,685.7,79.35
18964,11225,207,1,51.95,3.81
18965,11226,214,1,211.86,18.81
18966,11227,158,1,19.01,1.36
18967,11228,234,1,17.93,2.05
18968,11228,213,1,31.81,2.83
18969,11229,52,1,30.53,1.32
18970,11229,243,1,83.89,6.18
18971,11230,14,1,94.71,10.87
18972,11231,157,1,234.71,10.35
18973,11231,215,2,237.45,9.63
18974,11232,24,3,89.79,7.53
18975,11232,148,1,101.97,8.6
18976,11232,20,1,71.62,3.27
18977,11233,217,1,36.43,3.76
18978,11233,155,1,18.82,1.45
18979,11233,124,1,434.69,50.36
18980,11234,210,1,56.9,2.13
18981,11234,60,1,85.87,2.58
18982,11235,109,1,151.47,10.74
18983,11235,86,1,124.98,13.51
18984,11235,130,1,76.27,2.88
18985,11236,167,1,139.5,15.95
18986,11237,33,1,30.54,2.32
18987,11237,139,1,488.45,41.37
18988,11238,206,1,760.6,58.53
18989,11239,97,1,244.48,13.4
18990,11240,56,1,38.8,3.33
18991,11240,246,1,30.72,1.98
18992,11240,185,1,647.11,67.59
18993,11241,228,1,95.03,4.48
18994,11242,218,1,62.27,6.24
18995,11242,148,1,101.97,9.32
18996,11242,102,1,683.61,72.12
18997,11243,67,1,53.0,3.17
18998,11243,98,2,25.53,2.36
18999,11244,230,1,231.23,25.21
19000,11244,228,1,95.03,7.48
19001,11244,71,1,179.59,8.85
19002,11244,53,1,270.94,18.53
19003,11245,235,1,75.26,7.93
19004,11245,169,1,69.98,4.01
19005,11246,88,2,2.59,0.18
19006,11247,139,1,488.45,55.7
19007,11248,126,1,25.06,2.34
19008,11248,72,3,112.92,6.54
19009,11249,104,2,82.65,9.43
19010,11249,3,1,51.08,2.79
19011,11250,102,1,683.61,42.02
19012,11250,47,1,18.06,1.55
19013,11251,43,1,137.44,14.26
19014,11252,146,1,98.43,3.04
19015,11252,79,2,47.16,4.25
19016,11253,32,1,17.9,1.2
19017,11254,38,1,147.17,15.83
19018,11255,163,3,20.16,2.06
19019,11256,158,1,19.01,0.89
19020,11257,172,1,356.67,11.64
19021,11258,44,1,39.31,3.78
19022,11259,122,1,69.41,7.59
19023,11260,243,1,83.89,5.84
19024,11260,38,1,147.17,17.27
19025,11260,3,1,51.08,6.1
19026,11260,28,1,164.02,19.43
19027,11261,161,1,84.35,4.8
19028,11261,111,1,97.83,5.65
19029,11262,122,1,69.41,7.56
19030,11262,87,1,391.01,22.38
19031,11262,72,1,112.92,4.62
19032,11263,71,1,179.59,20.05
19033,11264,90,1,11.62,0.56
19034,11265,88,1,2.59,0.08
19035,11265,84,1,54.94,5.19
19036,11265,209,1,115.41,12.67
19037,11266,246,1,30.72,3.14
19038,11266,90,1,11.62,1.28
19039,11266,37,1,136.42,11.74
19040,11267,137,2,112.97,12.16
19041,11268,120,1,44.88,3.6
19042,11268,26,1,16.21,1.15
19043,11269,219,1,66.09,7.67
19044,11269,67,1,53.0,2.89
19045,11270,209,1,115.41,12.95
19046,11270,186,1,66.12,6.12
19047,11270,199,1,5.9,0.42
19048,11271,136,1,763.13,27.93
19049,11272,62,1,19.26,1.94
19050,11273,23,1,629.48,47.95
19051,11274,45,2,30.04,1.38
19052,11275,121,1,272.89,24.43
19053,11276,63,2,555.18,59.21
19054,11276,205,1,172.47,12.3
19055,11277,107,1,87.92,4.92
19056,11277,44,2,39.31,3.34
19057,11278,57,1,185.85,10.92
19058,11279,151,1,116.4,4.75
19059,11280,212,2,619.34,39.4
19060,11281,57,1,185.85,12.6
19061,11282,154,1,53.6,5.04
19062,11283,23,1,629.48,73.89
19063,11284,87,1,391.01,12.91
19064,11285,22,2,412.18,40.49
19065,11285,64,1,191.61,7.62
19066,11285,80,2,37.9,2.77
19067,11285,205,3,172.47,14.82
19068,11286,7,1,136.48,15.38
19069,11287,70,1,41.53,2.44
19070,11287,206,1,760.6,70.66
19071,11288,127,1,82.05,5.11
19072,11288,176,1,199.66,22.3
19073,11289,89,1,179.88,15.66
19074,11290,23,1,629.48,67.11
19075,11291,197,1,235.87,8.28
19076,11292,100,1,136.87,14.45
19077,11292,235,1,75.26,3.57
19078,11292,23,1,629.48,28.62
19079,11292,227,1,49.54,3.74
19080,11293,98,1,25.53,2.92
19081,11294,193,1,286.41,9.27
19082,11294,198,1,52.95,2.68
19083,11295,98,1,25.53,1.7
19084,11295,200,1,16.92,1.87
19085,11296,230,1,231.23,26.83
19086,11296,181,1,14.39,0.99
19087,11297,33,1,30.54,1.96
19088,11298,156,1,99.5,3.56
19089,11298,202,1,130.75,13.28
19090,11299,170,1,527.03,39.19
19091,11299,71,1,179.59,6.27
19092,11299,176,1,199.66,9.86
19093,11300,100,1,136.87,5.01
19094,11301,13,1,31.08,1.28
19095,11301,208,1,113.76,9.77
19096,11301,98,1,25.53,1.79
19097,11302,204,1,103.62,10.15
19098,11303,227,1,49.54,2.39
19099,11303,115,1,27.12,1.43
19100,11303,197,1,235.87,19.12
19101,11303,20,1,71.62,3.11
19102,11304,151,1,116.4,8.94
19103,11305,111,1,97.83,3.02
19104,11305,234,1,17.93,1.02
19105,11306,101,1,8.28,0.26
19106,11307,139,2,488.45,53.18
19107,11307,111,1,97.83,7.07
19108,11307,27,1,852.23,33.73
19109,11308,49,1,38.8,2.85
19110,11309,235,1,75.26,6.65
19111,11310,55,1,167.62,17.07
19112,11310,105,1,262.49,30.85
19113,11311,72,3,112.92,5.76
19114,11312,59,1,105.0,8.73
19115,11312,89,1,179.88,19.76
19116,11313,6,1,251.86,17.09
19117,11313,53,1,270.94,28.11
19118,11313,209,1,115.41,5.11
19119,11314,246,1,30.72,3.15
19120,11315,222,1,22.72,2.18
19121,11315,119,1,69.61,6.62
19122,11315,22,1,412.18,31.93
19123,11316,157,1,234.71,20.95
19124,11316,117,1,45.11,2.78
19125,11316,237,2,10.34,0.87
19126,11316,9,1,82.19,8.36
19127,11317,161,1,84.35,7.29
19128,11317,212,1,619.34,44.62
19129,11317,139,1,488.45,55.88
19130,11318,117,1,45.11,5.39
19131,11318,72,1,112.92,5.03
19132,11319,105,1,262.49,12.88
19133,11319,132,2,74.95,2.84
19134,11319,218,1,62.27,7.05
19135,11319,217,1,36.43,3.78
19136,11320,113,1,29.13,2.48
19137,11320,61,3,30.27,1.64
19138,11321,232,1,155.86,5.69
19139,11322,95,1,25.87,1.91
19140,11322,207,1,51.95,3.6
19141,11322,154,1,53.6,3.93
19142,11323,174,1,8.1,0.56
19143,11324,73,1,85.1,4.31
19144,11325,212,1,619.34,69.39
19145,11325,17,1,29.84,1.01
19146,11326,134,1,140.62,12.01
19147,11326,21,1,285.75,17.15
19148,11327,131,1,203.22,17.09
19149,11328,209,1,115.41,7.64
19150,11328,90,1,11.62,0.42
19151,11329,75,1,553.99,34.79
19152,11329,173,1,57.93,1.74
19153,11330,39,1,136.95,14.43
19154,11331,205,1,172.47,20.38
19155,11332,124,1,434.69,45.87
19156,11333,134,1,140.62,16.3
19157,11334,102,1,683.61,54.97
19158,11334,138,1,45.06,4.99
19159,11335,68,1,38.67,2.47
19160,11336,248,1,40.02,3.34
19161,11337,234,1,17.93,1.91
19162,11338,98,1,25.53,1.85
19163,11339,85,1,106.96,6.15
19164,11339,154,1,53.6,5.18
19165,11339,146,1,98.43,6.61
19166,11339,55,1,167.62,19.24
19167,11340,72,1,112.92,9.59
19168,11341,59,1,105.0,8.22
19169,11341,125,1,111.51,10.39
19170,11342,98,1,25.53,2.99
19171,11343,18,1,17.37,1.04
19172,11343,7,1,136.48,16.03
19173,11343,163,1,20.16,1.07
19174,11344,55,1,167.62,6.47
19175,11344,27,1,852.23,68.13
19176,11344,21,1,285.75,11.66
19177,11345,189,1,150.51,16.58
19178,11346,66,1,27.73,1.74
19179,11346,22,1,412.18,39.98
19180,11347,7,1,136.48,4.71
19181,11347,6,1,251.86,11.57
19182,11348,234,1,17.93,1.22
19183,11348,86,1,124.98,13.61
19184,11348,50,3,44.06,3.78
19185,11349,159,1,124.76,7.14
19186,11350,120,1,44.88,4.53
19187,11351,139,1,488.45,44.43
19188,11352,223,1,155.25,18.1
19189,11353,161,1,84.35,5.62
19190,11353,110,1,759.15,33.16
19191,11354,150,1,43.62,2.18
19192,11354,122,1,69.41,6.33
19193,11354,7,1,136.48,10.71
19194,11355,217,1,36.43,1.65
19195,11356,88,1,2.59,0.19
19196,11356,53,1,270.94,24.67
19197,11357,227,1,49.54,3.21
19198,11357,66,1,27.73,1.57
19199,11357,246,1,30.72,1.1
19200,11358,187,1,95.65,7.52
19201,11359,98,1,25.53,2.45
19202,11359,119,1,69.61,6.85
19203,11359,16,1,90.17,8.5
19204,11359,118,1,13.3,0.78
19205,11360,57,1,185.85,13.63
19206,11360,189,1,150.51,8.33
19207,11361,198,1,52.95,2.63
19208,11361,213,1,31.81,1.19
19209,11362,41,2,63.66,3.83
19210,11363,122,1,69.41,3.42
19211,11363,27,1,852.23,35.9
19212,11364,36,1,55.53,3.74
19213,11365,122,1,69.41,7.66
19214,11366,77,1,170.84,16.01
19215,11367,43,1,137.44,4.99
19216,11367,119,1,69.61,2.57
19217,11368,151,1,116.4,7.25
19218,11368,139,1,488.45,21.45
19219,11368,98,1,25.53,1.63
19220,11369,65,1,165.64,15.71
19221,11370,72,1,112.92,12.41
19222,11370,97,1,244.48,21.54
19223,11370,102,1,683.61,24.48
19224,11370,89,1,179.88,6.23
19225,11371,26,1,16.21,1.27
19226,11372,43,1,137.44,15.77
19227,11372,99,1,14.4,0.46
19228,11373,116,1,53.02,4.85
19229,11374,215,1,237.45,7.72
19230,11375,187,1,95.65,10.03
19231,11376,146,3,98.43,10.63
19232,11376,23,1,629.48,46.43
19233,11377,74,1,35.45,1.47
19234,11377,14,1,94.71,4.62
19235,11377,29,1,617.47,35.36
19236,11377,55,1,167.62,13.46
19237,11378,12,1,94.84,7.15
19238,11379,43,1,137.44,15.51
19239,11380,213,1,31.81,2.23
19240,11381,101,1,8.28,0.9
19241,11382,210,1,56.9,3.81
19242,11382,235,1,75.26,5.81
19243,11383,166,1,30.99,2.72
19244,11384,72,1,112.92,4.33
19245,11385,19,1,11.93,0.55
19246,11386,153,1,179.31,18.02
19247,11386,24,1,89.79,8.74
19248,11387,15,1,114.86,7.4
19249,11387,217,1,36.43,2.16
19250,11388,89,1,179.88,9.57
19251,11389,56,1,38.8,3.95
19252,11390,35,1,76.68,8.69
19253,11391,65,2,165.64,15.65
19254,11392,238,1,115.34,13.07
19255,11393,149,2,71.93,3.05
19256,11394,47,1,18.06,1.22
19257,11394,183,2,101.22,11.18
19258,11395,235,1,75.26,7.25
19259,11396,12,1,94.84,8.13
19260,11397,38,1,147.17,6.01
19261,11398,28,3,164.02,13.73
19262,11398,214,1,211.86,21.09
19263,11399,60,1,85.87,8.92
19264,11399,158,1,19.01,1.24
19265,11400,49,1,38.8,3.59
19266,11401,127,1,82.05,3.18
19267,11401,3,1,51.08,5.45
19268,11402,6,1,251.86,12.7
19269,11402,48,1,93.17,9.91
19270,11402,62,1,19.26,0.86
19271,11403,142,1,230.98,20.74
19272,11403,158,1,19.01,1.85
19273,11404,23,1,629.48,19.18
19274,11405,117,1,45.11,3.42
19275,11405,225,1,59.74,7.08
19276,11405,135,1,212.24,18.26
19277,11406,72,1,112.92,4.97
19278,11407,44,1,39.31,2.71
19279,11408,176,1,199.66,19.82
19280,11408,109,1,151.47,11.73
19281,11409,20,3,71.62,2.38
19282,11410,28,1,164.02,6.29
19283,11410,101,1,8.28,0.85
19284,11410,103,3,1102.59,40.69
19285,11410,249,1,52.62,1.82
19286,11411,204,1,103.62,12.1
19287,11411,220,1,669.86,22.55
19288,11412,115,1,27.12,3.17
19289,11413,21,1,285.75,14.86
19290,11414,235,1,75.26,5.17
19291,11415,213,1,31.81,2.57
19292,11415,234,1,17.93,1.92
19293,11415,89,1,179.88,16.55
19294,11416,196,1,47.98,5.48
19295,11417,171,1,100.35,3.73
19296,11418,142,1,230.98,14.33
19297,11419,6,1,251.86,15.57
19298,11420,109,1,151.47,7.64
19299,11421,107,1,87.92,3.12
19300,11422,157,1,234.71,9.15
19301,11423,243,1,83.89,5.96
19302,11423,30,1,58.74,3.55
19303,11424,128,3,13.41,0.7
19304,11425,77,1,170.84,18.83
19305,11426,125,1,111.51,8.1
19306,11426,102,1,683.61,27.78
19307,11426,43,1,137.44,8.48
19308,11426,250,1,583.02,27.57
19309,11427,61,1,30.27,2.23
19310,11427,220,1,669.86,37.64
19311,11428,204,1,103.62,6.3
19312,11428,242,1,135.54,5.31
19313,11429,211,1,22.6,1.0
19314,11430,151,1,116.4,7.89
19315,11431,43,1,137.44,6.48
19316,11432,235,2,75.26,3.83
19317,11433,98,1,25.53,2.0
19318,11434,91,1,56.23,3.37
19319,11435,153,1,179.31,16.22
19320,11435,124,3,434.69,31.52
19321,11435,212,1,619.34,38.41
19322,11435,40,1,97.22,9.55
19323,11436,138,1,45.06,3.34
19324,11437,98,2,25.53,3.05
19325,11438,210,1,56.9,5.68
19326,11439,3,1,51.08,2.24
19327,11440,107,3,87.92,3.68
19328,11440,245,1,178.52,8.44
19329,11441,138,1,45.06,1.58
19330,11441,19,2,11.93,0.51
19331,11442,62,1,19.26,1.33
19332,11442,118,1,13.3,0.62
19333,11443,228,1,95.03,7.12
19334,11444,53,1,270.94,19.6
19335,11444,101,1,8.28,0.45
19336,11445,86,1,124.98,5.59
19337,11445,62,1,19.26,2.01
19338,11445,250,1,583.02,55.06
19339,11445,75,1,553.99,41.96
19340,11446,201,1,68.19,7.49
19341,11446,173,1,57.93,3.42
19342,11447,41,1,63.66,2.62
19343,11448,33,1,30.54,3.27
19344,11449,100,1,136.87,11.31
19345,11450,79,2,47.16,3.32
19346,11451,124,1,434.69,16.02
19347,11452,237,1,10.34,0.91
19348,11452,244,1,84.79,9.31
19349,11453,64,1,191.61,19.47
19350,11453,189,1,150.51,5.36
19351,11454,109,1,151.47,5.77
19352,11454,36,1,55.53,6.44
19353,11454,176,1,199.66,8.9
19354,11454,99,1,14.4,0.64
19355,11455,102,1,683.61,80.09
19356,11455,23,1,629.48,31.44
19357,11456,150,2,43.62,4.36
19358,11456,162,1,6.54,0.57
19359,11456,125,1,111.51,6.95
19360,11457,89,1,179.88,19.94
19361,11457,14,1,94.71,5.44
19362,11457,147,1,81.1,5.53
19363,11458,226,1,134.28,6.24
19364,11459,43,1,137.44,13.13
19365,11460,119,1,69.61,6.1
19366,11461,168,1,9.01,0.71
19367,11461,192,1,82.67,4.28
19368,11461,210,1,56.9,3.47
19369,11461,198,1,52.95,2.95
19370,11462,43,1,137.44,8.94
19371,11462,218,1,62.27,3.68
19372,11462,215,2,237.45,12.01
19373,11463,77,1,170.84,13.45
19374,11464,51,1,71.14,6.83
19375,11465,3,1,51.08,2.54
19376,11466,97,1,244.48,23.73
19377,11467,189,1,150.51,12.75
19378,11467,47,1,18.06,1.8
19379,11467,77,1,170.84,6.74
19380,11467,86,1,124.98,12.22
19381,11468,250,2,583.02,63.49
19382,11469,8,1,6.03,0.58
19383,11469,230,1,231.23,26.07
19384,11469,215,1,237.45,26.34
19385,11470,102,2,683.61,75.44
19386,11470,208,1,113.76,12.69
19387,11470,142,2,230.98,23.23
19388,11471,156,3,99.5,6.18
19389,11471,77,1,170.84,6.53
19390,11472,153,1,179.31,6.99
19391,11473,42,1,145.78,13.06
19392,11474,3,1,51.08,2.54
19393,11474,242,1,135.54,5.22
19394,11474,134,1,140.62,9.75
19395,11475,19,1,11.93,0.46
19396,11476,198,1,52.95,4.19
19397,11476,171,1,100.35,8.98
19398,11477,109,1,151.47,8.03
19399,11478,244,1,84.79,9.25
19400,11479,202,1,130.75,8.75
19401,11479,180,1,209.32,16.06
19402,11479,22,1,412.18,36.69
19403,11479,245,1,178.52,10.41
19404,11480,43,1,137.44,5.93
19405,11481,59,2,105.0,12.37
19406,11482,133,1,37.44,2.3
19407,11482,65,1,165.64,13.43
19408,11482,66,1,27.73,1.61
19409,11483,40,1,97.22,3.05
19410,11484,161,1,84.35,2.92
19411,11485,43,1,137.44,11.56
19412,11486,26,1,16.21,1.48
19413,11487,148,1,101.97,6.87
19414,11488,39,1,136.95,4.6
19415,11488,61,1,30.27,2.58
19416,11488,162,1,6.54,0.43
19417,11489,179,1,246.47,24.9
19418,11489,210,2,56.9,4.2
19419,11489,225,1,59.74,2.17
19420,11489,126,1,25.06,2.49
19421,11490,215,1,237.45,17.29
19422,11491,181,1,14.39,0.6
19423,11492,9,2,82.19,4.84
19424,11493,107,1,87.92,6.71
19425,11494,179,1,246.47,28.02
19426,11495,34,1,127.18,15.24
19427,11496,65,1,165.64,11.0
19428,11496,61,1,30.27,2.15
19429,11496,78,1,180.73,5.62
19430,11496,130,1,76.27,3.58
19431,11497,75,1,553.99,38.67
19432,11497,73,1,85.1,8.81
19433,11498,44,1,39.31,4.12
19434,11498,86,1,124.98,6.03
19435,11498,83,1,9.7,0.68
19436,11499,13,2,31.08,2.55
19437,11500,227,1,49.54,1.88
19438,11501,130,1,76.27,3.29
19439,11501,57,1,185.85,8.49
19440,11502,10,3,26.93,1.93
19441,11503,84,1,54.94,3.16
19442,11504,113,1,29.13,1.84
19443,11504,176,1,199.66,10.15
19444,11504,108,1,3.52,0.2
19445,11504,95,1,25.87,0.95
19446,11505,45,1,30.04,3.42
19447,11505,220,1,669.86,37.78
19448,11505,235,1,75.26,6.12
19449,11505,101,1,8.28,0.67
19450,11506,83,1,9.7,0.74
19451,11506,240,1,694.84,66.02
19452,11506,227,1,49.54,3.9
19453,11507,134,1,140.62,13.69
19454,11508,98,1,25.53,0.81
19455,11509,43,1,137.44,10.64
19456,11509,196,1,47.98,5.19
19457,11509,34,3,127.18,9.26
19458,11510,76,1,52.37,5.41
19459,11510,35,1,76.68,8.06
19460,11511,227,1,49.54,4.89
19461,11512,173,1,57.93,1.88
19462,11513,35,1,76.68,6.06
19463,11514,48,2,93.17,6.78
19464,11515,23,2,629.48,28.77
19465,11516,23,1,629.48,72.92
19466,11516,174,1,8.1,0.94
19467,11517,122,1,69.41,7.55
19468,11517,220,1,669.86,50.29
19469,11518,216,3,194.01,9.26
19470,11518,217,1,36.43,3.94
19471,11518,141,1,483.07,19.95
19472,11519,85,1,106.96,12.62
19473,11519,3,1,51.08,2.56
19474,11519,41,1,63.66,5.51
19475,11520,206,1,760.6,58.46
19476,11521,15,1,114.86,10.15
19477,11522,161,1,84.35,5.82
19478,11523,164,1,31.65,2.98
19479,11523,111,1,97.83,7.03
19480,11523,133,1,37.44,4.33
19481,11524,98,3,25.53,2.32
19482,11525,53,1,270.94,16.55
19483,11525,196,1,47.98,5.09
19484,11525,69,1,33.1,1.69
19485,11526,40,1,97.22,4.35
19486,11527,227,2,49.54,2.61
19487,11527,3,1,51.08,5.21
19488,11527,116,1,53.02,4.21
19489,11528,137,1,112.97,6.4
19490,11529,212,1,619.34,57.04
19491,11530,50,1,44.06,2.34
19492,11530,237,2,10.34,0.42
19493,11530,51,2,71.14,4.85
19494,11531,41,1,63.66,5.08
19495,11531,219,1,66.09,2.76
19496,11531,56,1,38.8,4.28
19497,11531,105,1,262.49,9.41
19498,11532,1,1,826.88,71.31
19499,11533,104,1,82.65,9.43
19500,11533,17,1,29.84,3.05
19501,11533,126,1,25.06,1.69
19502,11534,72,1,112.92,11.94
19503,11535,72,1,112.92,5.21
19504,11536,203,1,67.83,7.66
19505,11537,20,1,71.62,6.91
19506,11537,172,1,356.67,29.47
19507,11538,71,1,179.59,21.12
19508,11538,139,1,488.45,23.25
19509,11539,48,1,93.17,10.66
19510,11540,8,1,6.03,0.51
19511,11540,26,2,16.21,0.73
19512,11541,243,1,83.89,9.05
19513,11542,23,1,629.48,51.82
19514,11543,195,3,45.11,4.59
19515,11543,104,1,82.65,2.5
19516,11544,62,1,19.26,2.06
19517,11545,102,1,683.61,45.7
19518,11545,183,3,101.22,5.41
19519,11546,140,1,11.94,1.2
19520,11546,135,1,212.24,14.06
19521,11547,104,2,82.65,7.02
19522,11547,144,1,50.76,3.97
19523,11547,155,1,18.82,1.68
19524,11548,202,1,130.75,13.12
19525,11548,90,2,11.62,0.47
19526,11549,91,1,56.23,4.42
19527,11550,234,2,17.93,0.93
19528,11551,137,1,112.97,12.12
19529,11552,167,1,139.5,16.66
19530,11553,226,1,134.28,9.58
19531,11554,3,1,51.08,5.87
19532,11555,120,1,44.88,2.34
19533,11556,86,1,124.98,11.19
19534,11557,55,1,167.62,12.23
19535,11558,80,1,37.9,4.29
19536,11558,113,1,29.13,1.34
19537,11559,196,1,47.98,3.23
19538,11559,86,3,124.98,11.08
19539,11560,66,1,27.73,1.89
19540,11561,227,1,49.54,2.46
19541,11562,23,1,629.48,34.96
19542,11562,218,1,62.27,2.33
19543,11563,46,1,645.92,68.92
19544,11563,104,1,82.65,8.99
19545,11563,97,1,244.48,28.92
19546,11563,224,1,6.63,0.64
19547,11564,110,1,759.15,87.68
19548,11564,98,1,25.53,1.19
19549,11564,189,1,150.51,4.85
19550,11564,99,1,14.4,1.17
19551,11565,85,1,106.96,5.65
19552,11566,74,1,35.45,3.66
19553,11566,28,3,164.02,9.83
19554,11566,53,1,270.94,27.22
19555,11566,235,1,75.26,2.27
19556,11567,151,1,116.4,11.98
19557,11568,105,1,262.49,11.88
19558,11569,217,1,36.43,2.53
19559,11570,25,1,28.3,1.37
19560,11571,214,1,211.86,21.12
19561,11571,241,1,40.34,3.01
19562,11572,15,1,114.86,6.72
19563,11573,25,1,28.3,1.8
19564,11573,126,1,25.06,2.83
19565,11574,158,1,19.01,1.56
19566,11575,13,1,31.08,1.28
19567,11576,25,1,28.3,3.08
19568,11576,44,1,39.31,3.03
19569,11577,58,1,7.39,0.89
19570,11577,145,2,366.49,40.25
19571,11577,75,1,553.99,19.89
19572,11577,215,1,237.45,9.91
19573,11578,82,1,53.33,4.82
19574,11579,109,1,151.47,14.19
19575,11580,231,1,80.77,4.37
19576,11581,176,1,199.66,13.88
19577,11581,6,1,251.86,8.13
19578,11582,90,1,11.62,0.8
19579,11583,134,1,140.62,14.84
19580,11584,55,1,167.62,10.51
19581,11585,94,1,33.91,2.36
19582,11586,168,1,9.01,0.63
19583,11586,139,1,488.45,28.71
19584,11586,157,1,234.71,15.7
19585,11586,24,1,89.79,6.91
19586,11587,15,1,114.86,5.01
19587,11588,126,1,25.06,1.28
19588,11589,2,1,120.72,13.62
19589,11590,161,1,84.35,7.21
19590,11591,40,1,97.22,5.12
19591,11591,157,1,234.71,8.14
19592,11591,216,1,194.01,8.43
19593,11592,18,1,17.37,0.91
19594,11592,217,1,36.43,1.46
19595,11592,49,1,38.8,4.34
19596,11592,36,1,55.53,2.39
19597,11593,72,1,112.92,3.9
19598,11594,131,2,203.22,19.67
19599,11595,112,1,335.91,13.06
19600,11596,227,1,49.54,4.23
19601,11597,229,3,16.22,1.77
19602,11598,140,1,11.94,1.17
19603,11598,135,1,212.24,17.24
19604,11598,105,1,262.49,26.25
19605,11598,77,1,170.84,18.02
19606,11599,217,1,36.43,3.21
19607,11599,78,1,180.73,14.11
19608,11600,21,1,285.75,10.71
19609,11600,121,1,272.89,8.69
19610,11600,113,2,29.13,3.32
19611,11601,250,1,583.02,54.24
19612,11602,203,1,67.83,4.69
19613,11602,113,1,29.13,2.08
19614,11602,171,1,100.35,9.2
19615,11603,234,1,17.93,0.69
19616,11604,104,1,82.65,3.47
19617,11604,72,1,112.92,10.11
19618,11605,36,1,55.53,6.46
19619,11606,40,1,97.22,6.9
19620,11606,63,1,555.18,49.21
19621,11607,7,1,136.48,8.04
19622,11607,40,1,97.22,4.97
19623,11608,235,1,75.26,7.53
19624,11609,24,1,89.79,6.19
19625,11610,240,1,694.84,31.87
19626,11610,10,1,26.93,1.06
19627,11611,174,1,8.1,0.3
19628,11612,63,1,555.18,62.83
19629,11613,61,1,30.27,1.92
19630,11614,73,1,85.1,3.7
19631,11615,148,1,101.97,11.28
19632,11616,240,1,694.84,71.1
19633,11616,181,1,14.39,1.58
19634,11617,116,1,53.02,6.16
19635,11618,14,1,94.71,10.98
19636,11618,22,1,412.18,47.65
19637,11619,98,1,25.53,0.91
19638,11619,81,1,44.98,1.94
19639,11620,34,1,127.18,11.55
19640,11621,129,1,858.28,74.6
19641,11621,21,1,285.75,32.89
19642,11622,16,1,90.17,6.88
19643,11623,105,1,262.49,8.73
19644,11623,75,1,553.99,34.46
19645,11623,187,1,95.65,10.1
19646,11624,165,1,6.2,0.6
19647,11625,98,1,25.53,2.21
19648,11625,65,1,165.64,13.85
19649,11626,221,1,80.15,5.83
19650,11627,29,1,617.47,52.94
19651,11628,232,2,155.86,12.51
19652,11629,165,1,6.2,0.27
19653,11630,241,1,40.34,3.91
19654,11630,214,1,211.86,7.55
19655,11630,172,2,356.67,23.43
19656,11630,53,2,270.94,20.0
19657,11631,74,1,35.45,2.73
19658,11632,150,1,43.62,3.6
19659,11633,55,1,167.62,9.21
19660,11634,179,1,246.47,25.91
19661,11634,36,2,55.53,3.09
19662,11635,205,1,172.47,18.66
19663,11636,243,1,83.89,4.42
19664,11637,200,1,16.92,1.74
19665,11637,228,1,95.03,7.53
19666,11638,189,1,150.51,7.12
19667,11639,76,1,52.37,1.82
19668,11639,245,1,178.52,12.01
19669,11639,82,1,53.33,2.27
19670,11640,152,1,343.16,31.14
19671,11641,105,1,262.49,25.58
19672,11641,101,1,8.28,0.75
19673,11642,83,1,9.7,0.5
19674,11643,36,1,55.53,4.27
19675,11644,86,1,124.98,7.42
19676,11644,33,1,30.54,2.36
19677,11645,157,1,234.71,24.6
19678,11646,130,1,76.27,4.62
19679,11647,36,1,55.53,6.43
19680,11647,22,1,412.18,32.26
19681,11648,59,1,105.0,6.38
19682,11648,246,1,30.72,2.27
19683,11648,206,1,760.6,50.43
19684,11649,217,1,36.43,1.26
19685,11650,26,1,16.21,0.54
19686,11651,224,1,6.63,0.7
19687,11651,75,1,553.99,43.07
19688,11652,135,1,212.24,8.44
19689,11652,108,1,3.52,0.15
19690,11653,17,1,29.84,1.47
19691,11653,215,1,237.45,20.71
19692,11653,127,1,82.05,5.82
19693,11654,220,1,669.86,21.24
19694,11654,225,1,59.74,3.16
19695,11655,161,1,84.35,8.91
19696,11656,249,1,52.62,5.92
19697,11656,130,1,76.27,6.35
19698,11656,161,1,84.35,6.98
19699,11657,194,1,41.9,3.02
19700,11658,128,3,13.41,0.94
19701,11659,124,1,434.69,15.08
19702,11660,109,1,151.47,6.81
19703,11660,33,1,30.54,3.29
19704,11660,102,1,683.61,76.28
19705,11661,155,1,18.82,2.26
19706,11662,105,1,262.49,9.63
19707,11662,202,1,130.75,6.52
19708,11663,147,1,81.1,7.11
19709,11663,190,1,239.32,23.25
19710,11664,73,1,85.1,2.66
19711,11665,205,1,172.47,20.45
19712,11666,226,1,134.28,15.2
19713,11666,5,1,88.33,7.08
19714,11667,246,1,30.72,1.89
19715,11668,183,1,101.22,11.94
19716,11668,212,1,619.34,22.71
19717,11669,22,1,412.18,44.72
19718,11669,57,1,185.85,5.73
19719,11670,54,3,387.71,41.0
19720,11670,68,1,38.67,3.14
19721,11670,10,1,26.93,2.98
19722,11670,18,1,17.37,1.52
19723,11671,101,1,8.28,0.65
19724,11672,79,1,47.16,4.06
19725,11673,163,1,20.16,1.34
19726,11674,51,1,71.14,2.3
19727,11674,61,1,30.27,2.19
19728,11675,199,1,5.9,0.62
19729,11676,218,2,62.27,3.13
19730,11676,203,1,67.83,4.33
19731,11677,59,3,105.0,8.49
19732,11677,43,1,137.44,9.57
19733,11677,151,1,116.4,9.26
19734,11677,180,1,209.32,6.83
19735,11678,79,1,47.16,2.76
19736,11679,151,3,116.4,12.45
19737,11680,8,1,6.03,0.67
19738,11681,89,1,179.88,7.18
19739,11681,189,1,150.51,12.13
19740,11681,181,2,14.39,0.68
19741,11682,105,1,262.49,10.32
19742,11682,157,1,234.71,17.44
19743,11683,118,1,13.3,1.17
19744,11683,38,1,147.17,8.66
19745,11684,145,1,366.49,17.97
19746,11684,7,1,136.48,7.91
19747,11684,99,1,14.4,0.52
19748,11684,37,1,136.42,5.52
19749,11685,156,1,99.5,6.01
19750,11685,246,1,30.72,2.63
19751,11686,243,1,83.89,9.78
19752,11686,142,1,230.98,13.1
19753,11687,250,1,583.02,43.08
19754,11688,121,1,272.89,12.4
19755,11689,130,1,76.27,2.38
19756,11690,189,1,150.51,17.21
19757,11691,124,1,434.69,20.06
19758,11691,3,1,51.08,5.88
19759,11692,104,1,82.65,5.49
19760,11692,75,1,553.99,33.92
19761,11692,210,1,56.9,2.54
19762,11693,149,2,71.93,3.04
19763,11693,112,1,335.91,10.75
19764,11694,219,1,66.09,7.34
19765,11695,243,1,83.89,6.3
19766,11696,78,1,180.73,13.27
19767,11697,133,1,37.44,1.92
19768,11697,36,1,55.53,5.28
19769,11698,50,1,44.06,4.06
19770,11699,36,1,55.53,1.99
19771,11700,10,1,26.93,1.53
19772,11700,95,1,25.87,2.32
19773,11700,166,1,30.99,1.78
19774,11700,74,1,35.45,1.38
19775,11701,174,1,8.1,0.65
19776,11702,139,1,488.45,42.36
19777,11703,16,1,90.17,3.81
19778,11703,185,3,647.11,49.75
19779,11704,216,1,194.01,14.46
19780,11705,216,1,194.01,15.78
19781,11705,96,1,826.6,63.46
19782,11706,87,2,391.01,33.71
19783,11707,104,1,82.65,5.95
19784,11707,250,3,583.02,35.76
19785,11708,67,1,53.0,4.66
19786,11708,189,1,150.51,18.01
19787,11708,36,1,55.53,6.09
19788,11709,167,1,139.5,8.68
19789,11709,2,1,120.72,5.7
19790,11709,95,3,25.87,1.77
19791,11710,60,1,85.87,5.8
19792,11711,109,1,151.47,4.9
19793,11711,121,1,272.89,13.35
19794,11711,97,1,244.48,7.79
19795,11711,90,1,11.62,1.25
19796,11712,40,1,97.22,9.3
19797,11713,22,1,412.18,48.05
19798,11714,236,1,326.99,25.71
19799,11714,241,1,40.34,3.03
19800,11715,89,1,179.88,6.49
19801,11715,21,1,285.75,29.11
19802,11716,118,1,13.3,1.34
19803,11716,126,1,25.06,1.92
19804,11716,71,1,179.59,10.21
19805,11717,220,1,669.86,62.98
19806,11717,98,1,25.53,1.73
19807,11717,167,1,139.5,4.88
19808,11717,43,1,137.44,13.79
19809,11718,23,1,629.48,36.16
19810,11718,177,2,81.05,3.44
19811,11719,75,1,553.99,61.18
19812,11720,75,1,553.99,23.73
19813,11721,104,1,82.65,5.03
19814,11722,33,1,30.54,1.39
19815,11722,98,1,25.53,2.25
19816,11723,155,1,18.82,1.93
19817,11724,230,1,231.23,14.48
19818,11725,210,1,56.9,2.67
19819,11725,5,1,88.33,7.22
19820,11725,71,1,179.59,5.88
19821,11726,120,1,44.88,2.35
19822,11727,40,1,97.22,9.67
19823,11727,87,1,391.01,18.27
19824,11728,188,1,15.44,1.54
19825,11729,13,1,31.08,2.77
19826,11730,20,2,71.62,5.38
19827,11731,90,1,11.62,0.54
19828,11731,25,2,28.3,2.57
19829,11731,210,1,56.9,3.93
19830,11732,141,1,483.07,20.53
19831,11732,173,1,57.93,3.95
19832,11733,23,1,629.48,25.07
19833,11734,70,1,41.53,3.83
19834,11734,73,1,85.1,6.18
19835,11735,230,1,231.23,10.85
19836,11735,158,2,19.01,0.81
19837,11735,36,1,55.53,4.41
19838,11736,234,1,17.93,2.03
19839,11737,111,1,97.83,7.75
19840,11738,157,1,234.71,17.92
19841,11739,37,1,136.42,12.64
19842,11739,138,1,45.06,2.96
19843,11740,214,1,211.86,11.98
19844,11740,37,1,136.42,14.32
19845,11741,195,1,45.11,4.43
19846,11741,230,1,231.23,20.44
19847,11742,224,1,6.63,0.51
19848,11743,33,1,30.54,1.79
19849,11744,142,3,230.98,11.06
19850,11745,25,1,28.3,3.22
19851,11746,91,1,56.23,5.97
19852,11746,228,1,95.03,9.46
19853,11746,37,1,136.42,10.99
19854,11746,234,1,17.93,1.0
19855,11747,155,1,18.82,1.4
19856,11747,197,1,235.87,20.92
19857,11748,16,1,90.17,8.21
19858,11748,17,1,29.84,1.09
19859,11748,183,1,101.22,5.08
19860,11748,243,2,83.89,7.78
19861,11749,177,1,81.05,6.68
19862,11749,150,1,43.62,4.47
19863,11750,53,1,270.94,18.45
19864,11751,127,1,82.05,7.27
19865,11751,49,1,38.8,1.42
19866,11752,43,1,137.44,8.44
19867,11753,234,1,17.93,1.75
19868,11753,243,1,83.89,4.68
19869,11753,169,1,69.98,5.16
19870,11754,79,1,47.16,4.37
19871,11755,24,1,89.79,5.04
19872,11755,193,1,286.41,31.34
19873,11755,1,1,826.88,26.46
19874,11756,173,2,57.93,3.01
19875,11757,82,1,53.33,2.79
19876,11757,174,1,8.1,0.35
19877,11757,139,1,488.45,15.74
19878,11758,180,1,209.32,23.74
19879,11758,169,1,69.98,7.12
19880,11758,113,1,29.13,1.01
19881,11759,85,1,106.96,11.09
19882,11759,17,1,29.84,2.52
19883,11759,119,1,69.61,2.85
19884,11759,245,2,178.52,13.92
19885,11760,3,1,51.08,5.91
19886,11760,118,1,13.3,1.18
19887,11761,53,2,270.94,13.53
19888,11761,125,1,111.51,6.94
19889,11761,200,1,16.92,1.1
19890,11762,172,1,356.67,16.67
19891,11763,15,3,114.86,9.55
19892,11763,44,1,39.31,4.54
19893,11764,113,1,29.13,2.85
19894,11764,12,1,94.84,7.84
19895,11764,151,2,116.4,5.13
19896,11765,69,1,33.1,2.66
19897,11766,43,3,137.44,16.45
19898,11766,104,1,82.65,4.99
19899,11767,188,1,15.44,0.48
19900,11768,210,1,56.9,4.53
19901,11769,158,1,19.01,1.26
19902,11770,199,1,5.9,0.34
19903,11771,153,1,179.31,12.87
19904,11771,196,1,47.98,3.42
19905,11772,182,1,19.48,0.89
19906,11773,230,1,231.23,8.53
19907,11773,134,1,140.62,15.44
19908,11773,59,1,105.0,9.58
19909,11773,90,1,11.62,1.17
19910,11774,193,1,286.41,17.83
19911,11774,234,1,17.93,1.32
19912,11775,139,1,488.45,37.61
19913,11775,98,1,25.53,2.35
19914,11776,211,1,22.6,2.59
19915,11776,103,1,1102.59,76.92
19916,11777,237,1,10.34,0.97
19917,11777,76,1,52.37,4.25
19918,11778,244,3,84.79,9.42
19919,11778,190,1,239.32,16.39
19920,11779,173,1,57.93,6.87
19921,11779,135,1,212.24,15.8
19922,11780,73,1,85.1,2.99
19923,11780,245,1,178.52,15.31
19924,11780,221,1,80.15,9.01
19925,11780,46,3,645.92,21.15
19926,11781,43,1,137.44,8.44
19927,11782,21,1,285.75,25.55
19928,11783,229,1,16.22,1.15
19929,11784,102,1,683.61,36.41
19930,11785,193,1,286.41,20.7
19931,11785,49,1,38.8,3.29
19932,11786,89,1,179.88,10.9
19933,11786,24,1,89.79,8.59
19934,11787,12,1,94.84,11.05
19935,11787,162,1,6.54,0.76
19936,11788,67,1,53.0,5.73
19937,11789,142,2,230.98,13.52
19938,11790,40,1,97.22,7.5
19939,11790,198,1,52.95,5.62
19940,11791,96,1,826.6,87.48
19941,11792,121,1,272.89,17.64
19942,11793,79,1,47.16,2.77
19943,11793,101,1,8.28,0.75
19944,11794,93,1,25.75,2.92
19945,11794,250,1,583.02,41.85
19946,11794,128,1,13.41,0.55
19947,11795,124,1,434.69,50.46
19948,11795,205,3,172.47,16.99
19949,11795,234,1,17.93,1.78
19950,11796,79,1,47.16,3.62
19951,11797,102,1,683.61,26.11
19952,11797,178,1,1065.13,57.31
19953,11797,227,1,49.54,4.46
19954,11797,183,1,101.22,7.4
19955,11798,105,1,262.49,24.45
19956,11799,67,3,53.0,2.97
19957,11800,101,1,8.28,0.42
19958,11800,129,1,858.28,35.24
19959,11801,179,1,246.47,16.27
19960,11802,179,1,246.47,17.23
19961,11803,151,1,116.4,9.55
19962,11803,51,1,71.14,3.82
19963,11804,59,1,105.0,7.69
19964,11805,162,1,6.54,0.52
19965,11806,189,1,150.51,12.77
19966,11806,245,1,178.52,16.35
19967,11807,66,1,27.73,0.83
19968,11808,95,1,25.87,1.5
19969,11809,139,1,488.45,27.24
19970,11809,109,1,151.47,9.37
19971,11810,175,1,16.15,1.63
19972,11811,158,1,19.01,0.9
19973,11811,86,2,124.98,4.87
19974,11812,15,1,114.86,9.02
19975,11813,169,1,69.98,3.36
19976,11813,158,1,19.01,0.75
19977,11814,119,2,69.61,7.51
19978,11815,104,1,82.65,8.48
19979,11816,129,1,858.28,57.25
19980,11817,151,1,116.4,13.54
19981,11818,122,1,69.41,7.14
19982,11819,219,3,66.09,5.67
19983,11819,200,1,16.92,1.61
19984,11819,234,1,17.93,1.34
19985,11820,77,1,170.84,8.17
19986,11821,7,3,136.48,6.51
19987,11822,126,1,25.06,1.04
19988,11823,238,1,115.34,8.3
19989,11824,228,1,95.03,7.5
19990,11824,105,1,262.49,21.63
19991,11825,165,2,6.2,0.61
19992,11826,15,1,114.86,10.92
19993,11826,201,3,68.19,5.54
19994,11827,53,1,270.94,24.91
19995,11828,34,1,127.18,9.77
19996,11829,196,1,47.98,4.41
19997,11829,184,1,344.95,30.8
19998,11830,9,1,82.19,3.52
19999,11831,248,1,40.02,2.3
20000,11832,37,1,136.42,13.29
20001,11832,137,1,112.97,13.55
20002,11832,153,1,179.31,20.25
20003,11833,77,1,170.84,19.39
20004,11834,79,1,47.16,4.22
20005,11835,130,1,76.27,7.37
20006,11835,245,1,178.52,7.88
20007,11835,65,1,165.64,17.06
20008,11836,72,1,112.92,9.26
20009,11836,49,1,38.8,4.6
20010,11836,62,1,19.26,1.68
20011,11837,22,1,412.18,32.13
20012,11837,126,1,25.06,1.53
20013,11838,154,1,53.6,6.31
20014,11839,29,1,617.47,43.08
20015,11840,141,1,483.07,44.69
20016,11841,171,1,100.35,6.32
20017,11841,131,1,203.22,6.18
20018,11841,206,1,760.6,65.17
20019,11842,146,1,98.43,4.44
20020,11843,141,2,483.07,55.89
20021,11843,121,1,272.89,21.42
20022,11844,58,3,7.39,0.26
20023,11844,55,1,167.62,10.71
20024,11845,121,1,272.89,25.99
20025,11846,222,1,22.72,2.1
20026,11847,79,1,47.16,5.46
20027,11847,73,1,85.1,2.92
20028,11848,107,1,87.92,3.58
20029,11849,39,1,136.95,5.86
20030,11849,43,1,137.44,9.86
20031,11850,237,1,10.34,0.54
20032,11850,25,1,28.3,1.02
20033,11851,241,1,40.34,3.46
20034,11851,202,1,130.75,13.94
20035,11851,61,1,30.27,3.63
20036,11852,47,1,18.06,0.91
20037,11853,63,1,555.18,52.23
20038,11854,40,1,97.22,6.74
20039,11855,9,3,82.19,3.49
20040,11855,111,2,97.83,4.28
20041,11856,50,1,44.06,3.67
20042,11857,248,1,40.02,3.58
20043,11858,212,1,619.34,53.37
20044,11859,17,1,29.84,3.25
20045,11859,60,1,85.87,2.78
20046,11860,44,1,39.31,1.37
20047,11861,77,1,170.84,17.51
20048,11862,151,1,116.4,4.19
20049,11863,10,1,26.93,1.2
20050,11863,231,1,80.77,6.7
20051,11864,126,1,25.06,1.33
20052,11864,15,1,114.86,13.76
20053,11865,238,1,115.34,11.97
20054,11866,58,1,7.39,0.74
20055,11867,15,1,114.86,5.01
20056,11867,129,1,858.28,27.37
20057,11867,69,1,33.1,3.35
20058,11868,183,1,101.22,4.33
20059,11868,27,1,852.23,92.07
20060,11869,84,1,54.94,1.73
20061,11869,101,1,8.28,0.43
20062,11870,23,2,629.48,70.69
20063,11871,90,1,11.62,1.24
20064,11871,62,1,19.26,0.96
20065,11872,53,1,270.94,28.6
20066,11873,13,3,31.08,1.04
20067,11874,190,1,239.32,8.7
20068,11875,113,2,29.13,1.46
20069,11876,59,1,105.0,5.48
20070,11877,224,1,6.63,0.48
20071,11877,17,1,29.84,3.35
20072,11878,111,1,97.83,5.44
20073,11878,105,1,262.49,21.08
20074,11879,217,1,36.43,2.39
20075,11879,232,1,155.86,6.71
20076,11879,138,1,45.06,4.08
20077,11880,222,1,22.72,2.72
20078,11881,10,1,26.93,3.19
20079,11881,94,1,33.91,2.66
20080,11882,11,1,685.7,50.28
20081,11882,250,1,583.02,63.47
20082,11882,32,1,17.9,2.02
20083,11883,134,1,140.62,11.17
20084,11883,110,1,759.15,69.89
20085,11883,8,1,6.03,0.56
20086,11884,35,1,76.68,9.18
20087,11884,46,1,645.92,25.32
20088,11885,45,1,30.04,2.95
20089,11885,64,2,191.61,16.33
20090,11886,117,1,45.11,2.97
20091,11886,214,1,211.86,23.91
20092,11887,4,1,95.98,7.18
20093,11887,23,1,629.48,72.49
20094,11888,66,1,27.73,1.58
20095,11888,147,1,81.1,7.4
20096,11888,189,1,150.51,17.0
20097,11889,31,1,34.65,2.61
20098,11889,248,1,40.02,4.67
20099,11890,134,1,140.62,9.92
20100,11891,220,1,669.86,74.43
20101,11892,32,1,17.9,0.93
20102,11893,72,1,112.92,4.59
20103,11894,131,1,203.22,23.27
20104,11894,94,1,33.91,3.86
20105,11894,48,1,93.17,9.72
20106,11895,110,1,759.15,84.19
20107,11895,94,2,33.91,3.21
20108,11896,109,1,151.47,14.71
20109,11897,176,1,199.66,14.07
20110,11897,246,1,30.72,2.08
20111,11897,76,1,52.37,3.72
20112,11898,139,1,488.45,25.41
20113,11899,121,1,272.89,17.25
20114,11900,144,3,50.76,3.79
20115,11901,187,1,95.65,8.47
20116,11901,1,1,826.88,65.05
20117,11901,145,1,366.49,14.16
20118,11902,202,1,130.75,12.8
20119,11902,82,1,53.33,3.66
20120,11903,77,2,170.84,11.63
20121,11904,159,1,124.76,4.98
20122,11904,63,2,555.18,36.44
20123,11904,8,1,6.03,0.61
20124,11905,158,2,19.01,1.7
20125,11905,55,1,167.62,12.74
20126,11906,212,1,619.34,45.53
20127,11907,198,2,52.95,4.9
20128,11908,141,1,483.07,44.57
20129,11908,24,3,89.79,5.57
20130,11908,147,1,81.1,6.22
20131,11909,151,1,116.4,10.67
20132,11910,15,1,114.86,6.67
20133,11911,228,1,95.03,11.11
20134,11912,47,1,18.06,0.56
20135,11912,242,1,135.54,5.61
20136,11913,58,1,7.39,0.24
20137,11913,83,1,9.7,0.43
20138,11913,53,1,270.94,18.23
20139,11914,210,1,56.9,4.49
20140,11914,249,1,52.62,5.77
20141,11915,180,1,209.32,6.29
20142,11915,124,1,434.69,35.95
20143,11916,23,1,629.48,37.53
20144,11917,215,1,237.45,15.31
20145,11917,135,1,212.24,11.13
20146,11918,181,1,14.39,1.12
20147,11918,206,1,760.6,72.27
20148,11918,43,1,137.44,10.74
20149,11919,234,1,17.93,0.83
20150,11920,27,1,852.23,64.53
20151,11921,148,1,101.97,11.11
20152,11921,206,1,760.6,81.4
20153,11921,97,1,244.48,27.58
20154,11921,43,1,137.44,10.68
20155,11922,74,1,35.45,2.34
20156,11922,91,1,56.23,2.15
20157,11923,120,3,44.88,4.28
20158,11924,150,1,43.62,5.08
20159,11924,1,1,826.88,31.0
20160,11925,67,1,53.0,6.11
20161,11926,85,3,106.96,3.89
20162,11926,188,1,15.44,1.76
20163,11927,180,1,209.32,12.59
20164,11927,99,1,14.4,0.53
20165,11927,107,1,87.92,7.9
20166,11928,154,1,53.6,2.34
20167,11929,234,1,17.93,1.15
20168,11929,93,1,25.75,1.87
20169,11929,86,1,124.98,4.2
20170,11930,32,1,17.9,1.88
20171,11931,37,1,136.42,9.39
20172,11932,124,1,434.69,47.34
20173,11933,187,2,95.65,11.44
20174,11934,203,1,67.83,3.79
20175,11935,149,1,71.93,7.11
20176,11936,225,1,59.74,2.35
20177,11936,192,1,82.67,8.45
20178,11936,151,1,116.4,8.76
20179,11937,58,1,7.39,0.4
20180,11938,17,1,29.84,1.1
20181,11938,25,1,28.3,3.0
20182,11938,140,1,11.94,1.37
20183,11939,157,1,234.71,10.47
20184,11939,21,1,285.75,15.51
20185,11939,215,1,237.45,23.09
20186,11939,249,1,52.62,5.34
20187,11940,167,1,139.5,7.95
20188,11941,155,1,18.82,0.91
20189,11941,80,1,37.9,2.84
20190,11942,250,1,583.02,36.75
20191,11942,102,1,683.61,54.47
20192,11942,93,3,25.75,2.58
20193,11942,101,1,8.28,0.4
20194,11943,57,1,185.85,12.22
20195,11943,154,3,53.6,2.83
20196,11944,206,1,760.6,83.51
20197,11945,154,1,53.6,5.55
20198,11946,6,1,251.86,16.77
20199,11946,152,1,343.16,11.28
20200,11947,234,1,17.93,1.11
20201,11947,180,1,209.32,18.19
20202,11947,160,1,19.67,0.93
20203,11948,203,1,67.83,4.62
20204,11949,240,1,694.84,63.73
20205,11949,140,1,11.94,1.24
20206,11949,247,1,31.51,2.17
20207,11950,102,1,683.61,78.04
20208,11950,196,2,47.98,3.45
20209,11951,62,1,19.26,1.12
20210,11951,207,1,51.95,3.07
20211,11952,104,1,82.65,6.45
20212,11953,29,1,617.47,53.22
20213,11953,58,1,7.39,0.57
20214,11953,67,1,53.0,5.69
20215,11953,72,1,112.92,10.24
20216,11954,247,1,31.51,2.55
20217,11955,189,1,150.51,17.27
20218,11955,245,1,178.52,13.27
20219,11955,128,1,13.41,0.84
20220,11955,178,1,1065.13,97.63
20221,11956,65,2,165.64,17.3
20222,11956,101,3,8.28,0.68
20223,11956,161,1,84.35,9.57
20224,11956,126,1,25.06,1.37
20225,11957,12,1,94.84,8.11
20226,11958,228,1,95.03,10.35
20227,11958,151,1,116.4,12.85
20228,11958,23,1,629.48,44.62
20229,11958,192,1,82.67,8.57
20230,11959,87,1,391.01,40.92
20231,11960,79,1,47.16,2.8
20232,11961,173,2,57.93,2.89
20233,11962,210,1,56.9,5.29
20234,11962,35,1,76.68,3.61
20235,11963,154,1,53.6,2.18
20236,11963,29,1,617.47,42.46
20237,11964,35,1,76.68,6.84
20238,11965,68,1,38.67,2.79
20239,11966,54,1,387.71,33.94
20240,11967,237,1,10.34,0.46
20241,11967,250,1,583.02,54.71
20242,11968,238,1,115.34,7.14
20243,11969,209,1,115.41,10.81
20244,11969,179,1,246.47,16.62
20245,11970,28,1,164.02,19.12
20246,11970,107,1,87.92,8.99
20247,11970,188,2,15.44,0.47
20248,11971,5,1,88.33,3.68
20249,11971,241,3,40.34,4.17
20250,11972,95,1,25.87,1.32
20251,11972,183,1,101.22,6.6
20252,11973,206,1,760.6,74.32
20253,11973,66,1,27.73,3.0
20254,11974,98,1,25.53,2.59
20255,11975,5,2,88.33,4.6
20256,11976,10,3,26.93,1.91
20257,11977,34,1,127.18,9.46
20258,11977,180,1,209.32,20.12
20259,11977,74,1,35.45,2.78
20260,11978,77,1,170.84,18.41
20261,11978,51,1,71.14,3.11
20262,11979,203,1,67.83,2.59
20263,11979,23,1,629.48,75.49
20264,11980,189,1,150.51,8.53
20265,11980,186,1,66.12,7.2
20266,11981,102,1,683.61,57.7
20267,11982,171,1,100.35,7.93
20268,11983,176,1,199.66,14.28
20269,11983,41,1,63.66,4.78
20270,11983,157,1,234.71,8.75
20271,11983,202,1,130.75,4.22
20272,11984,224,1,6.63,0.4
20273,11984,58,1,7.39,0.23
20274,11985,120,1,44.88,2.84
20275,11986,63,1,555.18,38.7
20276,11987,237,1,10.34,0.82
20277,11987,194,1,41.9,3.35
20278,11988,137,1,112.97,6.14
20279,11988,77,1,170.84,12.55
20280,11989,97,1,244.48,11.3
20281,11990,61,2,30.27,2.3
20282,11990,85,2,106.96,8.73
20283,11991,21,1,285.75,24.97
20284,11991,202,1,130.75,9.57
20285,11992,232,1,155.86,6.68
20286,11992,248,1,40.02,4.19
20287,11992,169,1,69.98,5.53
20288,11993,118,1,13.3,0.71
20289,11994,3,1,51.08,4.44
20290,11994,41,1,63.66,6.45
20291,11995,175,1,16.15,1.13
20292,11995,215,1,237.45,18.72
20293,11995,64,1,191.61,11.91
20294,11996,215,1,237.45,19.54
20295,11997,109,1,151.47,16.32
20296,11998,68,1,38.67,3.51
20297,11999,86,2,124.98,11.94
20298,12000,14,1,94.71,6.23
20299,12000,68,1,38.67,2.14
