order_id,payment_type,installments,payment_value
1,cash_on_delivery,1,1250.83
2,credit_card,2,222.15
3,cash_on_delivery,1,1334.42
4,wallet,1,19.73
5,credit_card,2,798.73
6,credit_card,1,221.9
7,cash_on_delivery,1,173.61
8,credit_card,3,95.79
9,wallet,1,307.03
10,credit_card,2,170.03
11,credit_card,3,54.93
12,credit_card,6,46.63
13,cash_on_delivery,1,1298.05
14,cash_on_delivery,1,6.92
15,cash_on_delivery,1,43.28
16,bank_transfer,1,1044.47
17,cash_on_delivery,1,290.72
18,cash_on_delivery,1,128.19
19,credit_card,3,375.77
20,cash_on_delivery,1,1119.6
21,cash_on_delivery,1,512.56
22,credit_card,2,82.75
23,bank_transfer,1,86.04
24,cash_on_delivery,1,312.75
25,credit_card,3,74.05
26,credit_card,1,157.19
27,cash_on_delivery,1,11.15
28,wallet,1,49.63
29,credit_card,1,451.07
30,cash_on_delivery,1,83.34
31,credit_card,6,460.7
32,cash_on_delivery,1,16.75
33,credit_card,1,178.65
34,credit_card,2,29.21
35,cash_on_delivery,1,53.86
36,wallet,1,31.81
37,cash_on_delivery,1,45.67
38,credit_card,6,265.21
39,bank_transfer,1,125.89
40,wallet,1,97.75
41,bank_transfer,1,41.25
42,credit_card,6,20.57
43,cash_on_delivery,1,15.46
44,cash_on_delivery,1,313.07
45,credit_card,1,71.46
46,cash_on_delivery,1,421.27
47,cash_on_delivery,1,41.8
48,bank_transfer,1,264.12
49,cash_on_delivery,1,118.9
50,credit_card,1,31.8
51,cash_on_delivery,1,193.1
52,wallet,1,433.27
53,cash_on_delivery,1,111.11
54,credit_card,2,348.1
55,cash_on_delivery,1,809.51
56,credit_card,2,249.25
57,credit_card,1,37.88
58,wallet,1,949.97
59,credit_card,1,587.39
60,bank_transfer,1,516.07
61,credit_card,1,93.97
62,credit_card,6,481.33
63,credit_card,1,448.19
64,cash_on_delivery,1,20.89
65,wallet,1,2571.18
66,bank_transfer,1,93.24
67,wallet,1,303.08
68,cash_on_delivery,1,283.15
69,credit_card,2,30.27
70,bank_transfer,1,314.36
71,credit_card,6,118.23
72,cash_on_delivery,1,127.4
73,credit_card,3,143.34
74,bank_transfer,1,58.86
75,credit_card,1,179.38
76,cash_on_delivery,1,657.85
77,credit_card,1,205.76
78,wallet,1,1576.2
79,cash_on_delivery,1,1286.69
80,credit_card,3,79.2
81,bank_transfer,1,333.6
82,credit_card,2,15.32
83,credit_card,1,162.04
84,credit_card,1,339.05
85,bank_transfer,1,94.69
86,cash_on_delivery,1,139.75
87,credit_card,2,1136.27
88,credit_card,2,11.35
89,credit_card,2,86.62
90,credit_card,1,118.86
91,credit_card,1,573.72
92,wallet,1,965.26
93,cash_on_delivery,1,106.57
94,credit_card,1,74.35
95,credit_card,1,29.52
96,cash_on_delivery,1,395.75
97,wallet,1,118.28
98,cash_on_delivery,1,50.95
99,cash_on_delivery,1,136.77
100,credit_card,2,284.93
101,wallet,1,106.38
102,credit_card,1,644.45
103,wallet,1,899.69
104,cash_on_delivery,1,224.93
105,credit_card,3,345.72
106,credit_card,12,153.53
107,bank_transfer,1,6.28
108,credit_card,1,45.19
109,credit_card,2,340.51
110,cash_on_delivery,1,229.61
111,cash_on_delivery,1,11.24
112,credit_card,12,20.58
113,cash_on_delivery,1,794.25
114,cash_on_delivery,1,334.82
115,credit_card,2,79.59
116,cash_on_delivery,1,967.4
117,credit_card,6,356.86
118,credit_card,12,968.44
119,cash_on_delivery,1,236.41
120,cash_on_delivery,1,267.7
121,cash_on_delivery,1,1347.68
122,cash_on_delivery,1,273.49
123,credit_card,1,136.35
124,credit_card,3,49.74
125,bank_transfer,1,104.31
126,credit_card,3,139.47
127,cash_on_delivery,1,576.34
128,credit_card,2,408.66
129,cash_on_delivery,1,521.85
130,cash_on_delivery,1,199.29
131,cash_on_delivery,1,12.65
132,cash_on_delivery,1,598.85
133,cash_on_delivery,1,666.98
134,cash_on_delivery,1,1500.67
135,bank_transfer,1,18.74
136,cash_on_delivery,1,73.78
137,credit_card,2,65.93
138,credit_card,1,118.93
139,credit_card,2,384.69
140,cash_on_delivery,1,298.11
141,credit_card,2,61.12
142,cash_on_delivery,1,916.06
143,cash_on_delivery,1,27.48
144,cash_on_delivery,1,136.32
145,cash_on_delivery,1,1430.77
146,cash_on_delivery,1,32.19
147,credit_card,3,76.62
148,credit_card,2,499.15
149,bank_transfer,1,35.18
150,cash_on_delivery,1,659.95
151,wallet,1,268.41
152,cash_on_delivery,1,379.61
153,cash_on_delivery,1,289.98
154,credit_card,12,33.91
155,cash_on_delivery,1,72.0
156,wallet,1,295.1
157,credit_card,2,9.97
158,credit_card,1,985.96
159,credit_card,2,30.24
160,wallet,1,126.01
161,cash_on_delivery,1,18.34
162,credit_card,12,538.14
163,wallet,1,94.05
164,credit_card,3,20.13
165,credit_card,2,123.46
166,credit_card,1,437.57
167,cash_on_delivery,1,106.32
168,bank_transfer,1,109.8
169,wallet,1,1580.21
170,cash_on_delivery,1,37.04
171,wallet,1,607.71
172,wallet,1,74.46
173,credit_card,3,8.5
174,credit_card,3,41.99
175,cash_on_delivery,1,156.25
176,credit_card,1,261.04
177,cash_on_delivery,1,140.94
178,cash_on_delivery,1,1713.88
179,cash_on_delivery,1,57.08
180,cash_on_delivery,1,40.76
181,wallet,1,12.0
182,credit_card,6,777.19
183,credit_card,1,260.81
184,bank_transfer,1,29.19
185,wallet,1,116.54
186,credit_card,1,1811.86
187,credit_card,3,395.12
188,cash_on_delivery,1,842.07
189,credit_card,12,531.02
190,cash_on_delivery,1,53.16
191,credit_card,1,123.65
192,cash_on_delivery,1,16.11
193,credit_card,12,227.68
194,cash_on_delivery,1,275.95
195,wallet,1,153.86
196,credit_card,2,301.58
197,credit_card,12,456.03
198,bank_transfer,1,53.83
199,cash_on_delivery,1,263.79
200,cash_on_delivery,1,115.06
201,cash_on_delivery,1,186.25
202,wallet,1,86.77
203,credit_card,1,922.18
204,credit_card,1,680.74
205,bank_transfer,1,1534.63
206,wallet,1,19.41
207,credit_card,1,411.15
208,credit_card,1,91.47
209,cash_on_delivery,1,558.84
210,cash_on_delivery,1,504.84
211,cash_on_delivery,1,795.76
212,cash_on_delivery,1,655.81
213,credit_card,3,423.74
214,credit_card,1,581.96
215,credit_card,3,220.1
216,credit_card,1,31.92
217,cash_on_delivery,1,93.16
218,credit_card,2,1118.97
219,credit_card,3,265.44
220,credit_card,2,121.23
221,cash_on_delivery,1,299.28
222,cash_on_delivery,1,78.52
223,cash_on_delivery,1,179.19
224,cash_on_delivery,1,463.24
225,wallet,1,2729.14
226,cash_on_delivery,1,345.83
227,cash_on_delivery,1,259.39
228,cash_on_delivery,1,1223.76
229,cash_on_delivery,1,55.32
230,bank_transfer,1,33.99
231,credit_card,3,105.22
232,wallet,1,897.54
233,wallet,1,31.36
234,bank_transfer,1,388.36
235,credit_card,3,229.57
236,wallet,1,509.39
237,cash_on_delivery,1,126.86
238,cash_on_delivery,1,205.66
239,credit_card,1,760.31
240,wallet,1,1456.48
241,cash_on_delivery,1,609.21
242,cash_on_delivery,1,569.95
243,bank_transfer,1,1030.48
244,cash_on_delivery,1,40.16
245,wallet,1,303.98
246,wallet,1,660.98
247,credit_card,6,221.23
248,cash_on_delivery,1,1310.67
249,cash_on_delivery,1,615.34
250,credit_card,2,735.01
251,cash_on_delivery,1,150.67
252,cash_on_delivery,1,1209.86
253,credit_card,2,261.22
254,wallet,1,194.92
255,bank_transfer,1,158.16
256,credit_card,6,251.37
257,cash_on_delivery,1,1688.77
258,credit_card,12,376.01
259,cash_on_delivery,1,569.67
260,cash_on_delivery,1,35.15
261,wallet,1,1140.83
262,cash_on_delivery,1,44.2
263,cash_on_delivery,1,223.01
264,credit_card,1,2265.61
265,cash_on_delivery,1,178.22
266,cash_on_delivery,1,104.55
267,cash_on_delivery,1,845.82
268,cash_on_delivery,1,56.03
269,cash_on_delivery,1,33.78
270,credit_card,2,134.22
271,cash_on_delivery,1,101.79
272,wallet,1,8.94
273,cash_on_delivery,1,606.73
274,wallet,1,75.61
275,cash_on_delivery,1,129.34
276,credit_card,1,90.25
277,credit_card,12,693.88
278,credit_card,2,650.13
279,bank_transfer,1,260.8
280,wallet,1,78.07
281,credit_card,1,202.19
282,cash_on_delivery,1,73.89
283,cash_on_delivery,1,60.73
284,credit_card,3,993.44
285,wallet,1,1099.97
286,cash_on_delivery,1,70.41
287,cash_on_delivery,1,165.33
288,cash_on_delivery,1,1554.41
289,credit_card,1,32.59
290,wallet,1,209.02
291,credit_card,3,290.88
292,credit_card,6,200.23
293,credit_card,1,399.6
294,credit_card,12,1252.72
295,credit_card,3,727.28
296,credit_card,1,158.53
297,cash_on_delivery,1,225.77
298,credit_card,1,99.49
299,credit_card,3,1124.95
300,cash_on_delivery,1,87.65
301,bank_transfer,1,258.34
302,credit_card,1,2635.5
303,cash_on_delivery,1,47.36
304,credit_card,6,196.36
305,credit_card,3,348.75
306,cash_on_delivery,1,1516.49
307,wallet,1,91.63
308,cash_on_delivery,1,155.63
309,credit_card,1,644.59
310,credit_card,2,65.54
311,credit_card,6,111.98
312,credit_card,1,87.47
313,wallet,1,140.23
314,wallet,1,484.59
315,credit_card,1,59.19
316,bank_transfer,1,225.93
317,credit_card,2,421.21
318,credit_card,1,183.16
319,cash_on_delivery,1,185.9
320,cash_on_delivery,1,720.1
321,cash_on_delivery,1,1027.26
322,cash_on_delivery,1,487.01
323,credit_card,1,46.64
324,bank_transfer,1,154.16
325,credit_card,6,269.89
326,credit_card,1,126.89
327,cash_on_delivery,1,349.08
328,credit_card,3,702.12
329,credit_card,1,49.74
330,credit_card,12,198.17
331,wallet,1,407.26
332,credit_card,3,226.41
333,credit_card,1,118.62
334,bank_transfer,1,264.54
335,wallet,1,33.11
336,bank_transfer,1,125.63
337,credit_card,1,27.93
338,credit_card,2,57.96
339,cash_on_delivery,1,824.58
340,wallet,1,327.92
341,credit_card,1,276.35
342,bank_transfer,1,21.07
343,credit_card,12,360.39
344,credit_card,3,641.63
345,wallet,1,17.82
346,cash_on_delivery,1,119.58
347,credit_card,1,145.92
348,credit_card,2,700.41
349,wallet,1,568.11
350,cash_on_delivery,1,33.51
351,cash_on_delivery,1,548.86
352,credit_card,2,1509.04
353,cash_on_delivery,1,406.16
354,cash_on_delivery,1,103.23
355,cash_on_delivery,1,2145.72
356,wallet,1,528.65
357,cash_on_delivery,1,214.54
358,wallet,1,28.81
359,credit_card,3,136.25
360,cash_on_delivery,1,192.73
361,credit_card,3,147.64
362,cash_on_delivery,1,171.71
363,cash_on_delivery,1,182.0
364,credit_card,1,116.95
365,cash_on_delivery,1,98.78
366,credit_card,6,175.28
367,credit_card,1,96.56
368,cash_on_delivery,1,804.66
369,credit_card,3,46.64
370,cash_on_delivery,1,490.19
371,cash_on_delivery,1,302.17
372,credit_card,1,105.57
373,credit_card,3,471.63
374,cash_on_delivery,1,1158.06
375,credit_card,6,160.42
376,credit_card,1,9.26
377,credit_card,1,425.34
378,wallet,1,33.51
379,wallet,1,331.78
380,credit_card,1,246.86
381,credit_card,3,80.25
382,credit_card,1,92.5
383,cash_on_delivery,1,356.75
384,bank_transfer,1,55.22
385,cash_on_delivery,1,145.72
386,cash_on_delivery,1,77.49
387,cash_on_delivery,1,161.77
388,cash_on_delivery,1,89.07
389,cash_on_delivery,1,32.43
390,cash_on_delivery,1,120.13
391,cash_on_delivery,1,822.61
392,credit_card,2,581.39
393,cash_on_delivery,1,62.69
394,cash_on_delivery,1,20.91
395,bank_transfer,1,880.99
396,cash_on_delivery,1,576.82
397,wallet,1,170.39
398,bank_transfer,1,206.28
399,wallet,1,103.45
400,credit_card,2,396.0
401,credit_card,12,678.83
402,credit_card,1,64.6
403,wallet,1,323.6
404,cash_on_delivery,1,135.75
405,credit_card,1,80.08
406,credit_card,3,123.62
407,credit_card,12,193.4
408,credit_card,1,14.93
409,credit_card,1,215.77
410,bank_transfer,1,223.24
411,cash_on_delivery,1,81.24
412,wallet,1,295.09
413,cash_on_delivery,1,515.76
414,cash_on_delivery,1,289.63
415,cash_on_delivery,1,824.5
416,credit_card,1,98.68
417,credit_card,2,126.57
418,cash_on_delivery,1,148.2
419,credit_card,6,605.69
420,credit_card,3,331.67
421,wallet,1,397.07
422,bank_transfer,1,168.55
423,credit_card,6,395.69
424,wallet,1,266.61
425,cash_on_delivery,1,40.12
426,cash_on_delivery,1,90.65
427,wallet,1,222.82
428,cash_on_delivery,1,32.85
429,cash_on_delivery,1,76.22
430,credit_card,3,898.73
431,credit_card,1,1025.73
432,cash_on_delivery,1,286.13
433,credit_card,6,512.67
434,credit_card,3,508.36
435,credit_card,6,120.33
436,credit_card,1,63.03
437,credit_card,3,128.33
438,cash_on_delivery,1,245.35
439,credit_card,3,82.12
440,credit_card,1,334.57
441,cash_on_delivery,1,44.12
442,credit_card,6,221.46
443,cash_on_delivery,1,791.72
444,credit_card,1,149.84
445,credit_card,1,224.25
446,bank_transfer,1,2029.06
447,credit_card,2,1194.33
448,cash_on_delivery,1,391.74
449,cash_on_delivery,1,98.8
450,cash_on_delivery,1,1230.94
451,wallet,1,241.99
452,credit_card,6,145.41
453,cash_on_delivery,1,147.66
454,cash_on_delivery,1,1230.25
455,credit_card,1,73.75
456,cash_on_delivery,1,249.6
457,cash_on_delivery,1,58.73
458,cash_on_delivery,1,229.89
459,wallet,1,842.99
460,cash_on_delivery,1,34.97
461,wallet,1,1002.09
462,bank_transfer,1,91.49
463,bank_transfer,1,274.23
464,credit_card,2,55.79
465,credit_card,2,150.87
466,credit_card,12,598.87
467,cash_on_delivery,1,328.75
468,credit_card,2,35.82
469,cash_on_delivery,1,310.35
470,cash_on_delivery,1,207.26
471,credit_card,2,83.31
472,credit_card,2,304.37
473,cash_on_delivery,1,320.84
474,cash_on_delivery,1,353.33
475,credit_card,3,619.34
476,wallet,1,259.34
477,cash_on_delivery,1,121.01
478,credit_card,2,158.64
479,cash_on_delivery,1,842.59
480,credit_card,3,189.67
481,cash_on_delivery,1,49.46
482,credit_card,1,1010.02
483,cash_on_delivery,1,910.8
484,credit_card,12,372.93
485,bank_transfer,1,329.96
486,credit_card,3,57.57
487,cash_on_delivery,1,27.92
488,bank_transfer,1,556.15
489,credit_card,12,1771.97
490,cash_on_delivery,1,273.82
491,cash_on_delivery,1,457.88
492,wallet,1,647.89
493,credit_card,6,49.69
494,cash_on_delivery,1,1626.59
495,cash_on_delivery,1,185.53
496,credit_card,1,106.65
497,credit_card,2,484.59
498,credit_card,2,366.2
499,credit_card,3,171.65
500,credit_card,12,267.43
501,credit_card,2,133.79
502,cash_on_delivery,1,474.97
503,bank_transfer,1,312.95
504,wallet,1,6.66
505,credit_card,6,19.22
506,cash_on_delivery,1,224.78
507,credit_card,1,2268.65
508,credit_card,3,52.88
509,credit_card,2,48.79
510,cash_on_delivery,1,88.42
511,cash_on_delivery,1,927.7
512,cash_on_delivery,1,124.26
513,cash_on_delivery,1,43.5
514,credit_card,2,1436.52
515,wallet,1,122.12
516,wallet,1,12.54
517,cash_on_delivery,1,30.11
518,wallet,1,37.63
519,credit_card,6,7.27
520,credit_card,6,288.57
521,cash_on_delivery,1,290.39
522,credit_card,1,92.51
523,bank_transfer,1,163.67
524,credit_card,6,216.52
525,cash_on_delivery,1,247.59
526,wallet,1,29.27
527,credit_card,1,118.66
528,cash_on_delivery,1,594.91
529,credit_card,12,120.3
530,credit_card,2,40.96
531,credit_card,2,490.62
532,bank_transfer,1,729.18
533,credit_card,6,118.23
534,cash_on_delivery,1,60.81
535,credit_card,1,208.16
536,cash_on_delivery,1,75.16
537,credit_card,6,147.11
538,wallet,1,242.65
539,credit_card,1,276.87
540,cash_on_delivery,1,64.06
541,credit_card,12,201.6
542,credit_card,6,316.02
543,credit_card,2,817.11
544,credit_card,1,77.79
545,wallet,1,254.89
546,credit_card,1,31.35
547,credit_card,1,70.33
548,cash_on_delivery,1,69.53
549,cash_on_delivery,1,1588.54
550,credit_card,1,213.16
551,credit_card,1,701.1
552,credit_card,2,166.37
553,cash_on_delivery,1,126.76
554,cash_on_delivery,1,52.05
555,cash_on_delivery,1,206.99
556,cash_on_delivery,1,6.58
557,credit_card,1,55.03
558,wallet,1,784.97
559,wallet,1,575.96
560,credit_card,1,74.99
561,cash_on_delivery,1,252.98
562,cash_on_delivery,1,118.5
563,credit_card,3,80.48
564,credit_card,1,224.38
565,credit_card,1,83.67
566,credit_card,2,41.11
567,credit_card,3,2.87
568,cash_on_delivery,1,68.21
569,cash_on_delivery,1,176.97
570,wallet,1,1386.26
571,cash_on_delivery,1,249.08
572,cash_on_delivery,1,210.54
573,cash_on_delivery,1,1100.79
574,credit_card,2,15.56
575,credit_card,1,33.99
576,cash_on_delivery,1,52.69
577,cash_on_delivery,1,92.44
578,credit_card,1,93.39
579,bank_transfer,1,8.64
580,credit_card,1,255.11
581,wallet,1,62.41
582,credit_card,6,1518.38
583,bank_transfer,1,217.76
584,cash_on_delivery,1,309.65
585,cash_on_delivery,1,275.58
586,credit_card,2,315.16
587,cash_on_delivery,1,46.7
588,cash_on_delivery,1,1054.86
589,bank_transfer,1,81.06
590,wallet,1,220.01
591,credit_card,3,56.78
592,cash_on_delivery,1,7.31
593,cash_on_delivery,1,122.16
594,credit_card,1,399.92
595,wallet,1,113.22
596,credit_card,1,49.99
597,cash_on_delivery,1,222.59
598,credit_card,3,220.17
599,credit_card,6,278.67
600,credit_card,6,180.3
601,credit_card,6,963.34
602,credit_card,2,38.84
603,cash_on_delivery,1,193.64
604,bank_transfer,1,47.48
605,wallet,1,91.84
606,credit_card,1,154.27
607,wallet,1,113.47
608,credit_card,2,93.84
609,credit_card,12,289.29
610,credit_card,6,674.45
611,credit_card,1,595.97
612,wallet,1,242.82
613,credit_card,2,164.69
614,credit_card,2,948.69
615,wallet,1,24.15
616,cash_on_delivery,1,32.47
617,credit_card,6,254.7
618,cash_on_delivery,1,91.05
619,credit_card,3,458.65
620,credit_card,1,141.58
621,cash_on_delivery,1,90.06
622,credit_card,1,186.81
623,cash_on_delivery,1,1108.19
624,credit_card,6,122.71
625,credit_card,2,97.02
626,cash_on_delivery,1,59.44
627,cash_on_delivery,1,1804.2
628,credit_card,6,256.53
629,credit_card,3,649.81
630,cash_on_delivery,1,262.33
631,credit_card,1,518.39
632,credit_card,3,49.52
633,bank_transfer,1,157.63
634,cash_on_delivery,1,48.68
635,cash_on_delivery,1,129.84
636,credit_card,1,587.82
637,wallet,1,179.18
638,credit_card,2,32.63
639,cash_on_delivery,1,264.9
640,credit_card,1,908.02
641,cash_on_delivery,1,30.13
642,cash_on_delivery,1,61.48
643,credit_card,2,232.33
644,credit_card,1,261.81
645,wallet,1,987.45
646,cash_on_delivery,1,200.91
647,credit_card,1,385.77
648,cash_on_delivery,1,205.7
649,credit_card,6,34.73
650,credit_card,3,39.73
651,cash_on_delivery,1,200.66
652,cash_on_delivery,1,363.97
653,wallet,1,252.33
654,credit_card,2,289.46
655,cash_on_delivery,1,90.53
656,cash_on_delivery,1,59.57
657,credit_card,1,139.05
658,credit_card,1,39.46
659,credit_card,1,710.77
660,credit_card,3,118.15
661,cash_on_delivery,1,188.33
662,credit_card,6,1429.66
663,cash_on_delivery,1,381.76
664,credit_card,3,158.01
665,credit_card,12,408.66
666,credit_card,1,62.46
667,credit_card,1,195.66
668,credit_card,2,349.75
669,credit_card,6,168.87
670,cash_on_delivery,1,1072.58
671,credit_card,12,154.63
672,credit_card,1,1210.47
673,credit_card,1,300.81
674,wallet,1,17.2
675,credit_card,1,139.38
676,cash_on_delivery,1,55.92
677,credit_card,3,78.38
678,credit_card,1,453.94
679,cash_on_delivery,1,939.17
680,credit_card,12,1097.44
681,cash_on_delivery,1,143.71
682,cash_on_delivery,1,968.39
683,credit_card,1,258.54
684,credit_card,1,619.4
685,cash_on_delivery,1,223.26
686,credit_card,1,290.94
687,wallet,1,729.08
688,cash_on_delivery,1,112.59
689,cash_on_delivery,1,74.8
690,cash_on_delivery,1,86.65
691,credit_card,6,527.43
692,cash_on_delivery,1,341.05
693,cash_on_delivery,1,707.76
694,credit_card,1,2.7
695,cash_on_delivery,1,20.37
696,wallet,1,554.93
697,wallet,1,258.13
698,credit_card,1,294.05
699,credit_card,2,86.72
700,wallet,1,704.44
701,bank_transfer,1,179.28
702,credit_card,12,191.36
703,wallet,1,242.01
704,cash_on_delivery,1,819.99
705,credit_card,6,961.65
706,cash_on_delivery,1,50.55
707,credit_card,6,320.63
708,credit_card,2,401.39
709,bank_transfer,1,285.16
710,cash_on_delivery,1,256.91
711,cash_on_delivery,1,442.69
712,credit_card,6,29.27
713,bank_transfer,1,87.49
714,credit_card,2,139.06
715,bank_transfer,1,47.5
716,cash_on_delivery,1,332.96
717,credit_card,3,103.71
718,cash_on_delivery,1,69.94
719,credit_card,1,1125.44
720,credit_card,1,431.36
721,credit_card,1,453.92
722,wallet,1,33.46
723,credit_card,1,16.03
724,credit_card,1,870.94
725,credit_card,12,599.9
726,cash_on_delivery,1,169.45
727,cash_on_delivery,1,121.54
728,wallet,1,114.08
729,credit_card,3,112.52
730,cash_on_delivery,1,33.44
731,wallet,1,314.48
732,cash_on_delivery,1,294.26
733,credit_card,2,28.79
734,cash_on_delivery,1,290.16
735,credit_card,1,677.74
736,credit_card,1,668.52
737,credit_card,6,756.61
738,credit_card,6,176.82
739,credit_card,2,783.56
740,credit_card,1,6.44
741,credit_card,12,326.06
742,wallet,1,166.48
743,credit_card,6,1158.06
744,credit_card,1,895.84
745,wallet,1,347.84
746,credit_card,1,540.44
747,bank_transfer,1,104.27
748,credit_card,3,718.26
749,credit_card,1,105.97
750,credit_card,1,646.57
751,bank_transfer,1,74.5
752,cash_on_delivery,1,91.21
753,cash_on_delivery,1,73.59
754,credit_card,1,1244.62
755,credit_card,1,643.4
756,credit_card,6,398.51
757,cash_on_delivery,1,350.27
758,cash_on_delivery,1,124.6
759,wallet,1,302.16
760,wallet,1,308.75
761,credit_card,1,120.69
762,bank_transfer,1,762.49
763,credit_card,1,256.78
764,cash_on_delivery,1,1197.03
765,cash_on_delivery,1,827.79
766,credit_card,12,688.74
767,credit_card,6,725.14
768,cash_on_delivery,1,351.52
769,cash_on_delivery,1,43.78
770,credit_card,1,687.29
771,credit_card,2,567.24
772,credit_card,1,199.0
773,credit_card,2,57.21
774,cash_on_delivery,1,234.16
775,cash_on_delivery,1,245.2
776,credit_card,1,168.42
777,cash_on_delivery,1,752.09
778,cash_on_delivery,1,3.73
779,wallet,1,1106.67
780,credit_card,3,84.43
781,credit_card,1,110.91
782,cash_on_delivery,1,170.95
783,wallet,1,7.29
784,wallet,1,471.58
785,credit_card,2,28.09
786,credit_card,3,369.31
787,cash_on_delivery,1,215.08
788,cash_on_delivery,1,132.47
789,credit_card,1,98.35
790,cash_on_delivery,1,236.05
791,cash_on_delivery,1,203.42
792,credit_card,2,150.17
793,cash_on_delivery,1,105.57
794,credit_card,2,1375.36
795,cash_on_delivery,1,56.44
796,cash_on_delivery,1,24.2
797,cash_on_delivery,1,127.96
798,wallet,1,219.73
799,cash_on_delivery,1,346.43
800,credit_card,6,395.74
801,credit_card,6,293.24
802,credit_card,1,321.62
803,cash_on_delivery,1,34.44
804,credit_card,1,119.08
805,credit_card,1,281.22
806,credit_card,1,77.11
807,cash_on_delivery,1,332.26
808,credit_card,1,651.14
809,cash_on_delivery,1,149.46
810,bank_transfer,1,759.88
811,cash_on_delivery,1,304.81
812,credit_card,1,120.61
813,cash_on_delivery,1,570.26
814,credit_card,2,204.73
815,cash_on_delivery,1,24.57
816,wallet,1,1217.31
817,cash_on_delivery,1,84.22
818,wallet,1,130.92
819,wallet,1,917.22
820,credit_card,3,224.2
821,cash_on_delivery,1,464.07
822,cash_on_delivery,1,48.24
823,cash_on_delivery,1,609.15
824,wallet,1,148.12
825,wallet,1,245.43
826,credit_card,6,859.15
827,cash_on_delivery,1,18.47
828,cash_on_delivery,1,88.81
829,cash_on_delivery,1,58.73
830,wallet,1,12.89
831,credit_card,2,248.2
832,credit_card,3,91.06
833,cash_on_delivery,1,1772.66
834,credit_card,2,246.77
835,wallet,1,43.82
836,cash_on_delivery,1,1135.45
837,cash_on_delivery,1,73.8
838,bank_transfer,1,615.72
839,credit_card,1,227.71
840,cash_on_delivery,1,583.96
841,credit_card,1,237.02
842,credit_card,1,239.48
843,credit_card,1,47.43
844,cash_on_delivery,1,295.18
845,wallet,1,945.8
846,credit_card,1,159.65
847,credit_card,2,188.8
848,credit_card,1,643.54
849,bank_transfer,1,260.58
850,wallet,1,110.61
851,credit_card,3,119.75
852,credit_card,12,157.05
853,credit_card,3,74.06
854,credit_card,3,376.1
855,cash_on_delivery,1,79.49
856,bank_transfer,1,563.37
857,credit_card,1,415.5
858,credit_card,12,190.15
859,cash_on_delivery,1,216.15
860,cash_on_delivery,1,48.54
861,bank_transfer,1,100.85
862,credit_card,1,39.81
863,cash_on_delivery,1,117.98
864,credit_card,3,242.2
865,credit_card,3,37.18
866,bank_transfer,1,284.33
867,credit_card,1,242.34
868,cash_on_delivery,1,34.41
869,credit_card,2,194.63
870,credit_card,12,220.23
871,cash_on_delivery,1,54.23
872,credit_card,2,906.28
873,credit_card,2,99.18
874,credit_card,3,126.33
875,cash_on_delivery,1,387.59
876,credit_card,6,7.81
877,bank_transfer,1,87.76
878,wallet,1,554.69
879,cash_on_delivery,1,262.51
880,cash_on_delivery,1,203.6
881,cash_on_delivery,1,39.31
882,cash_on_delivery,1,154.44
883,cash_on_delivery,1,446.84
884,credit_card,3,147.98
885,credit_card,3,29.62
886,credit_card,12,145.75
887,cash_on_delivery,1,76.49
888,cash_on_delivery,1,432.74
889,credit_card,3,235.19
890,credit_card,1,42.08
891,credit_card,2,287.36
892,credit_card,6,64.78
893,credit_card,3,1693.46
894,wallet,1,50.66
895,cash_on_delivery,1,259.16
896,credit_card,1,225.45
897,wallet,1,997.72
898,bank_transfer,1,106.12
899,credit_card,1,32.21
900,credit_card,3,57.36
901,credit_card,1,56.04
902,credit_card,1,142.06
903,credit_card,12,76.35
904,credit_card,2,256.34
905,cash_on_delivery,1,93.4
906,cash_on_delivery,1,129.46
907,cash_on_delivery,1,1268.98
908,credit_card,12,139.08
909,cash_on_delivery,1,94.57
910,cash_on_delivery,1,180.5
911,cash_on_delivery,1,39.64
912,credit_card,1,37.02
913,bank_transfer,1,72.4
914,credit_card,2,858.39
915,wallet,1,109.09
916,credit_card,1,49.29
917,credit_card,6,537.77
918,wallet,1,19.57
919,wallet,1,80.08
920,cash_on_delivery,1,27.62
921,credit_card,2,134.26
922,cash_on_delivery,1,13.05
923,cash_on_delivery,1,612.08
924,credit_card,6,1622.1
925,credit_card,1,85.95
926,credit_card,6,274.74
927,wallet,1,219.93
928,cash_on_delivery,1,200.63
929,credit_card,6,745.2
930,credit_card,6,53.9
931,credit_card,3,82.42
932,credit_card,1,99.03
933,credit_card,1,944.84
934,credit_card,3,2108.13
935,cash_on_delivery,1,30.51
936,credit_card,2,515.19
937,credit_card,1,1327.71
938,credit_card,1,275.46
939,wallet,1,33.62
940,cash_on_delivery,1,97.36
941,cash_on_delivery,1,73.89
942,credit_card,1,120.17
943,cash_on_delivery,1,71.06
944,credit_card,12,160.44
945,credit_card,12,20.3
946,wallet,1,618.77
947,credit_card,6,117.66
948,cash_on_delivery,1,20.33
949,credit_card,1,1285.12
950,cash_on_delivery,1,336.24
951,credit_card,12,83.17
952,bank_transfer,1,78.18
953,bank_transfer,1,366.13
954,cash_on_delivery,1,241.72
955,credit_card,2,88.73
956,wallet,1,447.76
957,credit_card,2,79.79
958,credit_card,2,444.58
959,cash_on_delivery,1,201.01
960,cash_on_delivery,1,442.46
961,wallet,1,68.48
962,bank_transfer,1,117.72
963,credit_card,1,380.03
964,credit_card,2,150.3
965,cash_on_delivery,1,193.59
966,cash_on_delivery,1,58.83
967,cash_on_delivery,1,59.12
968,cash_on_delivery,1,75.02
969,credit_card,6,30.73
970,credit_card,12,19.65
971,wallet,1,38.11
972,bank_transfer,1,621.91
973,credit_card,2,575.42
974,credit_card,2,502.44
975,credit_card,2,10.19
976,bank_transfer,1,451.32
977,cash_on_delivery,1,18.56
978,credit_card,12,213.7
979,cash_on_delivery,1,21.55
980,credit_card,6,11.36
981,cash_on_delivery,1,62.96
982,cash_on_delivery,1,122.8
983,credit_card,12,746.06
984,wallet,1,188.92
985,cash_on_delivery,1,14.75
986,wallet,1,753.11
987,credit_card,3,347.25
988,credit_card,6,897.89
989,credit_card,6,20.95
990,credit_card,12,76.92
991,wallet,1,526.88
992,credit_card,2,128.08
993,cash_on_delivery,1,303.29
994,credit_card,1,103.7
995,credit_card,1,139.16
996,wallet,1,21.34
997,bank_transfer,1,182.16
998,cash_on_delivery,1,293.44
999,wallet,1,180.09
1000,credit_card,1,76.58
1001,credit_card,3,202.12
1002,credit_card,12,699.56
1003,cash_on_delivery,1,356.14
1004,bank_transfer,1,98.68
1005,cash_on_delivery,1,1091.97
1006,wallet,1,289.79
1007,credit_card,3,10.85
1008,credit_card,3,159.03
1009,credit_card,1,434.11
1010,cash_on_delivery,1,10.66
1011,cash_on_delivery,1,19.62
1012,credit_card,2,17.34
1013,bank_transfer,1,215.74
1014,wallet,1,28.81
1015,credit_card,2,184.65
1016,credit_card,1,792.73
1017,bank_transfer,1,897.82
1018,credit_card,2,486.99
1019,credit_card,1,198.98
1020,bank_transfer,1,1064.88
1021,credit_card,6,92.27
1022,credit_card,2,89.94
1023,credit_card,1,16.88
1024,credit_card,1,86.24
1025,credit_card,1,229.78
1026,credit_card,6,17.63
1027,cash_on_delivery,1,250.18
1028,wallet,1,181.59
1029,wallet,1,30.19
1030,credit_card,1,56.5
1031,credit_card,1,301.29
1032,cash_on_delivery,1,87.98
1033,credit_card,3,346.56
1034,wallet,1,448.67
1035,credit_card,3,287.27
1036,cash_on_delivery,1,802.75
1037,cash_on_delivery,1,621.49
1038,credit_card,2,212.67
1039,cash_on_delivery,1,80.13
1040,credit_card,12,274.3
1041,cash_on_delivery,1,817.13
1042,bank_transfer,1,24.44
1043,bank_transfer,1,17.38
1044,wallet,1,455.82
1045,cash_on_delivery,1,188.75
1046,credit_card,6,102.95
1047,wallet,1,56.41
1048,credit_card,6,115.24
1049,credit_card,1,15.05
1050,cash_on_delivery,1,732.32
1051,credit_card,2,1310.72
1052,cash_on_delivery,1,967.53
1053,credit_card,1,813.83
1054,credit_card,1,480.71
1055,cash_on_delivery,1,105.95
1056,credit_card,2,71.22
1057,credit_card,6,468.4
1058,cash_on_delivery,1,149.18
1059,cash_on_delivery,1,89.4
1060,credit_card,6,640.18
1061,cash_on_delivery,1,238.33
1062,cash_on_delivery,1,215.54
1063,cash_on_delivery,1,408.33
1064,cash_on_delivery,1,100.18
1065,wallet,1,435.96
1066,cash_on_delivery,1,21.73
1067,credit_card,1,133.82
1068,cash_on_delivery,1,17.79
1069,credit_card,1,319.01
1070,wallet,1,707.05
1071,credit_card,1,842.63
1072,credit_card,6,678.94
1073,credit_card,2,39.78
1074,credit_card,1,262.88
1075,bank_transfer,1,32.98
1076,credit_card,3,861.65
1077,credit_card,1,1560.31
1078,credit_card,2,696.69
1079,credit_card,2,21.76
1080,cash_on_delivery,1,137.01
1081,cash_on_delivery,1,593.23
1082,credit_card,1,184.51
1083,wallet,1,154.98
1084,credit_card,1,109.16
1085,bank_transfer,1,704.53
1086,wallet,1,262.29
1087,bank_transfer,1,335.55
1088,credit_card,1,505.31
1089,credit_card,12,353.8
1090,wallet,1,49.41
1091,credit_card,1,105.62
1092,credit_card,3,10.61
1093,cash_on_delivery,1,957.39
1094,wallet,1,865.34
1095,credit_card,2,101.12
1096,credit_card,3,932.23
1097,credit_card,6,90.82
1098,wallet,1,58.67
1099,credit_card,1,751.3
1100,cash_on_delivery,1,92.85
1101,cash_on_delivery,1,40.87
1102,credit_card,6,843.19
1103,wallet,1,256.08
1104,wallet,1,177.45
1105,credit_card,1,367.03
1106,credit_card,1,50.18
1107,credit_card,2,1213.79
1108,credit_card,1,128.3
1109,cash_on_delivery,1,47.03
1110,wallet,1,79.93
1111,wallet,1,694.5
1112,bank_transfer,1,1546.63
1113,wallet,1,584.12
1114,cash_on_delivery,1,399.71
1115,credit_card,1,144.79
1116,credit_card,1,688.9
1117,cash_on_delivery,1,215.92
1118,credit_card,3,247.06
1119,credit_card,6,86.16
1120,bank_transfer,1,361.14
1121,wallet,1,80.01
1122,credit_card,1,216.07
1123,credit_card,3,28.62
1124,cash_on_delivery,1,285.26
1125,cash_on_delivery,1,34.4
1126,cash_on_delivery,1,51.85
1127,credit_card,1,85.01
1128,cash_on_delivery,1,230.94
1129,cash_on_delivery,1,428.61
1130,cash_on_delivery,1,43.28
1131,credit_card,12,9.01
1132,wallet,1,305.52
1133,cash_on_delivery,1,453.44
1134,credit_card,6,420.37
1135,credit_card,2,140.2
1136,credit_card,3,38.04
1137,credit_card,1,802.3
1138,cash_on_delivery,1,555.18
1139,cash_on_delivery,1,222.54
1140,bank_transfer,1,18.79
1141,cash_on_delivery,1,29.12
1142,cash_on_delivery,1,160.72
1143,credit_card,1,713.21
1144,credit_card,1,200.05
1145,credit_card,2,259.86
1146,cash_on_delivery,1,32.82
1147,wallet,1,791.85
1148,credit_card,3,454.61
1149,cash_on_delivery,1,30.85
1150,cash_on_delivery,1,1262.49
1151,credit_card,12,68.78
1152,cash_on_delivery,1,552.11
1153,cash_on_delivery,1,21.93
1154,credit_card,1,55.44
1155,credit_card,6,592.01
1156,cash_on_delivery,1,282.99
1157,credit_card,1,42.86
1158,credit_card,1,114.29
1159,credit_card,12,6.58
1160,cash_on_delivery,1,186.12
1161,cash_on_delivery,1,61.66
1162,cash_on_delivery,1,145.04
1163,credit_card,12,677.59
1164,credit_card,1,207.33
1165,credit_card,2,13.2
1166,cash_on_delivery,1,54.8
1167,credit_card,2,41.36
1168,credit_card,1,191.45
1169,credit_card,1,80.39
1170,credit_card,1,91.17
1171,wallet,1,29.17
1172,wallet,1,30.9
1173,cash_on_delivery,1,411.72
1174,bank_transfer,1,475.16
1175,credit_card,6,302.04
1176,wallet,1,44.14
1177,credit_card,3,27.88
1178,credit_card,2,22.86
1179,credit_card,3,298.19
1180,credit_card,3,621.14
1181,credit_card,3,1353.15
1182,credit_card,6,176.52
1183,credit_card,3,271.42
1184,credit_card,2,192.98
1185,cash_on_delivery,1,374.82
1186,credit_card,12,750.89
1187,credit_card,3,85.78
1188,bank_transfer,1,79.27
1189,bank_transfer,1,36.62
1190,credit_card,12,43.47
1191,cash_on_delivery,1,716.34
1192,credit_card,2,187.0
1193,cash_on_delivery,1,49.17
1194,credit_card,6,156.52
1195,credit_card,1,2.85
1196,cash_on_delivery,1,83.06
1197,credit_card,3,686.67
1198,credit_card,3,290.1
1199,credit_card,12,192.36
1200,credit_card,1,128.46
1201,cash_on_delivery,1,863.79
1202,credit_card,3,53.36
1203,credit_card,3,38.15
1204,credit_card,6,434.44
1205,credit_card,3,444.81
1206,cash_on_delivery,1,132.04
1207,cash_on_delivery,1,27.92
1208,credit_card,3,21.18
1209,credit_card,1,152.45
1210,cash_on_delivery,1,1052.27
1211,wallet,1,1002.06
1212,credit_card,12,541.8
1213,cash_on_delivery,1,171.45
1214,credit_card,3,971.83
1215,credit_card,1,40.57
1216,cash_on_delivery,1,2.73
1217,cash_on_delivery,1,97.72
1218,credit_card,6,56.92
1219,wallet,1,549.23
1220,credit_card,2,286.72
1221,cash_on_delivery,1,199.68
1222,credit_card,2,171.58
1223,credit_card,1,458.45
1224,credit_card,1,61.3
1225,cash_on_delivery,1,449.16
1226,cash_on_delivery,1,84.68
1227,cash_on_delivery,1,743.37
1228,cash_on_delivery,1,87.07
1229,cash_on_delivery,1,97.12
1230,credit_card,12,401.84
1231,credit_card,2,83.94
1232,credit_card,1,327.13
1233,wallet,1,808.32
1234,credit_card,1,1287.87
1235,credit_card,1,596.09
1236,cash_on_delivery,1,28.76
1237,cash_on_delivery,1,276.56
1238,cash_on_delivery,1,254.56
1239,wallet,1,190.68
1240,credit_card,1,636.02
1241,cash_on_delivery,1,244.58
1242,cash_on_delivery,1,149.59
1243,cash_on_delivery,1,81.84
1244,credit_card,1,285.07
1245,wallet,1,251.91
1246,cash_on_delivery,1,179.41
1247,cash_on_delivery,1,47.28
1248,cash_on_delivery,1,147.96
1249,cash_on_delivery,1,74.89
1250,bank_transfer,1,129.44
1251,cash_on_delivery,1,116.07
1252,credit_card,1,156.1
1253,cash_on_delivery,1,131.26
1254,cash_on_delivery,1,15.57
1255,wallet,1,262.5
1256,cash_on_delivery,1,252.49
1257,credit_card,6,156.65
1258,wallet,1,1598.18
1259,credit_card,1,69.07
1260,cash_on_delivery,1,101.99
1261,bank_transfer,1,17.29
1262,credit_card,1,63.74
1263,cash_on_delivery,1,213.75
1264,credit_card,1,55.86
1265,cash_on_delivery,1,13.05
1266,bank_transfer,1,105.42
1267,cash_on_delivery,1,261.44
1268,bank_transfer,1,245.46
1269,cash_on_delivery,1,72.56
1270,cash_on_delivery,1,709.7
1271,credit_card,2,1508.65
1272,credit_card,6,360.01
1273,cash_on_delivery,1,205.92
1274,credit_card,3,173.91
1275,wallet,1,30.05
1276,wallet,1,213.53
1277,cash_on_delivery,1,185.1
1278,credit_card,12,180.81
1279,credit_card,3,84.2
1280,credit_card,1,491.51
1281,cash_on_delivery,1,31.41
1282,cash_on_delivery,1,609.35
1283,cash_on_delivery,1,198.17
1284,cash_on_delivery,1,290.1
1285,credit_card,6,424.13
1286,cash_on_delivery,1,257.85
1287,credit_card,1,924.95
1288,cash_on_delivery,1,55.73
1289,cash_on_delivery,1,514.58
1290,cash_on_delivery,1,188.3
1291,wallet,1,128.87
1292,cash_on_delivery,1,42.18
1293,cash_on_delivery,1,168.49
1294,cash_on_delivery,1,115.99
1295,cash_on_delivery,1,195.38
1296,credit_card,1,1484.57
1297,cash_on_delivery,1,2515.33
1298,bank_transfer,1,217.06
1299,credit_card,1,277.16
1300,cash_on_delivery,1,113.85
1301,cash_on_delivery,1,59.76
1302,credit_card,12,177.74
1303,wallet,1,190.73
1304,credit_card,1,19.09
1305,credit_card,1,1114.19
1306,credit_card,1,426.64
1307,cash_on_delivery,1,162.64
1308,wallet,1,37.4
1309,credit_card,1,31.67
1310,credit_card,2,31.38
1311,wallet,1,31.02
1312,credit_card,3,725.03
1313,cash_on_delivery,1,19.83
1314,wallet,1,40.55
1315,credit_card,1,361.54
1316,credit_card,3,57.42
1317,credit_card,1,819.66
1318,cash_on_delivery,1,48.69
1319,cash_on_delivery,1,142.36
1320,bank_transfer,1,746.46
1321,cash_on_delivery,1,609.57
1322,wallet,1,269.95
1323,credit_card,1,258.27
1324,cash_on_delivery,1,25.27
1325,credit_card,1,95.37
1326,credit_card,3,152.19
1327,credit_card,1,99.31
1328,credit_card,2,147.44
1329,cash_on_delivery,1,884.15
1330,credit_card,1,251.28
1331,credit_card,1,1105.59
1332,cash_on_delivery,1,6.23
1333,credit_card,2,83.17
1334,cash_on_delivery,1,1433.14
1335,credit_card,3,167.07
1336,credit_card,2,39.01
1337,credit_card,6,727.42
1338,cash_on_delivery,1,7.25
1339,cash_on_delivery,1,298.26
1340,credit_card,3,135.09
1341,bank_transfer,1,222.55
1342,cash_on_delivery,1,889.19
1343,credit_card,1,831.02
1344,wallet,1,632.46
1345,credit_card,12,55.88
1346,credit_card,3,348.77
1347,cash_on_delivery,1,111.95
1348,credit_card,1,402.59
1349,credit_card,1,74.42
1350,credit_card,6,2.7
1351,credit_card,6,989.78
1352,credit_card,2,90.29
1353,wallet,1,367.85
1354,wallet,1,318.68
1355,wallet,1,147.16
1356,cash_on_delivery,1,52.39
1357,cash_on_delivery,1,160.1
1358,credit_card,1,571.3
1359,cash_on_delivery,1,106.73
1360,credit_card,1,63.54
1361,credit_card,1,33.59
1362,credit_card,2,345.5
1363,cash_on_delivery,1,70.23
1364,wallet,1,74.88
1365,cash_on_delivery,1,40.38
1366,wallet,1,698.59
1367,credit_card,12,11.14
1368,cash_on_delivery,1,74.58
1369,credit_card,2,712.96
1370,cash_on_delivery,1,28.49
1371,cash_on_delivery,1,76.45
1372,cash_on_delivery,1,324.2
1373,cash_on_delivery,1,1362.41
1374,credit_card,1,747.36
1375,cash_on_delivery,1,232.04
1376,wallet,1,628.32
1377,credit_card,12,13.75
1378,cash_on_delivery,1,131.96
1379,wallet,1,176.23
1380,credit_card,2,262.22
1381,credit_card,3,254.58
1382,credit_card,1,668.21
1383,wallet,1,345.71
1384,credit_card,2,497.86
1385,credit_card,3,854.4
1386,cash_on_delivery,1,127.5
1387,credit_card,3,673.95
1388,cash_on_delivery,1,316.41
1389,wallet,1,186.77
1390,credit_card,1,338.96
1391,credit_card,3,977.03
1392,cash_on_delivery,1,29.29
1393,credit_card,6,72.15
1394,cash_on_delivery,1,296.43
1395,credit_card,1,289.11
1396,credit_card,1,346.8
1397,cash_on_delivery,1,61.02
1398,credit_card,1,59.95
1399,cash_on_delivery,1,52.41
1400,cash_on_delivery,1,141.68
1401,cash_on_delivery,1,240.03
1402,credit_card,6,343.43
1403,bank_transfer,1,192.01
1404,credit_card,2,111.92
1405,cash_on_delivery,1,83.14
1406,cash_on_delivery,1,879.4
1407,credit_card,12,197.47
1408,cash_on_delivery,1,737.4
1409,bank_transfer,1,39.84
1410,credit_card,12,361.72
1411,bank_transfer,1,234.51
1412,cash_on_delivery,1,195.97
1413,wallet,1,959.18
1414,credit_card,2,407.1
1415,cash_on_delivery,1,85.12
1416,credit_card,12,80.45
1417,cash_on_delivery,1,45.65
1418,credit_card,12,53.62
1419,bank_transfer,1,479.04
1420,credit_card,2,255.7
1421,wallet,1,73.58
1422,credit_card,2,80.57
1423,credit_card,12,188.61
1424,credit_card,1,183.74
1425,credit_card,1,435.35
1426,cash_on_delivery,1,898.29
1427,credit_card,3,17.97
1428,wallet,1,833.55
1429,cash_on_delivery,1,553.76
1430,credit_card,2,2233.23
1431,credit_card,2,764.71
1432,cash_on_delivery,1,76.82
1433,credit_card,1,74.19
1434,credit_card,1,103.88
1435,cash_on_delivery,1,232.79
1436,wallet,1,440.64
1437,credit_card,6,597.31
1438,credit_card,1,6.39
1439,cash_on_delivery,1,388.69
1440,bank_transfer,1,629.69
1441,credit_card,1,192.44
1442,cash_on_delivery,1,100.82
1443,cash_on_delivery,1,183.34
1444,cash_on_delivery,1,951.54
1445,credit_card,3,380.66
1446,credit_card,1,19.67
1447,cash_on_delivery,1,240.82
1448,cash_on_delivery,1,95.75
1449,cash_on_delivery,1,31.48
1450,credit_card,6,232.16
1451,cash_on_delivery,1,194.21
1452,credit_card,1,272.71
1453,credit_card,1,885.04
1454,cash_on_delivery,1,25.27
1455,credit_card,6,62.23
1456,bank_transfer,1,83.45
1457,credit_card,12,42.25
1458,wallet,1,19.11
1459,cash_on_delivery,1,87.89
1460,bank_transfer,1,157.44
1461,cash_on_delivery,1,32.38
1462,bank_transfer,1,316.27
1463,wallet,1,232.46
1464,wallet,1,823.3
1465,credit_card,2,206.07
1466,credit_card,2,179.2
1467,credit_card,1,19.09
1468,cash_on_delivery,1,95.11
1469,credit_card,2,549.16
1470,cash_on_delivery,1,287.6
1471,credit_card,1,182.75
1472,cash_on_delivery,1,833.22
1473,credit_card,1,73.88
1474,credit_card,12,265.33
1475,credit_card,6,13.93
1476,credit_card,1,687.09
1477,credit_card,1,19.95
1478,wallet,1,134.97
1479,credit_card,2,16.85
1480,cash_on_delivery,1,952.49
1481,cash_on_delivery,1,105.75
1482,credit_card,6,493.81
1483,bank_transfer,1,145.21
1484,cash_on_delivery,1,91.06
1485,cash_on_delivery,1,35.37
1486,bank_transfer,1,1426.69
1487,cash_on_delivery,1,156.09
1488,credit_card,1,140.86
1489,credit_card,3,599.91
1490,cash_on_delivery,1,409.38
1491,credit_card,1,1068.35
1492,wallet,1,1517.45
1493,cash_on_delivery,1,325.15
1494,credit_card,1,1193.68
1495,cash_on_delivery,1,147.85
1496,wallet,1,13.87
1497,credit_card,12,145.87
1498,cash_on_delivery,1,294.72
1499,cash_on_delivery,1,91.35
1500,credit_card,1,197.86
1501,cash_on_delivery,1,619.49
1502,bank_transfer,1,85.63
1503,credit_card,6,163.59
1504,credit_card,1,186.32
1505,credit_card,6,608.35
1506,wallet,1,227.03
1507,bank_transfer,1,884.88
1508,cash_on_delivery,1,19.94
1509,credit_card,1,235.59
1510,credit_card,6,157.64
1511,wallet,1,34.67
1512,cash_on_delivery,1,2037.04
1513,cash_on_delivery,1,143.2
1514,wallet,1,701.71
1515,wallet,1,270.02
1516,cash_on_delivery,1,1314.97
1517,cash_on_delivery,1,8.04
1518,cash_on_delivery,1,257.33
1519,wallet,1,450.92
1520,credit_card,3,77.66
1521,credit_card,1,108.14
1522,cash_on_delivery,1,35.27
1523,bank_transfer,1,521.0
1524,credit_card,2,691.04
1525,credit_card,3,32.47
1526,cash_on_delivery,1,224.29
1527,credit_card,12,53.88
1528,credit_card,12,57.12
1529,wallet,1,844.48
1530,credit_card,2,172.94
1531,credit_card,1,116.03
1532,cash_on_delivery,1,91.87
1533,wallet,1,859.82
1534,credit_card,12,508.79
1535,bank_transfer,1,191.69
1536,cash_on_delivery,1,410.27
1537,credit_card,2,31.34
1538,wallet,1,62.84
1539,cash_on_delivery,1,432.75
1540,credit_card,3,7.21
1541,wallet,1,403.33
1542,cash_on_delivery,1,856.64
1543,cash_on_delivery,1,458.85
1544,credit_card,1,71.15
1545,cash_on_delivery,1,117.78
1546,cash_on_delivery,1,63.29
1547,cash_on_delivery,1,347.45
1548,credit_card,3,745.94
1549,cash_on_delivery,1,260.52
1550,credit_card,1,133.24
1551,credit_card,1,15.35
1552,credit_card,6,811.12
1553,cash_on_delivery,1,368.36
1554,credit_card,6,147.63
1555,wallet,1,808.48
1556,wallet,1,57.27
1557,credit_card,2,22.07
1558,credit_card,3,54.34
1559,cash_on_delivery,1,56.87
1560,credit_card,1,472.91
1561,credit_card,6,28.29
1562,cash_on_delivery,1,160.21
1563,cash_on_delivery,1,102.22
1564,credit_card,6,205.71
1565,credit_card,2,432.54
1566,wallet,1,28.13
1567,credit_card,1,274.2
1568,cash_on_delivery,1,90.32
1569,bank_transfer,1,826.25
1570,credit_card,1,119.22
1571,wallet,1,154.79
1572,cash_on_delivery,1,46.45
1573,wallet,1,359.4
1574,credit_card,3,1048.17
1575,cash_on_delivery,1,40.33
1576,cash_on_delivery,1,25.92
1577,credit_card,2,127.4
1578,cash_on_delivery,1,55.24
1579,cash_on_delivery,1,835.04
1580,credit_card,2,8.55
1581,credit_card,3,717.69
1582,bank_transfer,1,386.32
1583,credit_card,2,79.46
1584,credit_card,1,32.92
1585,credit_card,1,41.63
1586,credit_card,1,959.72
1587,cash_on_delivery,1,616.96
1588,wallet,1,194.9
1589,wallet,1,149.89
1590,cash_on_delivery,1,82.13
1591,wallet,1,593.43
1592,cash_on_delivery,1,322.51
1593,cash_on_delivery,1,94.89
1594,wallet,1,44.86
1595,cash_on_delivery,1,118.99
1596,credit_card,1,102.34
1597,cash_on_delivery,1,133.67
1598,credit_card,2,137.68
1599,wallet,1,1009.6
1600,cash_on_delivery,1,10.81
1601,wallet,1,983.67
1602,cash_on_delivery,1,159.93
1603,cash_on_delivery,1,15.44
1604,credit_card,1,26.36
1605,credit_card,2,87.3
1606,cash_on_delivery,1,738.98
1607,cash_on_delivery,1,879.04
1608,cash_on_delivery,1,188.67
1609,cash_on_delivery,1,196.73
1610,cash_on_delivery,1,202.42
1611,credit_card,3,148.01
1612,cash_on_delivery,1,31.02
1613,wallet,1,87.25
1614,credit_card,3,104.62
1615,bank_transfer,1,79.95
1616,credit_card,1,432.26
1617,wallet,1,54.34
1618,credit_card,2,993.08
1619,cash_on_delivery,1,52.76
1620,credit_card,6,94.58
1621,wallet,1,138.45
1622,credit_card,3,101.95
1623,credit_card,1,110.1
1624,credit_card,3,92.18
1625,credit_card,6,246.68
1626,bank_transfer,1,515.18
1627,cash_on_delivery,1,888.03
1628,cash_on_delivery,1,59.75
1629,bank_transfer,1,261.57
1630,wallet,1,470.19
1631,cash_on_delivery,1,614.6
1632,cash_on_delivery,1,305.17
1633,bank_transfer,1,55.56
1634,cash_on_delivery,1,168.41
1635,credit_card,1,128.83
1636,cash_on_delivery,1,12.53
1637,cash_on_delivery,1,83.93
1638,credit_card,3,155.73
1639,cash_on_delivery,1,1117.27
1640,credit_card,1,289.47
1641,wallet,1,156.55
1642,cash_on_delivery,1,678.52
1643,credit_card,1,98.5
1644,credit_card,6,339.52
1645,bank_transfer,1,748.74
1646,credit_card,6,1716.04
1647,credit_card,2,102.75
1648,credit_card,1,1421.22
1649,credit_card,12,591.44
1650,credit_card,2,792.31
1651,cash_on_delivery,1,1201.1
1652,credit_card,2,1319.65
1653,credit_card,2,6.29
1654,cash_on_delivery,1,420.73
1655,credit_card,1,26.7
1656,wallet,1,17.26
1657,credit_card,6,267.45
1658,cash_on_delivery,1,284.87
1659,wallet,1,663.73
1660,cash_on_delivery,1,552.73
1661,cash_on_delivery,1,660.55
1662,credit_card,3,133.94
1663,cash_on_delivery,1,142.14
1664,wallet,1,234.09
1665,wallet,1,1339.3
1666,wallet,1,721.88
1667,credit_card,2,309.78
1668,cash_on_delivery,1,82.86
1669,wallet,1,300.76
1670,wallet,1,335.55
1671,cash_on_delivery,1,446.15
1672,cash_on_delivery,1,770.42
1673,credit_card,1,787.39
1674,credit_card,1,528.33
1675,credit_card,12,1300.91
1676,credit_card,3,60.29
1677,credit_card,2,133.04
1678,cash_on_delivery,1,137.0
1679,cash_on_delivery,1,2.8
1680,wallet,1,61.02
1681,credit_card,2,43.35
1682,credit_card,6,533.03
1683,cash_on_delivery,1,248.93
1684,credit_card,1,2.77
1685,cash_on_delivery,1,334.83
1686,credit_card,1,288.93
1687,credit_card,6,454.11
1688,cash_on_delivery,1,345.51
1689,cash_on_delivery,1,174.81
1690,credit_card,1,17.52
1691,credit_card,1,218.89
1692,credit_card,1,1848.02
1693,wallet,1,212.69
1694,cash_on_delivery,1,149.24
1695,cash_on_delivery,1,158.65
1696,cash_on_delivery,1,313.88
1697,credit_card,6,235.37
1698,credit_card,6,115.75
1699,cash_on_delivery,1,155.19
1700,credit_card,2,407.17
1701,wallet,1,40.83
1702,cash_on_delivery,1,956.85
1703,cash_on_delivery,1,212.4
1704,cash_on_delivery,1,75.93
1705,credit_card,1,348.11
1706,cash_on_delivery,1,149.63
1707,bank_transfer,1,15.93
1708,cash_on_delivery,1,376.92
1709,credit_card,2,41.9
1710,credit_card,3,1159.34
1711,credit_card,12,43.11
1712,cash_on_delivery,1,94.64
1713,credit_card,2,89.62
1714,wallet,1,180.46
1715,cash_on_delivery,1,42.63
1716,credit_card,2,939.57
1717,cash_on_delivery,1,99.72
1718,credit_card,2,149.08
1719,cash_on_delivery,1,100.21
1720,cash_on_delivery,1,699.33
1721,credit_card,6,898.38
1722,wallet,1,124.43
1723,credit_card,3,24.42
1724,cash_on_delivery,1,653.17
1725,bank_transfer,1,614.98
1726,cash_on_delivery,1,426.19
1727,wallet,1,105.03
1728,credit_card,1,430.64
1729,credit_card,1,23.99
1730,wallet,1,360.64
1731,credit_card,1,3.89
1732,bank_transfer,1,190.74
1733,credit_card,3,232.29
1734,bank_transfer,1,282.1
1735,wallet,1,657.55
1736,cash_on_delivery,1,135.99
1737,credit_card,12,1276.24
1738,bank_transfer,1,70.55
1739,credit_card,1,376.92
1740,cash_on_delivery,1,388.86
1741,credit_card,2,668.9
1742,credit_card,1,223.84
1743,credit_card,6,358.78
1744,wallet,1,101.52
1745,bank_transfer,1,577.75
1746,cash_on_delivery,1,439.35
1747,credit_card,3,822.56
1748,credit_card,1,91.88
1749,cash_on_delivery,1,178.03
1750,credit_card,12,323.36
1751,cash_on_delivery,1,28.8
1752,cash_on_delivery,1,332.7
1753,credit_card,12,150.76
1754,credit_card,1,134.62
1755,bank_transfer,1,107.01
1756,wallet,1,56.77
1757,cash_on_delivery,1,303.44
1758,cash_on_delivery,1,745.52
1759,cash_on_delivery,1,279.15
1760,credit_card,6,141.83
1761,credit_card,6,53.95
1762,cash_on_delivery,1,573.33
1763,wallet,1,292.16
1764,credit_card,2,20.58
1765,credit_card,2,164.68
1766,bank_transfer,1,132.42
1767,cash_on_delivery,1,70.2
1768,credit_card,1,159.52
1769,wallet,1,41.61
1770,credit_card,2,335.88
1771,credit_card,6,168.85
1772,cash_on_delivery,1,122.92
1773,cash_on_delivery,1,374.8
1774,credit_card,6,51.58
1775,credit_card,1,797.3
1776,credit_card,1,501.07
1777,wallet,1,79.45
1778,cash_on_delivery,1,113.6
1779,cash_on_delivery,1,873.51
1780,cash_on_delivery,1,295.95
1781,credit_card,2,57.23
1782,credit_card,1,224.2
1783,credit_card,12,311.86
1784,bank_transfer,1,88.39
1785,wallet,1,294.39
1786,credit_card,1,233.1
1787,credit_card,6,55.39
1788,bank_transfer,1,81.27
1789,cash_on_delivery,1,125.51
1790,cash_on_delivery,1,31.72
1791,bank_transfer,1,41.79
1792,wallet,1,995.41
1793,credit_card,1,1137.6
1794,credit_card,1,1203.88
1795,wallet,1,296.68
1796,cash_on_delivery,1,756.4
1797,bank_transfer,1,123.79
1798,cash_on_delivery,1,1621.25
1799,credit_card,1,23.43
1800,credit_card,6,49.93
1801,wallet,1,693.39
1802,cash_on_delivery,1,559.82
1803,bank_transfer,1,235.72
1804,cash_on_delivery,1,241.83
1805,cash_on_delivery,1,972.54
1806,cash_on_delivery,1,83.73
1807,credit_card,12,17.86
1808,cash_on_delivery,1,109.51
1809,wallet,1,262.57
1810,credit_card,2,50.85
1811,cash_on_delivery,1,291.34
1812,credit_card,3,460.19
1813,credit_card,1,668.37
1814,credit_card,2,182.49
1815,credit_card,3,126.66
1816,credit_card,2,76.85
1817,credit_card,6,1161.2
1818,credit_card,6,402.85
1819,credit_card,1,304.21
1820,credit_card,2,45.74
1821,credit_card,1,685.62
1822,credit_card,1,16.19
1823,credit_card,1,250.65
1824,credit_card,3,514.37
1825,credit_card,1,1561.28
1826,wallet,1,49.64
1827,credit_card,3,148.85
1828,credit_card,2,248.28
1829,bank_transfer,1,471.87
1830,credit_card,3,189.45
1831,cash_on_delivery,1,14.92
1832,credit_card,1,1132.08
1833,cash_on_delivery,1,41.13
1834,credit_card,3,871.6
1835,cash_on_delivery,1,71.5
1836,bank_transfer,1,30.38
1837,cash_on_delivery,1,540.11
1838,credit_card,1,310.55
1839,wallet,1,39.41
1840,cash_on_delivery,1,149.11
1841,cash_on_delivery,1,255.62
1842,cash_on_delivery,1,409.68
1843,credit_card,2,10.87
1844,cash_on_delivery,1,200.22
1845,credit_card,1,543.57
1846,credit_card,1,297.96
1847,bank_transfer,1,47.58
1848,wallet,1,1063.88
1849,credit_card,1,48.12
1850,credit_card,12,313.16
1851,credit_card,1,412.55
1852,wallet,1,259.91
1853,credit_card,1,63.97
1854,wallet,1,86.08
1855,credit_card,2,106.47
1856,credit_card,6,353.75
1857,credit_card,2,282.7
1858,cash_on_delivery,1,682.46
1859,credit_card,6,202.78
1860,credit_card,1,707.53
1861,credit_card,3,90.74
1862,cash_on_delivery,1,51.67
1863,credit_card,1,66.19
1864,cash_on_delivery,1,333.94
1865,credit_card,1,336.56
1866,cash_on_delivery,1,1087.83
1867,wallet,1,357.65
1868,wallet,1,120.4
1869,credit_card,2,99.97
1870,credit_card,1,1149.12
1871,cash_on_delivery,1,658.74
1872,credit_card,2,247.57
1873,credit_card,12,1776.85
1874,cash_on_delivery,1,118.5
1875,cash_on_delivery,1,803.86
1876,wallet,1,337.66
1877,credit_card,1,1251.48
1878,credit_card,2,40.06
1879,cash_on_delivery,1,99.47
1880,credit_card,2,163.42
1881,credit_card,2,63.11
1882,credit_card,6,302.54
1883,cash_on_delivery,1,55.09
1884,cash_on_delivery,1,264.85
1885,credit_card,2,121.46
1886,cash_on_delivery,1,103.83
1887,cash_on_delivery,1,365.84
1888,cash_on_delivery,1,253.52
1889,credit_card,3,334.47
1890,credit_card,3,55.59
1891,credit_card,12,107.63
1892,credit_card,3,178.59
1893,credit_card,1,701.85
1894,cash_on_delivery,1,12.47
1895,cash_on_delivery,1,242.36
1896,cash_on_delivery,1,932.38
1897,credit_card,1,570.96
1898,cash_on_delivery,1,118.32
1899,credit_card,6,1034.25
1900,credit_card,1,43.32
1901,credit_card,6,413.57
1902,credit_card,1,87.77
1903,credit_card,1,517.81
1904,cash_on_delivery,1,148.47
1905,credit_card,3,131.56
1906,credit_card,2,551.84
1907,cash_on_delivery,1,132.63
1908,bank_transfer,1,824.7
1909,cash_on_delivery,1,87.78
1910,credit_card,1,64.36
1911,credit_card,3,107.83
1912,credit_card,6,257.96
1913,credit_card,1,638.1
1914,credit_card,6,47.06
1915,credit_card,1,136.31
1916,bank_transfer,1,275.55
1917,wallet,1,1231.86
1918,credit_card,2,1875.52
1919,cash_on_delivery,1,316.51
1920,credit_card,12,684.67
1921,cash_on_delivery,1,667.1
1922,cash_on_delivery,1,32.49
1923,cash_on_delivery,1,1023.63
1924,cash_on_delivery,1,464.88
1925,credit_card,6,331.41
1926,credit_card,3,206.1
1927,bank_transfer,1,364.24
1928,cash_on_delivery,1,72.37
1929,credit_card,1,2216.82
1930,credit_card,12,201.81
1931,credit_card,3,516.06
1932,credit_card,2,228.73
1933,credit_card,2,11.04
1934,credit_card,3,93.68
1935,credit_card,6,779.09
1936,bank_transfer,1,6.4
1937,cash_on_delivery,1,351.99
1938,cash_on_delivery,1,507.05
1939,bank_transfer,1,541.82
1940,cash_on_delivery,1,326.66
1941,bank_transfer,1,215.35
1942,credit_card,1,17.66
1943,credit_card,3,716.15
1944,cash_on_delivery,1,325.6
1945,credit_card,1,535.04
1946,cash_on_delivery,1,342.19
1947,wallet,1,243.74
1948,credit_card,1,19.43
1949,credit_card,2,61.85
1950,credit_card,2,146.25
1951,credit_card,1,29.66
1952,cash_on_delivery,1,152.11
1953,cash_on_delivery,1,54.27
1954,cash_on_delivery,1,75.59
1955,credit_card,1,339.0
1956,cash_on_delivery,1,253.97
1957,wallet,1,419.91
1958,credit_card,3,19.01
1959,cash_on_delivery,1,247.2
1960,credit_card,6,2346.45
1961,bank_transfer,1,563.11
1962,credit_card,6,249.39
1963,credit_card,6,256.49
1964,wallet,1,848.05
1965,cash_on_delivery,1,1675.75
1966,cash_on_delivery,1,18.73
1967,bank_transfer,1,1248.81
1968,cash_on_delivery,1,847.03
1969,credit_card,1,307.8
1970,bank_transfer,1,361.99
1971,credit_card,1,418.16
1972,credit_card,6,120.83
1973,bank_transfer,1,289.76
1974,credit_card,2,26.88
1975,wallet,1,33.18
1976,credit_card,3,97.32
1977,cash_on_delivery,1,688.89
1978,credit_card,6,49.84
1979,credit_card,6,49.54
1980,credit_card,2,37.92
1981,cash_on_delivery,1,120.62
1982,credit_card,1,955.3
1983,credit_card,1,346.37
1984,cash_on_delivery,1,8.51
1985,credit_card,1,493.82
1986,cash_on_delivery,1,19.91
1987,credit_card,12,102.73
1988,bank_transfer,1,47.16
1989,bank_transfer,1,223.42
1990,credit_card,6,32.28
1991,credit_card,1,131.62
1992,cash_on_delivery,1,219.62
1993,bank_transfer,1,6.28
1994,wallet,1,233.19
1995,credit_card,12,123.8
1996,wallet,1,727.46
1997,wallet,1,43.98
1998,credit_card,2,81.66
1999,wallet,1,1536.45
2000,credit_card,2,314.03
2001,cash_on_delivery,1,1161.03
2002,credit_card,3,180.6
2003,cash_on_delivery,1,393.64
2004,cash_on_delivery,1,102.97
2005,wallet,1,69.83
2006,cash_on_delivery,1,208.63
2007,cash_on_delivery,1,469.25
2008,cash_on_delivery,1,28.56
2009,cash_on_delivery,1,32.8
2010,cash_on_delivery,1,64.98
2011,credit_card,2,313.99
2012,credit_card,1,248.41
2013,bank_transfer,1,1339.27
2014,wallet,1,14.27
2015,wallet,1,13.89
2016,wallet,1,163.04
2017,credit_card,2,1017.29
2018,cash_on_delivery,1,87.86
2019,wallet,1,354.34
2020,cash_on_delivery,1,116.01
2021,credit_card,3,710.13
2022,credit_card,1,1802.28
2023,credit_card,6,34.03
2024,wallet,1,10.67
2025,credit_card,1,211.39
2026,wallet,1,652.83
2027,cash_on_delivery,1,298.66
2028,cash_on_delivery,1,1188.6
2029,cash_on_delivery,1,940.51
2030,credit_card,3,166.58
2031,bank_transfer,1,32.77
2032,bank_transfer,1,189.44
2033,credit_card,1,198.35
2034,credit_card,2,239.74
2035,credit_card,3,135.78
2036,credit_card,2,259.72
2037,credit_card,1,595.04
2038,wallet,1,32.12
2039,credit_card,3,545.98
2040,cash_on_delivery,1,279.46
2041,wallet,1,160.61
2042,credit_card,3,56.69
2043,cash_on_delivery,1,1265.22
2044,cash_on_delivery,1,101.72
2045,cash_on_delivery,1,160.66
2046,cash_on_delivery,1,1187.0
2047,cash_on_delivery,1,93.19
2048,credit_card,3,98.7
2049,cash_on_delivery,1,96.1
2050,credit_card,1,220.78
2051,credit_card,2,133.1
2052,wallet,1,772.52
2053,credit_card,12,20.29
2054,cash_on_delivery,1,309.18
2055,wallet,1,48.75
2056,credit_card,3,424.74
2057,credit_card,6,50.07
2058,credit_card,1,271.54
2059,cash_on_delivery,1,241.41
2060,cash_on_delivery,1,272.79
2061,cash_on_delivery,1,353.66
2062,cash_on_delivery,1,151.84
2063,wallet,1,414.39
2064,credit_card,2,32.97
2065,credit_card,1,285.85
2066,credit_card,2,198.68
2067,credit_card,2,105.09
2068,credit_card,1,92.33
2069,credit_card,3,272.9
2070,credit_card,12,41.54
2071,cash_on_delivery,1,245.98
2072,credit_card,2,275.1
2073,cash_on_delivery,1,143.58
2074,credit_card,1,379.81
2075,credit_card,1,614.72
2076,cash_on_delivery,1,92.7
2077,cash_on_delivery,1,9.13
2078,credit_card,6,169.34
2079,credit_card,1,1691.82
2080,credit_card,1,19.35
2081,cash_on_delivery,1,138.08
2082,wallet,1,70.85
2083,wallet,1,89.37
2084,cash_on_delivery,1,16.83
2085,credit_card,1,288.86
2086,credit_card,1,99.08
2087,bank_transfer,1,93.05
2088,credit_card,12,20.07
2089,wallet,1,628.11
2090,credit_card,6,650.86
2091,cash_on_delivery,1,587.75
2092,wallet,1,85.56
2093,wallet,1,499.49
2094,cash_on_delivery,1,256.37
2095,credit_card,2,129.92
2096,wallet,1,93.36
2097,credit_card,6,94.43
2098,wallet,1,12.4
2099,bank_transfer,1,318.95
2100,wallet,1,578.15
2101,cash_on_delivery,1,562.3
2102,credit_card,1,1091.99
2103,wallet,1,274.44
2104,wallet,1,10.82
2105,credit_card,6,358.31
2106,cash_on_delivery,1,60.14
2107,wallet,1,24.01
2108,credit_card,12,280.47
2109,credit_card,6,75.66
2110,credit_card,1,294.03
2111,cash_on_delivery,1,84.11
2112,credit_card,6,674.31
2113,cash_on_delivery,1,91.32
2114,credit_card,1,200.81
2115,credit_card,1,681.72
2116,credit_card,1,1091.95
2117,cash_on_delivery,1,726.41
2118,credit_card,1,659.06
2119,wallet,1,257.48
2120,bank_transfer,1,224.57
2121,credit_card,6,263.62
2122,cash_on_delivery,1,224.78
2123,credit_card,2,289.56
2124,cash_on_delivery,1,572.57
2125,credit_card,3,238.95
2126,wallet,1,835.91
2127,cash_on_delivery,1,321.55
2128,wallet,1,275.17
2129,wallet,1,517.62
2130,bank_transfer,1,108.05
2131,credit_card,1,336.95
2132,credit_card,2,141.75
2133,cash_on_delivery,1,81.57
2134,credit_card,6,894.28
2135,credit_card,12,635.4
2136,cash_on_delivery,1,197.0
2137,cash_on_delivery,1,909.98
2138,cash_on_delivery,1,141.41
2139,credit_card,1,193.26
2140,bank_transfer,1,75.82
2141,bank_transfer,1,711.67
2142,credit_card,3,541.88
2143,cash_on_delivery,1,162.73
2144,credit_card,3,96.35
2145,credit_card,6,41.67
2146,credit_card,2,105.11
2147,credit_card,12,75.93
2148,bank_transfer,1,358.62
2149,cash_on_delivery,1,89.17
2150,credit_card,2,92.58
2151,credit_card,2,718.09
2152,wallet,1,126.83
2153,cash_on_delivery,1,315.96
2154,credit_card,2,745.18
2155,credit_card,3,436.79
2156,credit_card,3,158.74
2157,credit_card,6,242.83
2158,bank_transfer,1,58.56
2159,cash_on_delivery,1,63.2
2160,bank_transfer,1,688.79
2161,bank_transfer,1,1951.85
2162,cash_on_delivery,1,1996.58
2163,credit_card,12,332.86
2164,credit_card,2,379.29
2165,credit_card,6,56.31
2166,wallet,1,44.68
2167,wallet,1,848.69
2168,credit_card,3,42.21
2169,wallet,1,160.25
2170,wallet,1,50.69
2171,cash_on_delivery,1,112.3
2172,credit_card,3,196.82
2173,credit_card,2,58.83
2174,cash_on_delivery,1,40.65
2175,credit_card,3,1545.67
2176,credit_card,6,167.52
2177,credit_card,1,195.96
2178,bank_transfer,1,325.06
2179,credit_card,6,520.26
2180,wallet,1,50.1
2181,cash_on_delivery,1,134.59
2182,credit_card,1,10.06
2183,cash_on_delivery,1,179.51
2184,credit_card,2,53.09
2185,credit_card,2,713.1
2186,wallet,1,123.69
2187,wallet,1,197.44
2188,cash_on_delivery,1,59.98
2189,cash_on_delivery,1,387.1
2190,credit_card,12,233.92
2191,cash_on_delivery,1,1307.79
2192,credit_card,1,669.78
2193,wallet,1,612.75
2194,cash_on_delivery,1,31.24
2195,cash_on_delivery,1,337.14
2196,credit_card,1,43.61
2197,credit_card,3,1019.22
2198,cash_on_delivery,1,53.3
2199,credit_card,6,720.08
2200,cash_on_delivery,1,293.34
2201,cash_on_delivery,1,2070.82
2202,bank_transfer,1,1111.48
2203,wallet,1,57.7
2204,credit_card,1,90.07
2205,wallet,1,627.79
2206,wallet,1,156.26
2207,credit_card,2,36.6
2208,credit_card,2,977.76
2209,credit_card,3,547.64
2210,wallet,1,19.55
2211,wallet,1,37.55
2212,credit_card,1,323.17
2213,credit_card,1,301.73
2214,cash_on_delivery,1,797.92
2215,credit_card,2,688.16
2216,wallet,1,98.05
2217,bank_transfer,1,145.49
2218,credit_card,12,14.43
2219,credit_card,1,704.57
2220,wallet,1,29.47
2221,credit_card,12,110.57
2222,cash_on_delivery,1,66.45
2223,cash_on_delivery,1,20.17
2224,cash_on_delivery,1,56.12
2225,credit_card,6,201.79
2226,cash_on_delivery,1,125.42
2227,cash_on_delivery,1,2132.87
2228,credit_card,1,638.8
2229,bank_transfer,1,823.57
2230,credit_card,1,191.72
2231,cash_on_delivery,1,910.96
2232,credit_card,2,247.69
2233,cash_on_delivery,1,106.71
2234,credit_card,6,465.88
2235,cash_on_delivery,1,58.67
2236,credit_card,2,289.95
2237,credit_card,3,430.22
2238,cash_on_delivery,1,110.67
2239,credit_card,1,459.06
2240,credit_card,12,85.6
2241,cash_on_delivery,1,64.89
2242,credit_card,6,81.51
2243,cash_on_delivery,1,396.69
2244,cash_on_delivery,1,214.35
2245,credit_card,6,33.4
2246,credit_card,1,86.49
2247,credit_card,2,837.6
2248,credit_card,1,598.47
2249,cash_on_delivery,1,242.89
2250,credit_card,1,471.66
2251,credit_card,3,636.67
2252,credit_card,1,111.64
2253,credit_card,1,65.53
2254,credit_card,3,58.34
2255,cash_on_delivery,1,148.51
2256,bank_transfer,1,244.38
2257,cash_on_delivery,1,328.06
2258,credit_card,3,147.23
2259,wallet,1,340.57
2260,bank_transfer,1,665.26
2261,cash_on_delivery,1,550.28
2262,cash_on_delivery,1,375.13
2263,cash_on_delivery,1,126.33
2264,cash_on_delivery,1,190.3
2265,credit_card,3,1405.24
2266,wallet,1,317.95
2267,bank_transfer,1,43.07
2268,bank_transfer,1,85.16
2269,cash_on_delivery,1,253.55
2270,cash_on_delivery,1,43.9
2271,credit_card,12,850.58
2272,cash_on_delivery,1,27.26
2273,credit_card,2,186.57
2274,credit_card,12,43.76
2275,credit_card,1,17.21
2276,credit_card,1,28.64
2277,wallet,1,206.95
2278,credit_card,2,1912.85
2279,credit_card,3,176.95
2280,bank_transfer,1,196.63
2281,cash_on_delivery,1,1021.7
2282,cash_on_delivery,1,32.79
2283,cash_on_delivery,1,252.14
2284,cash_on_delivery,1,27.39
2285,wallet,1,302.82
2286,wallet,1,331.7
2287,wallet,1,257.12
2288,bank_transfer,1,101.33
2289,credit_card,12,125.85
2290,credit_card,1,188.91
2291,cash_on_delivery,1,15.44
2292,wallet,1,275.97
2293,cash_on_delivery,1,552.39
2294,credit_card,1,439.39
2295,wallet,1,46.76
2296,wallet,1,58.57
2297,wallet,1,18.84
2298,credit_card,2,450.76
2299,credit_card,3,295.88
2300,cash_on_delivery,1,283.58
2301,wallet,1,32.97
2302,cash_on_delivery,1,1559.01
2303,cash_on_delivery,1,1763.93
2304,credit_card,6,84.21
2305,credit_card,2,122.11
2306,credit_card,6,340.8
2307,cash_on_delivery,1,324.99
2308,credit_card,3,184.67
2309,credit_card,12,357.73
2310,credit_card,2,57.12
2311,credit_card,1,89.84
2312,credit_card,12,695.06
2313,credit_card,1,157.45
2314,cash_on_delivery,1,69.2
2315,wallet,1,62.14
2316,wallet,1,374.36
2317,credit_card,1,339.42
2318,bank_transfer,1,313.04
2319,cash_on_delivery,1,73.58
2320,credit_card,12,356.47
2321,cash_on_delivery,1,101.65
2322,credit_card,1,1387.19
2323,cash_on_delivery,1,297.92
2324,cash_on_delivery,1,40.97
2325,credit_card,2,416.11
2326,cash_on_delivery,1,196.29
2327,cash_on_delivery,1,146.19
2328,wallet,1,1082.75
2329,bank_transfer,1,74.65
2330,credit_card,1,100.26
2331,credit_card,2,133.18
2332,bank_transfer,1,57.12
2333,wallet,1,217.71
2334,cash_on_delivery,1,12.56
2335,credit_card,2,30.39
2336,credit_card,1,264.49
2337,credit_card,2,249.94
2338,credit_card,1,242.04
2339,wallet,1,206.25
2340,bank_transfer,1,572.12
2341,credit_card,1,911.49
2342,cash_on_delivery,1,1074.6
2343,cash_on_delivery,1,928.46
2344,credit_card,6,195.26
2345,cash_on_delivery,1,210.92
2346,credit_card,1,883.21
2347,credit_card,1,104.34
2348,cash_on_delivery,1,1493.39
2349,credit_card,1,100.45
2350,cash_on_delivery,1,775.68
2351,credit_card,1,43.4
2352,bank_transfer,1,264.02
2353,cash_on_delivery,1,487.1
2354,wallet,1,20.27
2355,credit_card,12,20.27
2356,bank_transfer,1,1399.81
2357,credit_card,1,578.59
2358,bank_transfer,1,105.33
2359,credit_card,1,158.69
2360,cash_on_delivery,1,1038.53
2361,cash_on_delivery,1,86.99
2362,credit_card,1,432.56
2363,cash_on_delivery,1,203.62
2364,cash_on_delivery,1,56.11
2365,cash_on_delivery,1,21.16
2366,credit_card,1,1219.27
2367,credit_card,2,593.03
2368,cash_on_delivery,1,118.0
2369,cash_on_delivery,1,233.9
2370,credit_card,2,41.73
2371,credit_card,2,210.27
2372,credit_card,3,207.39
2373,wallet,1,32.73
2374,wallet,1,87.64
2375,credit_card,1,14.54
2376,credit_card,6,165.58
2377,cash_on_delivery,1,83.02
2378,credit_card,1,741.14
2379,credit_card,1,2164.92
2380,credit_card,3,214.61
2381,cash_on_delivery,1,56.67
2382,credit_card,3,451.38
2383,wallet,1,134.18
2384,cash_on_delivery,1,1624.9
2385,cash_on_delivery,1,41.95
2386,cash_on_delivery,1,90.62
2387,credit_card,1,176.5
2388,credit_card,2,58.58
2389,credit_card,12,218.09
2390,bank_transfer,1,376.38
2391,credit_card,6,2226.4
2392,credit_card,2,843.23
2393,cash_on_delivery,1,6.83
2394,cash_on_delivery,1,151.3
2395,credit_card,2,628.25
2396,cash_on_delivery,1,159.5
2397,cash_on_delivery,1,39.44
2398,wallet,1,141.67
2399,credit_card,12,347.63
2400,cash_on_delivery,1,1058.14
2401,cash_on_delivery,1,883.05
2402,cash_on_delivery,1,203.84
2403,cash_on_delivery,1,154.41
2404,wallet,1,144.29
2405,bank_transfer,1,643.73
2406,credit_card,2,260.62
2407,wallet,1,103.54
2408,credit_card,12,727.26
2409,wallet,1,183.53
2410,cash_on_delivery,1,375.07
2411,wallet,1,277.38
2412,bank_transfer,1,1131.6
2413,wallet,1,15.62
2414,cash_on_delivery,1,843.1
2415,wallet,1,10.95
2416,bank_transfer,1,952.12
2417,cash_on_delivery,1,681.76
2418,cash_on_delivery,1,37.72
2419,credit_card,6,416.19
2420,cash_on_delivery,1,293.17
2421,wallet,1,559.89
2422,cash_on_delivery,1,54.13
2423,cash_on_delivery,1,22.67
2424,credit_card,1,572.16
2425,credit_card,2,138.2
2426,cash_on_delivery,1,461.6
2427,credit_card,1,258.62
2428,credit_card,12,464.66
2429,wallet,1,97.63
2430,wallet,1,940.82
2431,cash_on_delivery,1,19.43
2432,credit_card,2,6.46
2433,cash_on_delivery,1,257.87
2434,cash_on_delivery,1,384.44
2435,credit_card,1,126.82
2436,cash_on_delivery,1,20.94
2437,cash_on_delivery,1,173.24
2438,cash_on_delivery,1,159.92
2439,credit_card,1,670.69
2440,cash_on_delivery,1,347.52
2441,cash_on_delivery,1,598.42
2442,cash_on_delivery,1,846.61
2443,wallet,1,577.7
2444,credit_card,6,6.78
2445,credit_card,2,87.75
2446,credit_card,2,163.96
2447,credit_card,1,29.54
2448,credit_card,3,66.01
2449,wallet,1,480.74
2450,credit_card,6,49.12
2451,cash_on_delivery,1,1147.27
2452,credit_card,3,252.39
2453,bank_transfer,1,342.05
2454,bank_transfer,1,1325.04
2455,wallet,1,194.9
2456,credit_card,2,175.89
2457,cash_on_delivery,1,375.74
2458,cash_on_delivery,1,445.71
2459,credit_card,12,856.73
2460,credit_card,1,73.38
2461,credit_card,6,73.01
2462,cash_on_delivery,1,413.7
2463,wallet,1,35.22
2464,cash_on_delivery,1,327.63
2465,credit_card,6,63.68
2466,wallet,1,77.65
2467,credit_card,12,163.22
2468,wallet,1,166.86
2469,cash_on_delivery,1,290.03
2470,cash_on_delivery,1,99.18
2471,credit_card,1,56.38
2472,cash_on_delivery,1,18.54
2473,credit_card,1,60.3
2474,cash_on_delivery,1,546.26
2475,credit_card,2,231.39
2476,cash_on_delivery,1,271.16
2477,credit_card,3,108.46
2478,credit_card,2,98.25
2479,cash_on_delivery,1,699.65
2480,credit_card,1,352.9
2481,cash_on_delivery,1,91.5
2482,credit_card,1,956.89
2483,cash_on_delivery,1,237.52
2484,credit_card,2,351.44
2485,credit_card,1,670.23
2486,cash_on_delivery,1,477.92
2487,bank_transfer,1,85.14
2488,credit_card,1,1022.28
2489,cash_on_delivery,1,108.39
2490,wallet,1,94.71
2491,cash_on_delivery,1,56.94
2492,cash_on_delivery,1,205.01
2493,credit_card,1,375.74
2494,credit_card,1,114.33
2495,credit_card,1,35.22
2496,wallet,1,440.89
2497,credit_card,12,201.13
2498,cash_on_delivery,1,435.06
2499,credit_card,6,117.04
2500,cash_on_delivery,1,255.7
2501,credit_card,2,273.04
2502,bank_transfer,1,591.75
2503,cash_on_delivery,1,393.61
2504,wallet,1,118.36
2505,credit_card,12,754.17
2506,credit_card,3,98.97
2507,bank_transfer,1,107.85
2508,wallet,1,74.49
2509,credit_card,2,865.34
2510,credit_card,1,56.52
2511,credit_card,1,2.89
2512,credit_card,2,899.4
2513,credit_card,6,2104.93
2514,credit_card,1,64.56
2515,wallet,1,362.62
2516,bank_transfer,1,528.13
2517,credit_card,1,210.95
2518,cash_on_delivery,1,15.97
2519,cash_on_delivery,1,120.52
2520,wallet,1,383.89
2521,wallet,1,848.57
2522,credit_card,3,173.55
2523,cash_on_delivery,1,187.64
2524,cash_on_delivery,1,271.58
2525,credit_card,2,655.75
2526,wallet,1,255.35
2527,bank_transfer,1,935.38
2528,wallet,1,272.07
2529,wallet,1,709.8
2530,bank_transfer,1,17.51
2531,cash_on_delivery,1,18.76
2532,wallet,1,144.52
2533,bank_transfer,1,378.21
2534,credit_card,6,576.99
2535,credit_card,1,16.1
2536,wallet,1,511.44
2537,wallet,1,68.29
2538,wallet,1,818.02
2539,wallet,1,428.09
2540,credit_card,12,24.95
2541,credit_card,3,229.61
2542,credit_card,1,175.38
2543,credit_card,1,145.71
2544,bank_transfer,1,50.35
2545,cash_on_delivery,1,110.62
2546,cash_on_delivery,1,15.58
2547,credit_card,1,634.27
2548,credit_card,1,417.35
2549,cash_on_delivery,1,148.81
2550,wallet,1,365.96
2551,cash_on_delivery,1,486.35
2552,cash_on_delivery,1,936.4
2553,cash_on_delivery,1,195.66
2554,credit_card,1,17.4
2555,cash_on_delivery,1,29.8
2556,cash_on_delivery,1,478.15
2557,wallet,1,88.42
2558,bank_transfer,1,137.64
2559,credit_card,2,168.02
2560,cash_on_delivery,1,142.65
2561,cash_on_delivery,1,736.74
2562,cash_on_delivery,1,122.39
2563,wallet,1,359.39
2564,cash_on_delivery,1,992.88
2565,credit_card,2,99.97
2566,credit_card,3,122.88
2567,credit_card,2,972.12
2568,cash_on_delivery,1,642.73
2569,wallet,1,146.91
2570,cash_on_delivery,1,257.2
2571,credit_card,2,74.47
2572,credit_card,2,89.75
2573,credit_card,12,185.63
2574,credit_card,12,94.71
2575,bank_transfer,1,149.61
2576,bank_transfer,1,908.86
2577,credit_card,3,364.33
2578,wallet,1,111.36
2579,cash_on_delivery,1,45.34
2580,cash_on_delivery,1,59.25
2581,bank_transfer,1,61.3
2582,credit_card,2,355.78
2583,credit_card,1,411.17
2584,credit_card,1,42.35
2585,cash_on_delivery,1,71.64
2586,credit_card,1,395.0
2587,credit_card,1,101.18
2588,credit_card,2,309.26
2589,wallet,1,306.05
2590,bank_transfer,1,104.47
2591,cash_on_delivery,1,28.13
2592,credit_card,2,99.47
2593,credit_card,12,200.73
2594,cash_on_delivery,1,335.21
2595,credit_card,2,329.2
2596,credit_card,2,121.69
2597,cash_on_delivery,1,719.71
2598,cash_on_delivery,1,722.55
2599,cash_on_delivery,1,979.38
2600,wallet,1,303.21
2601,bank_transfer,1,78.91
2602,wallet,1,91.64
2603,cash_on_delivery,1,1001.44
2604,credit_card,3,32.0
2605,credit_card,6,48.72
2606,cash_on_delivery,1,142.2
2607,credit_card,3,150.03
2608,cash_on_delivery,1,21.63
2609,wallet,1,775.78
2610,credit_card,6,348.27
2611,bank_transfer,1,32.26
2612,credit_card,6,1248.43
2613,cash_on_delivery,1,507.89
2614,bank_transfer,1,941.93
2615,cash_on_delivery,1,506.02
2616,bank_transfer,1,42.44
2617,credit_card,12,122.68
2618,credit_card,1,366.13
2619,cash_on_delivery,1,119.81
2620,credit_card,1,39.5
2621,credit_card,2,31.26
2622,wallet,1,27.57
2623,credit_card,3,50.12
2624,credit_card,1,671.46
2625,credit_card,3,397.43
2626,cash_on_delivery,1,417.65
2627,credit_card,3,171.63
2628,credit_card,6,81.87
2629,credit_card,1,144.99
2630,credit_card,2,722.6
2631,cash_on_delivery,1,117.03
2632,credit_card,1,607.04
2633,credit_card,1,85.85
2634,cash_on_delivery,1,802.43
2635,cash_on_delivery,1,685.26
2636,cash_on_delivery,1,120.59
2637,credit_card,6,235.18
2638,cash_on_delivery,1,447.76
2639,cash_on_delivery,1,99.29
2640,credit_card,2,38.47
2641,cash_on_delivery,1,692.58
2642,cash_on_delivery,1,499.07
2643,credit_card,6,768.16
2644,bank_transfer,1,111.42
2645,wallet,1,801.6
2646,wallet,1,197.62
2647,credit_card,3,34.35
2648,cash_on_delivery,1,131.25
2649,credit_card,2,258.3
2650,cash_on_delivery,1,53.64
2651,credit_card,6,196.04
2652,wallet,1,264.15
2653,cash_on_delivery,1,839.16
2654,cash_on_delivery,1,415.97
2655,cash_on_delivery,1,615.22
2656,wallet,1,822.19
2657,credit_card,6,80.7
2658,credit_card,2,697.25
2659,credit_card,1,229.46
2660,credit_card,2,135.74
2661,wallet,1,175.8
2662,credit_card,1,27.79
2663,cash_on_delivery,1,90.51
2664,bank_transfer,1,529.76
2665,wallet,1,27.62
2666,cash_on_delivery,1,30.49
2667,cash_on_delivery,1,31.41
2668,cash_on_delivery,1,100.53
2669,credit_card,3,74.28
2670,credit_card,2,90.98
2671,credit_card,12,237.94
2672,credit_card,1,290.5
2673,cash_on_delivery,1,338.33
2674,cash_on_delivery,1,53.11
2675,credit_card,1,82.25
2676,credit_card,1,257.96
2677,credit_card,6,700.3
2678,cash_on_delivery,1,93.07
2679,credit_card,3,886.07
2680,credit_card,2,246.31
2681,wallet,1,89.67
2682,cash_on_delivery,1,192.72
2683,bank_transfer,1,122.29
2684,credit_card,2,154.03
2685,cash_on_delivery,1,170.51
2686,cash_on_delivery,1,1996.79
2687,credit_card,6,36.71
2688,wallet,1,68.9
2689,cash_on_delivery,1,79.74
2690,credit_card,1,62.28
2691,credit_card,3,75.32
2692,cash_on_delivery,1,197.62
2693,wallet,1,92.82
2694,credit_card,3,79.94
2695,wallet,1,281.36
2696,credit_card,1,204.38
2697,cash_on_delivery,1,337.9
2698,bank_transfer,1,251.74
2699,credit_card,2,158.78
2700,credit_card,2,15.75
2701,credit_card,2,17.32
2702,credit_card,3,140.9
2703,cash_on_delivery,1,19.24
2704,cash_on_delivery,1,424.27
2705,cash_on_delivery,1,251.46
2706,wallet,1,717.28
2707,cash_on_delivery,1,91.55
2708,credit_card,2,41.75
2709,bank_transfer,1,587.12
2710,credit_card,3,424.05
2711,cash_on_delivery,1,169.66
2712,cash_on_delivery,1,113.81
2713,wallet,1,672.07
2714,credit_card,3,259.58
2715,cash_on_delivery,1,74.61
2716,cash_on_delivery,1,382.92
2717,cash_on_delivery,1,96.76
2718,credit_card,1,889.11
2719,bank_transfer,1,136.09
2720,credit_card,3,376.65
2721,cash_on_delivery,1,1125.31
2722,credit_card,3,75.03
2723,cash_on_delivery,1,87.33
2724,credit_card,12,42.26
2725,credit_card,1,253.96
2726,credit_card,3,177.58
2727,cash_on_delivery,1,456.09
2728,credit_card,1,195.24
2729,cash_on_delivery,1,53.61
2730,credit_card,1,547.74
2731,credit_card,2,66.2
2732,cash_on_delivery,1,752.68
2733,wallet,1,350.92
2734,credit_card,12,9.05
2735,wallet,1,62.54
2736,credit_card,1,61.58
2737,wallet,1,315.15
2738,credit_card,3,56.71
2739,credit_card,6,718.44
2740,credit_card,12,281.88
2741,credit_card,1,36.97
2742,credit_card,1,155.08
2743,bank_transfer,1,37.44
2744,bank_transfer,1,553.29
2745,cash_on_delivery,1,201.84
2746,credit_card,12,19.62
2747,cash_on_delivery,1,104.97
2748,cash_on_delivery,1,158.19
2749,cash_on_delivery,1,18.29
2750,cash_on_delivery,1,191.2
2751,cash_on_delivery,1,49.37
2752,credit_card,1,2.81
2753,credit_card,2,620.15
2754,cash_on_delivery,1,585.48
2755,wallet,1,225.43
2756,bank_transfer,1,8.74
2757,bank_transfer,1,993.85
2758,credit_card,1,77.93
2759,credit_card,1,169.0
2760,credit_card,12,83.5
2761,cash_on_delivery,1,120.55
2762,credit_card,3,183.11
2763,credit_card,1,244.83
2764,wallet,1,29.12
2765,bank_transfer,1,437.28
2766,credit_card,1,895.32
2767,cash_on_delivery,1,59.94
2768,cash_on_delivery,1,231.63
2769,wallet,1,997.64
2770,cash_on_delivery,1,179.46
2771,wallet,1,89.53
2772,credit_card,2,322.84
2773,cash_on_delivery,1,448.42
2774,credit_card,3,507.47
2775,wallet,1,27.8
2776,credit_card,1,66.75
2777,credit_card,1,1582.32
2778,credit_card,3,61.84
2779,cash_on_delivery,1,185.05
2780,credit_card,1,104.42
2781,cash_on_delivery,1,65.26
2782,wallet,1,17.82
2783,credit_card,1,145.0
2784,credit_card,3,179.3
2785,credit_card,1,643.44
2786,credit_card,2,318.08
2787,bank_transfer,1,302.29
2788,credit_card,1,35.06
2789,bank_transfer,1,292.9
2790,bank_transfer,1,20.51
2791,credit_card,2,280.3
2792,cash_on_delivery,1,142.94
2793,credit_card,2,409.55
2794,credit_card,1,732.43
2795,credit_card,1,535.07
2796,credit_card,6,292.34
2797,bank_transfer,1,208.61
2798,credit_card,6,478.3
2799,credit_card,1,120.32
2800,credit_card,6,209.31
2801,cash_on_delivery,1,30.13
2802,credit_card,2,636.7
2803,bank_transfer,1,49.3
2804,wallet,1,668.86
2805,wallet,1,1221.75
2806,cash_on_delivery,1,279.97
2807,wallet,1,785.61
2808,wallet,1,21.4
2809,credit_card,6,579.6
2810,cash_on_delivery,1,61.82
2811,cash_on_delivery,1,168.92
2812,cash_on_delivery,1,48.02
2813,bank_transfer,1,74.66
2814,cash_on_delivery,1,470.9
2815,bank_transfer,1,346.29
2816,credit_card,1,892.17
2817,credit_card,1,224.98
2818,cash_on_delivery,1,504.84
2819,credit_card,6,279.58
2820,credit_card,1,54.0
2821,bank_transfer,1,118.72
2822,cash_on_delivery,1,1212.31
2823,credit_card,2,1187.99
2824,credit_card,1,170.56
2825,wallet,1,134.01
2826,cash_on_delivery,1,149.2
2827,bank_transfer,1,1066.46
2828,wallet,1,326.95
2829,cash_on_delivery,1,416.54
2830,credit_card,3,273.63
2831,cash_on_delivery,1,102.24
2832,credit_card,1,692.83
2833,credit_card,1,278.15
2834,cash_on_delivery,1,127.22
2835,credit_card,12,1621.48
2836,wallet,1,153.72
2837,credit_card,2,191.94
2838,cash_on_delivery,1,315.32
2839,cash_on_delivery,1,139.43
2840,credit_card,1,161.51
2841,cash_on_delivery,1,804.23
2842,cash_on_delivery,1,444.75
2843,credit_card,1,10.7
2844,wallet,1,938.03
2845,credit_card,6,1092.64
2846,cash_on_delivery,1,497.28
2847,credit_card,1,99.4
2848,credit_card,2,107.52
2849,credit_card,6,219.54
2850,cash_on_delivery,1,1273.44
2851,cash_on_delivery,1,384.52
2852,cash_on_delivery,1,40.51
2853,credit_card,2,55.83
2854,credit_card,1,221.56
2855,credit_card,1,123.81
2856,bank_transfer,1,880.82
2857,cash_on_delivery,1,750.61
2858,credit_card,2,93.38
2859,cash_on_delivery,1,20.59
2860,credit_card,1,27.74
2861,cash_on_delivery,1,142.92
2862,wallet,1,227.22
2863,cash_on_delivery,1,55.75
2864,cash_on_delivery,1,275.33
2865,cash_on_delivery,1,1283.69
2866,cash_on_delivery,1,43.87
2867,wallet,1,22.82
2868,credit_card,1,52.66
2869,credit_card,6,17.03
2870,credit_card,2,27.53
2871,cash_on_delivery,1,285.99
2872,credit_card,1,1101.85
2873,cash_on_delivery,1,85.73
2874,credit_card,12,417.25
2875,credit_card,2,116.62
2876,credit_card,2,262.62
2877,cash_on_delivery,1,292.31
2878,cash_on_delivery,1,149.65
2879,cash_on_delivery,1,64.12
2880,cash_on_delivery,1,145.62
2881,cash_on_delivery,1,50.12
2882,credit_card,2,118.78
2883,cash_on_delivery,1,370.97
2884,wallet,1,33.34
2885,credit_card,6,74.52
2886,credit_card,1,286.88
2887,credit_card,2,125.6
2888,credit_card,12,872.26
2889,credit_card,1,665.15
2890,cash_on_delivery,1,52.23
2891,credit_card,2,93.0
2892,credit_card,1,274.26
2893,credit_card,12,135.11
2894,credit_card,3,415.53
2895,cash_on_delivery,1,78.73
2896,wallet,1,98.72
2897,cash_on_delivery,1,30.44
2898,cash_on_delivery,1,6.88
2899,cash_on_delivery,1,1279.51
2900,credit_card,1,535.39
2901,credit_card,1,427.47
2902,credit_card,3,51.4
2903,credit_card,1,63.15
2904,cash_on_delivery,1,391.17
2905,cash_on_delivery,1,21.1
2906,credit_card,1,95.01
2907,cash_on_delivery,1,220.03
2908,bank_transfer,1,243.37
2909,credit_card,3,79.67
2910,wallet,1,451.22
2911,credit_card,1,44.76
2912,credit_card,1,81.71
2913,cash_on_delivery,1,193.34
2914,credit_card,6,224.84
2915,cash_on_delivery,1,1193.05
2916,credit_card,1,71.71
2917,credit_card,1,222.95
2918,credit_card,6,117.69
2919,bank_transfer,1,21.22
2920,credit_card,6,485.01
2921,cash_on_delivery,1,118.21
2922,wallet,1,15.85
2923,credit_card,1,8.69
2924,cash_on_delivery,1,6.31
2925,credit_card,1,185.04
2926,credit_card,1,98.01
2927,bank_transfer,1,591.62
2928,credit_card,2,889.26
2929,cash_on_delivery,1,130.17
2930,cash_on_delivery,1,527.05
2931,credit_card,1,696.11
2932,credit_card,12,1095.24
2933,cash_on_delivery,1,235.81
2934,cash_on_delivery,1,1735.53
2935,credit_card,1,110.21
2936,credit_card,3,365.65
2937,wallet,1,195.38
2938,credit_card,1,207.1
2939,credit_card,1,99.89
2940,cash_on_delivery,1,500.22
2941,credit_card,1,781.08
2942,credit_card,1,249.17
2943,credit_card,1,224.84
2944,credit_card,1,6.29
2945,wallet,1,1206.77
2946,credit_card,1,17.0
2947,credit_card,2,336.1
2948,credit_card,1,33.05
2949,cash_on_delivery,1,398.49
2950,credit_card,6,87.17
2951,cash_on_delivery,1,218.82
2952,bank_transfer,1,47.79
2953,wallet,1,71.22
2954,cash_on_delivery,1,92.84
2955,credit_card,1,81.17
2956,credit_card,3,168.59
2957,wallet,1,246.86
2958,cash_on_delivery,1,765.17
2959,cash_on_delivery,1,331.42
2960,credit_card,2,597.19
2961,cash_on_delivery,1,281.23
2962,credit_card,6,865.49
2963,cash_on_delivery,1,680.37
2964,bank_transfer,1,18.84
2965,credit_card,2,94.08
2966,credit_card,12,123.46
2967,cash_on_delivery,1,31.98
2968,wallet,1,297.36
2969,cash_on_delivery,1,288.84
2970,credit_card,1,1103.73
2971,cash_on_delivery,1,101.97
2972,cash_on_delivery,1,52.11
2973,credit_card,1,183.55
2974,bank_transfer,1,9.12
2975,cash_on_delivery,1,1475.43
2976,credit_card,1,40.88
2977,credit_card,2,81.96
2978,credit_card,6,172.58
2979,cash_on_delivery,1,911.58
2980,cash_on_delivery,1,59.38
2981,credit_card,12,116.34
2982,cash_on_delivery,1,991.35
2983,cash_on_delivery,1,316.0
2984,credit_card,2,824.96
2985,cash_on_delivery,1,24.59
2986,cash_on_delivery,1,20.41
2987,bank_transfer,1,1620.05
2988,credit_card,6,811.59
2989,credit_card,1,68.83
2990,wallet,1,1321.59
2991,cash_on_delivery,1,19.81
2992,credit_card,1,164.8
2993,cash_on_delivery,1,309.64
2994,credit_card,1,356.75
2995,credit_card,1,17.66
2996,cash_on_delivery,1,20.9
2997,credit_card,12,183.45
2998,credit_card,12,779.02
2999,credit_card,1,806.31
3000,credit_card,1,29.36
3001,credit_card,3,171.77
3002,cash_on_delivery,1,292.35
3003,credit_card,3,47.49
3004,credit_card,3,253.86
3005,wallet,1,477.75
3006,cash_on_delivery,1,125.67
3007,credit_card,3,535.9
3008,bank_transfer,1,122.43
3009,cash_on_delivery,1,458.59
3010,wallet,1,35.35
3011,bank_transfer,1,59.06
3012,credit_card,1,286.18
3013,cash_on_delivery,1,84.28
3014,wallet,1,61.04
3015,cash_on_delivery,1,221.79
3016,cash_on_delivery,1,773.92
3017,credit_card,1,135.47
3018,credit_card,2,152.55
3019,credit_card,1,634.0
3020,credit_card,3,1150.59
3021,wallet,1,11.02
3022,wallet,1,92.76
3023,credit_card,2,991.0
3024,wallet,1,310.45
3025,wallet,1,1349.37
3026,wallet,1,377.08
3027,credit_card,1,149.25
3028,credit_card,1,147.54
3029,credit_card,1,1062.48
3030,credit_card,12,75.7
3031,credit_card,1,239.57
3032,credit_card,12,55.25
3033,cash_on_delivery,1,530.36
3034,credit_card,3,223.95
3035,wallet,1,97.75
3036,credit_card,2,29.65
3037,bank_transfer,1,7.12
3038,credit_card,6,42.1
3039,credit_card,3,79.57
3040,cash_on_delivery,1,51.2
3041,wallet,1,49.31
3042,wallet,1,158.39
3043,wallet,1,365.54
3044,cash_on_delivery,1,213.84
3045,cash_on_delivery,1,231.78
3046,credit_card,1,93.22
3047,credit_card,2,253.76
3048,cash_on_delivery,1,444.43
3049,bank_transfer,1,37.94
3050,credit_card,1,69.99
3051,bank_transfer,1,153.85
3052,credit_card,2,6.97
3053,wallet,1,547.2
3054,credit_card,6,155.53
3055,cash_on_delivery,1,51.81
3056,cash_on_delivery,1,414.57
3057,credit_card,1,710.46
3058,bank_transfer,1,253.72
3059,cash_on_delivery,1,152.44
3060,cash_on_delivery,1,342.49
3061,cash_on_delivery,1,216.45
3062,bank_transfer,1,119.34
3063,cash_on_delivery,1,75.39
3064,wallet,1,38.42
3065,wallet,1,517.6
3066,cash_on_delivery,1,103.24
3067,cash_on_delivery,1,75.39
3068,wallet,1,280.02
3069,credit_card,2,140.92
3070,credit_card,6,138.11
3071,credit_card,1,1170.07
3072,credit_card,3,56.48
3073,credit_card,2,121.26
3074,credit_card,12,383.59
3075,wallet,1,665.31
3076,wallet,1,241.4
3077,wallet,1,20.14
3078,credit_card,1,37.44
3079,credit_card,1,122.13
3080,bank_transfer,1,680.2
3081,cash_on_delivery,1,182.87
3082,wallet,1,588.35
3083,wallet,1,155.87
3084,credit_card,1,137.74
3085,cash_on_delivery,1,288.33
3086,cash_on_delivery,1,709.41
3087,cash_on_delivery,1,856.18
3088,credit_card,1,6.46
3089,wallet,1,75.57
3090,bank_transfer,1,480.33
3091,bank_transfer,1,19.84
3092,cash_on_delivery,1,1078.73
3093,credit_card,1,161.33
3094,credit_card,1,42.55
3095,credit_card,6,140.89
3096,cash_on_delivery,1,197.63
3097,credit_card,2,1316.75
3098,bank_transfer,1,216.96
3099,cash_on_delivery,1,32.06
3100,cash_on_delivery,1,32.11
3101,credit_card,1,47.82
3102,credit_card,1,102.46
3103,cash_on_delivery,1,181.68
3104,cash_on_delivery,1,879.08
3105,wallet,1,377.86
3106,credit_card,12,125.22
3107,bank_transfer,1,159.32
3108,cash_on_delivery,1,106.84
3109,bank_transfer,1,41.04
3110,cash_on_delivery,1,696.58
3111,wallet,1,290.86
3112,cash_on_delivery,1,1128.32
3113,cash_on_delivery,1,568.89
3114,wallet,1,170.61
3115,credit_card,6,1187.1
3116,credit_card,2,96.21
3117,credit_card,6,285.09
3118,credit_card,1,212.85
3119,credit_card,3,464.39
3120,wallet,1,450.24
3121,credit_card,2,99.54
3122,cash_on_delivery,1,218.01
3123,credit_card,1,295.38
3124,credit_card,2,32.56
3125,credit_card,1,470.02
3126,cash_on_delivery,1,39.18
3127,credit_card,2,217.18
3128,cash_on_delivery,1,1441.93
3129,cash_on_delivery,1,170.73
3130,cash_on_delivery,1,891.2
3131,credit_card,1,119.44
3132,credit_card,1,174.59
3133,bank_transfer,1,88.87
3134,cash_on_delivery,1,726.16
3135,cash_on_delivery,1,20.14
3136,cash_on_delivery,1,36.7
3137,wallet,1,327.26
3138,bank_transfer,1,955.53
3139,bank_transfer,1,262.25
3140,bank_transfer,1,1024.63
3141,credit_card,2,196.29
3142,cash_on_delivery,1,1113.17
3143,cash_on_delivery,1,170.27
3144,wallet,1,615.65
3145,cash_on_delivery,1,1305.66
3146,cash_on_delivery,1,105.56
3147,credit_card,1,100.49
3148,cash_on_delivery,1,223.17
3149,cash_on_delivery,1,997.03
3150,credit_card,2,79.05
3151,credit_card,1,259.61
3152,credit_card,12,144.01
3153,cash_on_delivery,1,915.84
3154,credit_card,3,555.13
3155,cash_on_delivery,1,43.71
3156,credit_card,1,160.2
3157,credit_card,3,55.66
3158,cash_on_delivery,1,42.31
3159,wallet,1,191.87
3160,credit_card,3,40.8
3161,credit_card,1,592.51
3162,credit_card,3,117.52
3163,credit_card,1,211.11
3164,credit_card,1,142.63
3165,credit_card,6,58.66
3166,cash_on_delivery,1,647.39
3167,credit_card,2,636.84
3168,credit_card,6,45.18
3169,wallet,1,303.64
3170,cash_on_delivery,1,299.2
3171,credit_card,3,257.9
3172,cash_on_delivery,1,170.22
3173,cash_on_delivery,1,41.95
3174,cash_on_delivery,1,43.96
3175,wallet,1,756.47
3176,bank_transfer,1,150.49
3177,credit_card,3,497.16
3178,wallet,1,177.7
3179,cash_on_delivery,1,960.95
3180,cash_on_delivery,1,33.5
3181,bank_transfer,1,156.61
3182,credit_card,6,1730.86
3183,cash_on_delivery,1,19.16
3184,credit_card,2,171.55
3185,cash_on_delivery,1,31.58
3186,bank_transfer,1,116.69
3187,cash_on_delivery,1,356.39
3188,cash_on_delivery,1,151.91
3189,credit_card,2,35.69
3190,bank_transfer,1,305.21
3191,cash_on_delivery,1,85.68
3192,credit_card,6,200.03
3193,cash_on_delivery,1,120.36
3194,cash_on_delivery,1,181.84
3195,cash_on_delivery,1,111.19
3196,credit_card,1,84.77
3197,credit_card,1,171.2
3198,cash_on_delivery,1,350.91
3199,credit_card,1,757.42
3200,credit_card,12,106.38
3201,cash_on_delivery,1,276.76
3202,bank_transfer,1,330.04
3203,cash_on_delivery,1,802.3
3204,cash_on_delivery,1,15.88
3205,wallet,1,507.08
3206,cash_on_delivery,1,391.37
3207,cash_on_delivery,1,157.07
3208,cash_on_delivery,1,223.83
3209,cash_on_delivery,1,1293.89
3210,credit_card,1,520.45
3211,credit_card,1,55.26
3212,cash_on_delivery,1,246.09
3213,credit_card,6,182.84
3214,credit_card,2,110.85
3215,credit_card,3,233.0
3216,bank_transfer,1,60.74
3217,credit_card,6,176.06
3218,wallet,1,486.03
3219,cash_on_delivery,1,270.74
3220,wallet,1,48.92
3221,wallet,1,80.98
3222,credit_card,2,51.02
3223,credit_card,1,735.61
3224,credit_card,3,180.51
3225,cash_on_delivery,1,239.6
3226,cash_on_delivery,1,635.21
3227,credit_card,6,47.84
3228,credit_card,1,121.12
3229,credit_card,1,372.89
3230,credit_card,6,166.98
3231,wallet,1,261.53
3232,cash_on_delivery,1,197.81
3233,cash_on_delivery,1,772.96
3234,cash_on_delivery,1,583.63
3235,credit_card,6,2.8
3236,credit_card,2,293.79
3237,cash_on_delivery,1,19.62
3238,cash_on_delivery,1,93.35
3239,wallet,1,245.92
3240,cash_on_delivery,1,122.53
3241,cash_on_delivery,1,741.01
3242,credit_card,3,138.7
3243,credit_card,3,20.84
3244,cash_on_delivery,1,130.31
3245,credit_card,2,464.04
3246,cash_on_delivery,1,77.9
3247,wallet,1,70.55
3248,wallet,1,153.23
3249,cash_on_delivery,1,953.74
3250,credit_card,6,191.69
3251,wallet,1,43.15
3252,credit_card,2,634.71
3253,credit_card,6,121.12
3254,cash_on_delivery,1,670.38
3255,credit_card,2,253.03
3256,credit_card,12,84.81
3257,cash_on_delivery,1,395.42
3258,cash_on_delivery,1,238.79
3259,wallet,1,253.23
3260,credit_card,6,437.37
3261,cash_on_delivery,1,1103.83
3262,cash_on_delivery,1,31.87
3263,bank_transfer,1,265.2
3264,credit_card,3,495.87
3265,credit_card,1,271.94
3266,cash_on_delivery,1,100.19
3267,credit_card,3,80.35
3268,cash_on_delivery,1,49.33
3269,credit_card,1,1816.19
3270,cash_on_delivery,1,141.71
3271,credit_card,2,171.78
3272,cash_on_delivery,1,666.2
3273,credit_card,6,144.2
3274,credit_card,1,61.54
3275,credit_card,1,246.36
3276,credit_card,2,365.37
3277,wallet,1,14.98
3278,cash_on_delivery,1,247.09
3279,bank_transfer,1,118.43
3280,wallet,1,148.76
3281,credit_card,3,374.28
3282,cash_on_delivery,1,39.95
3283,credit_card,6,563.21
3284,wallet,1,108.56
3285,cash_on_delivery,1,161.06
3286,credit_card,12,7.12
3287,cash_on_delivery,1,7.07
3288,credit_card,2,27.76
3289,wallet,1,118.85
3290,cash_on_delivery,1,521.83
3291,credit_card,12,195.37
3292,wallet,1,468.58
3293,cash_on_delivery,1,232.33
3294,cash_on_delivery,1,198.25
3295,credit_card,12,321.4
3296,credit_card,1,41.62
3297,cash_on_delivery,1,20.56
3298,credit_card,1,6.91
3299,credit_card,1,17.99
3300,credit_card,1,13.3
3301,cash_on_delivery,1,586.99
3302,credit_card,3,100.79
3303,wallet,1,837.1
3304,credit_card,1,128.38
3305,credit_card,1,460.3
3306,bank_transfer,1,31.89
3307,cash_on_delivery,1,683.2
3308,credit_card,1,421.47
3309,cash_on_delivery,1,72.83
3310,wallet,1,186.53
3311,cash_on_delivery,1,213.56
3312,wallet,1,80.42
3313,wallet,1,15.84
3314,credit_card,6,26.67
3315,credit_card,1,186.14
3316,bank_transfer,1,16.1
3317,cash_on_delivery,1,263.25
3318,credit_card,1,28.57
3319,bank_transfer,1,19.19
3320,credit_card,3,1015.88
3321,cash_on_delivery,1,88.83
3322,credit_card,2,40.3
3323,cash_on_delivery,1,301.31
3324,credit_card,6,93.22
3325,credit_card,2,1250.32
3326,cash_on_delivery,1,27.81
3327,cash_on_delivery,1,377.92
3328,wallet,1,593.74
3329,cash_on_delivery,1,87.63
3330,bank_transfer,1,60.52
3331,credit_card,1,259.34
3332,credit_card,12,942.02
3333,credit_card,1,166.73
3334,credit_card,2,325.3
3335,cash_on_delivery,1,283.43
3336,credit_card,3,471.94
3337,cash_on_delivery,1,117.46
3338,credit_card,1,298.69
3339,credit_card,6,799.29
3340,wallet,1,1868.17
3341,credit_card,12,50.88
3342,cash_on_delivery,1,248.16
3343,cash_on_delivery,1,47.11
3344,credit_card,3,2082.49
3345,credit_card,1,26.64
3346,wallet,1,56.11
3347,cash_on_delivery,1,1293.92
3348,bank_transfer,1,912.6
3349,cash_on_delivery,1,308.02
3350,cash_on_delivery,1,2335.55
3351,credit_card,12,52.92
3352,credit_card,12,237.01
3353,credit_card,1,27.94
3354,credit_card,1,57.87
3355,cash_on_delivery,1,99.86
3356,credit_card,3,257.72
3357,credit_card,1,48.31
3358,credit_card,1,49.48
3359,credit_card,1,536.94
3360,credit_card,12,50.17
3361,credit_card,6,237.69
3362,credit_card,12,72.27
3363,bank_transfer,1,269.95
3364,credit_card,1,255.85
3365,wallet,1,103.67
3366,cash_on_delivery,1,256.2
3367,bank_transfer,1,355.26
3368,credit_card,2,54.18
3369,cash_on_delivery,1,676.22
3370,credit_card,6,163.05
3371,cash_on_delivery,1,102.74
3372,wallet,1,186.41
3373,credit_card,2,1207.48
3374,cash_on_delivery,1,268.73
3375,cash_on_delivery,1,206.91
3376,cash_on_delivery,1,366.79
3377,bank_transfer,1,250.03
3378,cash_on_delivery,1,18.23
3379,cash_on_delivery,1,14.98
3380,cash_on_delivery,1,164.82
3381,bank_transfer,1,126.53
3382,cash_on_delivery,1,127.06
3383,cash_on_delivery,1,33.4
3384,cash_on_delivery,1,123.15
3385,credit_card,1,97.84
3386,cash_on_delivery,1,900.62
3387,cash_on_delivery,1,500.03
3388,cash_on_delivery,1,304.3
3389,cash_on_delivery,1,122.62
3390,credit_card,2,150.63
3391,cash_on_delivery,1,16.13
3392,wallet,1,1035.14
3393,bank_transfer,1,105.5
3394,credit_card,2,135.9
3395,credit_card,1,285.51
3396,credit_card,1,46.91
3397,credit_card,3,281.45
3398,credit_card,1,72.72
3399,cash_on_delivery,1,46.99
3400,wallet,1,105.63
3401,credit_card,12,6.38
3402,credit_card,3,1081.24
3403,credit_card,2,19.91
3404,cash_on_delivery,1,105.56
3405,cash_on_delivery,1,121.66
3406,credit_card,1,254.07
3407,cash_on_delivery,1,64.52
3408,cash_on_delivery,1,210.6
3409,cash_on_delivery,1,45.65
3410,credit_card,12,282.28
3411,credit_card,1,40.43
3412,credit_card,1,231.23
3413,credit_card,3,76.7
3414,bank_transfer,1,455.62
3415,credit_card,1,117.75
3416,cash_on_delivery,1,93.27
3417,wallet,1,686.1
3418,credit_card,6,169.98
3419,cash_on_delivery,1,318.26
3420,cash_on_delivery,1,177.2
3421,wallet,1,20.43
3422,credit_card,2,89.37
3423,credit_card,1,18.26
3424,cash_on_delivery,1,21.52
3425,credit_card,12,518.07
3426,cash_on_delivery,1,233.77
3427,credit_card,1,425.22
3428,credit_card,1,1178.37
3429,wallet,1,86.12
3430,wallet,1,727.31
3431,credit_card,6,269.26
3432,cash_on_delivery,1,189.98
3433,credit_card,2,150.36
3434,cash_on_delivery,1,2461.83
3435,credit_card,3,166.17
3436,cash_on_delivery,1,1307.68
3437,credit_card,1,115.38
3438,cash_on_delivery,1,613.83
3439,credit_card,12,816.46
3440,credit_card,6,12.81
3441,credit_card,3,893.88
3442,wallet,1,17.23
3443,cash_on_delivery,1,150.02
3444,credit_card,3,4152.0
3445,cash_on_delivery,1,34.78
3446,credit_card,1,50.36
3447,credit_card,1,186.04
3448,cash_on_delivery,1,48.06
3449,credit_card,1,211.39
3450,cash_on_delivery,1,111.41
3451,bank_transfer,1,28.24
3452,cash_on_delivery,1,108.74
3453,bank_transfer,1,1742.77
3454,bank_transfer,1,121.69
3455,credit_card,3,665.29
3456,credit_card,6,1711.47
3457,bank_transfer,1,673.11
3458,credit_card,3,185.83
3459,wallet,1,2239.12
3460,credit_card,1,240.83
3461,credit_card,1,482.52
3462,cash_on_delivery,1,840.36
3463,credit_card,2,331.58
3464,credit_card,1,632.07
3465,cash_on_delivery,1,259.51
3466,wallet,1,158.8
3467,credit_card,6,306.41
3468,credit_card,12,798.36
3469,credit_card,1,149.9
3470,credit_card,2,138.05
3471,credit_card,1,93.4
3472,wallet,1,133.32
3473,credit_card,6,21.19
3474,cash_on_delivery,1,496.87
3475,cash_on_delivery,1,133.66
3476,credit_card,6,406.74
3477,credit_card,1,451.09
3478,wallet,1,650.94
3479,credit_card,1,221.36
3480,cash_on_delivery,1,20.43
3481,credit_card,1,2.78
3482,cash_on_delivery,1,935.18
3483,credit_card,1,38.62
3484,credit_card,1,399.16
3485,bank_transfer,1,397.59
3486,credit_card,1,233.3
3487,credit_card,1,818.8
3488,credit_card,6,835.24
3489,credit_card,1,62.02
3490,cash_on_delivery,1,122.33
3491,credit_card,1,173.39
3492,cash_on_delivery,1,42.52
3493,wallet,1,108.82
3494,wallet,1,910.17
3495,cash_on_delivery,1,174.1
3496,credit_card,1,924.77
3497,credit_card,12,194.39
3498,cash_on_delivery,1,197.24
3499,bank_transfer,1,160.71
3500,cash_on_delivery,1,199.1
3501,cash_on_delivery,1,857.52
3502,cash_on_delivery,1,32.51
3503,credit_card,3,251.31
3504,bank_transfer,1,92.47
3505,cash_on_delivery,1,186.07
3506,cash_on_delivery,1,100.78
3507,credit_card,1,6.62
3508,cash_on_delivery,1,58.51
3509,cash_on_delivery,1,206.5
3510,credit_card,3,219.36
3511,credit_card,1,183.14
3512,credit_card,1,161.5
3513,wallet,1,61.2
3514,cash_on_delivery,1,84.93
3515,cash_on_delivery,1,98.58
3516,credit_card,1,649.07
3517,credit_card,3,215.07
3518,credit_card,1,507.84
3519,cash_on_delivery,1,61.45
3520,credit_card,2,799.42
3521,credit_card,2,685.18
3522,cash_on_delivery,1,197.42
3523,cash_on_delivery,1,68.2
3524,credit_card,6,74.4
3525,credit_card,2,41.4
3526,cash_on_delivery,1,57.49
3527,credit_card,12,38.48
3528,cash_on_delivery,1,130.51
3529,credit_card,6,91.99
3530,credit_card,1,125.41
3531,cash_on_delivery,1,15.73
3532,credit_card,3,80.06
3533,credit_card,6,1627.6
3534,cash_on_delivery,1,1325.22
3535,wallet,1,813.88
3536,cash_on_delivery,1,940.0
3537,credit_card,2,1071.58
3538,credit_card,6,404.86
3539,credit_card,1,748.3
3540,wallet,1,848.83
3541,credit_card,2,422.53
3542,cash_on_delivery,1,132.65
3543,cash_on_delivery,1,98.07
3544,cash_on_delivery,1,61.91
3545,credit_card,2,253.5
3546,cash_on_delivery,1,828.58
3547,cash_on_delivery,1,227.69
3548,credit_card,6,19.69
3549,cash_on_delivery,1,592.85
3550,credit_card,2,224.56
3551,credit_card,1,509.78
3552,wallet,1,18.34
3553,credit_card,6,60.75
3554,credit_card,3,187.26
3555,credit_card,1,10.8
3556,credit_card,6,1671.61
3557,credit_card,6,77.87
3558,credit_card,2,807.09
3559,cash_on_delivery,1,119.34
3560,credit_card,3,1451.62
3561,cash_on_delivery,1,9.54
3562,credit_card,2,125.14
3563,wallet,1,27.89
3564,credit_card,3,386.0
3565,bank_transfer,1,185.04
3566,bank_transfer,1,165.73
3567,credit_card,2,146.78
3568,cash_on_delivery,1,251.4
3569,credit_card,3,61.24
3570,cash_on_delivery,1,17.42
3571,credit_card,2,150.85
3572,credit_card,1,541.74
3573,wallet,1,338.62
3574,cash_on_delivery,1,197.58
3575,credit_card,12,245.78
3576,credit_card,1,60.27
3577,credit_card,1,253.23
3578,credit_card,1,30.95
3579,cash_on_delivery,1,138.75
3580,wallet,1,741.58
3581,credit_card,1,6.52
3582,cash_on_delivery,1,118.24
3583,cash_on_delivery,1,1216.08
3584,cash_on_delivery,1,202.56
3585,credit_card,6,1848.85
3586,cash_on_delivery,1,126.93
3587,credit_card,3,168.34
3588,credit_card,3,174.55
3589,credit_card,1,417.62
3590,cash_on_delivery,1,29.31
3591,credit_card,6,128.86
3592,credit_card,6,55.1
3593,wallet,1,136.75
3594,cash_on_delivery,1,280.72
3595,credit_card,1,686.18
3596,credit_card,1,266.42
3597,wallet,1,370.43
3598,cash_on_delivery,1,278.47
3599,cash_on_delivery,1,81.63
3600,credit_card,3,1186.23
3601,cash_on_delivery,1,89.87
3602,credit_card,1,740.79
3603,cash_on_delivery,1,32.98
3604,wallet,1,251.22
3605,wallet,1,144.85
3606,cash_on_delivery,1,582.42
3607,wallet,1,1245.35
3608,wallet,1,161.11
3609,wallet,1,263.27
3610,cash_on_delivery,1,378.11
3611,cash_on_delivery,1,35.14
3612,credit_card,12,85.39
3613,cash_on_delivery,1,155.06
3614,cash_on_delivery,1,148.59
3615,bank_transfer,1,1858.01
3616,cash_on_delivery,1,76.02
3617,credit_card,2,137.41
3618,credit_card,3,958.75
3619,credit_card,3,128.92
3620,cash_on_delivery,1,489.78
3621,cash_on_delivery,1,124.56
3622,cash_on_delivery,1,206.84
3623,credit_card,1,208.79
3624,wallet,1,35.62
3625,cash_on_delivery,1,233.67
3626,cash_on_delivery,1,498.82
3627,wallet,1,2517.36
3628,credit_card,2,198.54
3629,wallet,1,429.49
3630,credit_card,3,17.81
3631,cash_on_delivery,1,48.84
3632,bank_transfer,1,58.3
3633,cash_on_delivery,1,94.24
3634,wallet,1,150.9
3635,credit_card,6,103.32
3636,cash_on_delivery,1,34.44
3637,wallet,1,21.17
3638,cash_on_delivery,1,83.73
3639,cash_on_delivery,1,307.06
3640,credit_card,1,369.9
3641,credit_card,6,218.21
3642,wallet,1,827.96
3643,cash_on_delivery,1,150.49
3644,credit_card,6,918.19
3645,bank_transfer,1,43.32
3646,credit_card,2,17.69
3647,bank_transfer,1,2090.02
3648,credit_card,2,419.03
3649,credit_card,2,1662.66
3650,cash_on_delivery,1,1351.79
3651,credit_card,1,347.85
3652,cash_on_delivery,1,166.42
3653,credit_card,1,199.29
3654,credit_card,1,896.23
3655,credit_card,12,270.35
3656,bank_transfer,1,246.79
3657,credit_card,12,206.9
3658,credit_card,2,829.63
3659,wallet,1,261.1
3660,wallet,1,13.81
3661,credit_card,6,86.65
3662,credit_card,2,160.76
3663,credit_card,1,998.97
3664,credit_card,1,714.53
3665,credit_card,1,386.89
3666,credit_card,1,724.58
3667,credit_card,6,204.1
3668,cash_on_delivery,1,33.1
3669,credit_card,6,620.99
3670,cash_on_delivery,1,595.99
3671,cash_on_delivery,1,47.91
3672,credit_card,1,48.59
3673,cash_on_delivery,1,190.33
3674,cash_on_delivery,1,927.45
3675,cash_on_delivery,1,25.1
3676,credit_card,6,249.98
3677,cash_on_delivery,1,48.37
3678,cash_on_delivery,1,375.46
3679,cash_on_delivery,1,8.71
3680,bank_transfer,1,140.07
3681,cash_on_delivery,1,802.86
3682,credit_card,1,6.57
3683,wallet,1,10.81
3684,credit_card,3,70.52
3685,credit_card,3,127.36
3686,cash_on_delivery,1,691.19
3687,cash_on_delivery,1,70.11
3688,wallet,1,171.19
3689,bank_transfer,1,29.89
3690,cash_on_delivery,1,346.78
3691,cash_on_delivery,1,10.68
3692,credit_card,6,55.44
3693,credit_card,12,87.57
3694,bank_transfer,1,831.92
3695,cash_on_delivery,1,729.14
3696,credit_card,12,141.06
3697,cash_on_delivery,1,54.58
3698,cash_on_delivery,1,261.41
3699,credit_card,2,512.57
3700,cash_on_delivery,1,140.14
3701,wallet,1,45.93
3702,cash_on_delivery,1,36.87
3703,credit_card,6,70.81
3704,credit_card,1,147.31
3705,wallet,1,91.57
3706,credit_card,1,91.21
3707,cash_on_delivery,1,885.24
3708,bank_transfer,1,451.91
3709,credit_card,1,354.27
3710,cash_on_delivery,1,20.01
3711,credit_card,1,1015.57
3712,cash_on_delivery,1,47.43
3713,credit_card,1,251.59
3714,credit_card,2,57.88
3715,credit_card,2,9.91
3716,cash_on_delivery,1,90.4
3717,cash_on_delivery,1,206.37
3718,cash_on_delivery,1,431.38
3719,credit_card,12,31.76
3720,cash_on_delivery,1,33.57
3721,credit_card,2,1185.16
3722,cash_on_delivery,1,233.14
3723,credit_card,6,1205.06
3724,bank_transfer,1,102.11
3725,cash_on_delivery,1,1766.61
3726,credit_card,12,1318.63
3727,cash_on_delivery,1,983.74
3728,cash_on_delivery,1,260.41
3729,credit_card,1,169.49
3730,credit_card,1,183.77
3731,cash_on_delivery,1,157.61
3732,cash_on_delivery,1,913.49
3733,cash_on_delivery,1,303.06
3734,wallet,1,841.05
3735,cash_on_delivery,1,175.71
3736,bank_transfer,1,8.74
3737,wallet,1,246.83
3738,cash_on_delivery,1,419.52
3739,cash_on_delivery,1,81.01
3740,credit_card,3,670.91
3741,cash_on_delivery,1,913.06
3742,credit_card,3,1367.37
3743,cash_on_delivery,1,11.33
3744,cash_on_delivery,1,259.36
3745,cash_on_delivery,1,186.37
3746,cash_on_delivery,1,856.34
3747,cash_on_delivery,1,55.24
3748,credit_card,1,1132.38
3749,credit_card,1,47.53
3750,bank_transfer,1,245.62
3751,credit_card,1,100.19
3752,cash_on_delivery,1,2239.1
3753,credit_card,1,251.41
3754,wallet,1,124.51
3755,bank_transfer,1,271.06
3756,credit_card,2,911.22
3757,credit_card,1,927.51
3758,credit_card,1,448.97
3759,bank_transfer,1,154.62
3760,bank_transfer,1,339.48
3761,bank_transfer,1,150.8
3762,credit_card,1,43.38
3763,cash_on_delivery,1,525.6
3764,credit_card,1,671.29
3765,cash_on_delivery,1,470.34
3766,credit_card,1,885.93
3767,cash_on_delivery,1,295.83
3768,credit_card,1,233.94
3769,cash_on_delivery,1,92.29
3770,wallet,1,468.91
3771,credit_card,6,10.81
3772,cash_on_delivery,1,17.72
3773,cash_on_delivery,1,1018.52
3774,wallet,1,152.17
3775,credit_card,6,46.46
3776,credit_card,2,882.85
3777,credit_card,1,17.16
3778,credit_card,3,118.85
3779,wallet,1,372.23
3780,credit_card,3,914.5
3781,credit_card,12,68.95
3782,cash_on_delivery,1,8.25
3783,bank_transfer,1,61.28
3784,bank_transfer,1,44.79
3785,credit_card,1,855.72
3786,credit_card,3,394.5
3787,wallet,1,571.78
3788,credit_card,3,18.0
3789,cash_on_delivery,1,161.44
3790,credit_card,2,55.5
3791,credit_card,1,148.45
3792,credit_card,2,108.81
3793,credit_card,12,31.64
3794,cash_on_delivery,1,32.67
3795,cash_on_delivery,1,40.9
3796,bank_transfer,1,550.55
3797,wallet,1,188.76
3798,cash_on_delivery,1,734.09
3799,cash_on_delivery,1,848.66
3800,credit_card,1,2793.61
3801,cash_on_delivery,1,237.43
3802,credit_card,3,658.11
3803,credit_card,1,573.01
3804,credit_card,6,102.02
3805,wallet,1,185.81
3806,cash_on_delivery,1,221.84
3807,cash_on_delivery,1,54.77
3808,credit_card,1,84.92
3809,cash_on_delivery,1,135.05
3810,credit_card,12,137.84
3811,credit_card,2,1657.55
3812,cash_on_delivery,1,255.45
3813,cash_on_delivery,1,19.12
3814,credit_card,1,1901.24
3815,cash_on_delivery,1,199.85
3816,credit_card,1,261.41
3817,credit_card,12,196.66
3818,cash_on_delivery,1,57.04
3819,wallet,1,639.08
3820,credit_card,6,685.18
3821,cash_on_delivery,1,193.21
3822,credit_card,3,197.24
3823,credit_card,1,675.23
3824,cash_on_delivery,1,78.48
3825,cash_on_delivery,1,225.18
3826,cash_on_delivery,1,417.73
3827,cash_on_delivery,1,125.37
3828,credit_card,1,189.91
3829,credit_card,12,90.56
3830,credit_card,2,584.15
3831,cash_on_delivery,1,57.21
3832,cash_on_delivery,1,84.99
3833,credit_card,1,600.92
3834,bank_transfer,1,177.35
3835,credit_card,1,250.21
3836,credit_card,3,115.4
3837,wallet,1,849.94
3838,credit_card,2,96.5
3839,cash_on_delivery,1,1120.85
3840,credit_card,1,89.22
3841,credit_card,3,51.39
3842,credit_card,12,59.62
3843,wallet,1,219.24
3844,cash_on_delivery,1,251.32
3845,cash_on_delivery,1,131.32
3846,cash_on_delivery,1,31.82
3847,credit_card,1,802.3
3848,credit_card,6,56.69
3849,credit_card,6,34.1
3850,wallet,1,923.88
3851,credit_card,3,260.22
3852,cash_on_delivery,1,141.45
3853,cash_on_delivery,1,75.9
3854,credit_card,1,73.55
3855,credit_card,1,83.52
3856,credit_card,6,204.94
3857,credit_card,2,822.66
3858,cash_on_delivery,1,359.83
3859,wallet,1,568.31
3860,wallet,1,462.56
3861,credit_card,1,16.9
3862,cash_on_delivery,1,188.22
3863,cash_on_delivery,1,703.86
3864,cash_on_delivery,1,474.58
3865,credit_card,1,125.25
3866,cash_on_delivery,1,208.3
3867,bank_transfer,1,244.89
3868,wallet,1,56.99
3869,credit_card,3,598.66
3870,cash_on_delivery,1,86.81
3871,credit_card,12,192.75
3872,credit_card,12,19.36
3873,credit_card,2,1064.37
3874,cash_on_delivery,1,7.41
3875,cash_on_delivery,1,304.33
3876,credit_card,1,691.46
3877,credit_card,3,57.23
3878,credit_card,1,368.99
3879,bank_transfer,1,153.4
3880,bank_transfer,1,144.1
3881,credit_card,12,118.07
3882,credit_card,1,101.37
3883,credit_card,3,88.96
3884,credit_card,2,1051.25
3885,cash_on_delivery,1,29.94
3886,cash_on_delivery,1,47.71
3887,credit_card,3,587.67
3888,wallet,1,451.49
3889,credit_card,6,1210.85
3890,bank_transfer,1,1330.15
3891,credit_card,6,1318.38
3892,cash_on_delivery,1,537.44
3893,credit_card,3,95.07
3894,credit_card,1,9.89
3895,credit_card,1,275.27
3896,cash_on_delivery,1,53.09
3897,credit_card,1,27.81
3898,credit_card,1,104.17
3899,credit_card,3,286.37
3900,credit_card,1,199.55
3901,credit_card,1,40.41
3902,cash_on_delivery,1,627.36
3903,cash_on_delivery,1,889.43
3904,credit_card,2,139.85
3905,cash_on_delivery,1,88.45
3906,wallet,1,528.99
3907,credit_card,12,55.21
3908,cash_on_delivery,1,181.65
3909,credit_card,12,11.2
3910,credit_card,12,968.85
3911,cash_on_delivery,1,20.35
3912,credit_card,2,946.56
3913,cash_on_delivery,1,353.45
3914,wallet,1,583.04
3915,cash_on_delivery,1,817.08
3916,credit_card,1,19.68
3917,wallet,1,1446.53
3918,cash_on_delivery,1,292.1
3919,cash_on_delivery,1,778.58
3920,credit_card,3,244.56
3921,cash_on_delivery,1,28.3
3922,bank_transfer,1,631.54
3923,cash_on_delivery,1,90.43
3924,cash_on_delivery,1,155.71
3925,bank_transfer,1,203.75
3926,wallet,1,119.25
3927,credit_card,1,1166.2
3928,credit_card,6,139.9
3929,cash_on_delivery,1,94.52
3930,cash_on_delivery,1,422.6
3931,wallet,1,42.34
3932,credit_card,2,189.04
3933,wallet,1,159.47
3934,cash_on_delivery,1,918.99
3935,credit_card,1,361.34
3936,credit_card,2,258.09
3937,cash_on_delivery,1,262.55
3938,cash_on_delivery,1,568.35
3939,wallet,1,2279.6
3940,cash_on_delivery,1,132.61
3941,credit_card,12,26.38
3942,wallet,1,216.86
3943,credit_card,12,303.44
3944,wallet,1,44.79
3945,cash_on_delivery,1,41.19
3946,credit_card,1,670.66
3947,cash_on_delivery,1,204.97
3948,wallet,1,160.23
3949,credit_card,1,210.17
3950,credit_card,6,847.84
3951,credit_card,12,30.03
3952,credit_card,1,656.98
3953,cash_on_delivery,1,12.71
3954,cash_on_delivery,1,784.73
3955,credit_card,12,124.04
3956,cash_on_delivery,1,549.94
3957,wallet,1,294.91
3958,cash_on_delivery,1,481.48
3959,wallet,1,22.33
3960,credit_card,1,479.22
3961,cash_on_delivery,1,641.51
3962,cash_on_delivery,1,728.43
3963,credit_card,6,28.66
3964,credit_card,6,107.66
3965,credit_card,3,1090.18
3966,credit_card,1,101.89
3967,credit_card,6,580.82
3968,credit_card,1,29.95
3969,credit_card,6,20.9
3970,credit_card,3,262.56
3971,cash_on_delivery,1,86.8
3972,credit_card,1,562.13
3973,credit_card,6,202.95
3974,credit_card,6,289.15
3975,bank_transfer,1,695.08
3976,credit_card,2,751.29
3977,wallet,1,1402.66
3978,cash_on_delivery,1,1126.46
3979,credit_card,1,713.42
3980,credit_card,6,177.16
3981,cash_on_delivery,1,10.18
3982,bank_transfer,1,32.31
3983,cash_on_delivery,1,368.02
3984,wallet,1,126.04
3985,credit_card,1,55.52
3986,cash_on_delivery,1,709.71
3987,cash_on_delivery,1,361.8
3988,wallet,1,451.23
3989,cash_on_delivery,1,110.34
3990,credit_card,6,97.88
3991,credit_card,2,171.52
3992,credit_card,1,549.9
3993,cash_on_delivery,1,151.65
3994,credit_card,3,41.82
3995,credit_card,12,127.16
3996,credit_card,1,178.38
3997,wallet,1,402.96
3998,credit_card,6,2001.84
3999,credit_card,12,355.9
4000,credit_card,1,103.82
4001,wallet,1,207.51
4002,cash_on_delivery,1,1007.41
4003,bank_transfer,1,1262.59
4004,credit_card,1,367.32
4005,cash_on_delivery,1,40.31
4006,bank_transfer,1,78.4
4007,credit_card,6,330.73
4008,credit_card,1,949.21
4009,credit_card,1,930.28
4010,credit_card,1,32.34
4011,cash_on_delivery,1,172.31
4012,cash_on_delivery,1,90.57
4013,cash_on_delivery,1,54.37
4014,credit_card,1,1952.57
4015,cash_on_delivery,1,823.27
4016,credit_card,12,17.52
4017,credit_card,1,368.39
4018,credit_card,1,409.46
4019,cash_on_delivery,1,75.49
4020,wallet,1,1623.69
4021,credit_card,2,180.76
4022,credit_card,3,90.34
4023,wallet,1,52.54
4024,cash_on_delivery,1,216.59
4025,credit_card,3,201.56
4026,credit_card,1,162.25
4027,cash_on_delivery,1,265.46
4028,cash_on_delivery,1,359.93
4029,cash_on_delivery,1,159.12
4030,cash_on_delivery,1,1839.6
4031,credit_card,1,571.36
4032,cash_on_delivery,1,437.92
4033,wallet,1,395.36
4034,cash_on_delivery,1,69.1
4035,credit_card,2,601.25
4036,credit_card,1,146.21
4037,cash_on_delivery,1,85.37
4038,credit_card,6,176.94
4039,credit_card,1,319.41
4040,cash_on_delivery,1,66.0
4041,credit_card,2,816.78
4042,credit_card,1,155.56
4043,credit_card,2,1127.31
4044,credit_card,6,153.23
4045,credit_card,2,314.4
4046,wallet,1,27.27
4047,bank_transfer,1,217.75
4048,credit_card,6,498.78
4049,cash_on_delivery,1,1038.45
4050,credit_card,2,160.2
4051,wallet,1,56.0
4052,cash_on_delivery,1,222.75
4053,cash_on_delivery,1,257.68
4054,cash_on_delivery,1,1159.7
4055,credit_card,3,19.08
4056,wallet,1,1823.43
4057,credit_card,1,710.61
4058,credit_card,2,725.74
4059,credit_card,6,147.05
4060,cash_on_delivery,1,20.42
4061,cash_on_delivery,1,389.61
4062,cash_on_delivery,1,157.92
4063,credit_card,3,93.65
4064,cash_on_delivery,1,93.07
4065,bank_transfer,1,746.75
4066,wallet,1,1270.67
4067,bank_transfer,1,143.42
4068,cash_on_delivery,1,2349.53
4069,credit_card,6,298.29
4070,wallet,1,304.68
4071,bank_transfer,1,588.5
4072,cash_on_delivery,1,34.92
4073,credit_card,1,383.08
4074,cash_on_delivery,1,341.11
4075,credit_card,1,176.37
4076,bank_transfer,1,245.71
4077,cash_on_delivery,1,182.52
4078,cash_on_delivery,1,6.47
4079,cash_on_delivery,1,779.06
4080,bank_transfer,1,90.93
4081,wallet,1,74.16
4082,bank_transfer,1,43.2
4083,credit_card,2,55.6
4084,cash_on_delivery,1,7.35
4085,wallet,1,33.3
4086,credit_card,6,543.5
4087,credit_card,3,82.83
4088,credit_card,12,256.71
4089,credit_card,1,180.96
4090,wallet,1,329.43
4091,credit_card,3,56.12
4092,credit_card,2,108.28
4093,cash_on_delivery,1,99.02
4094,credit_card,6,1078.3
4095,credit_card,6,257.2
4096,credit_card,3,212.67
4097,wallet,1,149.16
4098,cash_on_delivery,1,164.02
4099,wallet,1,196.59
4100,credit_card,1,302.99
4101,credit_card,2,304.9
4102,cash_on_delivery,1,86.37
4103,wallet,1,421.24
4104,cash_on_delivery,1,120.83
4105,cash_on_delivery,1,105.67
4106,wallet,1,134.17
4107,cash_on_delivery,1,285.2
4108,credit_card,1,838.49
4109,credit_card,1,154.29
4110,wallet,1,105.34
4111,credit_card,3,200.1
4112,cash_on_delivery,1,125.9
4113,cash_on_delivery,1,845.09
4114,cash_on_delivery,1,247.8
4115,credit_card,1,518.7
4116,credit_card,6,191.2
4117,cash_on_delivery,1,220.26
4118,credit_card,12,657.31
4119,bank_transfer,1,19.29
4120,wallet,1,454.97
4121,bank_transfer,1,51.6
4122,cash_on_delivery,1,122.09
4123,credit_card,12,161.93
4124,credit_card,1,231.92
4125,credit_card,1,11.26
4126,cash_on_delivery,1,647.81
4127,credit_card,1,355.97
4128,credit_card,12,47.72
4129,credit_card,6,1136.67
4130,credit_card,2,173.61
4131,bank_transfer,1,51.61
4132,cash_on_delivery,1,352.96
4133,credit_card,2,155.03
4134,credit_card,12,86.01
4135,credit_card,1,606.46
4136,credit_card,3,344.4
4137,cash_on_delivery,1,189.25
4138,wallet,1,285.11
4139,cash_on_delivery,1,15.97
4140,credit_card,2,150.56
4141,wallet,1,628.44
4142,cash_on_delivery,1,87.06
4143,bank_transfer,1,168.92
4144,credit_card,1,50.34
4145,wallet,1,730.57
4146,credit_card,6,109.6
4147,credit_card,12,10.66
4148,credit_card,6,14.89
4149,credit_card,12,118.85
4150,cash_on_delivery,1,249.67
4151,cash_on_delivery,1,904.16
4152,credit_card,2,17.44
4153,wallet,1,493.33
4154,cash_on_delivery,1,12.78
4155,wallet,1,1022.39
4156,bank_transfer,1,21.75
4157,cash_on_delivery,1,100.38
4158,credit_card,2,148.6
4159,credit_card,3,37.33
4160,cash_on_delivery,1,88.35
4161,cash_on_delivery,1,740.95
4162,cash_on_delivery,1,57.26
4163,credit_card,1,249.34
4164,credit_card,6,29.57
4165,cash_on_delivery,1,186.96
4166,cash_on_delivery,1,189.07
4167,cash_on_delivery,1,903.65
4168,cash_on_delivery,1,618.09
4169,cash_on_delivery,1,600.12
4170,credit_card,3,413.35
4171,cash_on_delivery,1,255.39
4172,cash_on_delivery,1,180.09
4173,cash_on_delivery,1,103.05
4174,bank_transfer,1,123.34
4175,credit_card,6,443.18
4176,credit_card,2,444.48
4177,credit_card,1,24.1
4178,cash_on_delivery,1,219.28
4179,cash_on_delivery,1,60.39
4180,cash_on_delivery,1,165.03
4181,credit_card,2,255.87
4182,credit_card,1,33.54
4183,cash_on_delivery,1,40.52
4184,wallet,1,109.06
4185,credit_card,2,106.06
4186,wallet,1,42.79
4187,credit_card,1,44.6
4188,credit_card,12,363.01
4189,wallet,1,15.02
4190,cash_on_delivery,1,100.46
4191,credit_card,2,251.43
4192,cash_on_delivery,1,726.14
4193,credit_card,1,110.1
4194,cash_on_delivery,1,194.79
4195,cash_on_delivery,1,280.56
4196,wallet,1,52.69
4197,cash_on_delivery,1,358.13
4198,credit_card,1,341.33
4199,credit_card,6,146.22
4200,credit_card,1,572.81
4201,cash_on_delivery,1,180.04
4202,credit_card,1,34.94
4203,credit_card,12,456.96
4204,credit_card,12,1326.1
4205,credit_card,2,774.23
4206,credit_card,1,107.17
4207,cash_on_delivery,1,58.53
4208,credit_card,1,105.02
4209,credit_card,1,17.44
4210,cash_on_delivery,1,197.68
4211,credit_card,3,56.06
4212,cash_on_delivery,1,321.09
4213,credit_card,1,86.66
4214,cash_on_delivery,1,97.4
4215,cash_on_delivery,1,83.74
4216,wallet,1,701.25
4217,credit_card,12,283.54
4218,wallet,1,37.37
4219,cash_on_delivery,1,173.8
4220,credit_card,6,717.62
4221,cash_on_delivery,1,249.35
4222,bank_transfer,1,862.01
4223,credit_card,1,6.7
4224,credit_card,12,84.79
4225,cash_on_delivery,1,72.0
4226,credit_card,3,385.11
4227,credit_card,2,397.84
4228,credit_card,2,196.8
4229,credit_card,12,2242.36
4230,credit_card,3,695.73
4231,bank_transfer,1,105.02
4232,wallet,1,188.77
4233,credit_card,1,62.03
4234,wallet,1,952.64
4235,cash_on_delivery,1,212.19
4236,cash_on_delivery,1,29.13
4237,cash_on_delivery,1,59.21
4238,credit_card,2,825.91
4239,bank_transfer,1,273.42
4240,credit_card,1,398.55
4241,credit_card,1,3.63
4242,cash_on_delivery,1,60.84
4243,credit_card,1,666.74
4244,credit_card,3,30.73
4245,cash_on_delivery,1,736.87
4246,credit_card,1,143.33
4247,credit_card,12,102.65
4248,cash_on_delivery,1,118.01
4249,wallet,1,723.16
4250,cash_on_delivery,1,12.66
4251,credit_card,1,375.82
4252,cash_on_delivery,1,152.65
4253,wallet,1,18.04
4254,wallet,1,79.34
4255,credit_card,1,286.94
4256,wallet,1,233.12
4257,credit_card,3,143.4
4258,credit_card,2,196.91
4259,wallet,1,86.52
4260,cash_on_delivery,1,122.55
4261,cash_on_delivery,1,112.69
4262,cash_on_delivery,1,228.91
4263,credit_card,12,441.86
4264,credit_card,1,704.14
4265,cash_on_delivery,1,214.19
4266,wallet,1,282.78
4267,credit_card,2,61.86
4268,cash_on_delivery,1,976.1
4269,credit_card,1,721.2
4270,wallet,1,52.65
4271,credit_card,6,925.16
4272,cash_on_delivery,1,157.51
4273,credit_card,1,896.1
4274,credit_card,2,85.8
4275,credit_card,1,93.44
4276,credit_card,2,259.94
4277,credit_card,2,158.06
4278,bank_transfer,1,500.57
4279,credit_card,2,678.34
4280,cash_on_delivery,1,255.23
4281,wallet,1,331.09
4282,credit_card,2,254.86
4283,bank_transfer,1,56.68
4284,cash_on_delivery,1,101.45
4285,credit_card,1,96.24
4286,cash_on_delivery,1,19.62
4287,credit_card,6,169.05
4288,credit_card,6,555.03
4289,credit_card,6,135.88
4290,credit_card,1,481.45
4291,credit_card,1,166.26
4292,credit_card,1,285.69
4293,credit_card,3,146.71
4294,credit_card,2,103.58
4295,cash_on_delivery,1,38.98
4296,credit_card,1,166.12
4297,credit_card,2,254.51
4298,credit_card,6,900.21
4299,wallet,1,107.59
4300,credit_card,1,37.71
4301,credit_card,12,188.73
4302,wallet,1,2790.79
4303,credit_card,12,37.55
4304,wallet,1,1109.19
4305,credit_card,3,188.58
4306,credit_card,12,952.66
4307,cash_on_delivery,1,92.11
4308,cash_on_delivery,1,74.04
4309,credit_card,1,190.36
4310,credit_card,3,152.5
4311,cash_on_delivery,1,112.87
4312,credit_card,12,532.26
4313,credit_card,2,93.29
4314,cash_on_delivery,1,314.84
4315,cash_on_delivery,1,121.43
4316,credit_card,1,333.86
4317,credit_card,2,2713.45
4318,bank_transfer,1,740.53
4319,cash_on_delivery,1,86.65
4320,credit_card,1,133.81
4321,credit_card,3,86.09
4322,bank_transfer,1,374.22
4323,credit_card,1,776.56
4324,credit_card,1,93.05
4325,cash_on_delivery,1,1126.83
4326,cash_on_delivery,1,211.32
4327,cash_on_delivery,1,241.37
4328,credit_card,2,361.05
4329,cash_on_delivery,1,1039.94
4330,credit_card,6,316.41
4331,cash_on_delivery,1,902.78
4332,credit_card,6,13.94
4333,credit_card,1,34.86
4334,credit_card,1,160.76
4335,credit_card,2,831.35
4336,wallet,1,91.99
4337,credit_card,1,711.36
4338,credit_card,2,127.04
4339,credit_card,1,440.73
4340,bank_transfer,1,275.37
4341,credit_card,12,698.58
4342,credit_card,1,29.21
4343,credit_card,3,743.46
4344,cash_on_delivery,1,975.78
4345,credit_card,12,225.51
4346,credit_card,6,534.43
4347,credit_card,2,179.48
4348,cash_on_delivery,1,6.94
4349,credit_card,6,229.09
4350,credit_card,6,1483.56
4351,credit_card,12,143.96
4352,credit_card,6,435.39
4353,cash_on_delivery,1,87.95
4354,credit_card,1,9.94
4355,credit_card,3,653.23
4356,credit_card,6,100.01
4357,bank_transfer,1,238.18
4358,bank_transfer,1,28.84
4359,cash_on_delivery,1,838.25
4360,cash_on_delivery,1,270.36
4361,cash_on_delivery,1,134.62
4362,credit_card,1,245.05
4363,credit_card,1,47.27
4364,cash_on_delivery,1,189.88
4365,wallet,1,79.41
4366,credit_card,12,98.66
4367,credit_card,1,57.71
4368,credit_card,1,75.77
4369,bank_transfer,1,901.91
4370,cash_on_delivery,1,900.08
4371,credit_card,3,56.65
4372,cash_on_delivery,1,6.54
4373,credit_card,6,654.01
4374,credit_card,2,127.24
4375,cash_on_delivery,1,907.37
4376,cash_on_delivery,1,796.74
4377,bank_transfer,1,240.38
4378,cash_on_delivery,1,82.87
4379,credit_card,6,8.21
4380,wallet,1,1013.43
4381,cash_on_delivery,1,274.7
4382,cash_on_delivery,1,893.1
4383,credit_card,1,322.42
4384,wallet,1,98.2
4385,cash_on_delivery,1,239.18
4386,cash_on_delivery,1,89.44
4387,credit_card,3,262.74
4388,cash_on_delivery,1,128.17
4389,credit_card,1,702.95
4390,credit_card,1,194.86
4391,credit_card,1,178.28
4392,credit_card,3,126.17
4393,wallet,1,1896.58
4394,cash_on_delivery,1,224.81
4395,credit_card,2,242.09
4396,cash_on_delivery,1,360.68
4397,bank_transfer,1,829.16
4398,cash_on_delivery,1,44.74
4399,cash_on_delivery,1,983.65
4400,credit_card,12,426.42
4401,cash_on_delivery,1,120.55
4402,cash_on_delivery,1,54.63
4403,credit_card,3,374.01
4404,credit_card,1,141.82
4405,cash_on_delivery,1,134.48
4406,cash_on_delivery,1,271.2
4407,credit_card,2,1399.57
4408,cash_on_delivery,1,435.78
4409,bank_transfer,1,58.16
4410,credit_card,12,6.29
4411,wallet,1,41.81
4412,credit_card,3,295.79
4413,cash_on_delivery,1,62.63
4414,cash_on_delivery,1,90.25
4415,cash_on_delivery,1,171.43
4416,credit_card,6,44.93
4417,credit_card,1,54.16
4418,credit_card,1,908.74
4419,credit_card,6,78.63
4420,cash_on_delivery,1,71.58
4421,cash_on_delivery,1,247.64
4422,wallet,1,238.06
4423,wallet,1,308.99
4424,credit_card,3,6.2
4425,credit_card,6,593.7
4426,wallet,1,57.64
4427,cash_on_delivery,1,173.2
4428,cash_on_delivery,1,125.78
4429,credit_card,1,85.96
4430,cash_on_delivery,1,758.71
4431,bank_transfer,1,192.42
4432,credit_card,3,81.37
4433,bank_transfer,1,264.09
4434,credit_card,2,285.81
4435,credit_card,3,99.05
4436,credit_card,6,50.46
4437,cash_on_delivery,1,73.6
4438,bank_transfer,1,141.4
4439,credit_card,6,385.1
4440,credit_card,1,17.5
4441,cash_on_delivery,1,40.7
4442,cash_on_delivery,1,586.31
4443,credit_card,2,68.83
4444,wallet,1,1048.52
4445,credit_card,12,463.59
4446,cash_on_delivery,1,59.0
4447,wallet,1,242.15
4448,bank_transfer,1,294.61
4449,bank_transfer,1,1823.38
4450,credit_card,3,222.48
4451,credit_card,1,664.58
4452,wallet,1,89.94
4453,credit_card,1,313.17
4454,wallet,1,533.85
4455,cash_on_delivery,1,107.92
4456,cash_on_delivery,1,716.12
4457,cash_on_delivery,1,849.24
4458,bank_transfer,1,6.32
4459,credit_card,6,845.26
4460,cash_on_delivery,1,222.97
4461,credit_card,2,171.53
4462,cash_on_delivery,1,450.79
4463,credit_card,1,467.48
4464,cash_on_delivery,1,281.85
4465,cash_on_delivery,1,1439.46
4466,credit_card,6,242.77
4467,cash_on_delivery,1,54.43
4468,bank_transfer,1,210.8
4469,cash_on_delivery,1,26.7
4470,cash_on_delivery,1,127.67
4471,credit_card,6,735.15
4472,cash_on_delivery,1,43.99
4473,cash_on_delivery,1,690.48
4474,cash_on_delivery,1,664.79
4475,bank_transfer,1,48.35
4476,cash_on_delivery,1,256.89
4477,cash_on_delivery,1,108.95
4478,bank_transfer,1,94.28
4479,wallet,1,135.4
4480,cash_on_delivery,1,271.92
4481,cash_on_delivery,1,33.41
4482,wallet,1,157.59
4483,credit_card,6,32.69
4484,credit_card,1,424.01
4485,credit_card,3,478.02
4486,credit_card,2,510.14
4487,cash_on_delivery,1,163.24
4488,cash_on_delivery,1,719.38
4489,cash_on_delivery,1,980.37
4490,cash_on_delivery,1,535.92
4491,cash_on_delivery,1,111.31
4492,cash_on_delivery,1,16.73
4493,wallet,1,97.61
4494,cash_on_delivery,1,153.93
4495,cash_on_delivery,1,99.47
4496,credit_card,6,907.94
4497,credit_card,1,168.41
4498,cash_on_delivery,1,1037.74
4499,wallet,1,75.55
4500,bank_transfer,1,31.17
4501,cash_on_delivery,1,11.03
4502,credit_card,1,95.67
4503,cash_on_delivery,1,994.6
4504,credit_card,1,907.38
4505,credit_card,1,106.37
4506,credit_card,3,206.16
4507,cash_on_delivery,1,64.68
4508,credit_card,6,40.36
4509,credit_card,1,168.19
4510,credit_card,3,439.43
4511,credit_card,6,187.93
4512,cash_on_delivery,1,122.61
4513,cash_on_delivery,1,346.17
4514,wallet,1,123.86
4515,credit_card,2,207.89
4516,credit_card,2,236.83
4517,credit_card,1,18.35
4518,wallet,1,79.6
4519,credit_card,2,1205.12
4520,wallet,1,78.5
4521,cash_on_delivery,1,96.48
4522,credit_card,6,612.24
4523,cash_on_delivery,1,165.18
4524,cash_on_delivery,1,160.57
4525,cash_on_delivery,1,270.51
4526,wallet,1,121.24
4527,cash_on_delivery,1,278.67
4528,cash_on_delivery,1,411.66
4529,credit_card,3,19.65
4530,wallet,1,928.89
4531,wallet,1,48.67
4532,cash_on_delivery,1,50.0
4533,credit_card,12,46.02
4534,credit_card,1,29.77
4535,cash_on_delivery,1,179.82
4536,credit_card,3,722.62
4537,credit_card,2,52.37
4538,cash_on_delivery,1,68.81
4539,bank_transfer,1,504.64
4540,credit_card,12,78.06
4541,credit_card,2,139.27
4542,credit_card,3,457.27
4543,credit_card,1,1133.17
4544,wallet,1,73.67
4545,bank_transfer,1,104.29
4546,credit_card,1,191.95
4547,cash_on_delivery,1,11.17
4548,credit_card,1,149.25
4549,cash_on_delivery,1,464.12
4550,credit_card,12,299.11
4551,credit_card,6,325.63
4552,credit_card,2,125.44
4553,bank_transfer,1,461.13
4554,cash_on_delivery,1,580.97
4555,bank_transfer,1,328.02
4556,bank_transfer,1,22.05
4557,wallet,1,144.06
4558,credit_card,12,379.29
4559,cash_on_delivery,1,288.32
4560,wallet,1,75.44
4561,cash_on_delivery,1,12.69
4562,bank_transfer,1,270.11
4563,wallet,1,81.43
4564,credit_card,1,52.53
4565,cash_on_delivery,1,61.76
4566,credit_card,3,640.37
4567,cash_on_delivery,1,32.96
4568,wallet,1,1115.72
4569,credit_card,3,43.33
4570,cash_on_delivery,1,425.79
4571,cash_on_delivery,1,163.86
4572,credit_card,2,336.38
4573,credit_card,1,40.17
4574,cash_on_delivery,1,339.56
4575,cash_on_delivery,1,39.73
4576,credit_card,3,243.53
4577,bank_transfer,1,485.78
4578,wallet,1,117.47
4579,credit_card,1,852.0
4580,credit_card,12,457.75
4581,credit_card,3,427.44
4582,credit_card,2,212.68
4583,cash_on_delivery,1,142.8
4584,credit_card,12,86.34
4585,credit_card,2,195.64
4586,credit_card,12,34.46
4587,credit_card,2,1127.62
4588,credit_card,12,504.6
4589,credit_card,1,136.83
4590,credit_card,1,572.1
4591,wallet,1,280.66
4592,cash_on_delivery,1,413.76
4593,credit_card,6,151.63
4594,bank_transfer,1,125.38
4595,credit_card,3,50.2
4596,cash_on_delivery,1,884.31
4597,wallet,1,10.93
4598,wallet,1,58.71
4599,credit_card,1,825.71
4600,cash_on_delivery,1,6.53
4601,cash_on_delivery,1,317.25
4602,credit_card,1,340.54
4603,credit_card,1,317.09
4604,credit_card,2,97.91
4605,credit_card,1,272.14
4606,bank_transfer,1,35.9
4607,credit_card,1,41.78
4608,cash_on_delivery,1,106.78
4609,cash_on_delivery,1,254.34
4610,credit_card,1,82.71
4611,cash_on_delivery,1,3.68
4612,cash_on_delivery,1,860.09
4613,credit_card,12,314.47
4614,credit_card,1,61.49
4615,bank_transfer,1,87.45
4616,credit_card,2,283.4
4617,cash_on_delivery,1,720.04
4618,cash_on_delivery,1,24.58
4619,cash_on_delivery,1,314.44
4620,bank_transfer,1,84.01
4621,cash_on_delivery,1,29.27
4622,credit_card,1,243.29
4623,credit_card,2,607.5
4624,bank_transfer,1,371.45
4625,cash_on_delivery,1,161.02
4626,wallet,1,261.65
4627,credit_card,1,53.41
4628,wallet,1,139.65
4629,credit_card,3,158.13
4630,cash_on_delivery,1,23.5
4631,credit_card,2,156.93
4632,cash_on_delivery,1,426.8
4633,credit_card,3,132.6
4634,credit_card,3,239.37
4635,cash_on_delivery,1,911.32
4636,credit_card,1,164.26
4637,cash_on_delivery,1,299.38
4638,cash_on_delivery,1,182.47
4639,credit_card,3,59.06
4640,credit_card,6,11.45
4641,credit_card,1,2675.82
4642,credit_card,12,199.66
4643,wallet,1,153.74
4644,bank_transfer,1,446.82
4645,credit_card,1,643.16
4646,wallet,1,266.27
4647,cash_on_delivery,1,367.68
4648,credit_card,1,206.6
4649,cash_on_delivery,1,782.85
4650,cash_on_delivery,1,382.79
4651,credit_card,1,194.73
4652,cash_on_delivery,1,1252.78
4653,credit_card,2,151.85
4654,bank_transfer,1,47.45
4655,cash_on_delivery,1,1002.03
4656,cash_on_delivery,1,76.21
4657,wallet,1,890.6
4658,wallet,1,130.25
4659,cash_on_delivery,1,75.17
4660,cash_on_delivery,1,882.04
4661,cash_on_delivery,1,18.56
4662,credit_card,12,762.2
4663,credit_card,2,1182.83
4664,credit_card,6,117.5
4665,bank_transfer,1,719.33
4666,cash_on_delivery,1,892.69
4667,cash_on_delivery,1,9.0
4668,cash_on_delivery,1,196.24
4669,cash_on_delivery,1,68.6
4670,cash_on_delivery,1,2127.5
4671,credit_card,1,120.34
4672,cash_on_delivery,1,87.31
4673,credit_card,1,2691.33
4674,credit_card,1,167.22
4675,cash_on_delivery,1,177.53
4676,cash_on_delivery,1,1404.9
4677,credit_card,12,1510.01
4678,credit_card,3,942.65
4679,credit_card,12,322.23
4680,credit_card,1,22.53
4681,wallet,1,150.42
4682,credit_card,1,304.8
4683,wallet,1,71.36
4684,credit_card,1,439.31
4685,bank_transfer,1,179.1
4686,credit_card,1,739.63
4687,cash_on_delivery,1,102.55
4688,credit_card,2,139.18
4689,wallet,1,58.7
4690,wallet,1,223.55
4691,cash_on_delivery,1,138.74
4692,cash_on_delivery,1,93.28
4693,credit_card,3,281.05
4694,credit_card,6,1128.02
4695,cash_on_delivery,1,96.11
4696,cash_on_delivery,1,289.53
4697,bank_transfer,1,8.91
4698,bank_transfer,1,1548.37
4699,wallet,1,130.57
4700,credit_card,3,335.8
4701,cash_on_delivery,1,185.37
4702,cash_on_delivery,1,122.48
4703,cash_on_delivery,1,74.72
4704,cash_on_delivery,1,177.72
4705,cash_on_delivery,1,123.37
4706,cash_on_delivery,1,755.98
4707,credit_card,6,35.49
4708,credit_card,6,3.75
4709,credit_card,1,413.87
4710,credit_card,12,668.27
4711,cash_on_delivery,1,43.7
4712,cash_on_delivery,1,196.47
4713,bank_transfer,1,16.09
4714,credit_card,2,1925.6
4715,credit_card,6,264.47
4716,cash_on_delivery,1,170.52
4717,credit_card,1,194.66
4718,cash_on_delivery,1,99.71
4719,credit_card,6,721.91
4720,cash_on_delivery,1,318.88
4721,cash_on_delivery,1,1015.19
4722,credit_card,6,259.76
4723,credit_card,6,18.88
4724,credit_card,1,731.69
4725,credit_card,1,146.75
4726,cash_on_delivery,1,953.19
4727,credit_card,3,212.75
4728,cash_on_delivery,1,122.34
4729,credit_card,2,176.98
4730,cash_on_delivery,1,73.91
4731,bank_transfer,1,340.67
4732,cash_on_delivery,1,732.39
4733,wallet,1,89.85
4734,cash_on_delivery,1,111.47
4735,credit_card,2,952.15
4736,cash_on_delivery,1,84.98
4737,credit_card,6,34.3
4738,credit_card,3,110.54
4739,cash_on_delivery,1,18.7
4740,credit_card,2,157.42
4741,cash_on_delivery,1,177.46
4742,credit_card,1,82.13
4743,cash_on_delivery,1,235.88
4744,credit_card,6,619.39
4745,wallet,1,530.05
4746,cash_on_delivery,1,103.65
4747,credit_card,1,134.73
4748,cash_on_delivery,1,141.16
4749,cash_on_delivery,1,303.33
4750,credit_card,1,108.65
4751,credit_card,1,569.78
4752,cash_on_delivery,1,256.17
4753,bank_transfer,1,722.93
4754,wallet,1,107.92
4755,wallet,1,238.79
4756,credit_card,3,656.41
4757,credit_card,1,304.58
4758,cash_on_delivery,1,27.6
4759,credit_card,12,14.54
4760,cash_on_delivery,1,327.07
4761,cash_on_delivery,1,160.69
4762,wallet,1,1665.0
4763,credit_card,6,296.75
4764,credit_card,1,529.17
4765,cash_on_delivery,1,37.75
4766,wallet,1,545.73
4767,credit_card,1,272.1
4768,credit_card,1,593.77
4769,credit_card,2,328.14
4770,credit_card,6,96.49
4771,credit_card,1,87.66
4772,credit_card,6,61.1
4773,cash_on_delivery,1,941.42
4774,credit_card,1,166.12
4775,cash_on_delivery,1,700.37
4776,credit_card,3,349.59
4777,cash_on_delivery,1,241.44
4778,wallet,1,150.58
4779,bank_transfer,1,326.47
4780,credit_card,12,148.78
4781,credit_card,2,43.21
4782,credit_card,3,1382.1
4783,cash_on_delivery,1,348.16
4784,credit_card,6,254.33
4785,credit_card,6,59.4
4786,credit_card,3,30.53
4787,cash_on_delivery,1,231.83
4788,cash_on_delivery,1,431.12
4789,wallet,1,41.52
4790,bank_transfer,1,1063.83
4791,credit_card,12,285.75
4792,credit_card,3,995.0
4793,credit_card,6,367.0
4794,credit_card,1,406.49
4795,cash_on_delivery,1,15.15
4796,cash_on_delivery,1,77.19
4797,credit_card,12,71.34
4798,credit_card,3,660.81
4799,cash_on_delivery,1,490.1
4800,cash_on_delivery,1,234.03
4801,cash_on_delivery,1,988.19
4802,bank_transfer,1,419.38
4803,bank_transfer,1,80.45
4804,cash_on_delivery,1,221.68
4805,cash_on_delivery,1,785.47
4806,cash_on_delivery,1,687.37
4807,cash_on_delivery,1,58.34
4808,credit_card,1,426.03
4809,cash_on_delivery,1,236.81
4810,credit_card,6,136.53
4811,credit_card,1,648.93
4812,cash_on_delivery,1,139.07
4813,credit_card,1,591.59
4814,credit_card,2,37.59
4815,credit_card,6,261.12
4816,credit_card,1,906.2
4817,cash_on_delivery,1,224.35
4818,bank_transfer,1,741.8
4819,credit_card,1,991.92
4820,credit_card,1,865.52
4821,bank_transfer,1,91.34
4822,credit_card,1,229.53
4823,cash_on_delivery,1,11.42
4824,wallet,1,88.84
4825,credit_card,1,107.22
4826,credit_card,3,205.69
4827,credit_card,1,58.58
4828,bank_transfer,1,20.83
4829,credit_card,3,53.08
4830,wallet,1,647.8
4831,credit_card,6,487.7
4832,bank_transfer,1,204.5
4833,wallet,1,33.15
4834,wallet,1,33.81
4835,cash_on_delivery,1,51.62
4836,credit_card,6,829.24
4837,cash_on_delivery,1,179.78
4838,cash_on_delivery,1,519.78
4839,cash_on_delivery,1,239.98
4840,credit_card,1,101.23
4841,credit_card,2,196.99
4842,credit_card,1,176.22
4843,credit_card,1,170.73
4844,credit_card,1,272.7
4845,credit_card,2,182.66
4846,credit_card,1,24.61
4847,wallet,1,88.66
4848,credit_card,1,402.07
4849,credit_card,1,444.98
4850,credit_card,1,160.65
4851,bank_transfer,1,145.37
4852,bank_transfer,1,121.33
4853,credit_card,12,190.09
4854,wallet,1,336.78
4855,cash_on_delivery,1,278.0
4856,cash_on_delivery,1,57.93
4857,credit_card,6,108.18
4858,cash_on_delivery,1,35.27
4859,cash_on_delivery,1,129.25
4860,credit_card,3,96.54
4861,credit_card,1,2.74
4862,cash_on_delivery,1,636.93
4863,credit_card,6,56.33
4864,credit_card,1,99.69
4865,credit_card,1,42.79
4866,credit_card,6,229.34
4867,wallet,1,405.87
4868,cash_on_delivery,1,417.55
4869,cash_on_delivery,1,134.14
4870,cash_on_delivery,1,81.89
4871,cash_on_delivery,1,949.79
4872,cash_on_delivery,1,943.06
4873,cash_on_delivery,1,125.3
4874,cash_on_delivery,1,43.48
4875,cash_on_delivery,1,455.19
4876,credit_card,1,89.84
4877,credit_card,1,294.32
4878,credit_card,1,885.0
4879,cash_on_delivery,1,33.08
4880,credit_card,1,62.39
4881,cash_on_delivery,1,629.36
4882,cash_on_delivery,1,513.01
4883,cash_on_delivery,1,38.66
4884,cash_on_delivery,1,378.65
4885,credit_card,1,358.49
4886,cash_on_delivery,1,167.71
4887,wallet,1,8.92
4888,credit_card,1,509.62
4889,credit_card,3,858.84
4890,credit_card,1,15.71
4891,cash_on_delivery,1,14.45
4892,cash_on_delivery,1,343.9
4893,cash_on_delivery,1,257.6
4894,cash_on_delivery,1,176.27
4895,credit_card,1,110.37
4896,cash_on_delivery,1,609.77
4897,credit_card,1,618.56
4898,wallet,1,257.37
4899,cash_on_delivery,1,39.07
4900,cash_on_delivery,1,685.19
4901,cash_on_delivery,1,841.21
4902,wallet,1,17.91
4903,bank_transfer,1,227.2
4904,cash_on_delivery,1,17.21
4905,cash_on_delivery,1,297.48
4906,wallet,1,392.72
4907,credit_card,2,98.17
4908,cash_on_delivery,1,48.94
4909,credit_card,6,134.02
4910,cash_on_delivery,1,388.18
4911,credit_card,1,409.58
4912,cash_on_delivery,1,343.87
4913,credit_card,2,55.71
4914,wallet,1,49.26
4915,credit_card,1,84.93
4916,credit_card,1,711.78
4917,credit_card,1,320.15
4918,bank_transfer,1,7.34
4919,cash_on_delivery,1,106.84
4920,credit_card,1,902.58
4921,wallet,1,1516.14
4922,cash_on_delivery,1,56.57
4923,bank_transfer,1,578.02
4924,credit_card,1,62.54
4925,cash_on_delivery,1,114.19
4926,cash_on_delivery,1,109.72
4927,wallet,1,35.02
4928,bank_transfer,1,7.27
4929,cash_on_delivery,1,554.92
4930,bank_transfer,1,102.36
4931,credit_card,1,49.44
4932,cash_on_delivery,1,315.96
4933,credit_card,1,242.95
4934,credit_card,6,94.89
4935,credit_card,1,683.02
4936,cash_on_delivery,1,369.92
4937,credit_card,2,88.76
4938,credit_card,1,102.86
4939,wallet,1,185.59
4940,credit_card,1,84.72
4941,wallet,1,339.98
4942,credit_card,1,325.12
4943,bank_transfer,1,88.54
4944,cash_on_delivery,1,99.02
4945,credit_card,2,408.99
4946,wallet,1,41.58
4947,cash_on_delivery,1,320.54
4948,credit_card,2,1099.31
4949,credit_card,1,395.27
4950,credit_card,1,581.13
4951,cash_on_delivery,1,58.42
4952,bank_transfer,1,100.12
4953,credit_card,6,32.83
4954,cash_on_delivery,1,1252.51
4955,cash_on_delivery,1,782.98
4956,credit_card,3,430.45
4957,cash_on_delivery,1,177.01
4958,wallet,1,831.08
4959,credit_card,1,223.8
4960,cash_on_delivery,1,88.5
4961,credit_card,6,74.65
4962,cash_on_delivery,1,173.48
4963,credit_card,1,526.98
4964,credit_card,6,148.28
4965,cash_on_delivery,1,265.21
4966,credit_card,3,263.69
4967,credit_card,3,108.02
4968,credit_card,1,6.08
4969,cash_on_delivery,1,517.14
4970,bank_transfer,1,648.05
4971,cash_on_delivery,1,448.45
4972,cash_on_delivery,1,13.85
4973,credit_card,2,400.56
4974,wallet,1,176.24
4975,bank_transfer,1,6.82
4976,credit_card,1,288.79
4977,credit_card,2,124.33
4978,cash_on_delivery,1,169.9
4979,credit_card,3,316.67
4980,credit_card,1,28.25
4981,cash_on_delivery,1,378.81
4982,credit_card,2,187.02
4983,credit_card,1,112.55
4984,wallet,1,479.18
4985,credit_card,3,2.68
4986,credit_card,2,50.11
4987,cash_on_delivery,1,170.62
4988,cash_on_delivery,1,365.52
4989,credit_card,2,55.45
4990,credit_card,2,858.87
4991,credit_card,1,141.6
4992,credit_card,12,287.51
4993,credit_card,2,324.38
4994,wallet,1,199.94
4995,credit_card,2,166.06
4996,cash_on_delivery,1,70.64
4997,wallet,1,127.93
4998,credit_card,1,243.52
4999,credit_card,2,180.94
5000,credit_card,12,288.95
5001,bank_transfer,1,127.61
5002,credit_card,1,948.73
5003,credit_card,1,6.97
5004,credit_card,2,178.13
5005,cash_on_delivery,1,151.08
5006,cash_on_delivery,1,164.36
5007,cash_on_delivery,1,222.59
5008,cash_on_delivery,1,87.87
5009,credit_card,2,72.35
5010,cash_on_delivery,1,457.4
5011,cash_on_delivery,1,207.59
5012,cash_on_delivery,1,155.4
5013,cash_on_delivery,1,32.85
5014,cash_on_delivery,1,171.15
5015,credit_card,12,948.29
5016,cash_on_delivery,1,1716.18
5017,wallet,1,64.42
5018,cash_on_delivery,1,91.96
5019,wallet,1,919.93
5020,cash_on_delivery,1,277.17
5021,credit_card,12,243.07
5022,credit_card,3,251.58
5023,wallet,1,862.5
5024,wallet,1,57.34
5025,credit_card,2,274.44
5026,credit_card,1,236.2
5027,credit_card,3,743.27
5028,cash_on_delivery,1,18.99
5029,cash_on_delivery,1,255.36
5030,credit_card,6,79.37
5031,cash_on_delivery,1,1442.71
5032,cash_on_delivery,1,91.1
5033,wallet,1,510.43
5034,credit_card,1,104.39
5035,wallet,1,714.17
5036,credit_card,12,760.09
5037,credit_card,3,95.2
5038,wallet,1,354.03
5039,cash_on_delivery,1,42.47
5040,credit_card,3,106.09
5041,credit_card,2,290.09
5042,cash_on_delivery,1,301.78
5043,credit_card,12,218.49
5044,credit_card,3,316.89
5045,credit_card,3,103.43
5046,credit_card,3,82.89
5047,credit_card,12,256.97
5048,credit_card,1,681.34
5049,cash_on_delivery,1,465.26
5050,wallet,1,2122.79
5051,credit_card,12,259.75
5052,cash_on_delivery,1,17.39
5053,cash_on_delivery,1,243.59
5054,credit_card,1,718.59
5055,wallet,1,1387.78
5056,credit_card,3,83.84
5057,credit_card,1,1075.59
5058,cash_on_delivery,1,685.02
5059,credit_card,12,933.69
5060,cash_on_delivery,1,712.18
5061,credit_card,1,125.94
5062,bank_transfer,1,164.75
5063,credit_card,6,650.45
5064,credit_card,1,1186.41
5065,cash_on_delivery,1,336.27
5066,credit_card,1,152.53
5067,credit_card,2,492.82
5068,cash_on_delivery,1,55.34
5069,cash_on_delivery,1,39.86
5070,wallet,1,673.82
5071,cash_on_delivery,1,24.49
5072,cash_on_delivery,1,398.13
5073,wallet,1,46.81
5074,wallet,1,927.27
5075,credit_card,1,527.63
5076,cash_on_delivery,1,21.51
5077,wallet,1,20.53
5078,cash_on_delivery,1,694.04
5079,credit_card,2,407.61
5080,wallet,1,800.16
5081,wallet,1,34.83
5082,credit_card,1,219.27
5083,cash_on_delivery,1,108.86
5084,credit_card,6,29.48
5085,cash_on_delivery,1,807.04
5086,credit_card,12,383.98
5087,credit_card,1,366.52
5088,credit_card,12,122.14
5089,credit_card,3,87.44
5090,cash_on_delivery,1,353.49
5091,credit_card,12,46.63
5092,credit_card,1,10.58
5093,wallet,1,720.45
5094,credit_card,6,1300.31
5095,bank_transfer,1,528.49
5096,cash_on_delivery,1,928.93
5097,cash_on_delivery,1,75.02
5098,cash_on_delivery,1,1225.92
5099,cash_on_delivery,1,565.6
5100,credit_card,3,18.57
5101,credit_card,1,160.53
5102,bank_transfer,1,920.38
5103,bank_transfer,1,161.16
5104,credit_card,12,536.24
5105,cash_on_delivery,1,30.94
5106,cash_on_delivery,1,132.82
5107,credit_card,3,86.77
5108,credit_card,2,13.21
5109,wallet,1,798.63
5110,credit_card,1,237.89
5111,credit_card,1,173.68
5112,credit_card,12,793.65
5113,bank_transfer,1,229.09
5114,credit_card,2,267.58
5115,cash_on_delivery,1,707.94
5116,credit_card,6,190.33
5117,credit_card,6,33.22
5118,credit_card,1,62.66
5119,cash_on_delivery,1,2788.5
5120,wallet,1,213.74
5121,wallet,1,104.47
5122,wallet,1,300.06
5123,credit_card,1,41.88
5124,cash_on_delivery,1,21.15
5125,cash_on_delivery,1,111.07
5126,credit_card,3,97.48
5127,credit_card,1,292.05
5128,credit_card,3,50.14
5129,credit_card,3,167.62
5130,cash_on_delivery,1,444.07
5131,wallet,1,73.94
5132,wallet,1,141.29
5133,credit_card,12,711.55
5134,bank_transfer,1,244.7
5135,credit_card,12,228.62
5136,cash_on_delivery,1,310.14
5137,credit_card,2,20.28
5138,cash_on_delivery,1,899.6
5139,credit_card,6,133.59
5140,credit_card,3,159.44
5141,wallet,1,33.14
5142,wallet,1,85.6
5143,credit_card,6,1304.87
5144,credit_card,2,250.03
5145,cash_on_delivery,1,18.99
5146,cash_on_delivery,1,414.08
5147,cash_on_delivery,1,235.58
5148,wallet,1,33.28
5149,cash_on_delivery,1,17.14
5150,wallet,1,182.12
5151,credit_card,2,90.87
5152,cash_on_delivery,1,59.89
5153,credit_card,2,717.57
5154,cash_on_delivery,1,44.38
5155,wallet,1,597.45
5156,credit_card,1,8.9
5157,cash_on_delivery,1,1335.63
5158,credit_card,1,316.74
5159,cash_on_delivery,1,21.02
5160,cash_on_delivery,1,10.74
5161,credit_card,6,56.28
5162,wallet,1,163.35
5163,cash_on_delivery,1,73.13
5164,credit_card,6,183.04
5165,credit_card,1,38.99
5166,credit_card,2,43.78
5167,cash_on_delivery,1,101.37
5168,credit_card,2,221.88
5169,wallet,1,133.08
5170,cash_on_delivery,1,156.37
5171,wallet,1,115.22
5172,cash_on_delivery,1,53.68
5173,cash_on_delivery,1,910.06
5174,cash_on_delivery,1,33.84
5175,credit_card,6,1084.94
5176,credit_card,1,78.09
5177,credit_card,2,24.04
5178,wallet,1,210.26
5179,cash_on_delivery,1,262.99
5180,bank_transfer,1,125.87
5181,credit_card,6,122.17
5182,wallet,1,519.07
5183,credit_card,1,99.98
5184,wallet,1,1380.85
5185,credit_card,1,121.82
5186,cash_on_delivery,1,441.68
5187,cash_on_delivery,1,66.41
5188,credit_card,6,31.28
5189,credit_card,2,746.01
5190,wallet,1,287.56
5191,credit_card,1,912.99
5192,credit_card,12,626.73
5193,cash_on_delivery,1,75.12
5194,cash_on_delivery,1,763.49
5195,cash_on_delivery,1,400.54
5196,credit_card,3,611.5
5197,bank_transfer,1,714.07
5198,cash_on_delivery,1,1434.04
5199,credit_card,2,648.55
5200,cash_on_delivery,1,873.05
5201,credit_card,1,143.37
5202,credit_card,3,327.78
5203,credit_card,2,107.01
5204,cash_on_delivery,1,17.27
5205,bank_transfer,1,353.27
5206,wallet,1,48.77
5207,credit_card,6,169.34
5208,cash_on_delivery,1,131.56
5209,credit_card,12,750.15
5210,credit_card,6,113.05
5211,credit_card,6,28.58
5212,credit_card,1,142.65
5213,credit_card,2,331.08
5214,credit_card,6,178.3
5215,cash_on_delivery,1,30.19
5216,bank_transfer,1,90.2
5217,cash_on_delivery,1,200.79
5218,credit_card,12,261.44
5219,bank_transfer,1,27.31
5220,cash_on_delivery,1,252.15
5221,credit_card,1,189.99
5222,credit_card,1,901.18
5223,wallet,1,49.67
5224,credit_card,2,84.51
5225,cash_on_delivery,1,1228.36
5226,credit_card,1,830.15
5227,cash_on_delivery,1,208.74
5228,credit_card,6,910.23
5229,wallet,1,78.12
5230,cash_on_delivery,1,1100.55
5231,wallet,1,89.27
5232,credit_card,1,784.27
5233,credit_card,6,10.75
5234,credit_card,1,76.16
5235,credit_card,6,277.27
5236,credit_card,3,1004.01
5237,cash_on_delivery,1,1213.14
5238,credit_card,3,92.18
5239,cash_on_delivery,1,54.13
5240,credit_card,3,74.22
5241,cash_on_delivery,1,15.35
5242,credit_card,6,19.76
5243,cash_on_delivery,1,872.1
5244,wallet,1,129.1
5245,credit_card,2,1018.21
5246,cash_on_delivery,1,94.82
5247,wallet,1,220.73
5248,cash_on_delivery,1,965.33
5249,cash_on_delivery,1,64.62
5250,bank_transfer,1,186.2
5251,credit_card,6,250.2
5252,credit_card,6,75.76
5253,credit_card,1,73.42
5254,cash_on_delivery,1,14.71
5255,credit_card,1,155.86
5256,credit_card,1,108.9
5257,credit_card,1,235.11
5258,wallet,1,103.35
5259,credit_card,1,483.95
5260,wallet,1,192.65
5261,credit_card,6,61.4
5262,cash_on_delivery,1,7.08
5263,cash_on_delivery,1,331.59
5264,credit_card,1,34.19
5265,cash_on_delivery,1,104.83
5266,bank_transfer,1,110.28
5267,cash_on_delivery,1,57.62
5268,cash_on_delivery,1,1155.21
5269,cash_on_delivery,1,274.34
5270,credit_card,2,859.12
5271,cash_on_delivery,1,122.63
5272,cash_on_delivery,1,20.98
5273,credit_card,12,24.06
5274,wallet,1,179.03
5275,cash_on_delivery,1,187.63
5276,wallet,1,823.08
5277,bank_transfer,1,403.13
5278,credit_card,12,172.11
5279,credit_card,2,43.21
5280,credit_card,1,83.44
5281,cash_on_delivery,1,168.16
5282,bank_transfer,1,264.71
5283,cash_on_delivery,1,491.56
5284,credit_card,12,65.19
5285,credit_card,3,407.65
5286,credit_card,1,327.15
5287,wallet,1,638.49
5288,cash_on_delivery,1,156.39
5289,credit_card,6,290.59
5290,bank_transfer,1,307.65
5291,credit_card,1,315.74
5292,credit_card,2,784.98
5293,credit_card,1,1449.03
5294,bank_transfer,1,1076.32
5295,credit_card,6,1092.75
5296,credit_card,1,367.66
5297,cash_on_delivery,1,91.57
5298,credit_card,1,19.86
5299,credit_card,2,357.58
5300,cash_on_delivery,1,572.21
5301,credit_card,2,1167.92
5302,cash_on_delivery,1,17.18
5303,credit_card,3,312.72
5304,credit_card,12,139.51
5305,cash_on_delivery,1,62.23
5306,bank_transfer,1,120.28
5307,cash_on_delivery,1,50.81
5308,credit_card,2,89.99
5309,wallet,1,27.17
5310,cash_on_delivery,1,1044.04
5311,cash_on_delivery,1,630.33
5312,credit_card,3,255.13
5313,wallet,1,835.84
5314,credit_card,3,461.78
5315,wallet,1,720.86
5316,credit_card,2,667.85
5317,wallet,1,20.58
5318,credit_card,1,42.09
5319,credit_card,1,31.1
5320,bank_transfer,1,245.93
5321,credit_card,2,727.9
5322,credit_card,1,201.0
5323,cash_on_delivery,1,85.82
5324,cash_on_delivery,1,1607.88
5325,credit_card,6,490.87
5326,bank_transfer,1,157.08
5327,credit_card,1,35.29
5328,bank_transfer,1,299.19
5329,bank_transfer,1,2.8
5330,credit_card,6,198.77
5331,cash_on_delivery,1,43.26
5332,credit_card,12,1031.43
5333,wallet,1,541.43
5334,wallet,1,628.5
5335,cash_on_delivery,1,685.73
5336,wallet,1,21.17
5337,cash_on_delivery,1,125.35
5338,credit_card,2,244.95
5339,cash_on_delivery,1,2092.62
5340,wallet,1,1417.65
5341,cash_on_delivery,1,263.52
5342,cash_on_delivery,1,338.34
5343,credit_card,1,514.94
5344,credit_card,6,187.84
5345,credit_card,3,61.94
5346,credit_card,1,172.62
5347,credit_card,6,380.59
5348,credit_card,1,428.21
5349,bank_transfer,1,32.67
5350,wallet,1,57.82
5351,credit_card,2,331.72
5352,wallet,1,1476.26
5353,credit_card,1,60.43
5354,wallet,1,171.92
5355,credit_card,2,1287.31
5356,cash_on_delivery,1,27.52
5357,credit_card,2,90.01
5358,cash_on_delivery,1,375.97
5359,credit_card,6,77.56
5360,credit_card,2,905.15
5361,cash_on_delivery,1,40.95
5362,cash_on_delivery,1,19.69
5363,credit_card,6,288.65
5364,credit_card,1,194.11
5365,cash_on_delivery,1,291.86
5366,cash_on_delivery,1,259.59
5367,cash_on_delivery,1,628.46
5368,credit_card,3,48.75
5369,wallet,1,212.45
5370,cash_on_delivery,1,169.53
5371,credit_card,1,41.08
5372,cash_on_delivery,1,88.01
5373,credit_card,1,52.33
5374,cash_on_delivery,1,1942.36
5375,credit_card,1,261.46
5376,cash_on_delivery,1,56.96
5377,cash_on_delivery,1,905.98
5378,cash_on_delivery,1,418.94
5379,cash_on_delivery,1,29.84
5380,bank_transfer,1,292.67
5381,cash_on_delivery,1,47.1
5382,credit_card,1,243.33
5383,credit_card,6,479.33
5384,cash_on_delivery,1,112.93
5385,credit_card,1,123.16
5386,credit_card,2,193.65
5387,credit_card,12,227.09
5388,cash_on_delivery,1,229.05
5389,bank_transfer,1,20.21
5390,bank_transfer,1,558.24
5391,cash_on_delivery,1,142.45
5392,cash_on_delivery,1,54.99
5393,bank_transfer,1,63.92
5394,credit_card,3,287.84
5395,credit_card,12,372.83
5396,cash_on_delivery,1,181.77
5397,wallet,1,16.25
5398,credit_card,6,497.18
5399,credit_card,3,260.37
5400,cash_on_delivery,1,36.83
5401,cash_on_delivery,1,361.65
5402,credit_card,3,343.16
5403,credit_card,6,59.5
5404,bank_transfer,1,108.45
5405,cash_on_delivery,1,300.74
5406,credit_card,2,78.51
5407,cash_on_delivery,1,231.39
5408,credit_card,1,34.93
5409,credit_card,1,73.12
5410,cash_on_delivery,1,253.76
5411,wallet,1,258.38
5412,cash_on_delivery,1,341.14
5413,cash_on_delivery,1,576.25
5414,credit_card,6,93.09
5415,credit_card,1,56.61
5416,wallet,1,415.75
5417,cash_on_delivery,1,1009.13
5418,credit_card,1,51.05
5419,wallet,1,598.62
5420,cash_on_delivery,1,82.88
5421,wallet,1,88.95
5422,credit_card,6,104.71
5423,credit_card,3,343.37
5424,cash_on_delivery,1,142.1
5425,cash_on_delivery,1,646.83
5426,wallet,1,863.38
5427,wallet,1,182.61
5428,cash_on_delivery,1,8.82
5429,cash_on_delivery,1,927.96
5430,credit_card,1,352.24
5431,bank_transfer,1,28.71
5432,credit_card,12,1390.6
5433,credit_card,2,122.41
5434,credit_card,1,111.63
5435,credit_card,1,439.14
5436,credit_card,1,647.83
5437,cash_on_delivery,1,407.94
5438,cash_on_delivery,1,445.01
5439,cash_on_delivery,1,72.29
5440,credit_card,6,298.39
5441,wallet,1,297.85
5442,cash_on_delivery,1,1427.27
5443,bank_transfer,1,62.1
5444,credit_card,2,155.32
5445,credit_card,2,37.68
5446,credit_card,2,226.29
5447,cash_on_delivery,1,271.06
5448,credit_card,2,197.78
5449,cash_on_delivery,1,42.11
5450,cash_on_delivery,1,32.5
5451,credit_card,6,188.14
5452,bank_transfer,1,269.97
5453,credit_card,1,382.94
5454,credit_card,6,1128.62
5455,cash_on_delivery,1,172.97
5456,credit_card,3,145.15
5457,cash_on_delivery,1,381.41
5458,wallet,1,45.42
5459,cash_on_delivery,1,1073.2
5460,bank_transfer,1,46.93
5461,credit_card,6,949.34
5462,wallet,1,861.47
5463,cash_on_delivery,1,15.07
5464,cash_on_delivery,1,182.32
5465,bank_transfer,1,951.97
5466,bank_transfer,1,89.0
5467,wallet,1,822.11
5468,credit_card,2,193.07
5469,credit_card,1,52.56
5470,credit_card,1,306.48
5471,credit_card,2,56.12
5472,credit_card,1,85.44
5473,credit_card,6,53.85
5474,wallet,1,193.3
5475,wallet,1,648.83
5476,wallet,1,262.2
5477,credit_card,6,167.14
5478,cash_on_delivery,1,24.46
5479,cash_on_delivery,1,34.17
5480,credit_card,6,141.4
5481,cash_on_delivery,1,16.87
5482,wallet,1,178.35
5483,credit_card,2,488.33
5484,credit_card,1,171.64
5485,cash_on_delivery,1,739.61
5486,credit_card,6,159.62
5487,cash_on_delivery,1,31.0
5488,credit_card,12,189.39
5489,credit_card,1,58.49
5490,credit_card,2,889.23
5491,cash_on_delivery,1,227.4
5492,cash_on_delivery,1,224.47
5493,cash_on_delivery,1,100.79
5494,credit_card,1,57.2
5495,wallet,1,223.46
5496,wallet,1,122.93
5497,credit_card,1,39.76
5498,credit_card,3,1026.92
5499,credit_card,6,571.79
5500,credit_card,2,466.63
5501,bank_transfer,1,111.97
5502,credit_card,1,62.45
5503,credit_card,2,418.9
5504,cash_on_delivery,1,689.34
5505,cash_on_delivery,1,224.78
5506,credit_card,2,393.21
5507,wallet,1,125.45
5508,credit_card,3,19.5
5509,cash_on_delivery,1,121.91
5510,wallet,1,293.17
5511,credit_card,12,666.74
5512,cash_on_delivery,1,196.42
5513,credit_card,6,23.57
5514,credit_card,6,203.82
5515,credit_card,3,851.2
5516,credit_card,3,19.31
5517,wallet,1,325.14
5518,credit_card,2,6.91
5519,credit_card,1,836.86
5520,cash_on_delivery,1,59.82
5521,credit_card,2,220.43
5522,cash_on_delivery,1,143.54
5523,credit_card,1,47.34
5524,wallet,1,9.63
5525,bank_transfer,1,77.35
5526,credit_card,3,100.66
5527,cash_on_delivery,1,349.43
5528,cash_on_delivery,1,18.93
5529,credit_card,12,642.47
5530,cash_on_delivery,1,380.62
5531,cash_on_delivery,1,731.35
5532,credit_card,12,102.01
5533,credit_card,2,6.15
5534,cash_on_delivery,1,1157.29
5535,wallet,1,89.92
5536,wallet,1,217.11
5537,cash_on_delivery,1,873.2
5538,cash_on_delivery,1,443.73
5539,credit_card,2,183.68
5540,credit_card,3,971.9
5541,cash_on_delivery,1,146.51
5542,cash_on_delivery,1,942.56
5543,cash_on_delivery,1,1735.99
5544,bank_transfer,1,855.98
5545,credit_card,2,919.76
5546,credit_card,6,157.33
5547,credit_card,1,686.03
5548,credit_card,12,490.33
5549,cash_on_delivery,1,201.11
5550,credit_card,1,501.04
5551,cash_on_delivery,1,169.92
5552,cash_on_delivery,1,132.0
5553,cash_on_delivery,1,28.91
5554,credit_card,1,60.1
5555,cash_on_delivery,1,916.97
5556,bank_transfer,1,56.46
5557,credit_card,1,708.99
5558,cash_on_delivery,1,129.83
5559,bank_transfer,1,1081.72
5560,bank_transfer,1,308.64
5561,wallet,1,60.64
5562,cash_on_delivery,1,44.4
5563,bank_transfer,1,156.04
5564,credit_card,3,753.52
5565,credit_card,12,66.85
5566,credit_card,6,146.19
5567,cash_on_delivery,1,638.56
5568,cash_on_delivery,1,574.17
5569,cash_on_delivery,1,6.86
5570,credit_card,2,477.03
5571,bank_transfer,1,104.68
5572,credit_card,1,166.29
5573,cash_on_delivery,1,32.65
5574,cash_on_delivery,1,253.93
5575,cash_on_delivery,1,617.13
5576,cash_on_delivery,1,270.38
5577,cash_on_delivery,1,92.77
5578,credit_card,12,135.64
5579,cash_on_delivery,1,72.65
5580,cash_on_delivery,1,168.65
5581,credit_card,3,114.35
5582,cash_on_delivery,1,480.79
5583,cash_on_delivery,1,15.02
5584,cash_on_delivery,1,290.61
5585,credit_card,1,209.51
5586,cash_on_delivery,1,54.85
5587,cash_on_delivery,1,604.94
5588,credit_card,1,431.18
5589,credit_card,6,952.62
5590,credit_card,1,258.48
5591,cash_on_delivery,1,172.97
5592,credit_card,12,450.22
5593,cash_on_delivery,1,50.36
5594,credit_card,1,2611.8
5595,wallet,1,172.07
5596,bank_transfer,1,41.5
5597,credit_card,1,1854.17
5598,cash_on_delivery,1,101.79
5599,cash_on_delivery,1,168.61
5600,cash_on_delivery,1,102.85
5601,cash_on_delivery,1,103.49
5602,cash_on_delivery,1,32.77
5603,cash_on_delivery,1,344.31
5604,wallet,1,38.48
5605,cash_on_delivery,1,195.91
5606,cash_on_delivery,1,1036.32
5607,credit_card,1,383.22
5608,wallet,1,250.13
5609,credit_card,1,1617.35
5610,wallet,1,367.72
5611,credit_card,1,167.44
5612,cash_on_delivery,1,124.65
5613,cash_on_delivery,1,159.68
5614,cash_on_delivery,1,998.52
5615,cash_on_delivery,1,134.29
5616,credit_card,6,1042.69
5617,credit_card,2,655.96
5618,cash_on_delivery,1,205.28
5619,credit_card,12,52.84
5620,credit_card,3,31.57
5621,credit_card,12,147.87
5622,credit_card,1,70.49
5623,cash_on_delivery,1,56.77
5624,wallet,1,59.53
5625,cash_on_delivery,1,592.31
5626,cash_on_delivery,1,417.43
5627,credit_card,1,345.5
5628,wallet,1,688.01
5629,credit_card,3,28.61
5630,cash_on_delivery,1,61.6
5631,credit_card,1,680.21
5632,bank_transfer,1,72.83
5633,credit_card,1,93.07
5634,credit_card,3,985.48
5635,cash_on_delivery,1,78.08
5636,bank_transfer,1,1435.93
5637,credit_card,6,78.39
5638,cash_on_delivery,1,186.53
5639,credit_card,2,55.16
5640,cash_on_delivery,1,62.08
5641,cash_on_delivery,1,723.83
5642,wallet,1,313.55
5643,cash_on_delivery,1,256.65
5644,credit_card,1,55.3
5645,bank_transfer,1,948.51
5646,credit_card,3,54.81
5647,credit_card,6,257.95
5648,credit_card,1,21.17
5649,cash_on_delivery,1,267.45
5650,cash_on_delivery,1,126.59
5651,credit_card,2,1883.14
5652,bank_transfer,1,1292.23
5653,wallet,1,41.47
5654,credit_card,2,806.17
5655,wallet,1,7.78
5656,credit_card,1,308.43
5657,credit_card,1,180.79
5658,cash_on_delivery,1,194.51
5659,cash_on_delivery,1,118.04
5660,wallet,1,531.81
5661,credit_card,1,89.75
5662,credit_card,2,86.86
5663,credit_card,6,639.21
5664,wallet,1,34.21
5665,wallet,1,653.38
5666,cash_on_delivery,1,388.31
5667,credit_card,1,43.21
5668,credit_card,1,225.03
5669,cash_on_delivery,1,58.15
5670,credit_card,1,139.13
5671,credit_card,1,107.49
5672,cash_on_delivery,1,995.34
5673,cash_on_delivery,1,123.61
5674,wallet,1,387.18
5675,bank_transfer,1,212.2
5676,cash_on_delivery,1,561.28
5677,cash_on_delivery,1,232.76
5678,cash_on_delivery,1,174.77
5679,bank_transfer,1,3.73
5680,credit_card,12,29.74
5681,cash_on_delivery,1,166.85
5682,credit_card,2,351.91
5683,cash_on_delivery,1,70.25
5684,credit_card,2,185.27
5685,cash_on_delivery,1,133.98
5686,wallet,1,339.71
5687,credit_card,12,857.65
5688,credit_card,3,301.84
5689,credit_card,1,124.92
5690,credit_card,1,58.84
5691,credit_card,6,283.46
5692,cash_on_delivery,1,662.87
5693,wallet,1,253.63
5694,credit_card,1,204.08
5695,bank_transfer,1,180.87
5696,cash_on_delivery,1,226.03
5697,credit_card,2,414.82
5698,wallet,1,475.87
5699,credit_card,1,14.88
5700,cash_on_delivery,1,424.89
5701,wallet,1,1044.64
5702,cash_on_delivery,1,19.47
5703,credit_card,12,264.27
5704,bank_transfer,1,222.76
5705,credit_card,1,14.13
5706,cash_on_delivery,1,504.72
5707,credit_card,1,592.01
5708,bank_transfer,1,487.79
5709,bank_transfer,1,707.05
5710,credit_card,3,87.79
5711,bank_transfer,1,47.14
5712,credit_card,2,46.37
5713,cash_on_delivery,1,851.5
5714,credit_card,2,64.72
5715,bank_transfer,1,193.57
5716,credit_card,1,31.75
5717,credit_card,2,123.71
5718,credit_card,6,844.05
5719,credit_card,1,8.61
5720,credit_card,1,79.86
5721,cash_on_delivery,1,763.53
5722,wallet,1,50.12
5723,cash_on_delivery,1,177.04
5724,cash_on_delivery,1,946.34
5725,credit_card,1,342.43
5726,wallet,1,508.45
5727,wallet,1,191.63
5728,credit_card,6,122.74
5729,credit_card,2,39.48
5730,credit_card,12,27.3
5731,cash_on_delivery,1,1175.48
5732,wallet,1,21.11
5733,credit_card,2,669.5
5734,bank_transfer,1,185.1
5735,credit_card,12,1509.05
5736,wallet,1,927.66
5737,cash_on_delivery,1,252.1
5738,cash_on_delivery,1,520.05
5739,cash_on_delivery,1,78.55
5740,credit_card,1,62.91
5741,credit_card,1,239.67
5742,cash_on_delivery,1,548.87
5743,credit_card,1,225.69
5744,cash_on_delivery,1,2.79
5745,credit_card,1,236.48
5746,cash_on_delivery,1,792.52
5747,cash_on_delivery,1,123.81
5748,cash_on_delivery,1,837.94
5749,credit_card,1,112.39
5750,cash_on_delivery,1,6.31
5751,wallet,1,146.46
5752,credit_card,6,110.69
5753,wallet,1,2383.14
5754,credit_card,1,54.41
5755,wallet,1,336.37
5756,cash_on_delivery,1,30.43
5757,credit_card,1,79.76
5758,cash_on_delivery,1,1725.67
5759,wallet,1,120.15
5760,cash_on_delivery,1,164.73
5761,cash_on_delivery,1,118.18
5762,credit_card,1,236.7
5763,cash_on_delivery,1,56.11
5764,wallet,1,384.82
5765,credit_card,1,956.27
5766,credit_card,1,89.5
5767,cash_on_delivery,1,1222.74
5768,credit_card,12,16.82
5769,cash_on_delivery,1,341.16
5770,bank_transfer,1,29.55
5771,credit_card,1,60.58
5772,cash_on_delivery,1,578.42
5773,credit_card,1,34.1
5774,credit_card,1,835.98
5775,bank_transfer,1,711.05
5776,cash_on_delivery,1,104.88
5777,credit_card,1,141.31
5778,cash_on_delivery,1,369.62
5779,credit_card,1,1256.94
5780,credit_card,6,112.33
5781,credit_card,2,60.62
5782,credit_card,1,683.94
5783,credit_card,3,311.11
5784,cash_on_delivery,1,215.74
5785,cash_on_delivery,1,436.59
5786,cash_on_delivery,1,42.14
5787,cash_on_delivery,1,119.88
5788,credit_card,1,219.83
5789,cash_on_delivery,1,87.62
5790,cash_on_delivery,1,44.29
5791,cash_on_delivery,1,144.19
5792,cash_on_delivery,1,137.86
5793,cash_on_delivery,1,1265.04
5794,wallet,1,247.04
5795,cash_on_delivery,1,1220.69
5796,credit_card,1,138.18
5797,cash_on_delivery,1,311.93
5798,credit_card,1,276.99
5799,cash_on_delivery,1,262.52
5800,credit_card,3,885.85
5801,bank_transfer,1,315.67
5802,credit_card,3,83.27
5803,credit_card,2,44.04
5804,credit_card,1,304.74
5805,bank_transfer,1,99.35
5806,cash_on_delivery,1,636.43
5807,wallet,1,625.45
5808,credit_card,2,287.22
5809,credit_card,1,63.86
5810,credit_card,1,366.57
5811,credit_card,6,156.42
5812,wallet,1,278.91
5813,credit_card,3,94.75
5814,credit_card,3,514.51
5815,credit_card,1,746.41
5816,credit_card,12,490.25
5817,cash_on_delivery,1,481.82
5818,cash_on_delivery,1,12.72
5819,cash_on_delivery,1,116.18
5820,cash_on_delivery,1,195.84
5821,wallet,1,54.81
5822,credit_card,1,137.71
5823,credit_card,2,149.62
5824,cash_on_delivery,1,1658.01
5825,credit_card,1,594.58
5826,bank_transfer,1,264.72
5827,credit_card,2,299.12
5828,cash_on_delivery,1,240.86
5829,credit_card,6,257.31
5830,cash_on_delivery,1,276.66
5831,credit_card,1,247.26
5832,cash_on_delivery,1,175.27
5833,bank_transfer,1,934.73
5834,cash_on_delivery,1,41.41
5835,credit_card,12,126.92
5836,wallet,1,1597.49
5837,credit_card,2,34.0
5838,credit_card,2,215.71
5839,credit_card,2,291.52
5840,cash_on_delivery,1,105.84
5841,wallet,1,136.91
5842,credit_card,1,90.76
5843,wallet,1,161.3
5844,credit_card,6,64.91
5845,cash_on_delivery,1,39.45
5846,wallet,1,110.06
5847,cash_on_delivery,1,31.69
5848,credit_card,2,124.9
5849,credit_card,1,217.25
5850,cash_on_delivery,1,99.19
5851,cash_on_delivery,1,1153.27
5852,cash_on_delivery,1,124.0
5853,cash_on_delivery,1,768.7
5854,wallet,1,928.57
5855,credit_card,12,478.28
5856,wallet,1,276.57
5857,cash_on_delivery,1,1172.47
5858,credit_card,1,89.95
5859,cash_on_delivery,1,282.17
5860,bank_transfer,1,348.07
5861,cash_on_delivery,1,196.96
5862,cash_on_delivery,1,27.96
5863,wallet,1,41.12
5864,bank_transfer,1,201.78
5865,credit_card,1,122.41
5866,cash_on_delivery,1,32.26
5867,credit_card,1,75.46
5868,wallet,1,695.67
5869,bank_transfer,1,295.16
5870,bank_transfer,1,84.09
5871,credit_card,3,6.6
5872,cash_on_delivery,1,42.98
5873,wallet,1,59.19
5874,cash_on_delivery,1,134.97
5875,cash_on_delivery,1,951.09
5876,credit_card,1,424.65
5877,cash_on_delivery,1,34.65
5878,credit_card,12,257.57
5879,credit_card,1,42.23
5880,credit_card,6,117.77
5881,credit_card,3,211.12
5882,bank_transfer,1,10.77
5883,cash_on_delivery,1,802.8
5884,cash_on_delivery,1,1004.82
5885,credit_card,6,68.4
5886,wallet,1,28.19
5887,cash_on_delivery,1,126.65
5888,cash_on_delivery,1,807.99
5889,cash_on_delivery,1,488.51
5890,cash_on_delivery,1,10.68
5891,cash_on_delivery,1,253.77
5892,credit_card,12,14.97
5893,cash_on_delivery,1,1134.44
5894,cash_on_delivery,1,401.61
5895,cash_on_delivery,1,31.47
5896,bank_transfer,1,318.57
5897,cash_on_delivery,1,500.96
5898,cash_on_delivery,1,1195.55
5899,credit_card,2,314.9
5900,cash_on_delivery,1,167.77
5901,credit_card,1,413.98
5902,cash_on_delivery,1,28.5
5903,cash_on_delivery,1,1872.09
5904,credit_card,1,72.42
5905,credit_card,12,18.77
5906,credit_card,3,467.9
5907,credit_card,3,695.47
5908,wallet,1,323.37
5909,cash_on_delivery,1,160.47
5910,credit_card,1,56.48
5911,credit_card,1,733.93
5912,credit_card,1,58.05
5913,credit_card,3,55.15
5914,bank_transfer,1,241.06
5915,credit_card,1,167.41
5916,wallet,1,391.29
5917,credit_card,6,264.01
5918,bank_transfer,1,56.68
5919,cash_on_delivery,1,135.06
5920,wallet,1,715.04
5921,credit_card,2,112.38
5922,cash_on_delivery,1,19.39
5923,cash_on_delivery,1,74.16
5924,cash_on_delivery,1,264.97
5925,wallet,1,98.02
5926,wallet,1,327.34
5927,wallet,1,125.35
5928,cash_on_delivery,1,162.14
5929,bank_transfer,1,31.81
5930,credit_card,2,124.72
5931,wallet,1,139.62
5932,wallet,1,426.79
5933,credit_card,6,135.92
5934,wallet,1,629.22
5935,cash_on_delivery,1,276.61
5936,cash_on_delivery,1,947.59
5937,credit_card,1,67.53
5938,bank_transfer,1,705.81
5939,wallet,1,103.94
5940,credit_card,1,247.47
5941,cash_on_delivery,1,85.67
5942,credit_card,1,321.01
5943,credit_card,1,183.62
5944,cash_on_delivery,1,1290.78
5945,wallet,1,104.01
5946,cash_on_delivery,1,616.53
5947,wallet,1,62.75
5948,cash_on_delivery,1,92.18
5949,credit_card,2,157.69
5950,cash_on_delivery,1,40.04
5951,credit_card,1,7.92
5952,credit_card,1,319.21
5953,cash_on_delivery,1,122.04
5954,cash_on_delivery,1,121.38
5955,bank_transfer,1,201.24
5956,credit_card,1,88.47
5957,credit_card,2,166.32
5958,credit_card,3,1250.2
5959,credit_card,2,932.03
5960,cash_on_delivery,1,33.33
5961,credit_card,3,572.49
5962,wallet,1,104.53
5963,cash_on_delivery,1,343.35
5964,cash_on_delivery,1,128.92
5965,credit_card,6,51.62
5966,bank_transfer,1,605.66
5967,cash_on_delivery,1,55.74
5968,bank_transfer,1,258.37
5969,bank_transfer,1,106.34
5970,cash_on_delivery,1,362.47
5971,credit_card,1,104.28
5972,cash_on_delivery,1,190.98
5973,credit_card,3,1211.83
5974,wallet,1,144.83
5975,cash_on_delivery,1,103.39
5976,credit_card,6,359.12
5977,credit_card,3,263.48
5978,wallet,1,644.14
5979,wallet,1,365.71
5980,cash_on_delivery,1,92.57
5981,credit_card,1,380.91
5982,cash_on_delivery,1,32.27
5983,cash_on_delivery,1,48.04
5984,wallet,1,96.84
5985,credit_card,2,151.69
5986,credit_card,3,93.2
5987,credit_card,1,125.14
5988,cash_on_delivery,1,254.36
5989,credit_card,3,488.27
5990,credit_card,3,906.06
5991,credit_card,1,20.68
5992,wallet,1,248.53
5993,cash_on_delivery,1,80.08
5994,cash_on_delivery,1,289.84
5995,wallet,1,75.77
5996,cash_on_delivery,1,144.56
5997,bank_transfer,1,443.6
5998,credit_card,1,155.86
5999,cash_on_delivery,1,98.94
6000,credit_card,6,79.4
6001,cash_on_delivery,1,436.06
6002,credit_card,12,541.85
6003,credit_card,1,47.42
6004,credit_card,1,248.75
6005,credit_card,6,900.4
6006,credit_card,3,31.7
6007,bank_transfer,1,480.24
6008,credit_card,2,306.62
6009,credit_card,1,417.77
6010,cash_on_delivery,1,1006.29
6011,credit_card,1,224.16
6012,cash_on_delivery,1,51.91
6013,cash_on_delivery,1,86.6
6014,bank_transfer,1,1124.67
6015,wallet,1,238.8
6016,bank_transfer,1,1217.74
6017,credit_card,1,490.5
6018,credit_card,1,281.8
6019,cash_on_delivery,1,164.4
6020,credit_card,3,33.16
6021,credit_card,2,98.88
6022,cash_on_delivery,1,2482.63
6023,credit_card,12,34.22
6024,bank_transfer,1,33.77
6025,wallet,1,1779.87
6026,credit_card,3,324.22
6027,credit_card,1,973.73
6028,cash_on_delivery,1,6.37
6029,credit_card,1,48.76
6030,credit_card,1,862.4
6031,credit_card,3,297.2
6032,credit_card,1,588.17
6033,cash_on_delivery,1,245.93
6034,credit_card,3,59.32
6035,wallet,1,88.14
6036,credit_card,2,192.21
6037,credit_card,1,295.43
6038,credit_card,1,283.76
6039,credit_card,1,19.52
6040,credit_card,1,349.88
6041,cash_on_delivery,1,181.1
6042,bank_transfer,1,7.25
6043,cash_on_delivery,1,76.93
6044,cash_on_delivery,1,18.56
6045,credit_card,1,68.22
6046,credit_card,6,131.06
6047,credit_card,1,695.79
6048,cash_on_delivery,1,40.53
6049,credit_card,6,8.5
6050,cash_on_delivery,1,199.81
6051,credit_card,6,126.85
6052,cash_on_delivery,1,159.17
6053,credit_card,12,283.76
6054,wallet,1,75.67
6055,credit_card,2,207.63
6056,wallet,1,919.03
6057,bank_transfer,1,233.73
6058,credit_card,1,98.76
6059,wallet,1,369.83
6060,credit_card,1,43.03
6061,cash_on_delivery,1,88.24
6062,credit_card,1,1788.87
6063,cash_on_delivery,1,74.87
6064,credit_card,2,96.66
6065,credit_card,2,181.91
6066,credit_card,12,104.32
6067,cash_on_delivery,1,524.29
6068,cash_on_delivery,1,376.12
6069,credit_card,1,164.14
6070,cash_on_delivery,1,122.16
6071,credit_card,2,479.51
6072,cash_on_delivery,1,609.12
6073,credit_card,1,106.96
6074,credit_card,12,167.82
6075,cash_on_delivery,1,848.93
6076,wallet,1,266.45
6077,cash_on_delivery,1,161.13
6078,credit_card,1,8.96
6079,wallet,1,90.59
6080,wallet,1,35.35
6081,credit_card,2,365.94
6082,cash_on_delivery,1,57.81
6083,cash_on_delivery,1,238.28
6084,credit_card,2,175.0
6085,cash_on_delivery,1,1669.84
6086,credit_card,2,2181.07
6087,credit_card,1,1553.71
6088,cash_on_delivery,1,261.85
6089,credit_card,2,127.27
6090,credit_card,6,144.28
6091,bank_transfer,1,9.92
6092,cash_on_delivery,1,572.53
6093,cash_on_delivery,1,509.04
6094,wallet,1,649.35
6095,cash_on_delivery,1,495.09
6096,credit_card,6,942.84
6097,cash_on_delivery,1,26.9
6098,cash_on_delivery,1,31.75
6099,credit_card,1,216.71
6100,bank_transfer,1,104.6
6101,credit_card,6,455.41
6102,credit_card,2,308.53
6103,cash_on_delivery,1,12.69
6104,credit_card,2,212.06
6105,cash_on_delivery,1,2.87
6106,cash_on_delivery,1,469.93
6107,credit_card,6,20.21
6108,cash_on_delivery,1,119.27
6109,cash_on_delivery,1,30.75
6110,wallet,1,231.91
6111,credit_card,6,566.03
6112,credit_card,3,746.66
6113,cash_on_delivery,1,170.46
6114,credit_card,2,91.49
6115,credit_card,6,54.51
6116,credit_card,1,251.96
6117,credit_card,1,724.19
6118,wallet,1,150.45
6119,credit_card,2,588.83
6120,credit_card,3,273.83
6121,credit_card,2,6.42
6122,credit_card,1,15.49
6123,bank_transfer,1,69.88
6124,credit_card,12,738.9
6125,bank_transfer,1,960.81
6126,cash_on_delivery,1,406.37
6127,cash_on_delivery,1,681.84
6128,cash_on_delivery,1,361.47
6129,wallet,1,94.61
6130,cash_on_delivery,1,120.93
6131,wallet,1,366.39
6132,credit_card,1,7.06
6133,cash_on_delivery,1,193.08
6134,credit_card,1,71.59
6135,credit_card,2,6.35
6136,bank_transfer,1,88.12
6137,credit_card,1,42.39
6138,cash_on_delivery,1,671.75
6139,bank_transfer,1,61.23
6140,credit_card,12,76.46
6141,bank_transfer,1,20.0
6142,credit_card,12,149.5
6143,credit_card,3,306.99
6144,credit_card,2,148.58
6145,cash_on_delivery,1,9.02
6146,credit_card,1,132.46
6147,wallet,1,11.06
6148,wallet,1,234.21
6149,cash_on_delivery,1,94.16
6150,cash_on_delivery,1,486.91
6151,wallet,1,26.75
6152,cash_on_delivery,1,580.94
6153,credit_card,1,844.2
6154,bank_transfer,1,810.07
6155,cash_on_delivery,1,246.15
6156,credit_card,3,363.87
6157,cash_on_delivery,1,89.78
6158,wallet,1,310.2
6159,cash_on_delivery,1,157.19
6160,credit_card,6,388.81
6161,cash_on_delivery,1,49.29
6162,credit_card,1,104.29
6163,cash_on_delivery,1,8.09
6164,wallet,1,280.82
6165,cash_on_delivery,1,182.56
6166,credit_card,1,51.71
6167,credit_card,3,720.75
6168,cash_on_delivery,1,115.23
6169,credit_card,1,1374.44
6170,wallet,1,331.64
6171,credit_card,12,29.95
6172,wallet,1,634.17
6173,credit_card,1,98.72
6174,credit_card,2,399.3
6175,credit_card,12,87.4
6176,cash_on_delivery,1,42.96
6177,credit_card,1,152.16
6178,cash_on_delivery,1,33.27
6179,cash_on_delivery,1,59.92
6180,wallet,1,910.19
6181,cash_on_delivery,1,436.55
6182,credit_card,2,14.23
6183,bank_transfer,1,71.26
6184,cash_on_delivery,1,53.11
6185,credit_card,1,135.19
6186,cash_on_delivery,1,172.54
6187,cash_on_delivery,1,465.64
6188,wallet,1,255.07
6189,cash_on_delivery,1,349.0
6190,cash_on_delivery,1,625.52
6191,cash_on_delivery,1,225.22
6192,credit_card,1,37.32
6193,credit_card,2,28.41
6194,wallet,1,251.0
6195,cash_on_delivery,1,251.7
6196,credit_card,6,93.67
6197,credit_card,12,65.37
6198,credit_card,12,7.13
6199,cash_on_delivery,1,643.87
6200,bank_transfer,1,256.79
6201,credit_card,6,59.08
6202,credit_card,3,787.52
6203,credit_card,3,211.79
6204,credit_card,6,89.58
6205,credit_card,12,57.52
6206,credit_card,2,35.97
6207,credit_card,1,32.65
6208,cash_on_delivery,1,299.5
6209,cash_on_delivery,1,1470.91
6210,cash_on_delivery,1,513.43
6211,bank_transfer,1,244.17
6212,credit_card,2,249.25
6213,credit_card,2,304.15
6214,cash_on_delivery,1,726.15
6215,cash_on_delivery,1,64.41
6216,credit_card,3,6.11
6217,credit_card,3,145.81
6218,wallet,1,141.6
6219,credit_card,2,307.29
6220,credit_card,2,97.3
6221,credit_card,3,112.05
6222,wallet,1,58.3
6223,credit_card,1,412.65
6224,cash_on_delivery,1,79.15
6225,credit_card,1,567.13
6226,credit_card,6,1250.35
6227,cash_on_delivery,1,155.84
6228,cash_on_delivery,1,12.46
6229,wallet,1,666.2
6230,credit_card,1,60.52
6231,cash_on_delivery,1,89.85
6232,wallet,1,19.1
6233,cash_on_delivery,1,698.59
6234,credit_card,1,729.73
6235,bank_transfer,1,76.58
6236,cash_on_delivery,1,634.13
6237,cash_on_delivery,1,35.46
6238,credit_card,6,1941.69
6239,wallet,1,106.03
6240,cash_on_delivery,1,132.22
6241,credit_card,1,33.41
6242,cash_on_delivery,1,73.36
6243,wallet,1,137.92
6244,wallet,1,405.18
6245,credit_card,1,126.39
6246,cash_on_delivery,1,171.65
6247,credit_card,12,180.65
6248,wallet,1,78.96
6249,credit_card,1,213.41
6250,wallet,1,91.99
6251,cash_on_delivery,1,57.72
6252,wallet,1,364.89
6253,bank_transfer,1,966.22
6254,cash_on_delivery,1,39.96
6255,credit_card,12,76.09
6256,credit_card,2,286.39
6257,credit_card,12,988.19
6258,credit_card,2,771.41
6259,cash_on_delivery,1,27.07
6260,credit_card,1,565.77
6261,wallet,1,213.27
6262,credit_card,2,227.58
6263,bank_transfer,1,287.96
6264,credit_card,3,11.18
6265,credit_card,12,15.17
6266,cash_on_delivery,1,145.39
6267,credit_card,1,105.48
6268,credit_card,6,87.57
6269,credit_card,1,119.65
6270,wallet,1,1988.52
6271,cash_on_delivery,1,230.36
6272,wallet,1,516.47
6273,wallet,1,629.34
6274,cash_on_delivery,1,13.33
6275,bank_transfer,1,959.08
6276,bank_transfer,1,141.19
6277,bank_transfer,1,10.01
6278,bank_transfer,1,32.03
6279,bank_transfer,1,142.58
6280,credit_card,1,581.0
6281,credit_card,2,14.44
6282,cash_on_delivery,1,904.98
6283,cash_on_delivery,1,85.43
6284,cash_on_delivery,1,9.93
6285,credit_card,3,363.0
6286,credit_card,12,344.63
6287,credit_card,6,58.81
6288,credit_card,2,125.4
6289,credit_card,6,322.93
6290,credit_card,3,95.27
6291,credit_card,3,132.46
6292,credit_card,12,239.38
6293,cash_on_delivery,1,30.56
6294,credit_card,12,1583.09
6295,wallet,1,220.71
6296,credit_card,1,1022.14
6297,cash_on_delivery,1,103.64
6298,credit_card,6,955.08
6299,credit_card,1,706.72
6300,credit_card,1,649.53
6301,credit_card,1,42.99
6302,cash_on_delivery,1,138.1
6303,credit_card,1,151.68
6304,cash_on_delivery,1,32.15
6305,credit_card,1,126.46
6306,cash_on_delivery,1,147.91
6307,credit_card,2,156.24
6308,credit_card,3,39.98
6309,credit_card,2,207.15
6310,credit_card,12,109.32
6311,credit_card,2,48.28
6312,bank_transfer,1,260.84
6313,credit_card,3,57.06
6314,credit_card,1,32.07
6315,credit_card,2,246.49
6316,credit_card,1,43.28
6317,wallet,1,150.68
6318,bank_transfer,1,766.09
6319,bank_transfer,1,196.61
6320,cash_on_delivery,1,20.07
6321,credit_card,1,136.62
6322,wallet,1,729.91
6323,credit_card,12,509.88
6324,bank_transfer,1,31.41
6325,credit_card,12,289.29
6326,cash_on_delivery,1,246.02
6327,bank_transfer,1,140.23
6328,credit_card,6,19.06
6329,credit_card,1,221.67
6330,bank_transfer,1,680.4
6331,wallet,1,172.03
6332,bank_transfer,1,226.74
6333,credit_card,12,235.34
6334,wallet,1,19.4
6335,cash_on_delivery,1,151.95
6336,credit_card,1,12.57
6337,cash_on_delivery,1,105.89
6338,credit_card,3,577.38
6339,cash_on_delivery,1,446.31
6340,cash_on_delivery,1,56.36
6341,credit_card,12,1730.98
6342,cash_on_delivery,1,174.52
6343,bank_transfer,1,181.32
6344,credit_card,6,136.31
6345,credit_card,1,578.58
6346,credit_card,2,898.87
6347,credit_card,1,67.77
6348,cash_on_delivery,1,147.16
6349,wallet,1,458.57
6350,wallet,1,6.81
6351,credit_card,2,354.65
6352,cash_on_delivery,1,1284.81
6353,credit_card,6,219.68
6354,cash_on_delivery,1,136.38
6355,wallet,1,15.04
6356,cash_on_delivery,1,582.64
6357,cash_on_delivery,1,890.8
6358,wallet,1,770.84
6359,cash_on_delivery,1,424.03
6360,cash_on_delivery,1,186.51
6361,wallet,1,1417.54
6362,wallet,1,7.63
6363,credit_card,12,122.68
6364,credit_card,1,393.25
6365,credit_card,1,111.38
6366,credit_card,12,627.52
6367,credit_card,1,453.94
6368,credit_card,2,20.65
6369,bank_transfer,1,209.0
6370,credit_card,1,432.54
6371,credit_card,1,126.96
6372,cash_on_delivery,1,17.62
6373,wallet,1,75.92
6374,cash_on_delivery,1,212.63
6375,wallet,1,13.98
6376,credit_card,1,75.46
6377,cash_on_delivery,1,250.24
6378,cash_on_delivery,1,767.83
6379,cash_on_delivery,1,285.95
6380,cash_on_delivery,1,37.64
6381,credit_card,3,92.26
6382,credit_card,6,170.54
6383,credit_card,6,58.91
6384,cash_on_delivery,1,935.94
6385,bank_transfer,1,345.27
6386,wallet,1,143.87
6387,cash_on_delivery,1,1206.9
6388,credit_card,6,73.32
6389,credit_card,1,1843.82
6390,cash_on_delivery,1,59.38
6391,cash_on_delivery,1,29.9
6392,wallet,1,310.74
6393,cash_on_delivery,1,1565.83
6394,credit_card,1,1925.55
6395,cash_on_delivery,1,1243.97
6396,cash_on_delivery,1,749.71
6397,wallet,1,262.72
6398,credit_card,3,194.95
6399,wallet,1,24.84
6400,credit_card,3,7.38
6401,credit_card,1,134.93
6402,credit_card,6,375.46
6403,credit_card,1,2577.71
6404,credit_card,1,517.35
6405,credit_card,6,1263.43
6406,cash_on_delivery,1,233.91
6407,cash_on_delivery,1,176.31
6408,credit_card,6,31.84
6409,credit_card,6,368.97
6410,credit_card,12,364.05
6411,credit_card,12,302.12
6412,credit_card,6,50.41
6413,cash_on_delivery,1,99.79
6414,cash_on_delivery,1,40.66
6415,bank_transfer,1,106.46
6416,credit_card,1,695.14
6417,credit_card,6,101.02
6418,bank_transfer,1,390.21
6419,bank_transfer,1,254.99
6420,cash_on_delivery,1,91.56
6421,cash_on_delivery,1,1261.61
6422,cash_on_delivery,1,1791.82
6423,bank_transfer,1,107.58
6424,credit_card,1,2757.15
6425,cash_on_delivery,1,185.77
6426,credit_card,2,355.93
6427,cash_on_delivery,1,149.92
6428,cash_on_delivery,1,72.03
6429,credit_card,6,1476.08
6430,credit_card,1,341.05
6431,credit_card,6,132.44
6432,cash_on_delivery,1,240.35
6433,bank_transfer,1,128.27
6434,credit_card,3,28.49
6435,wallet,1,138.67
6436,credit_card,6,27.19
6437,cash_on_delivery,1,351.92
6438,cash_on_delivery,1,32.84
6439,credit_card,6,82.3
6440,cash_on_delivery,1,207.9
6441,credit_card,1,226.2
6442,credit_card,3,266.24
6443,cash_on_delivery,1,461.93
6444,wallet,1,537.05
6445,wallet,1,307.99
6446,cash_on_delivery,1,184.36
6447,cash_on_delivery,1,119.48
6448,wallet,1,3.75
6449,credit_card,2,9.03
6450,cash_on_delivery,1,387.03
6451,cash_on_delivery,1,54.23
6452,credit_card,2,359.45
6453,credit_card,1,99.0
6454,credit_card,6,40.43
6455,credit_card,3,122.74
6456,credit_card,6,303.09
6457,credit_card,1,54.98
6458,cash_on_delivery,1,188.56
6459,wallet,1,430.41
6460,cash_on_delivery,1,420.19
6461,cash_on_delivery,1,193.89
6462,wallet,1,219.38
6463,credit_card,12,378.88
6464,bank_transfer,1,79.19
6465,credit_card,3,650.62
6466,cash_on_delivery,1,24.45
6467,credit_card,2,150.13
6468,cash_on_delivery,1,53.35
6469,cash_on_delivery,1,106.81
6470,cash_on_delivery,1,26.68
6471,cash_on_delivery,1,677.95
6472,bank_transfer,1,1501.53
6473,cash_on_delivery,1,395.94
6474,cash_on_delivery,1,720.64
6475,cash_on_delivery,1,718.58
6476,cash_on_delivery,1,106.94
6477,cash_on_delivery,1,732.89
6478,bank_transfer,1,270.97
6479,bank_transfer,1,300.35
6480,credit_card,2,234.75
6481,wallet,1,20.79
6482,bank_transfer,1,396.79
6483,credit_card,6,77.67
6484,credit_card,12,515.26
6485,wallet,1,659.1
6486,bank_transfer,1,38.52
6487,wallet,1,89.75
6488,credit_card,1,193.98
6489,cash_on_delivery,1,115.5
6490,credit_card,12,280.49
6491,credit_card,1,1450.89
6492,cash_on_delivery,1,39.69
6493,credit_card,2,71.39
6494,credit_card,12,152.78
6495,credit_card,1,1162.29
6496,credit_card,12,582.94
6497,cash_on_delivery,1,1126.29
6498,cash_on_delivery,1,213.81
6499,credit_card,6,75.43
6500,credit_card,1,49.66
6501,cash_on_delivery,1,38.85
6502,credit_card,6,54.39
6503,wallet,1,389.39
6504,credit_card,2,155.97
6505,credit_card,1,32.28
6506,credit_card,12,159.27
6507,wallet,1,241.05
6508,credit_card,3,186.4
6509,cash_on_delivery,1,363.08
6510,cash_on_delivery,1,585.12
6511,bank_transfer,1,100.45
6512,cash_on_delivery,1,272.99
6513,cash_on_delivery,1,21.98
6514,wallet,1,1021.04
6515,wallet,1,312.31
6516,credit_card,6,108.17
6517,cash_on_delivery,1,129.88
6518,cash_on_delivery,1,801.33
6519,credit_card,1,217.45
6520,credit_card,1,86.71
6521,cash_on_delivery,1,512.16
6522,cash_on_delivery,1,644.08
6523,wallet,1,494.97
6524,bank_transfer,1,215.77
6525,credit_card,2,419.68
6526,credit_card,1,12.68
6527,bank_transfer,1,223.41
6528,credit_card,1,55.58
6529,credit_card,3,32.67
6530,wallet,1,322.15
6531,credit_card,12,1304.9
6532,credit_card,1,282.31
6533,wallet,1,1725.45
6534,credit_card,6,1890.99
6535,wallet,1,71.13
6536,wallet,1,35.92
6537,cash_on_delivery,1,139.75
6538,credit_card,2,2774.67
6539,cash_on_delivery,1,112.0
6540,cash_on_delivery,1,281.26
6541,credit_card,1,671.81
6542,cash_on_delivery,1,127.64
6543,cash_on_delivery,1,2.85
6544,credit_card,2,218.99
6545,credit_card,1,73.35
6546,cash_on_delivery,1,188.07
6547,credit_card,1,1012.28
6548,bank_transfer,1,110.7
6549,credit_card,1,34.66
6550,wallet,1,280.19
6551,cash_on_delivery,1,113.39
6552,cash_on_delivery,1,40.88
6553,credit_card,1,1067.61
6554,credit_card,1,691.32
6555,bank_transfer,1,685.19
6556,cash_on_delivery,1,799.15
6557,cash_on_delivery,1,89.62
6558,cash_on_delivery,1,58.85
6559,cash_on_delivery,1,93.86
6560,cash_on_delivery,1,26.6
6561,cash_on_delivery,1,222.39
6562,credit_card,2,156.04
6563,cash_on_delivery,1,122.61
6564,cash_on_delivery,1,44.01
6565,cash_on_delivery,1,9.69
6566,wallet,1,212.35
6567,credit_card,1,72.77
6568,cash_on_delivery,1,58.97
6569,cash_on_delivery,1,397.21
6570,credit_card,6,107.97
6571,cash_on_delivery,1,263.89
6572,cash_on_delivery,1,215.42
6573,cash_on_delivery,1,34.07
6574,wallet,1,57.27
6575,credit_card,1,339.21
6576,cash_on_delivery,1,70.68
6577,credit_card,12,761.09
6578,credit_card,2,71.26
6579,credit_card,1,200.14
6580,cash_on_delivery,1,75.55
6581,credit_card,2,256.58
6582,cash_on_delivery,1,2.71
6583,bank_transfer,1,187.27
6584,credit_card,1,258.89
6585,cash_on_delivery,1,549.41
6586,cash_on_delivery,1,876.46
6587,bank_transfer,1,476.35
6588,cash_on_delivery,1,58.02
6589,credit_card,2,72.48
6590,cash_on_delivery,1,585.44
6591,wallet,1,22.06
6592,credit_card,1,612.42
6593,cash_on_delivery,1,274.47
6594,credit_card,6,1563.98
6595,credit_card,2,1272.83
6596,credit_card,2,18.31
6597,credit_card,2,73.77
6598,cash_on_delivery,1,586.31
6599,bank_transfer,1,98.62
6600,bank_transfer,1,432.44
6601,credit_card,1,179.25
6602,cash_on_delivery,1,276.03
6603,credit_card,1,184.42
6604,cash_on_delivery,1,59.51
6605,credit_card,2,300.22
6606,bank_transfer,1,193.19
6607,cash_on_delivery,1,251.66
6608,credit_card,1,353.48
6609,credit_card,3,264.16
6610,cash_on_delivery,1,194.85
6611,wallet,1,109.1
6612,cash_on_delivery,1,1478.52
6613,credit_card,6,92.55
6614,credit_card,1,73.2
6615,wallet,1,147.01
6616,credit_card,1,114.7
6617,cash_on_delivery,1,130.69
6618,cash_on_delivery,1,100.49
6619,cash_on_delivery,1,1202.16
6620,cash_on_delivery,1,191.53
6621,cash_on_delivery,1,944.79
6622,cash_on_delivery,1,204.5
6623,credit_card,12,700.63
6624,bank_transfer,1,1515.29
6625,wallet,1,105.61
6626,credit_card,3,1680.36
6627,bank_transfer,1,65.01
6628,credit_card,12,513.44
6629,credit_card,2,164.28
6630,cash_on_delivery,1,1141.68
6631,credit_card,1,938.11
6632,credit_card,1,464.86
6633,cash_on_delivery,1,689.62
6634,cash_on_delivery,1,34.15
6635,wallet,1,217.22
6636,cash_on_delivery,1,108.47
6637,credit_card,6,232.42
6638,cash_on_delivery,1,31.13
6639,credit_card,3,105.04
6640,credit_card,2,169.13
6641,credit_card,1,45.27
6642,cash_on_delivery,1,2.77
6643,cash_on_delivery,1,125.28
6644,cash_on_delivery,1,515.99
6645,cash_on_delivery,1,362.0
6646,credit_card,2,164.66
6647,wallet,1,17.48
6648,cash_on_delivery,1,738.57
6649,cash_on_delivery,1,313.12
6650,wallet,1,713.38
6651,cash_on_delivery,1,86.14
6652,wallet,1,905.45
6653,credit_card,6,2186.42
6654,cash_on_delivery,1,131.3
6655,credit_card,1,425.69
6656,cash_on_delivery,1,179.1
6657,cash_on_delivery,1,1055.61
6658,credit_card,2,1666.47
6659,wallet,1,189.98
6660,credit_card,3,641.66
6661,credit_card,1,99.48
6662,credit_card,2,107.01
6663,cash_on_delivery,1,143.06
6664,credit_card,1,673.58
6665,cash_on_delivery,1,1548.34
6666,cash_on_delivery,1,546.91
6667,credit_card,3,616.09
6668,cash_on_delivery,1,48.85
6669,credit_card,6,1105.79
6670,cash_on_delivery,1,203.14
6671,credit_card,3,93.85
6672,cash_on_delivery,1,51.08
6673,credit_card,12,290.65
6674,credit_card,6,176.56
6675,credit_card,1,670.04
6676,credit_card,3,912.93
6677,wallet,1,2138.02
6678,credit_card,3,359.99
6679,cash_on_delivery,1,61.7
6680,credit_card,3,112.04
6681,credit_card,6,91.49
6682,credit_card,2,762.6
6683,credit_card,2,287.89
6684,credit_card,2,20.15
6685,credit_card,1,900.4
6686,wallet,1,129.25
6687,wallet,1,94.23
6688,credit_card,1,241.43
6689,credit_card,6,29.44
6690,cash_on_delivery,1,1702.2
6691,credit_card,3,2329.98
6692,credit_card,12,982.98
6693,credit_card,2,893.4
6694,cash_on_delivery,1,48.32
6695,credit_card,6,1453.05
6696,wallet,1,172.16
6697,cash_on_delivery,1,74.53
6698,credit_card,12,58.56
6699,credit_card,1,144.47
6700,bank_transfer,1,675.26
6701,credit_card,2,442.56
6702,wallet,1,21.43
6703,cash_on_delivery,1,153.27
6704,bank_transfer,1,588.47
6705,bank_transfer,1,179.64
6706,credit_card,2,615.09
6707,bank_transfer,1,244.84
6708,credit_card,1,392.44
6709,bank_transfer,1,290.47
6710,cash_on_delivery,1,47.21
6711,cash_on_delivery,1,255.79
6712,credit_card,6,979.7
6713,credit_card,6,479.66
6714,cash_on_delivery,1,115.44
6715,credit_card,1,733.36
6716,credit_card,1,682.49
6717,bank_transfer,1,16.71
6718,cash_on_delivery,1,829.57
6719,credit_card,2,127.03
6720,wallet,1,140.35
6721,credit_card,6,49.27
6722,credit_card,1,193.77
6723,cash_on_delivery,1,270.68
6724,wallet,1,351.21
6725,credit_card,2,9.41
6726,credit_card,6,176.29
6727,cash_on_delivery,1,644.89
6728,credit_card,1,2436.11
6729,wallet,1,131.56
6730,cash_on_delivery,1,169.39
6731,wallet,1,188.66
6732,cash_on_delivery,1,26.24
6733,credit_card,6,105.36
6734,wallet,1,85.19
6735,bank_transfer,1,138.47
6736,bank_transfer,1,120.75
6737,credit_card,3,190.43
6738,cash_on_delivery,1,20.05
6739,credit_card,6,129.61
6740,cash_on_delivery,1,365.39
6741,credit_card,1,739.38
6742,bank_transfer,1,41.16
6743,cash_on_delivery,1,110.73
6744,credit_card,3,570.87
6745,wallet,1,138.47
6746,wallet,1,191.09
6747,cash_on_delivery,1,36.61
6748,wallet,1,45.38
6749,credit_card,3,808.91
6750,cash_on_delivery,1,40.71
6751,cash_on_delivery,1,57.83
6752,cash_on_delivery,1,545.99
6753,bank_transfer,1,350.46
6754,wallet,1,263.06
6755,credit_card,12,403.43
6756,credit_card,3,213.18
6757,cash_on_delivery,1,83.79
6758,bank_transfer,1,17.36
6759,credit_card,6,60.34
6760,credit_card,1,1527.19
6761,credit_card,1,11.32
6762,wallet,1,79.43
6763,cash_on_delivery,1,102.04
6764,wallet,1,205.47
6765,cash_on_delivery,1,464.2
6766,credit_card,2,212.13
6767,credit_card,1,53.48
6768,cash_on_delivery,1,171.94
6769,cash_on_delivery,1,472.0
6770,cash_on_delivery,1,84.34
6771,credit_card,2,56.3
6772,credit_card,3,716.38
6773,credit_card,2,262.76
6774,credit_card,1,402.24
6775,wallet,1,78.32
6776,wallet,1,236.62
6777,wallet,1,243.58
6778,wallet,1,1582.03
6779,cash_on_delivery,1,437.02
6780,wallet,1,69.01
6781,credit_card,6,886.58
6782,credit_card,1,508.17
6783,cash_on_delivery,1,313.56
6784,cash_on_delivery,1,20.85
6785,cash_on_delivery,1,645.57
6786,credit_card,6,94.9
6787,cash_on_delivery,1,111.93
6788,credit_card,6,174.47
6789,credit_card,1,1428.12
6790,credit_card,1,149.93
6791,wallet,1,1314.57
6792,credit_card,2,49.08
6793,credit_card,2,8.87
6794,credit_card,1,232.25
6795,credit_card,2,726.46
6796,cash_on_delivery,1,18.05
6797,wallet,1,102.15
6798,credit_card,6,6.97
6799,cash_on_delivery,1,146.08
6800,cash_on_delivery,1,3.8
6801,credit_card,1,259.44
6802,cash_on_delivery,1,37.75
6803,wallet,1,148.88
6804,credit_card,2,967.36
6805,wallet,1,1374.1
6806,credit_card,2,204.24
6807,bank_transfer,1,200.92
6808,credit_card,2,214.29
6809,credit_card,1,58.93
6810,credit_card,2,638.78
6811,wallet,1,149.79
6812,wallet,1,281.61
6813,credit_card,3,811.46
6814,cash_on_delivery,1,124.48
6815,credit_card,6,87.66
6816,credit_card,2,269.48
6817,credit_card,12,728.67
6818,bank_transfer,1,209.91
6819,credit_card,2,1094.38
6820,cash_on_delivery,1,1193.67
6821,credit_card,12,131.18
6822,bank_transfer,1,258.17
6823,credit_card,6,89.36
6824,credit_card,1,189.03
6825,cash_on_delivery,1,679.01
6826,cash_on_delivery,1,419.81
6827,wallet,1,202.7
6828,cash_on_delivery,1,15.69
6829,credit_card,6,224.78
6830,wallet,1,51.11
6831,cash_on_delivery,1,19.53
6832,cash_on_delivery,1,70.07
6833,credit_card,1,252.33
6834,cash_on_delivery,1,224.47
6835,cash_on_delivery,1,190.75
6836,cash_on_delivery,1,219.62
6837,credit_card,2,365.76
6838,credit_card,2,40.16
6839,cash_on_delivery,1,117.21
6840,cash_on_delivery,1,53.94
6841,credit_card,6,382.76
6842,cash_on_delivery,1,707.5
6843,cash_on_delivery,1,10.64
6844,cash_on_delivery,1,18.55
6845,cash_on_delivery,1,200.71
6846,cash_on_delivery,1,195.66
6847,cash_on_delivery,1,155.19
6848,credit_card,1,1180.37
6849,wallet,1,191.65
6850,credit_card,12,133.16
6851,cash_on_delivery,1,10.13
6852,credit_card,1,290.05
6853,credit_card,1,138.85
6854,cash_on_delivery,1,49.75
6855,cash_on_delivery,1,212.38
6856,wallet,1,281.03
6857,credit_card,1,97.47
6858,credit_card,2,578.92
6859,cash_on_delivery,1,1875.78
6860,cash_on_delivery,1,100.03
6861,wallet,1,17.83
6862,credit_card,12,1428.03
6863,cash_on_delivery,1,2032.72
6864,credit_card,2,301.01
6865,cash_on_delivery,1,14.08
6866,wallet,1,131.38
6867,wallet,1,301.34
6868,cash_on_delivery,1,139.83
6869,bank_transfer,1,18.87
6870,cash_on_delivery,1,79.43
6871,cash_on_delivery,1,79.39
6872,cash_on_delivery,1,124.66
6873,cash_on_delivery,1,1811.19
6874,wallet,1,873.26
6875,credit_card,2,123.42
6876,cash_on_delivery,1,194.46
6877,credit_card,6,910.08
6878,cash_on_delivery,1,54.3
6879,cash_on_delivery,1,237.04
6880,cash_on_delivery,1,508.69
6881,credit_card,1,71.27
6882,cash_on_delivery,1,716.17
6883,credit_card,3,128.21
6884,credit_card,1,31.01
6885,credit_card,1,417.98
6886,credit_card,2,79.37
6887,credit_card,2,282.72
6888,cash_on_delivery,1,976.12
6889,credit_card,6,161.25
6890,wallet,1,765.35
6891,wallet,1,275.0
6892,credit_card,2,297.72
6893,credit_card,1,64.0
6894,credit_card,1,219.0
6895,credit_card,1,28.18
6896,bank_transfer,1,142.4
6897,cash_on_delivery,1,660.52
6898,bank_transfer,1,816.86
6899,wallet,1,1142.54
6900,bank_transfer,1,28.94
6901,cash_on_delivery,1,302.1
6902,cash_on_delivery,1,246.51
6903,cash_on_delivery,1,53.64
6904,cash_on_delivery,1,368.21
6905,wallet,1,394.58
6906,credit_card,1,150.1
6907,wallet,1,294.48
6908,credit_card,3,248.7
6909,credit_card,12,180.52
6910,credit_card,3,40.33
6911,cash_on_delivery,1,89.93
6912,credit_card,1,282.14
6913,credit_card,2,523.27
6914,credit_card,2,401.8
6915,cash_on_delivery,1,236.35
6916,bank_transfer,1,88.62
6917,cash_on_delivery,1,697.42
6918,cash_on_delivery,1,45.03
6919,credit_card,2,54.52
6920,credit_card,1,81.98
6921,cash_on_delivery,1,8.08
6922,cash_on_delivery,1,830.78
6923,credit_card,2,435.09
6924,cash_on_delivery,1,82.08
6925,cash_on_delivery,1,250.5
6926,credit_card,2,227.64
6927,cash_on_delivery,1,66.22
6928,cash_on_delivery,1,475.0
6929,credit_card,1,50.25
6930,cash_on_delivery,1,438.87
6931,credit_card,6,94.3
6932,cash_on_delivery,1,60.01
6933,credit_card,3,746.56
6934,credit_card,1,13.94
6935,cash_on_delivery,1,175.66
6936,cash_on_delivery,1,248.64
6937,credit_card,3,298.66
6938,credit_card,2,199.21
6939,cash_on_delivery,1,31.22
6940,wallet,1,439.17
6941,wallet,1,899.86
6942,credit_card,2,2014.77
6943,credit_card,12,54.73
6944,credit_card,1,32.6
6945,credit_card,1,30.99
6946,credit_card,1,940.2
6947,cash_on_delivery,1,170.25
6948,credit_card,1,63.47
6949,bank_transfer,1,265.89
6950,cash_on_delivery,1,191.5
6951,credit_card,1,150.2
6952,cash_on_delivery,1,263.26
6953,bank_transfer,1,402.71
6954,credit_card,6,100.53
6955,cash_on_delivery,1,51.18
6956,cash_on_delivery,1,34.57
6957,credit_card,1,20.41
6958,cash_on_delivery,1,388.38
6959,credit_card,2,684.74
6960,credit_card,6,412.62
6961,cash_on_delivery,1,29.62
6962,bank_transfer,1,826.75
6963,credit_card,6,265.07
6964,credit_card,12,126.62
6965,credit_card,3,905.76
6966,cash_on_delivery,1,90.63
6967,cash_on_delivery,1,193.21
6968,bank_transfer,1,94.62
6969,credit_card,1,189.27
6970,credit_card,2,511.98
6971,cash_on_delivery,1,160.79
6972,cash_on_delivery,1,268.31
6973,cash_on_delivery,1,91.44
6974,wallet,1,257.71
6975,cash_on_delivery,1,749.61
6976,cash_on_delivery,1,1085.47
6977,cash_on_delivery,1,252.81
6978,cash_on_delivery,1,523.71
6979,wallet,1,45.76
6980,cash_on_delivery,1,252.89
6981,cash_on_delivery,1,306.31
6982,bank_transfer,1,53.05
6983,credit_card,2,77.14
6984,credit_card,2,115.24
6985,cash_on_delivery,1,81.36
6986,bank_transfer,1,59.55
6987,credit_card,1,220.08
6988,credit_card,3,315.55
6989,credit_card,1,190.64
6990,bank_transfer,1,94.5
6991,credit_card,6,37.9
6992,credit_card,3,69.19
6993,bank_transfer,1,597.79
6994,cash_on_delivery,1,45.7
6995,cash_on_delivery,1,20.0
6996,cash_on_delivery,1,333.22
6997,cash_on_delivery,1,34.5
6998,credit_card,1,215.84
6999,cash_on_delivery,1,109.91
7000,credit_card,1,833.24
7001,credit_card,2,1599.88
7002,cash_on_delivery,1,1092.17
7003,wallet,1,41.83
7004,credit_card,1,1134.78
7005,wallet,1,154.57
7006,credit_card,12,134.77
7007,cash_on_delivery,1,255.35
7008,cash_on_delivery,1,122.06
7009,cash_on_delivery,1,306.72
7010,credit_card,2,193.03
7011,cash_on_delivery,1,387.47
7012,wallet,1,46.58
7013,cash_on_delivery,1,264.02
7014,cash_on_delivery,1,119.98
7015,bank_transfer,1,668.74
7016,credit_card,6,92.5
7017,credit_card,1,43.22
7018,credit_card,3,758.53
7019,credit_card,1,136.24
7020,credit_card,3,246.77
7021,credit_card,3,1718.72
7022,cash_on_delivery,1,183.14
7023,cash_on_delivery,1,541.4
7024,credit_card,1,295.36
7025,cash_on_delivery,1,21.02
7026,credit_card,1,130.48
7027,cash_on_delivery,1,108.92
7028,credit_card,6,263.97
7029,cash_on_delivery,1,6.43
7030,cash_on_delivery,1,40.13
7031,credit_card,12,255.44
7032,cash_on_delivery,1,257.97
7033,credit_card,2,89.71
7034,credit_card,1,214.74
7035,credit_card,2,8.03
7036,bank_transfer,1,294.8
7037,credit_card,2,105.93
7038,wallet,1,587.07
7039,bank_transfer,1,16.13
7040,cash_on_delivery,1,897.75
7041,cash_on_delivery,1,206.7
7042,credit_card,6,195.19
7043,wallet,1,77.75
7044,credit_card,12,905.46
7045,credit_card,6,135.34
7046,credit_card,1,191.24
7047,credit_card,6,704.56
7048,wallet,1,833.25
7049,cash_on_delivery,1,27.42
7050,bank_transfer,1,294.86
7051,cash_on_delivery,1,183.01
7052,credit_card,3,119.88
7053,cash_on_delivery,1,1366.52
7054,credit_card,1,504.98
7055,wallet,1,356.98
7056,wallet,1,9.25
7057,credit_card,12,453.7
7058,cash_on_delivery,1,285.99
7059,credit_card,1,440.82
7060,credit_card,2,756.42
7061,cash_on_delivery,1,33.7
7062,credit_card,12,105.78
7063,credit_card,2,711.02
7064,cash_on_delivery,1,256.85
7065,cash_on_delivery,1,223.32
7066,bank_transfer,1,18.66
7067,wallet,1,198.79
7068,wallet,1,31.1
7069,credit_card,1,55.6
7070,credit_card,1,699.66
7071,credit_card,6,242.78
7072,credit_card,3,305.99
7073,wallet,1,213.51
7074,cash_on_delivery,1,926.41
7075,credit_card,1,38.66
7076,cash_on_delivery,1,195.72
7077,credit_card,3,97.18
7078,wallet,1,794.16
7079,wallet,1,55.31
7080,credit_card,6,120.76
7081,cash_on_delivery,1,279.32
7082,credit_card,3,903.66
7083,cash_on_delivery,1,872.16
7084,credit_card,3,720.2
7085,cash_on_delivery,1,130.03
7086,credit_card,6,1356.65
7087,credit_card,6,281.74
7088,credit_card,2,6.91
7089,cash_on_delivery,1,208.14
7090,cash_on_delivery,1,285.77
7091,wallet,1,357.81
7092,cash_on_delivery,1,54.56
7093,credit_card,2,332.14
7094,wallet,1,124.64
7095,wallet,1,96.48
7096,cash_on_delivery,1,294.06
7097,credit_card,1,168.02
7098,cash_on_delivery,1,101.25
7099,cash_on_delivery,1,118.14
7100,credit_card,1,85.82
7101,credit_card,2,88.65
7102,credit_card,2,16.59
7103,credit_card,12,205.97
7104,wallet,1,114.5
7105,cash_on_delivery,1,288.29
7106,credit_card,1,46.99
7107,cash_on_delivery,1,155.91
7108,wallet,1,142.26
7109,wallet,1,81.2
7110,credit_card,1,1096.23
7111,cash_on_delivery,1,716.6
7112,cash_on_delivery,1,10.81
7113,cash_on_delivery,1,275.25
7114,wallet,1,185.17
7115,bank_transfer,1,101.67
7116,credit_card,2,256.11
7117,credit_card,6,472.38
7118,cash_on_delivery,1,142.18
7119,credit_card,12,281.21
7120,cash_on_delivery,1,482.09
7121,credit_card,6,126.44
7122,credit_card,1,67.9
7123,cash_on_delivery,1,523.66
7124,credit_card,3,798.75
7125,wallet,1,44.2
7126,cash_on_delivery,1,120.27
7127,cash_on_delivery,1,106.45
7128,cash_on_delivery,1,281.75
7129,credit_card,3,436.04
7130,credit_card,6,202.32
7131,wallet,1,1217.29
7132,wallet,1,797.22
7133,credit_card,1,314.24
7134,cash_on_delivery,1,592.47
7135,credit_card,1,47.65
7136,credit_card,1,70.56
7137,cash_on_delivery,1,38.04
7138,wallet,1,1517.53
7139,wallet,1,141.19
7140,cash_on_delivery,1,28.03
7141,cash_on_delivery,1,91.55
7142,credit_card,12,207.24
7143,credit_card,1,592.84
7144,credit_card,1,242.63
7145,wallet,1,900.91
7146,cash_on_delivery,1,255.31
7147,credit_card,1,181.25
7148,cash_on_delivery,1,72.91
7149,credit_card,3,241.74
7150,wallet,1,92.23
7151,wallet,1,87.2
7152,credit_card,1,537.59
7153,wallet,1,40.13
7154,credit_card,1,281.99
7155,wallet,1,109.97
7156,wallet,1,20.11
7157,wallet,1,89.64
7158,credit_card,6,29.56
7159,credit_card,6,43.44
7160,credit_card,1,1128.87
7161,credit_card,1,203.92
7162,credit_card,1,103.88
7163,wallet,1,60.72
7164,credit_card,2,17.63
7165,credit_card,1,72.87
7166,credit_card,1,49.34
7167,credit_card,1,31.49
7168,cash_on_delivery,1,212.89
7169,credit_card,12,23.41
7170,cash_on_delivery,1,454.02
7171,credit_card,2,85.13
7172,credit_card,3,665.54
7173,credit_card,3,16.73
7174,credit_card,3,71.0
7175,credit_card,2,18.96
7176,cash_on_delivery,1,176.88
7177,credit_card,3,28.62
7178,credit_card,6,53.4
7179,cash_on_delivery,1,975.03
7180,wallet,1,164.19
7181,bank_transfer,1,291.91
7182,credit_card,1,86.39
7183,cash_on_delivery,1,220.44
7184,credit_card,2,223.72
7185,credit_card,2,56.04
7186,credit_card,3,390.56
7187,cash_on_delivery,1,64.79
7188,credit_card,6,31.81
7189,credit_card,6,1432.19
7190,wallet,1,439.42
7191,cash_on_delivery,1,155.55
7192,wallet,1,117.34
7193,cash_on_delivery,1,205.77
7194,credit_card,3,776.19
7195,credit_card,6,510.11
7196,cash_on_delivery,1,166.08
7197,cash_on_delivery,1,296.19
7198,cash_on_delivery,1,24.54
7199,cash_on_delivery,1,52.55
7200,wallet,1,887.64
7201,credit_card,1,170.39
7202,credit_card,12,96.9
7203,credit_card,2,470.88
7204,credit_card,6,146.82
7205,credit_card,6,236.73
7206,cash_on_delivery,1,573.37
7207,cash_on_delivery,1,6.86
7208,credit_card,6,456.71
7209,cash_on_delivery,1,366.4
7210,credit_card,3,19.16
7211,credit_card,1,229.47
7212,credit_card,6,825.57
7213,credit_card,12,77.58
7214,cash_on_delivery,1,185.52
7215,cash_on_delivery,1,100.82
7216,cash_on_delivery,1,295.11
7217,credit_card,2,85.12
7218,credit_card,1,85.29
7219,credit_card,1,299.51
7220,credit_card,12,6.81
7221,credit_card,6,103.16
7222,credit_card,1,193.81
7223,credit_card,3,75.49
7224,bank_transfer,1,6.74
7225,credit_card,1,29.66
7226,cash_on_delivery,1,57.18
7227,cash_on_delivery,1,666.63
7228,cash_on_delivery,1,276.14
7229,wallet,1,40.31
7230,cash_on_delivery,1,94.08
7231,credit_card,1,14.42
7232,cash_on_delivery,1,541.59
7233,credit_card,3,848.54
7234,credit_card,2,30.85
7235,credit_card,1,826.59
7236,cash_on_delivery,1,136.03
7237,credit_card,2,1943.17
7238,wallet,1,161.57
7239,credit_card,3,935.44
7240,credit_card,2,20.55
7241,cash_on_delivery,1,442.98
7242,credit_card,1,164.17
7243,credit_card,1,192.26
7244,credit_card,2,315.36
7245,cash_on_delivery,1,9.22
7246,cash_on_delivery,1,289.18
7247,wallet,1,845.65
7248,bank_transfer,1,157.3
7249,wallet,1,128.04
7250,credit_card,3,253.18
7251,bank_transfer,1,500.96
7252,cash_on_delivery,1,581.86
7253,credit_card,1,458.52
7254,credit_card,12,297.0
7255,wallet,1,32.08
7256,credit_card,1,137.26
7257,credit_card,6,79.2
7258,bank_transfer,1,26.84
7259,credit_card,2,14.6
7260,credit_card,2,961.66
7261,wallet,1,307.7
7262,bank_transfer,1,649.28
7263,credit_card,3,95.24
7264,bank_transfer,1,219.34
7265,cash_on_delivery,1,157.01
7266,cash_on_delivery,1,95.19
7267,bank_transfer,1,221.63
7268,cash_on_delivery,1,236.01
7269,cash_on_delivery,1,73.98
7270,credit_card,2,195.21
7271,credit_card,1,56.29
7272,cash_on_delivery,1,123.96
7273,credit_card,2,125.38
7274,wallet,1,167.05
7275,credit_card,1,144.46
7276,cash_on_delivery,1,7.07
7277,credit_card,3,17.27
7278,cash_on_delivery,1,168.32
7279,bank_transfer,1,100.19
7280,wallet,1,881.08
7281,credit_card,2,81.95
7282,credit_card,3,84.2
7283,cash_on_delivery,1,120.1
7284,bank_transfer,1,59.59
7285,credit_card,1,674.22
7286,bank_transfer,1,1993.76
7287,credit_card,1,927.5
7288,cash_on_delivery,1,92.4
7289,wallet,1,235.84
7290,cash_on_delivery,1,672.4
7291,wallet,1,686.9
7292,wallet,1,132.5
7293,cash_on_delivery,1,82.21
7294,wallet,1,87.79
7295,cash_on_delivery,1,93.58
7296,cash_on_delivery,1,6.67
7297,wallet,1,85.45
7298,cash_on_delivery,1,186.56
7299,credit_card,2,367.44
7300,credit_card,2,31.48
7301,cash_on_delivery,1,34.86
7302,credit_card,1,30.21
7303,credit_card,2,552.77
7304,credit_card,1,262.41
7305,credit_card,2,108.76
7306,credit_card,1,449.56
7307,cash_on_delivery,1,674.12
7308,credit_card,12,154.77
7309,credit_card,1,775.4
7310,cash_on_delivery,1,299.51
7311,cash_on_delivery,1,18.16
7312,cash_on_delivery,1,843.04
7313,credit_card,12,158.54
7314,credit_card,2,430.2
7315,credit_card,1,826.41
7316,bank_transfer,1,186.69
7317,cash_on_delivery,1,192.05
7318,credit_card,1,287.35
7319,cash_on_delivery,1,108.12
7320,cash_on_delivery,1,94.12
7321,cash_on_delivery,1,453.03
7322,wallet,1,304.67
7323,credit_card,2,50.22
7324,credit_card,1,20.0
7325,credit_card,1,613.75
7326,wallet,1,347.48
7327,cash_on_delivery,1,1027.27
7328,cash_on_delivery,1,56.67
7329,credit_card,12,144.78
7330,wallet,1,263.15
7331,cash_on_delivery,1,26.57
7332,cash_on_delivery,1,748.34
7333,cash_on_delivery,1,247.39
7334,credit_card,3,756.47
7335,credit_card,6,713.23
7336,cash_on_delivery,1,785.28
7337,credit_card,1,315.02
7338,bank_transfer,1,96.52
7339,credit_card,6,203.04
7340,bank_transfer,1,579.03
7341,wallet,1,533.22
7342,cash_on_delivery,1,122.9
7343,credit_card,1,30.58
7344,credit_card,2,272.13
7345,wallet,1,248.24
7346,credit_card,6,80.38
7347,credit_card,2,219.01
7348,credit_card,3,501.05
7349,cash_on_delivery,1,529.61
7350,wallet,1,391.56
7351,credit_card,1,181.56
7352,credit_card,3,500.14
7353,cash_on_delivery,1,170.11
7354,credit_card,6,1262.17
7355,wallet,1,52.9
7356,credit_card,1,278.13
7357,credit_card,6,942.12
7358,cash_on_delivery,1,597.46
7359,credit_card,1,1009.5
7360,credit_card,1,19.31
7361,cash_on_delivery,1,211.52
7362,credit_card,1,200.19
7363,credit_card,1,653.65
7364,credit_card,3,1080.48
7365,credit_card,6,477.07
7366,credit_card,6,950.25
7367,cash_on_delivery,1,198.43
7368,wallet,1,101.62
7369,cash_on_delivery,1,60.43
7370,credit_card,1,80.31
7371,credit_card,1,92.05
7372,credit_card,6,31.8
7373,credit_card,1,12.66
7374,cash_on_delivery,1,134.11
7375,cash_on_delivery,1,819.82
7376,credit_card,1,167.53
7377,wallet,1,80.48
7378,credit_card,3,18.73
7379,cash_on_delivery,1,1887.0
7380,credit_card,1,246.66
7381,credit_card,1,30.12
7382,bank_transfer,1,1563.54
7383,credit_card,1,55.36
7384,credit_card,1,189.1
7385,credit_card,1,780.03
7386,credit_card,6,41.39
7387,wallet,1,154.76
7388,credit_card,1,283.23
7389,credit_card,1,259.24
7390,cash_on_delivery,1,41.4
7391,credit_card,1,168.35
7392,credit_card,1,10.51
7393,wallet,1,521.66
7394,credit_card,2,255.76
7395,wallet,1,87.93
7396,cash_on_delivery,1,206.45
7397,cash_on_delivery,1,55.22
7398,credit_card,3,90.99
7399,wallet,1,31.02
7400,bank_transfer,1,134.72
7401,credit_card,2,162.19
7402,bank_transfer,1,148.08
7403,cash_on_delivery,1,359.29
7404,credit_card,1,373.31
7405,wallet,1,30.81
7406,credit_card,1,996.94
7407,cash_on_delivery,1,707.98
7408,cash_on_delivery,1,150.47
7409,credit_card,12,105.54
7410,credit_card,12,10.64
7411,credit_card,6,680.28
7412,credit_card,2,380.53
7413,credit_card,2,1033.43
7414,credit_card,6,683.37
7415,credit_card,2,297.75
7416,wallet,1,11.24
7417,credit_card,12,228.46
7418,bank_transfer,1,823.95
7419,credit_card,1,351.17
7420,credit_card,6,272.05
7421,wallet,1,254.32
7422,cash_on_delivery,1,29.88
7423,wallet,1,30.92
7424,cash_on_delivery,1,112.67
7425,credit_card,3,813.75
7426,credit_card,3,88.77
7427,credit_card,3,886.59
7428,cash_on_delivery,1,724.03
7429,credit_card,1,223.27
7430,wallet,1,142.95
7431,bank_transfer,1,192.27
7432,credit_card,1,2386.06
7433,cash_on_delivery,1,20.16
7434,credit_card,12,86.63
7435,cash_on_delivery,1,264.3
7436,wallet,1,31.37
7437,credit_card,2,374.73
7438,wallet,1,2043.2
7439,credit_card,1,1257.36
7440,wallet,1,182.64
7441,credit_card,1,111.11
7442,bank_transfer,1,365.7
7443,credit_card,1,947.11
7444,cash_on_delivery,1,56.01
7445,cash_on_delivery,1,41.02
7446,credit_card,12,1967.01
7447,cash_on_delivery,1,390.34
7448,credit_card,1,1488.15
7449,credit_card,3,553.32
7450,cash_on_delivery,1,84.9
7451,credit_card,6,436.2
7452,credit_card,3,1429.23
7453,credit_card,1,118.04
7454,credit_card,1,775.71
7455,credit_card,12,220.5
7456,wallet,1,1955.43
7457,cash_on_delivery,1,663.2
7458,cash_on_delivery,1,55.88
7459,cash_on_delivery,1,54.86
7460,wallet,1,6.59
7461,cash_on_delivery,1,104.15
7462,cash_on_delivery,1,1330.38
7463,bank_transfer,1,339.89
7464,bank_transfer,1,94.7
7465,cash_on_delivery,1,123.28
7466,credit_card,2,402.9
7467,bank_transfer,1,450.75
7468,cash_on_delivery,1,99.57
7469,credit_card,12,566.69
7470,credit_card,6,227.15
7471,cash_on_delivery,1,271.79
7472,cash_on_delivery,1,93.38
7473,credit_card,1,128.85
7474,credit_card,3,21.1
7475,credit_card,1,232.51
7476,cash_on_delivery,1,143.66
7477,cash_on_delivery,1,91.45
7478,bank_transfer,1,649.3
7479,credit_card,3,138.19
7480,credit_card,2,34.63
7481,cash_on_delivery,1,859.71
7482,credit_card,12,832.77
7483,cash_on_delivery,1,310.64
7484,bank_transfer,1,608.4
7485,credit_card,3,11.15
7486,credit_card,6,61.91
7487,credit_card,1,72.59
7488,credit_card,12,40.65
7489,credit_card,6,162.84
7490,cash_on_delivery,1,27.61
7491,wallet,1,240.0
7492,wallet,1,322.89
7493,cash_on_delivery,1,28.76
7494,credit_card,12,183.78
7495,credit_card,1,370.84
7496,bank_transfer,1,173.28
7497,credit_card,2,509.18
7498,cash_on_delivery,1,387.04
7499,credit_card,2,1105.0
7500,cash_on_delivery,1,111.03
7501,cash_on_delivery,1,73.84
7502,credit_card,1,948.74
7503,credit_card,6,881.87
7504,credit_card,6,343.21
7505,bank_transfer,1,910.01
7506,wallet,1,118.9
7507,cash_on_delivery,1,789.64
7508,credit_card,3,47.02
7509,credit_card,6,111.27
7510,cash_on_delivery,1,6.18
7511,credit_card,6,11.57
7512,cash_on_delivery,1,379.06
7513,credit_card,6,726.77
7514,credit_card,2,6.59
7515,credit_card,6,13.88
7516,cash_on_delivery,1,24.27
7517,cash_on_delivery,1,742.37
7518,cash_on_delivery,1,289.53
7519,cash_on_delivery,1,58.96
7520,credit_card,1,291.51
7521,wallet,1,50.28
7522,credit_card,12,729.77
7523,cash_on_delivery,1,455.7
7524,credit_card,12,124.83
7525,credit_card,1,174.97
7526,bank_transfer,1,162.88
7527,bank_transfer,1,261.99
7528,cash_on_delivery,1,283.37
7529,cash_on_delivery,1,357.55
7530,credit_card,2,108.6
7531,wallet,1,218.37
7532,wallet,1,49.76
7533,cash_on_delivery,1,1290.18
7534,credit_card,12,279.63
7535,wallet,1,93.71
7536,credit_card,3,17.36
7537,cash_on_delivery,1,722.65
7538,credit_card,6,28.04
7539,credit_card,2,733.36
7540,wallet,1,108.04
7541,cash_on_delivery,1,378.75
7542,cash_on_delivery,1,506.89
7543,credit_card,1,149.14
7544,cash_on_delivery,1,866.54
7545,credit_card,2,279.04
7546,credit_card,1,202.88
7547,credit_card,1,128.19
7548,credit_card,2,330.78
7549,credit_card,6,42.96
7550,credit_card,3,105.33
7551,cash_on_delivery,1,192.39
7552,credit_card,1,85.87
7553,credit_card,6,122.34
7554,cash_on_delivery,1,123.06
7555,credit_card,12,1393.31
7556,cash_on_delivery,1,83.75
7557,credit_card,2,211.46
7558,cash_on_delivery,1,682.82
7559,cash_on_delivery,1,84.31
7560,wallet,1,35.13
7561,cash_on_delivery,1,187.25
7562,credit_card,3,6.54
7563,credit_card,1,56.23
7564,wallet,1,72.05
7565,credit_card,2,174.95
7566,cash_on_delivery,1,117.07
7567,credit_card,1,164.54
7568,cash_on_delivery,1,79.47
7569,cash_on_delivery,1,309.96
7570,bank_transfer,1,766.85
7571,bank_transfer,1,1104.35
7572,cash_on_delivery,1,456.08
7573,bank_transfer,1,120.79
7574,cash_on_delivery,1,291.58
7575,bank_transfer,1,411.57
7576,cash_on_delivery,1,56.68
7577,cash_on_delivery,1,378.99
7578,cash_on_delivery,1,118.13
7579,credit_card,2,212.52
7580,credit_card,3,77.58
7581,credit_card,1,9.25
7582,credit_card,2,28.03
7583,bank_transfer,1,89.62
7584,credit_card,2,97.99
7585,cash_on_delivery,1,39.79
7586,cash_on_delivery,1,151.28
7587,cash_on_delivery,1,9.01
7588,credit_card,1,361.22
7589,wallet,1,917.35
7590,credit_card,3,44.76
7591,credit_card,12,532.15
7592,cash_on_delivery,1,600.79
7593,cash_on_delivery,1,184.79
7594,cash_on_delivery,1,808.45
7595,credit_card,3,246.18
7596,credit_card,3,24.07
7597,credit_card,1,150.54
7598,cash_on_delivery,1,49.26
7599,wallet,1,28.77
7600,credit_card,1,108.7
7601,bank_transfer,1,746.34
7602,wallet,1,235.56
7603,cash_on_delivery,1,304.23
7604,credit_card,1,104.06
7605,credit_card,12,688.29
7606,bank_transfer,1,15.84
7607,bank_transfer,1,448.17
7608,bank_transfer,1,1539.7
7609,wallet,1,852.3
7610,credit_card,3,92.84
7611,credit_card,3,30.29
7612,credit_card,1,430.12
7613,wallet,1,142.73
7614,wallet,1,535.62
7615,credit_card,1,205.39
7616,credit_card,3,495.52
7617,wallet,1,73.61
7618,wallet,1,281.63
7619,credit_card,1,43.37
7620,cash_on_delivery,1,289.05
7621,cash_on_delivery,1,234.37
7622,wallet,1,14.55
7623,wallet,1,298.75
7624,bank_transfer,1,438.34
7625,wallet,1,1220.28
7626,credit_card,1,252.24
7627,cash_on_delivery,1,113.67
7628,cash_on_delivery,1,552.8
7629,credit_card,1,88.77
7630,cash_on_delivery,1,60.86
7631,cash_on_delivery,1,333.39
7632,credit_card,6,16.75
7633,cash_on_delivery,1,892.28
7634,credit_card,1,1604.72
7635,credit_card,6,258.01
7636,credit_card,3,122.16
7637,cash_on_delivery,1,244.92
7638,cash_on_delivery,1,159.93
7639,wallet,1,226.45
7640,credit_card,1,63.1
7641,credit_card,1,1307.88
7642,credit_card,6,102.34
7643,cash_on_delivery,1,768.1
7644,cash_on_delivery,1,334.99
7645,credit_card,6,161.4
7646,credit_card,2,263.37
7647,wallet,1,161.45
7648,cash_on_delivery,1,390.04
7649,cash_on_delivery,1,30.05
7650,credit_card,2,180.28
7651,cash_on_delivery,1,55.34
7652,wallet,1,290.79
7653,cash_on_delivery,1,935.86
7654,credit_card,12,112.65
7655,wallet,1,1212.97
7656,credit_card,1,2438.08
7657,credit_card,1,15.77
7658,wallet,1,65.98
7659,credit_card,1,155.54
7660,credit_card,1,730.3
7661,credit_card,1,500.33
7662,credit_card,1,280.07
7663,bank_transfer,1,804.86
7664,cash_on_delivery,1,127.39
7665,cash_on_delivery,1,2249.87
7666,credit_card,12,20.91
7667,credit_card,12,500.88
7668,credit_card,6,40.82
7669,bank_transfer,1,31.22
7670,wallet,1,2112.97
7671,credit_card,1,711.77
7672,credit_card,6,42.71
7673,wallet,1,339.57
7674,credit_card,1,563.06
7675,cash_on_delivery,1,6.66
7676,cash_on_delivery,1,69.46
7677,cash_on_delivery,1,1088.58
7678,wallet,1,32.46
7679,credit_card,1,135.41
7680,cash_on_delivery,1,341.11
7681,cash_on_delivery,1,283.72
7682,bank_transfer,1,124.13
7683,credit_card,3,194.0
7684,credit_card,6,435.23
7685,credit_card,2,598.62
7686,bank_transfer,1,1101.6
7687,cash_on_delivery,1,253.62
7688,credit_card,3,888.6
7689,cash_on_delivery,1,58.88
7690,cash_on_delivery,1,715.67
7691,credit_card,1,680.6
7692,bank_transfer,1,90.18
7693,credit_card,1,14.07
7694,wallet,1,241.58
7695,credit_card,1,380.37
7696,bank_transfer,1,147.74
7697,credit_card,6,364.53
7698,credit_card,1,466.02
7699,cash_on_delivery,1,36.54
7700,wallet,1,52.94
7701,credit_card,1,411.59
7702,wallet,1,158.39
7703,credit_card,3,314.71
7704,credit_card,6,19.23
7705,credit_card,2,631.06
7706,credit_card,6,1046.73
7707,credit_card,1,576.54
7708,cash_on_delivery,1,60.28
7709,credit_card,12,265.02
7710,credit_card,2,586.77
7711,cash_on_delivery,1,140.33
7712,credit_card,1,24.68
7713,credit_card,1,201.97
7714,credit_card,1,498.18
7715,credit_card,1,478.25
7716,credit_card,2,185.63
7717,bank_transfer,1,231.42
7718,credit_card,2,757.57
7719,credit_card,6,864.42
7720,cash_on_delivery,1,304.4
7721,cash_on_delivery,1,16.43
7722,cash_on_delivery,1,884.32
7723,bank_transfer,1,102.36
7724,wallet,1,142.03
7725,wallet,1,127.13
7726,credit_card,1,489.9
7727,cash_on_delivery,1,69.72
7728,credit_card,12,250.13
7729,credit_card,2,960.67
7730,cash_on_delivery,1,192.87
7731,credit_card,1,25.02
7732,cash_on_delivery,1,37.7
7733,cash_on_delivery,1,74.84
7734,credit_card,1,644.95
7735,cash_on_delivery,1,576.44
7736,credit_card,2,111.36
7737,credit_card,2,91.33
7738,cash_on_delivery,1,963.89
7739,cash_on_delivery,1,57.92
7740,credit_card,12,327.95
7741,cash_on_delivery,1,28.99
7742,cash_on_delivery,1,178.27
7743,credit_card,12,777.55
7744,wallet,1,81.15
7745,cash_on_delivery,1,56.42
7746,cash_on_delivery,1,73.62
7747,cash_on_delivery,1,947.63
7748,credit_card,1,254.01
7749,credit_card,1,241.41
7750,cash_on_delivery,1,34.41
7751,cash_on_delivery,1,56.69
7752,cash_on_delivery,1,58.82
7753,credit_card,6,263.96
7754,bank_transfer,1,49.02
7755,cash_on_delivery,1,289.64
7756,bank_transfer,1,183.42
7757,wallet,1,446.96
7758,cash_on_delivery,1,111.23
7759,bank_transfer,1,97.51
7760,cash_on_delivery,1,333.24
7761,credit_card,6,120.17
7762,credit_card,3,581.09
7763,cash_on_delivery,1,185.38
7764,cash_on_delivery,1,952.76
7765,credit_card,6,433.44
7766,credit_card,12,52.76
7767,cash_on_delivery,1,583.05
7768,cash_on_delivery,1,990.92
7769,credit_card,2,776.12
7770,credit_card,1,121.75
7771,wallet,1,394.42
7772,credit_card,12,748.46
7773,wallet,1,382.0
7774,credit_card,3,62.79
7775,credit_card,3,379.68
7776,credit_card,2,18.16
7777,credit_card,3,582.31
7778,cash_on_delivery,1,265.38
7779,wallet,1,17.14
7780,wallet,1,87.29
7781,bank_transfer,1,104.85
7782,wallet,1,121.1
7783,credit_card,1,210.84
7784,wallet,1,128.81
7785,bank_transfer,1,27.93
7786,credit_card,1,246.64
7787,credit_card,1,28.91
7788,cash_on_delivery,1,449.88
7789,cash_on_delivery,1,107.25
7790,cash_on_delivery,1,82.81
7791,credit_card,6,439.45
7792,credit_card,6,23.51
7793,cash_on_delivery,1,321.56
7794,cash_on_delivery,1,19.08
7795,credit_card,6,300.37
7796,wallet,1,154.33
7797,credit_card,6,74.87
7798,cash_on_delivery,1,1291.26
7799,credit_card,12,907.83
7800,credit_card,6,57.31
7801,cash_on_delivery,1,112.73
7802,cash_on_delivery,1,219.87
7803,cash_on_delivery,1,750.62
7804,credit_card,1,225.89
7805,cash_on_delivery,1,42.17
7806,credit_card,3,219.42
7807,credit_card,6,846.86
7808,cash_on_delivery,1,118.68
7809,credit_card,1,2.69
7810,cash_on_delivery,1,434.54
7811,credit_card,1,443.73
7812,cash_on_delivery,1,19.09
7813,credit_card,1,79.45
7814,wallet,1,217.91
7815,cash_on_delivery,1,139.24
7816,cash_on_delivery,1,711.83
7817,wallet,1,41.93
7818,cash_on_delivery,1,219.31
7819,wallet,1,40.71
7820,cash_on_delivery,1,169.16
7821,credit_card,12,73.53
7822,cash_on_delivery,1,646.0
7823,cash_on_delivery,1,93.55
7824,credit_card,6,392.51
7825,cash_on_delivery,1,259.76
7826,credit_card,3,321.25
7827,bank_transfer,1,207.36
7828,cash_on_delivery,1,186.54
7829,credit_card,6,129.81
7830,credit_card,2,42.91
7831,cash_on_delivery,1,130.14
7832,bank_transfer,1,612.63
7833,credit_card,2,185.93
7834,credit_card,1,481.53
7835,credit_card,1,110.44
7836,cash_on_delivery,1,154.87
7837,credit_card,3,111.48
7838,credit_card,6,32.02
7839,credit_card,1,89.53
7840,cash_on_delivery,1,826.55
7841,wallet,1,675.31
7842,credit_card,6,648.66
7843,bank_transfer,1,972.64
7844,credit_card,1,117.33
7845,credit_card,3,62.49
7846,credit_card,2,7.29
7847,cash_on_delivery,1,108.8
7848,wallet,1,100.02
7849,bank_transfer,1,101.63
7850,bank_transfer,1,245.87
7851,credit_card,6,189.6
7852,credit_card,1,318.9
7853,credit_card,1,19.49
7854,bank_transfer,1,87.0
7855,cash_on_delivery,1,1116.03
7856,cash_on_delivery,1,1533.2
7857,cash_on_delivery,1,93.36
7858,credit_card,1,671.64
7859,cash_on_delivery,1,210.27
7860,bank_transfer,1,258.82
7861,wallet,1,262.03
7862,credit_card,1,42.86
7863,cash_on_delivery,1,508.07
7864,cash_on_delivery,1,62.26
7865,credit_card,1,1103.43
7866,credit_card,1,240.04
7867,cash_on_delivery,1,197.83
7868,credit_card,1,585.83
7869,bank_transfer,1,383.63
7870,credit_card,1,268.88
7871,cash_on_delivery,1,77.96
7872,credit_card,6,31.09
7873,cash_on_delivery,1,109.07
7874,credit_card,1,98.17
7875,credit_card,1,91.78
7876,credit_card,1,48.62
7877,cash_on_delivery,1,19.67
7878,wallet,1,639.25
7879,credit_card,3,44.34
7880,credit_card,2,1165.03
7881,cash_on_delivery,1,872.39
7882,cash_on_delivery,1,106.53
7883,cash_on_delivery,1,1288.95
7884,cash_on_delivery,1,18.89
7885,cash_on_delivery,1,1015.71
7886,wallet,1,790.26
7887,cash_on_delivery,1,646.9
7888,cash_on_delivery,1,125.22
7889,wallet,1,150.74
7890,cash_on_delivery,1,191.1
7891,credit_card,3,365.49
7892,credit_card,12,973.74
7893,cash_on_delivery,1,181.24
7894,credit_card,1,39.34
7895,cash_on_delivery,1,165.02
7896,bank_transfer,1,72.42
7897,cash_on_delivery,1,721.44
7898,bank_transfer,1,288.23
7899,credit_card,6,357.3
7900,wallet,1,33.08
7901,wallet,1,1630.66
7902,wallet,1,340.31
7903,credit_card,2,227.4
7904,cash_on_delivery,1,37.05
7905,cash_on_delivery,1,82.1
7906,credit_card,3,604.59
7907,credit_card,1,144.58
7908,credit_card,12,21.89
7909,cash_on_delivery,1,255.06
7910,credit_card,6,438.87
7911,credit_card,2,202.78
7912,cash_on_delivery,1,106.36
7913,credit_card,2,91.57
7914,credit_card,1,691.36
7915,credit_card,6,72.36
7916,credit_card,12,83.5
7917,cash_on_delivery,1,108.0
7918,cash_on_delivery,1,56.43
7919,credit_card,1,64.83
7920,wallet,1,735.33
7921,bank_transfer,1,81.55
7922,credit_card,12,30.56
7923,cash_on_delivery,1,9.73
7924,cash_on_delivery,1,19.76
7925,credit_card,2,239.29
7926,cash_on_delivery,1,349.53
7927,credit_card,1,124.05
7928,credit_card,3,1255.5
7929,wallet,1,262.67
7930,cash_on_delivery,1,98.96
7931,bank_transfer,1,96.62
7932,wallet,1,230.54
7933,cash_on_delivery,1,82.82
7934,wallet,1,109.16
7935,credit_card,6,15.85
7936,wallet,1,1256.82
7937,cash_on_delivery,1,576.38
7938,credit_card,2,36.43
7939,cash_on_delivery,1,999.58
7940,credit_card,2,496.55
7941,wallet,1,133.62
7942,wallet,1,312.15
7943,credit_card,1,330.59
7944,cash_on_delivery,1,802.81
7945,credit_card,1,128.09
7946,credit_card,6,295.41
7947,credit_card,12,176.27
7948,cash_on_delivery,1,265.53
7949,cash_on_delivery,1,725.42
7950,wallet,1,59.46
7951,cash_on_delivery,1,1186.65
7952,wallet,1,268.89
7953,credit_card,2,578.18
7954,credit_card,1,57.02
7955,credit_card,12,970.62
7956,cash_on_delivery,1,329.28
7957,credit_card,12,120.77
7958,cash_on_delivery,1,39.59
7959,credit_card,2,12.43
7960,cash_on_delivery,1,616.28
7961,credit_card,12,326.23
7962,credit_card,1,142.24
7963,credit_card,12,234.16
7964,credit_card,6,1245.46
7965,credit_card,1,814.82
7966,credit_card,1,476.49
7967,credit_card,12,942.42
7968,cash_on_delivery,1,62.66
7969,wallet,1,104.62
7970,credit_card,1,981.14
7971,credit_card,3,261.57
7972,wallet,1,440.0
7973,wallet,1,130.52
7974,credit_card,3,228.9
7975,credit_card,6,98.64
7976,credit_card,1,183.38
7977,cash_on_delivery,1,140.85
7978,credit_card,12,872.84
7979,credit_card,1,14.75
7980,bank_transfer,1,871.68
7981,bank_transfer,1,22.3
7982,credit_card,2,283.4
7983,cash_on_delivery,1,305.57
7984,wallet,1,166.71
7985,credit_card,3,197.38
7986,credit_card,6,97.26
7987,wallet,1,229.7
7988,cash_on_delivery,1,269.28
7989,credit_card,2,69.01
7990,credit_card,3,153.62
7991,wallet,1,1001.13
7992,credit_card,12,33.93
7993,credit_card,1,115.45
7994,cash_on_delivery,1,159.86
7995,credit_card,3,9.05
7996,credit_card,6,144.79
7997,cash_on_delivery,1,69.22
7998,wallet,1,287.75
7999,credit_card,1,165.76
8000,cash_on_delivery,1,1139.56
8001,credit_card,3,224.22
8002,wallet,1,473.11
8003,credit_card,2,88.84
8004,credit_card,1,8.78
8005,credit_card,1,31.02
8006,credit_card,6,417.0
8007,credit_card,1,140.13
8008,cash_on_delivery,1,429.64
8009,cash_on_delivery,1,692.17
8010,cash_on_delivery,1,101.59
8011,credit_card,6,64.29
8012,bank_transfer,1,353.34
8013,credit_card,1,149.98
8014,credit_card,1,17.56
8015,credit_card,3,287.9
8016,credit_card,3,424.6
8017,credit_card,2,126.27
8018,credit_card,6,30.35
8019,cash_on_delivery,1,62.52
8020,wallet,1,357.96
8021,wallet,1,108.1
8022,credit_card,6,659.52
8023,wallet,1,194.34
8024,cash_on_delivery,1,40.64
8025,bank_transfer,1,82.41
8026,credit_card,3,683.1
8027,credit_card,3,144.1
8028,credit_card,6,113.2
8029,cash_on_delivery,1,157.86
8030,cash_on_delivery,1,100.29
8031,credit_card,1,510.72
8032,cash_on_delivery,1,564.46
8033,credit_card,12,1142.25
8034,credit_card,1,1036.34
8035,wallet,1,61.44
8036,cash_on_delivery,1,101.55
8037,cash_on_delivery,1,32.14
8038,wallet,1,275.82
8039,wallet,1,225.96
8040,cash_on_delivery,1,631.34
8041,wallet,1,948.94
8042,bank_transfer,1,13.12
8043,wallet,1,522.71
8044,cash_on_delivery,1,336.67
8045,credit_card,1,525.64
8046,bank_transfer,1,101.59
8047,cash_on_delivery,1,727.78
8048,wallet,1,180.06
8049,credit_card,1,17.05
8050,credit_card,1,82.89
8051,credit_card,12,828.16
8052,cash_on_delivery,1,101.65
8053,wallet,1,894.44
8054,wallet,1,803.58
8055,wallet,1,136.48
8056,credit_card,1,619.89
8057,cash_on_delivery,1,193.12
8058,credit_card,2,71.5
8059,credit_card,2,228.86
8060,bank_transfer,1,1052.67
8061,cash_on_delivery,1,86.26
8062,bank_transfer,1,313.23
8063,cash_on_delivery,1,20.66
8064,credit_card,3,662.31
8065,cash_on_delivery,1,697.31
8066,cash_on_delivery,1,49.3
8067,cash_on_delivery,1,249.76
8068,cash_on_delivery,1,262.94
8069,credit_card,1,423.11
8070,wallet,1,50.11
8071,credit_card,2,455.07
8072,cash_on_delivery,1,16.8
8073,cash_on_delivery,1,184.05
8074,credit_card,1,144.18
8075,credit_card,2,71.53
8076,cash_on_delivery,1,197.89
8077,credit_card,1,8.81
8078,cash_on_delivery,1,1012.06
8079,cash_on_delivery,1,56.94
8080,credit_card,1,254.35
8081,cash_on_delivery,1,88.63
8082,wallet,1,234.54
8083,credit_card,12,173.66
8084,cash_on_delivery,1,141.55
8085,cash_on_delivery,1,211.3
8086,cash_on_delivery,1,628.31
8087,bank_transfer,1,93.22
8088,bank_transfer,1,103.9
8089,credit_card,12,252.96
8090,wallet,1,84.49
8091,credit_card,1,33.4
8092,cash_on_delivery,1,105.9
8093,cash_on_delivery,1,531.65
8094,bank_transfer,1,797.0
8095,credit_card,2,432.47
8096,wallet,1,917.6
8097,credit_card,12,62.14
8098,wallet,1,1111.93
8099,cash_on_delivery,1,2269.41
8100,credit_card,1,164.23
8101,cash_on_delivery,1,307.32
8102,cash_on_delivery,1,285.67
8103,credit_card,1,244.8
8104,cash_on_delivery,1,327.95
8105,bank_transfer,1,221.72
8106,cash_on_delivery,1,179.79
8107,credit_card,12,37.49
8108,credit_card,6,781.81
8109,credit_card,12,297.87
8110,credit_card,6,443.48
8111,wallet,1,88.12
8112,credit_card,1,124.0
8113,credit_card,12,61.92
8114,credit_card,1,76.58
8115,credit_card,3,20.29
8116,wallet,1,441.8
8117,cash_on_delivery,1,40.26
8118,cash_on_delivery,1,193.16
8119,cash_on_delivery,1,589.02
8120,credit_card,1,542.42
8121,credit_card,12,65.14
8122,bank_transfer,1,308.9
8123,credit_card,12,17.57
8124,cash_on_delivery,1,19.27
8125,cash_on_delivery,1,474.6
8126,credit_card,1,687.25
8127,credit_card,1,20.45
8128,cash_on_delivery,1,79.61
8129,wallet,1,388.95
8130,bank_transfer,1,561.14
8131,wallet,1,369.93
8132,wallet,1,78.67
8133,credit_card,1,69.55
8134,credit_card,1,396.75
8135,cash_on_delivery,1,114.49
8136,credit_card,2,329.91
8137,credit_card,1,77.92
8138,credit_card,1,639.82
8139,credit_card,2,73.93
8140,credit_card,1,69.91
8141,bank_transfer,1,582.93
8142,wallet,1,117.35
8143,cash_on_delivery,1,33.56
8144,credit_card,12,57.77
8145,wallet,1,76.98
8146,cash_on_delivery,1,259.52
8147,credit_card,12,53.39
8148,credit_card,1,510.06
8149,bank_transfer,1,225.21
8150,credit_card,2,39.65
8151,credit_card,1,82.44
8152,bank_transfer,1,143.0
8153,credit_card,2,225.09
8154,cash_on_delivery,1,33.59
8155,credit_card,2,215.95
8156,credit_card,1,172.14
8157,cash_on_delivery,1,111.55
8158,bank_transfer,1,57.58
8159,cash_on_delivery,1,56.31
8160,wallet,1,71.0
8161,credit_card,1,1335.78
8162,credit_card,1,121.72
8163,cash_on_delivery,1,212.89
8164,cash_on_delivery,1,39.95
8165,bank_transfer,1,352.58
8166,credit_card,2,293.1
8167,bank_transfer,1,297.55
8168,credit_card,1,760.7
8169,cash_on_delivery,1,40.84
8170,credit_card,6,177.34
8171,wallet,1,985.78
8172,wallet,1,28.47
8173,cash_on_delivery,1,113.66
8174,cash_on_delivery,1,106.47
8175,credit_card,3,221.55
8176,cash_on_delivery,1,24.54
8177,cash_on_delivery,1,114.39
8178,credit_card,6,1007.19
8179,bank_transfer,1,2.78
8180,credit_card,2,153.33
8181,credit_card,3,473.7
8182,cash_on_delivery,1,28.49
8183,credit_card,2,268.33
8184,credit_card,1,61.13
8185,cash_on_delivery,1,182.93
8186,wallet,1,1163.03
8187,credit_card,2,564.85
8188,credit_card,2,687.3
8189,wallet,1,462.04
8190,wallet,1,95.0
8191,bank_transfer,1,188.87
8192,bank_transfer,1,96.53
8193,cash_on_delivery,1,30.69
8194,credit_card,2,10.06
8195,cash_on_delivery,1,175.06
8196,cash_on_delivery,1,185.47
8197,credit_card,2,1679.86
8198,credit_card,1,173.46
8199,credit_card,1,705.53
8200,credit_card,1,2731.08
8201,credit_card,12,40.47
8202,credit_card,1,32.16
8203,credit_card,1,70.49
8204,cash_on_delivery,1,36.47
8205,credit_card,1,197.3
8206,cash_on_delivery,1,293.58
8207,wallet,1,319.26
8208,credit_card,3,171.99
8209,wallet,1,49.81
8210,credit_card,2,166.23
8211,wallet,1,83.96
8212,credit_card,12,1460.11
8213,credit_card,1,30.94
8214,bank_transfer,1,338.97
8215,credit_card,6,10.92
8216,wallet,1,341.44
8217,credit_card,2,328.07
8218,wallet,1,67.76
8219,cash_on_delivery,1,1894.0
8220,credit_card,12,34.66
8221,cash_on_delivery,1,67.36
8222,credit_card,1,152.55
8223,credit_card,2,220.33
8224,bank_transfer,1,496.64
8225,credit_card,3,85.16
8226,cash_on_delivery,1,247.66
8227,cash_on_delivery,1,74.95
8228,cash_on_delivery,1,103.09
8229,cash_on_delivery,1,110.26
8230,wallet,1,10.9
8231,cash_on_delivery,1,129.52
8232,cash_on_delivery,1,220.59
8233,cash_on_delivery,1,175.79
8234,cash_on_delivery,1,123.95
8235,cash_on_delivery,1,108.45
8236,cash_on_delivery,1,153.92
8237,cash_on_delivery,1,31.04
8238,credit_card,1,168.5
8239,wallet,1,618.24
8240,wallet,1,220.47
8241,cash_on_delivery,1,175.4
8242,cash_on_delivery,1,168.76
8243,credit_card,1,682.34
8244,credit_card,3,245.96
8245,bank_transfer,1,39.24
8246,credit_card,12,655.35
8247,cash_on_delivery,1,240.12
8248,credit_card,1,90.63
8249,credit_card,1,46.37
8250,credit_card,1,713.25
8251,credit_card,6,182.5
8252,wallet,1,286.1
8253,bank_transfer,1,1089.91
8254,credit_card,1,571.53
8255,credit_card,6,669.34
8256,credit_card,1,282.36
8257,cash_on_delivery,1,283.38
8258,cash_on_delivery,1,148.59
8259,credit_card,6,414.39
8260,credit_card,1,36.93
8261,credit_card,12,43.42
8262,credit_card,1,466.15
8263,cash_on_delivery,1,289.31
8264,credit_card,12,96.82
8265,wallet,1,83.86
8266,wallet,1,28.0
8267,wallet,1,508.61
8268,cash_on_delivery,1,383.85
8269,bank_transfer,1,254.22
8270,wallet,1,6.12
8271,cash_on_delivery,1,140.21
8272,cash_on_delivery,1,1325.77
8273,wallet,1,244.62
8274,credit_card,6,28.28
8275,cash_on_delivery,1,60.19
8276,cash_on_delivery,1,158.46
8277,bank_transfer,1,98.2
8278,cash_on_delivery,1,33.38
8279,wallet,1,1323.34
8280,credit_card,1,119.0
8281,credit_card,3,29.93
8282,credit_card,1,343.24
8283,cash_on_delivery,1,415.35
8284,cash_on_delivery,1,1004.49
8285,credit_card,1,365.17
8286,credit_card,1,79.11
8287,credit_card,2,190.02
8288,bank_transfer,1,788.31
8289,credit_card,12,99.09
8290,cash_on_delivery,1,28.27
8291,credit_card,12,1484.15
8292,credit_card,6,117.03
8293,cash_on_delivery,1,113.43
8294,credit_card,12,1145.16
8295,cash_on_delivery,1,57.56
8296,cash_on_delivery,1,266.16
8297,credit_card,1,688.51
8298,wallet,1,160.86
8299,credit_card,1,727.45
8300,cash_on_delivery,1,104.93
8301,bank_transfer,1,41.58
8302,credit_card,1,82.63
8303,cash_on_delivery,1,10.82
8304,bank_transfer,1,695.85
8305,cash_on_delivery,1,17.01
8306,bank_transfer,1,196.75
8307,credit_card,2,169.06
8308,credit_card,12,172.75
8309,cash_on_delivery,1,701.03
8310,cash_on_delivery,1,509.83
8311,credit_card,3,820.4
8312,credit_card,12,613.95
8313,cash_on_delivery,1,42.47
8314,credit_card,2,439.27
8315,cash_on_delivery,1,1132.93
8316,bank_transfer,1,19.94
8317,bank_transfer,1,678.33
8318,wallet,1,961.68
8319,bank_transfer,1,99.4
8320,bank_transfer,1,596.23
8321,credit_card,1,302.01
8322,cash_on_delivery,1,160.68
8323,credit_card,3,314.13
8324,credit_card,1,287.4
8325,bank_transfer,1,46.09
8326,credit_card,1,6.45
8327,cash_on_delivery,1,291.73
8328,credit_card,1,828.6
8329,credit_card,2,107.96
8330,credit_card,2,139.13
8331,cash_on_delivery,1,745.03
8332,cash_on_delivery,1,717.33
8333,cash_on_delivery,1,1482.02
8334,cash_on_delivery,1,125.19
8335,credit_card,3,355.29
8336,wallet,1,541.76
8337,cash_on_delivery,1,188.5
8338,credit_card,1,255.49
8339,cash_on_delivery,1,48.95
8340,cash_on_delivery,1,153.53
8341,credit_card,3,156.72
8342,credit_card,6,6.41
8343,wallet,1,2206.41
8344,credit_card,6,105.97
8345,bank_transfer,1,348.23
8346,cash_on_delivery,1,57.63
8347,credit_card,6,173.56
8348,wallet,1,705.37
8349,bank_transfer,1,486.5
8350,credit_card,2,32.55
8351,credit_card,2,78.46
8352,cash_on_delivery,1,49.18
8353,credit_card,3,131.9
8354,credit_card,3,131.17
8355,credit_card,3,137.63
8356,cash_on_delivery,1,168.82
8357,cash_on_delivery,1,102.5
8358,credit_card,2,271.12
8359,wallet,1,132.38
8360,cash_on_delivery,1,17.39
8361,wallet,1,694.99
8362,wallet,1,15.1
8363,cash_on_delivery,1,50.39
8364,cash_on_delivery,1,132.18
8365,credit_card,1,145.92
8366,cash_on_delivery,1,57.19
8367,credit_card,2,479.8
8368,cash_on_delivery,1,366.59
8369,credit_card,1,148.42
8370,credit_card,1,737.74
8371,cash_on_delivery,1,207.32
8372,bank_transfer,1,107.95
8373,wallet,1,50.91
8374,wallet,1,144.01
8375,cash_on_delivery,1,91.14
8376,credit_card,3,1564.1
8377,credit_card,1,28.78
8378,credit_card,3,27.2
8379,credit_card,3,496.86
8380,cash_on_delivery,1,99.29
8381,credit_card,1,33.79
8382,cash_on_delivery,1,260.2
8383,cash_on_delivery,1,19.51
8384,credit_card,1,30.14
8385,cash_on_delivery,1,723.31
8386,credit_card,6,1337.13
8387,wallet,1,900.88
8388,credit_card,3,92.65
8389,credit_card,2,11.23
8390,cash_on_delivery,1,86.49
8391,credit_card,1,1718.32
8392,credit_card,12,354.77
8393,wallet,1,684.03
8394,credit_card,2,108.82
8395,cash_on_delivery,1,98.75
8396,cash_on_delivery,1,2090.46
8397,bank_transfer,1,127.93
8398,credit_card,2,76.92
8399,bank_transfer,1,82.67
8400,wallet,1,164.73
8401,credit_card,3,429.82
8402,cash_on_delivery,1,361.39
8403,credit_card,3,88.04
8404,cash_on_delivery,1,503.44
8405,cash_on_delivery,1,24.55
8406,cash_on_delivery,1,148.16
8407,cash_on_delivery,1,420.6
8408,credit_card,6,269.49
8409,cash_on_delivery,1,98.84
8410,credit_card,6,158.11
8411,cash_on_delivery,1,667.59
8412,credit_card,3,484.52
8413,cash_on_delivery,1,89.57
8414,credit_card,3,14.17
8415,wallet,1,297.92
8416,cash_on_delivery,1,132.11
8417,cash_on_delivery,1,764.83
8418,credit_card,1,63.1
8419,credit_card,2,52.64
8420,cash_on_delivery,1,210.86
8421,credit_card,1,36.08
8422,bank_transfer,1,219.57
8423,credit_card,2,839.55
8424,cash_on_delivery,1,364.0
8425,cash_on_delivery,1,142.25
8426,wallet,1,121.34
8427,cash_on_delivery,1,278.18
8428,cash_on_delivery,1,33.43
8429,credit_card,1,671.09
8430,credit_card,3,724.82
8431,credit_card,2,1448.01
8432,cash_on_delivery,1,196.13
8433,wallet,1,13.11
8434,credit_card,1,87.67
8435,credit_card,3,98.06
8436,cash_on_delivery,1,69.42
8437,credit_card,12,261.89
8438,wallet,1,608.7
8439,credit_card,1,91.77
8440,cash_on_delivery,1,217.35
8441,credit_card,1,714.09
8442,credit_card,3,126.69
8443,credit_card,3,113.02
8444,bank_transfer,1,60.81
8445,credit_card,3,460.38
8446,cash_on_delivery,1,20.99
8447,cash_on_delivery,1,1080.3
8448,cash_on_delivery,1,19.77
8449,credit_card,12,253.94
8450,credit_card,1,83.45
8451,wallet,1,267.9
8452,wallet,1,158.39
8453,wallet,1,134.87
8454,credit_card,6,198.74
8455,bank_transfer,1,1431.9
8456,cash_on_delivery,1,41.72
8457,cash_on_delivery,1,42.66
8458,credit_card,1,995.1
8459,credit_card,2,105.32
8460,cash_on_delivery,1,273.92
8461,cash_on_delivery,1,109.37
8462,credit_card,2,14.81
8463,credit_card,3,230.69
8464,wallet,1,88.98
8465,credit_card,1,171.99
8466,credit_card,1,28.0
8467,bank_transfer,1,10.34
8468,credit_card,2,42.01
8469,bank_transfer,1,200.63
8470,credit_card,1,245.09
8471,credit_card,6,450.03
8472,wallet,1,258.83
8473,credit_card,3,48.67
8474,bank_transfer,1,168.04
8475,wallet,1,21.6
8476,cash_on_delivery,1,98.21
8477,bank_transfer,1,1042.99
8478,credit_card,2,525.23
8479,credit_card,2,72.77
8480,wallet,1,381.44
8481,bank_transfer,1,895.58
8482,cash_on_delivery,1,40.61
8483,credit_card,3,78.01
8484,credit_card,1,753.22
8485,cash_on_delivery,1,246.45
8486,credit_card,12,53.03
8487,cash_on_delivery,1,508.71
8488,credit_card,6,244.88
8489,cash_on_delivery,1,234.64
8490,credit_card,1,142.54
8491,cash_on_delivery,1,1414.73
8492,cash_on_delivery,1,1265.99
8493,cash_on_delivery,1,863.42
8494,credit_card,6,267.47
8495,cash_on_delivery,1,72.58
8496,credit_card,6,301.86
8497,credit_card,1,124.12
8498,bank_transfer,1,285.45
8499,credit_card,6,898.18
8500,credit_card,1,302.99
8501,cash_on_delivery,1,135.56
8502,credit_card,2,404.99
8503,cash_on_delivery,1,36.89
8504,cash_on_delivery,1,58.68
8505,credit_card,1,565.81
8506,cash_on_delivery,1,260.07
8507,cash_on_delivery,1,30.21
8508,credit_card,3,405.59
8509,bank_transfer,1,190.82
8510,credit_card,1,60.55
8511,cash_on_delivery,1,258.61
8512,credit_card,1,981.53
8513,credit_card,1,223.78
8514,credit_card,2,138.83
8515,credit_card,12,331.87
8516,wallet,1,143.56
8517,cash_on_delivery,1,528.63
8518,cash_on_delivery,1,100.29
8519,wallet,1,437.24
8520,credit_card,12,364.77
8521,bank_transfer,1,38.51
8522,cash_on_delivery,1,75.39
8523,credit_card,2,370.62
8524,cash_on_delivery,1,41.66
8525,cash_on_delivery,1,26.96
8526,cash_on_delivery,1,94.78
8527,credit_card,1,301.04
8528,credit_card,2,111.71
8529,cash_on_delivery,1,1284.33
8530,credit_card,3,113.72
8531,credit_card,12,70.47
8532,credit_card,1,46.62
8533,cash_on_delivery,1,162.94
8534,credit_card,6,336.87
8535,cash_on_delivery,1,50.02
8536,wallet,1,1122.04
8537,cash_on_delivery,1,34.2
8538,cash_on_delivery,1,505.96
8539,credit_card,1,180.38
8540,bank_transfer,1,69.19
8541,credit_card,2,68.57
8542,credit_card,6,211.03
8543,credit_card,3,111.78
8544,cash_on_delivery,1,145.16
8545,credit_card,3,577.31
8546,wallet,1,272.57
8547,cash_on_delivery,1,1160.81
8548,wallet,1,332.96
8549,wallet,1,59.36
8550,credit_card,2,960.06
8551,wallet,1,106.29
8552,credit_card,3,432.9
8553,cash_on_delivery,1,9.95
8554,credit_card,3,293.09
8555,wallet,1,142.61
8556,cash_on_delivery,1,103.25
8557,cash_on_delivery,1,241.03
8558,credit_card,1,92.32
8559,credit_card,1,305.88
8560,credit_card,1,237.65
8561,credit_card,1,336.17
8562,cash_on_delivery,1,192.61
8563,cash_on_delivery,1,15.06
8564,credit_card,2,739.62
8565,cash_on_delivery,1,746.28
8566,cash_on_delivery,1,100.5
8567,wallet,1,440.93
8568,cash_on_delivery,1,6.57
8569,cash_on_delivery,1,190.53
8570,cash_on_delivery,1,71.95
8571,credit_card,1,103.41
8572,cash_on_delivery,1,517.27
8573,credit_card,1,1100.67
8574,cash_on_delivery,1,1341.93
8575,cash_on_delivery,1,49.07
8576,credit_card,3,974.24
8577,credit_card,1,499.96
8578,credit_card,1,54.8
8579,credit_card,1,92.73
8580,bank_transfer,1,676.84
8581,cash_on_delivery,1,529.25
8582,cash_on_delivery,1,407.55
8583,bank_transfer,1,39.89
8584,cash_on_delivery,1,32.0
8585,credit_card,1,178.14
8586,cash_on_delivery,1,65.71
8587,credit_card,1,55.29
8588,cash_on_delivery,1,448.74
8589,cash_on_delivery,1,887.53
8590,bank_transfer,1,83.66
8591,cash_on_delivery,1,1256.26
8592,credit_card,12,96.78
8593,credit_card,1,12.5
8594,cash_on_delivery,1,397.61
8595,credit_card,1,91.34
8596,cash_on_delivery,1,633.79
8597,cash_on_delivery,1,81.24
8598,cash_on_delivery,1,348.17
8599,cash_on_delivery,1,311.23
8600,wallet,1,27.99
8601,credit_card,1,83.37
8602,cash_on_delivery,1,817.3
8603,wallet,1,170.74
8604,cash_on_delivery,1,358.69
8605,credit_card,2,711.12
8606,credit_card,2,243.35
8607,credit_card,2,61.06
8608,credit_card,6,332.04
8609,credit_card,12,448.31
8610,cash_on_delivery,1,63.15
8611,credit_card,12,303.76
8612,cash_on_delivery,1,138.56
8613,credit_card,6,485.6
8614,wallet,1,103.02
8615,cash_on_delivery,1,505.46
8616,wallet,1,475.33
8617,cash_on_delivery,1,692.63
8618,wallet,1,92.22
8619,cash_on_delivery,1,224.93
8620,cash_on_delivery,1,165.93
8621,wallet,1,22.32
8622,credit_card,3,323.67
8623,cash_on_delivery,1,143.21
8624,cash_on_delivery,1,92.26
8625,credit_card,1,867.42
8626,credit_card,1,35.31
8627,cash_on_delivery,1,942.67
8628,cash_on_delivery,1,17.11
8629,credit_card,3,87.37
8630,cash_on_delivery,1,19.28
8631,wallet,1,793.36
8632,credit_card,2,1069.57
8633,cash_on_delivery,1,58.64
8634,cash_on_delivery,1,409.17
8635,wallet,1,226.62
8636,credit_card,6,295.35
8637,credit_card,1,28.76
8638,credit_card,1,56.74
8639,bank_transfer,1,782.39
8640,credit_card,1,256.91
8641,bank_transfer,1,19.2
8642,credit_card,3,405.97
8643,wallet,1,8.92
8644,cash_on_delivery,1,284.89
8645,bank_transfer,1,97.53
8646,credit_card,2,40.82
8647,cash_on_delivery,1,43.38
8648,credit_card,1,130.42
8649,wallet,1,94.94
8650,credit_card,2,152.66
8651,credit_card,3,242.29
8652,cash_on_delivery,1,1195.54
8653,credit_card,1,73.64
8654,credit_card,2,410.3
8655,cash_on_delivery,1,3436.15
8656,cash_on_delivery,1,715.4
8657,bank_transfer,1,687.31
8658,bank_transfer,1,284.36
8659,cash_on_delivery,1,495.53
8660,cash_on_delivery,1,228.27
8661,credit_card,2,43.2
8662,wallet,1,33.55
8663,cash_on_delivery,1,811.56
8664,cash_on_delivery,1,284.45
8665,cash_on_delivery,1,195.89
8666,bank_transfer,1,102.47
8667,credit_card,12,487.0
8668,cash_on_delivery,1,29.68
8669,cash_on_delivery,1,843.12
8670,bank_transfer,1,234.65
8671,cash_on_delivery,1,605.86
8672,cash_on_delivery,1,121.65
8673,credit_card,2,190.2
8674,cash_on_delivery,1,158.94
8675,credit_card,6,258.81
8676,credit_card,1,689.64
8677,cash_on_delivery,1,274.66
8678,bank_transfer,1,51.59
8679,cash_on_delivery,1,154.22
8680,credit_card,2,1546.1
8681,credit_card,1,312.93
8682,wallet,1,100.94
8683,credit_card,1,19.15
8684,cash_on_delivery,1,270.43
8685,cash_on_delivery,1,376.14
8686,wallet,1,104.44
8687,cash_on_delivery,1,165.9
8688,cash_on_delivery,1,142.49
8689,credit_card,6,37.7
8690,cash_on_delivery,1,10.05
8691,wallet,1,55.5
8692,bank_transfer,1,601.03
8693,credit_card,6,1253.95
8694,bank_transfer,1,468.39
8695,credit_card,1,410.57
8696,credit_card,1,220.08
8697,cash_on_delivery,1,189.19
8698,cash_on_delivery,1,35.07
8699,cash_on_delivery,1,140.32
8700,wallet,1,33.34
8701,cash_on_delivery,1,1232.18
8702,wallet,1,99.39
8703,cash_on_delivery,1,104.92
8704,wallet,1,174.22
8705,credit_card,12,267.66
8706,credit_card,1,244.73
8707,wallet,1,715.78
8708,cash_on_delivery,1,212.4
8709,credit_card,6,234.71
8710,cash_on_delivery,1,329.54
8711,credit_card,1,601.42
8712,credit_card,1,74.99
8713,wallet,1,101.01
8714,wallet,1,82.46
8715,cash_on_delivery,1,201.36
8716,cash_on_delivery,1,293.22
8717,cash_on_delivery,1,121.35
8718,credit_card,2,300.01
8719,credit_card,1,225.44
8720,credit_card,2,46.77
8721,cash_on_delivery,1,56.22
8722,cash_on_delivery,1,767.91
8723,credit_card,3,30.2
8724,cash_on_delivery,1,395.71
8725,cash_on_delivery,1,48.01
8726,wallet,1,227.22
8727,credit_card,3,753.85
8728,wallet,1,75.36
8729,cash_on_delivery,1,312.41
8730,credit_card,3,155.98
8731,cash_on_delivery,1,436.09
8732,cash_on_delivery,1,54.47
8733,cash_on_delivery,1,341.45
8734,cash_on_delivery,1,308.21
8735,credit_card,3,42.81
8736,credit_card,2,86.33
8737,credit_card,2,199.6
8738,credit_card,1,724.97
8739,credit_card,1,34.37
8740,credit_card,1,40.23
8741,cash_on_delivery,1,80.93
8742,credit_card,1,618.78
8743,cash_on_delivery,1,77.17
8744,credit_card,1,668.68
8745,credit_card,1,239.79
8746,cash_on_delivery,1,150.62
8747,cash_on_delivery,1,219.23
8748,cash_on_delivery,1,425.85
8749,credit_card,2,170.05
8750,credit_card,1,340.29
8751,credit_card,2,60.42
8752,wallet,1,147.14
8753,cash_on_delivery,1,1352.79
8754,credit_card,12,155.38
8755,bank_transfer,1,144.77
8756,cash_on_delivery,1,87.26
8757,cash_on_delivery,1,74.27
8758,wallet,1,111.47
8759,wallet,1,717.11
8760,cash_on_delivery,1,88.86
8761,bank_transfer,1,461.07
8762,credit_card,1,13.15
8763,cash_on_delivery,1,178.23
8764,credit_card,3,1222.26
8765,credit_card,1,17.17
8766,bank_transfer,1,121.18
8767,cash_on_delivery,1,1024.67
8768,credit_card,3,552.28
8769,wallet,1,9.42
8770,credit_card,6,270.43
8771,credit_card,2,154.82
8772,credit_card,2,260.36
8773,credit_card,3,18.47
8774,cash_on_delivery,1,32.54
8775,credit_card,1,195.42
8776,credit_card,1,879.45
8777,cash_on_delivery,1,137.5
8778,bank_transfer,1,358.71
8779,cash_on_delivery,1,32.84
8780,bank_transfer,1,86.97
8781,credit_card,2,18.7
8782,cash_on_delivery,1,1203.1
8783,credit_card,2,806.97
8784,credit_card,1,447.34
8785,wallet,1,767.83
8786,bank_transfer,1,126.75
8787,cash_on_delivery,1,112.36
8788,credit_card,3,65.71
8789,credit_card,3,192.85
8790,credit_card,1,211.01
8791,credit_card,1,53.45
8792,credit_card,1,84.74
8793,credit_card,1,1123.29
8794,credit_card,2,68.54
8795,credit_card,2,620.21
8796,credit_card,12,654.73
8797,credit_card,1,104.77
8798,cash_on_delivery,1,1232.76
8799,credit_card,3,1560.34
8800,credit_card,1,152.14
8801,credit_card,1,367.39
8802,wallet,1,50.88
8803,cash_on_delivery,1,699.88
8804,credit_card,2,228.73
8805,wallet,1,176.69
8806,credit_card,12,116.81
8807,credit_card,1,32.08
8808,cash_on_delivery,1,1162.47
8809,credit_card,1,27.27
8810,cash_on_delivery,1,525.39
8811,credit_card,6,48.41
8812,credit_card,3,1395.73
8813,credit_card,1,247.96
8814,credit_card,1,159.94
8815,wallet,1,249.47
8816,credit_card,1,3.71
8817,credit_card,1,72.18
8818,credit_card,12,717.67
8819,cash_on_delivery,1,17.91
8820,cash_on_delivery,1,480.42
8821,credit_card,6,648.58
8822,credit_card,2,748.22
8823,cash_on_delivery,1,87.05
8824,credit_card,2,404.28
8825,credit_card,3,655.41
8826,bank_transfer,1,155.47
8827,wallet,1,145.41
8828,wallet,1,44.34
8829,cash_on_delivery,1,418.54
8830,credit_card,6,46.46
8831,cash_on_delivery,1,41.94
8832,cash_on_delivery,1,173.53
8833,credit_card,2,88.69
8834,credit_card,12,260.51
8835,credit_card,3,459.4
8836,cash_on_delivery,1,49.16
8837,cash_on_delivery,1,43.92
8838,wallet,1,150.27
8839,cash_on_delivery,1,27.07
8840,credit_card,1,57.25
8841,cash_on_delivery,1,1428.79
8842,credit_card,6,1291.26
8843,cash_on_delivery,1,90.94
8844,cash_on_delivery,1,87.48
8845,cash_on_delivery,1,177.03
8846,cash_on_delivery,1,254.66
8847,credit_card,2,434.76
8848,credit_card,2,80.47
8849,credit_card,2,58.1
8850,credit_card,2,227.46
8851,bank_transfer,1,99.99
8852,cash_on_delivery,1,951.63
8853,cash_on_delivery,1,105.56
8854,credit_card,3,149.28
8855,wallet,1,223.84
8856,credit_card,1,98.58
8857,credit_card,1,30.17
8858,wallet,1,151.13
8859,cash_on_delivery,1,152.9
8860,cash_on_delivery,1,134.75
8861,wallet,1,46.98
8862,cash_on_delivery,1,126.65
8863,bank_transfer,1,97.59
8864,cash_on_delivery,1,21.18
8865,credit_card,1,27.59
8866,bank_transfer,1,20.01
8867,credit_card,2,877.47
8868,cash_on_delivery,1,302.18
8869,credit_card,1,189.16
8870,cash_on_delivery,1,20.92
8871,credit_card,1,210.12
8872,cash_on_delivery,1,250.6
8873,credit_card,1,144.73
8874,cash_on_delivery,1,1084.77
8875,credit_card,1,146.37
8876,cash_on_delivery,1,237.45
8877,bank_transfer,1,299.49
8878,credit_card,2,888.57
8879,cash_on_delivery,1,144.7
8880,wallet,1,106.03
8881,credit_card,12,303.49
8882,cash_on_delivery,1,223.42
8883,cash_on_delivery,1,701.49
8884,wallet,1,221.19
8885,credit_card,1,75.38
8886,cash_on_delivery,1,21.49
8887,credit_card,1,76.34
8888,cash_on_delivery,1,172.64
8889,wallet,1,175.1
8890,cash_on_delivery,1,161.21
8891,cash_on_delivery,1,359.08
8892,cash_on_delivery,1,859.9
8893,credit_card,1,352.73
8894,credit_card,12,97.75
8895,cash_on_delivery,1,2.71
8896,credit_card,1,287.45
8897,wallet,1,337.6
8898,cash_on_delivery,1,334.2
8899,credit_card,1,13.02
8900,cash_on_delivery,1,301.3
8901,credit_card,2,19.61
8902,credit_card,2,232.73
8903,cash_on_delivery,1,101.28
8904,bank_transfer,1,302.18
8905,cash_on_delivery,1,72.1
8906,wallet,1,154.85
8907,wallet,1,1185.5
8908,credit_card,1,94.96
8909,cash_on_delivery,1,100.75
8910,credit_card,6,7.37
8911,credit_card,3,639.66
8912,credit_card,1,472.93
8913,credit_card,6,1280.75
8914,credit_card,2,910.46
8915,cash_on_delivery,1,720.16
8916,credit_card,1,941.01
8917,credit_card,1,31.78
8918,credit_card,1,44.52
8919,credit_card,1,1331.77
8920,cash_on_delivery,1,496.43
8921,cash_on_delivery,1,81.59
8922,cash_on_delivery,1,206.21
8923,wallet,1,178.2
8924,credit_card,2,221.95
8925,cash_on_delivery,1,194.12
8926,credit_card,3,140.13
8927,credit_card,1,1394.65
8928,bank_transfer,1,17.93
8929,credit_card,3,344.48
8930,credit_card,1,189.51
8931,wallet,1,1237.15
8932,credit_card,1,670.02
8933,credit_card,2,609.37
8934,credit_card,2,531.34
8935,cash_on_delivery,1,507.76
8936,credit_card,1,278.29
8937,cash_on_delivery,1,256.47
8938,credit_card,1,400.98
8939,wallet,1,733.02
8940,wallet,1,17.02
8941,cash_on_delivery,1,2487.23
8942,credit_card,1,1430.33
8943,cash_on_delivery,1,966.96
8944,credit_card,1,834.45
8945,credit_card,12,151.64
8946,cash_on_delivery,1,256.49
8947,cash_on_delivery,1,409.61
8948,wallet,1,128.44
8949,bank_transfer,1,84.32
8950,wallet,1,12.45
8951,credit_card,1,18.49
8952,wallet,1,498.07
8953,credit_card,2,372.21
8954,wallet,1,180.17
8955,credit_card,6,170.58
8956,credit_card,2,223.76
8957,cash_on_delivery,1,301.65
8958,credit_card,1,99.82
8959,wallet,1,134.13
8960,bank_transfer,1,155.9
8961,cash_on_delivery,1,124.83
8962,credit_card,3,193.82
8963,credit_card,1,56.38
8964,credit_card,12,738.63
8965,cash_on_delivery,1,2497.73
8966,wallet,1,25.07
8967,credit_card,2,369.12
8968,wallet,1,450.28
8969,cash_on_delivery,1,128.16
8970,credit_card,12,175.2
8971,credit_card,12,96.1
8972,wallet,1,914.44
8973,cash_on_delivery,1,197.2
8974,cash_on_delivery,1,21.63
8975,credit_card,2,336.14
8976,credit_card,1,282.79
8977,credit_card,3,605.89
8978,wallet,1,341.24
8979,credit_card,3,233.25
8980,bank_transfer,1,18.51
8981,credit_card,3,857.51
8982,wallet,1,363.05
8983,cash_on_delivery,1,196.69
8984,credit_card,2,680.87
8985,wallet,1,11.48
8986,credit_card,3,58.51
8987,cash_on_delivery,1,60.41
8988,credit_card,3,642.65
8989,wallet,1,44.8
8990,credit_card,1,182.3
8991,cash_on_delivery,1,616.11
8992,cash_on_delivery,1,56.96
8993,cash_on_delivery,1,682.19
8994,cash_on_delivery,1,148.81
8995,credit_card,1,79.49
8996,credit_card,1,189.88
8997,wallet,1,88.37
8998,credit_card,3,122.5
8999,cash_on_delivery,1,523.26
9000,bank_transfer,1,186.56
9001,credit_card,1,392.35
9002,wallet,1,250.83
9003,cash_on_delivery,1,929.66
9004,credit_card,3,122.15
9005,credit_card,2,28.99
9006,cash_on_delivery,1,146.34
9007,credit_card,1,157.44
9008,credit_card,1,132.91
9009,credit_card,3,209.18
9010,credit_card,3,19.96
9011,cash_on_delivery,1,162.92
9012,bank_transfer,1,136.4
9013,cash_on_delivery,1,591.61
9014,credit_card,12,525.32
9015,cash_on_delivery,1,171.44
9016,cash_on_delivery,1,169.28
9017,cash_on_delivery,1,250.44
9018,credit_card,2,60.54
9019,cash_on_delivery,1,62.18
9020,cash_on_delivery,1,467.91
9021,cash_on_delivery,1,35.39
9022,cash_on_delivery,1,89.95
9023,cash_on_delivery,1,876.0
9024,cash_on_delivery,1,730.75
9025,credit_card,3,564.24
9026,credit_card,6,243.73
9027,wallet,1,553.59
9028,cash_on_delivery,1,21.18
9029,wallet,1,99.12
9030,cash_on_delivery,1,407.36
9031,credit_card,2,133.21
9032,wallet,1,101.58
9033,wallet,1,757.05
9034,wallet,1,1962.64
9035,credit_card,1,320.94
9036,cash_on_delivery,1,116.35
9037,cash_on_delivery,1,957.48
9038,credit_card,2,109.17
9039,cash_on_delivery,1,599.61
9040,credit_card,1,218.83
9041,bank_transfer,1,256.79
9042,cash_on_delivery,1,291.23
9043,credit_card,2,236.42
9044,wallet,1,164.63
9045,cash_on_delivery,1,690.98
9046,credit_card,1,337.88
9047,cash_on_delivery,1,310.78
9048,cash_on_delivery,1,213.32
9049,wallet,1,499.93
9050,cash_on_delivery,1,38.99
9051,wallet,1,121.88
9052,credit_card,1,46.4
9053,credit_card,1,545.1
9054,credit_card,3,78.3
9055,cash_on_delivery,1,61.75
9056,credit_card,1,64.34
9057,cash_on_delivery,1,553.46
9058,credit_card,3,469.64
9059,bank_transfer,1,107.18
9060,cash_on_delivery,1,152.27
9061,cash_on_delivery,1,947.6
9062,cash_on_delivery,1,412.22
9063,cash_on_delivery,1,456.34
9064,credit_card,6,57.97
9065,credit_card,2,855.75
9066,bank_transfer,1,321.27
9067,credit_card,3,363.98
9068,cash_on_delivery,1,60.3
9069,wallet,1,1356.01
9070,credit_card,1,183.09
9071,credit_card,2,295.26
9072,cash_on_delivery,1,1208.7
9073,cash_on_delivery,1,834.74
9074,cash_on_delivery,1,611.91
9075,credit_card,1,98.97
9076,wallet,1,11.44
9077,credit_card,1,373.39
9078,cash_on_delivery,1,836.61
9079,cash_on_delivery,1,142.32
9080,wallet,1,358.2
9081,credit_card,2,19.5
9082,cash_on_delivery,1,1514.5
9083,wallet,1,120.56
9084,cash_on_delivery,1,890.33
9085,bank_transfer,1,87.18
9086,wallet,1,98.22
9087,cash_on_delivery,1,928.79
9088,bank_transfer,1,233.32
9089,cash_on_delivery,1,250.42
9090,bank_transfer,1,55.35
9091,wallet,1,28.37
9092,credit_card,2,81.94
9093,credit_card,2,466.59
9094,cash_on_delivery,1,110.17
9095,wallet,1,51.95
9096,cash_on_delivery,1,15.8
9097,credit_card,1,42.7
9098,credit_card,2,203.86
9099,credit_card,1,1960.93
9100,credit_card,3,103.61
9101,credit_card,2,195.27
9102,credit_card,3,254.34
9103,credit_card,1,122.52
9104,credit_card,1,81.64
9105,bank_transfer,1,112.51
9106,bank_transfer,1,31.87
9107,cash_on_delivery,1,91.18
9108,credit_card,1,149.87
9109,wallet,1,457.78
9110,credit_card,3,320.72
9111,cash_on_delivery,1,21.11
9112,cash_on_delivery,1,123.57
9113,cash_on_delivery,1,214.62
9114,cash_on_delivery,1,94.93
9115,cash_on_delivery,1,216.13
9116,cash_on_delivery,1,37.96
9117,credit_card,12,665.15
9118,credit_card,1,295.46
9119,credit_card,1,324.2
9120,credit_card,1,1112.57
9121,cash_on_delivery,1,121.04
9122,bank_transfer,1,177.22
9123,wallet,1,38.77
9124,credit_card,3,58.47
9125,cash_on_delivery,1,607.9
9126,cash_on_delivery,1,29.79
9127,credit_card,1,691.88
9128,cash_on_delivery,1,350.05
9129,cash_on_delivery,1,43.8
9130,bank_transfer,1,498.98
9131,wallet,1,212.13
9132,credit_card,3,124.26
9133,wallet,1,195.13
9134,wallet,1,30.38
9135,credit_card,1,1060.48
9136,credit_card,1,191.35
9137,credit_card,1,302.83
9138,credit_card,6,61.89
9139,cash_on_delivery,1,185.19
9140,cash_on_delivery,1,33.93
9141,cash_on_delivery,1,19.1
9142,credit_card,1,260.2
9143,wallet,1,668.0
9144,credit_card,1,114.81
9145,cash_on_delivery,1,86.73
9146,wallet,1,239.13
9147,bank_transfer,1,1706.58
9148,cash_on_delivery,1,148.19
9149,credit_card,12,751.01
9150,credit_card,1,1113.82
9151,bank_transfer,1,90.14
9152,credit_card,2,117.98
9153,wallet,1,221.45
9154,credit_card,6,12.68
9155,credit_card,6,100.55
9156,credit_card,6,331.04
9157,cash_on_delivery,1,310.63
9158,cash_on_delivery,1,174.05
9159,credit_card,3,1955.17
9160,credit_card,12,561.64
9161,bank_transfer,1,542.9
9162,wallet,1,305.05
9163,cash_on_delivery,1,112.95
9164,credit_card,1,220.43
9165,cash_on_delivery,1,74.57
9166,wallet,1,215.8
9167,credit_card,2,399.04
9168,cash_on_delivery,1,261.26
9169,cash_on_delivery,1,65.72
9170,cash_on_delivery,1,15.24
9171,credit_card,6,844.27
9172,cash_on_delivery,1,117.96
9173,wallet,1,223.17
9174,cash_on_delivery,1,422.87
9175,cash_on_delivery,1,291.97
9176,credit_card,6,166.94
9177,bank_transfer,1,17.26
9178,credit_card,2,347.03
9179,cash_on_delivery,1,71.83
9180,credit_card,1,758.73
9181,credit_card,1,762.54
9182,cash_on_delivery,1,740.17
9183,cash_on_delivery,1,120.17
9184,credit_card,1,34.33
9185,wallet,1,39.25
9186,credit_card,1,461.88
9187,cash_on_delivery,1,692.92
9188,credit_card,3,747.77
9189,credit_card,1,86.28
9190,wallet,1,481.2
9191,credit_card,1,231.97
9192,credit_card,1,56.75
9193,cash_on_delivery,1,283.94
9194,wallet,1,14.35
9195,cash_on_delivery,1,319.76
9196,credit_card,6,633.19
9197,credit_card,1,661.14
9198,credit_card,6,184.59
9199,credit_card,1,342.76
9200,cash_on_delivery,1,260.18
9201,bank_transfer,1,119.32
9202,credit_card,2,949.97
9203,cash_on_delivery,1,49.12
9204,wallet,1,372.64
9205,cash_on_delivery,1,744.04
9206,cash_on_delivery,1,726.59
9207,credit_card,6,64.3
9208,bank_transfer,1,909.1
9209,credit_card,1,61.05
9210,cash_on_delivery,1,444.41
9211,cash_on_delivery,1,161.15
9212,credit_card,2,625.22
9213,cash_on_delivery,1,200.22
9214,cash_on_delivery,1,138.67
9215,cash_on_delivery,1,805.56
9216,credit_card,1,736.33
9217,credit_card,3,291.48
9218,cash_on_delivery,1,125.03
9219,bank_transfer,1,152.0
9220,cash_on_delivery,1,6.44
9221,cash_on_delivery,1,244.43
9222,wallet,1,24.7
9223,cash_on_delivery,1,1451.26
9224,cash_on_delivery,1,892.78
9225,bank_transfer,1,123.08
9226,wallet,1,282.39
9227,cash_on_delivery,1,445.78
9228,credit_card,6,243.07
9229,cash_on_delivery,1,61.05
9230,wallet,1,337.91
9231,credit_card,6,458.67
9232,credit_card,2,80.58
9233,credit_card,12,345.26
9234,credit_card,1,74.09
9235,credit_card,2,58.28
9236,cash_on_delivery,1,36.24
9237,cash_on_delivery,1,28.7
9238,cash_on_delivery,1,957.43
9239,cash_on_delivery,1,509.38
9240,credit_card,6,121.6
9241,credit_card,1,151.45
9242,wallet,1,158.09
9243,wallet,1,173.95
9244,credit_card,1,658.66
9245,credit_card,2,26.44
9246,wallet,1,102.45
9247,credit_card,1,15.86
9248,cash_on_delivery,1,519.54
9249,credit_card,1,151.92
9250,credit_card,2,976.29
9251,credit_card,2,434.06
9252,wallet,1,113.33
9253,credit_card,1,41.67
9254,cash_on_delivery,1,58.98
9255,cash_on_delivery,1,360.74
9256,wallet,1,85.98
9257,credit_card,6,240.65
9258,credit_card,1,461.62
9259,cash_on_delivery,1,66.93
9260,credit_card,2,263.52
9261,cash_on_delivery,1,212.76
9262,credit_card,1,342.46
9263,credit_card,1,93.35
9264,wallet,1,1095.56
9265,wallet,1,31.56
9266,credit_card,1,216.56
9267,wallet,1,320.78
9268,credit_card,3,302.08
9269,wallet,1,18.49
9270,credit_card,1,96.82
9271,cash_on_delivery,1,80.8
9272,credit_card,3,147.97
9273,cash_on_delivery,1,557.23
9274,credit_card,2,44.48
9275,wallet,1,48.61
9276,credit_card,3,312.19
9277,credit_card,3,254.3
9278,bank_transfer,1,55.52
9279,cash_on_delivery,1,545.36
9280,cash_on_delivery,1,871.18
9281,credit_card,2,718.9
9282,credit_card,1,940.32
9283,credit_card,1,80.15
9284,cash_on_delivery,1,662.76
9285,credit_card,3,117.72
9286,credit_card,3,187.38
9287,credit_card,1,2.76
9288,credit_card,12,33.87
9289,credit_card,2,158.77
9290,cash_on_delivery,1,1645.73
9291,cash_on_delivery,1,238.75
9292,bank_transfer,1,86.26
9293,credit_card,1,57.59
9294,cash_on_delivery,1,863.44
9295,wallet,1,925.9
9296,bank_transfer,1,306.58
9297,cash_on_delivery,1,860.03
9298,cash_on_delivery,1,1320.54
9299,bank_transfer,1,133.88
9300,credit_card,1,96.0
9301,credit_card,12,45.13
9302,cash_on_delivery,1,94.29
9303,cash_on_delivery,1,1992.09
9304,bank_transfer,1,1803.91
9305,credit_card,12,98.64
9306,credit_card,2,15.76
9307,wallet,1,355.47
9308,cash_on_delivery,1,167.14
9309,credit_card,12,355.22
9310,wallet,1,142.46
9311,cash_on_delivery,1,1213.93
9312,credit_card,3,166.16
9313,credit_card,3,253.22
9314,cash_on_delivery,1,966.27
9315,credit_card,1,147.5
9316,credit_card,1,29.1
9317,wallet,1,343.22
9318,cash_on_delivery,1,38.73
9319,credit_card,1,1217.53
9320,credit_card,1,316.15
9321,cash_on_delivery,1,146.75
9322,cash_on_delivery,1,31.44
9323,wallet,1,116.81
9324,credit_card,12,11.15
9325,credit_card,1,2.89
9326,wallet,1,41.35
9327,credit_card,1,298.88
9328,wallet,1,145.69
9329,credit_card,3,163.98
9330,cash_on_delivery,1,32.28
9331,cash_on_delivery,1,663.98
9332,credit_card,1,685.49
9333,cash_on_delivery,1,76.48
9334,credit_card,2,107.54
9335,cash_on_delivery,1,176.01
9336,wallet,1,227.98
9337,credit_card,6,129.64
9338,wallet,1,18.88
9339,cash_on_delivery,1,171.17
9340,credit_card,1,100.88
9341,credit_card,6,663.32
9342,cash_on_delivery,1,163.16
9343,credit_card,1,47.0
9344,wallet,1,201.81
9345,credit_card,2,691.88
9346,cash_on_delivery,1,1031.29
9347,cash_on_delivery,1,20.56
9348,cash_on_delivery,1,133.23
9349,cash_on_delivery,1,62.71
9350,cash_on_delivery,1,104.7
9351,wallet,1,6.43
9352,credit_card,1,109.37
9353,bank_transfer,1,73.56
9354,credit_card,1,311.8
9355,credit_card,1,490.14
9356,credit_card,1,488.96
9357,cash_on_delivery,1,42.49
9358,cash_on_delivery,1,97.36
9359,credit_card,3,185.69
9360,credit_card,3,39.67
9361,credit_card,12,1799.14
9362,credit_card,1,6.39
9363,bank_transfer,1,40.93
9364,wallet,1,511.23
9365,credit_card,6,288.14
9366,cash_on_delivery,1,204.63
9367,credit_card,1,80.59
9368,cash_on_delivery,1,110.8
9369,credit_card,2,292.39
9370,wallet,1,355.08
9371,cash_on_delivery,1,232.45
9372,credit_card,1,26.62
9373,credit_card,6,174.05
9374,credit_card,6,68.73
9375,cash_on_delivery,1,519.17
9376,cash_on_delivery,1,1904.33
9377,cash_on_delivery,1,642.13
9378,credit_card,1,123.99
9379,cash_on_delivery,1,280.47
9380,credit_card,2,184.6
9381,credit_card,3,754.39
9382,credit_card,1,49.56
9383,credit_card,2,135.47
9384,bank_transfer,1,219.62
9385,wallet,1,49.65
9386,cash_on_delivery,1,15.64
9387,credit_card,6,166.78
9388,cash_on_delivery,1,255.8
9389,cash_on_delivery,1,701.65
9390,wallet,1,355.16
9391,credit_card,6,161.24
9392,cash_on_delivery,1,84.12
9393,cash_on_delivery,1,36.14
9394,wallet,1,49.9
9395,wallet,1,66.81
9396,cash_on_delivery,1,44.48
9397,credit_card,2,105.55
9398,credit_card,2,289.3
9399,cash_on_delivery,1,27.03
9400,cash_on_delivery,1,344.69
9401,credit_card,2,472.03
9402,cash_on_delivery,1,786.57
9403,credit_card,2,151.43
9404,cash_on_delivery,1,1147.61
9405,credit_card,1,71.2
9406,bank_transfer,1,73.08
9407,bank_transfer,1,123.3
9408,credit_card,1,723.04
9409,credit_card,1,16.68
9410,credit_card,2,47.73
9411,cash_on_delivery,1,1998.96
9412,cash_on_delivery,1,265.02
9413,credit_card,3,186.37
9414,credit_card,12,542.59
9415,credit_card,3,21.17
9416,cash_on_delivery,1,197.28
9417,credit_card,1,104.95
9418,credit_card,1,49.43
9419,credit_card,3,246.37
9420,cash_on_delivery,1,139.94
9421,cash_on_delivery,1,235.68
9422,cash_on_delivery,1,43.05
9423,credit_card,1,243.31
9424,credit_card,1,179.07
9425,cash_on_delivery,1,85.98
9426,cash_on_delivery,1,78.4
9427,wallet,1,816.27
9428,credit_card,6,16.79
9429,credit_card,1,2819.46
9430,cash_on_delivery,1,33.89
9431,credit_card,1,114.71
9432,credit_card,1,43.62
9433,wallet,1,191.55
9434,credit_card,1,82.82
9435,credit_card,1,264.3
9436,cash_on_delivery,1,267.54
9437,cash_on_delivery,1,219.9
9438,credit_card,3,11.26
9439,credit_card,1,238.51
9440,credit_card,6,39.61
9441,cash_on_delivery,1,1426.13
9442,bank_transfer,1,28.34
9443,cash_on_delivery,1,73.46
9444,credit_card,1,372.19
9445,bank_transfer,1,43.54
9446,credit_card,2,980.11
9447,credit_card,2,92.67
9448,bank_transfer,1,25.08
9449,credit_card,3,121.58
9450,credit_card,1,317.35
9451,wallet,1,416.63
9452,wallet,1,16.66
9453,credit_card,2,88.61
9454,cash_on_delivery,1,64.84
9455,cash_on_delivery,1,334.01
9456,credit_card,1,190.57
9457,cash_on_delivery,1,34.81
9458,bank_transfer,1,1182.81
9459,credit_card,2,146.16
9460,cash_on_delivery,1,34.38
9461,cash_on_delivery,1,327.86
9462,wallet,1,48.25
9463,credit_card,1,359.48
9464,wallet,1,187.0
9465,cash_on_delivery,1,33.39
9466,cash_on_delivery,1,132.12
9467,wallet,1,70.24
9468,cash_on_delivery,1,20.85
9469,cash_on_delivery,1,166.44
9470,cash_on_delivery,1,173.25
9471,credit_card,1,1169.5
9472,cash_on_delivery,1,944.93
9473,wallet,1,358.59
9474,credit_card,1,433.2
9475,credit_card,3,127.91
9476,cash_on_delivery,1,56.24
9477,cash_on_delivery,1,358.62
9478,cash_on_delivery,1,94.72
9479,credit_card,2,124.4
9480,credit_card,6,302.29
9481,cash_on_delivery,1,17.63
9482,credit_card,2,280.02
9483,cash_on_delivery,1,338.18
9484,cash_on_delivery,1,219.57
9485,cash_on_delivery,1,12.54
9486,credit_card,1,272.63
9487,credit_card,6,320.42
9488,credit_card,2,3602.5
9489,bank_transfer,1,66.61
9490,bank_transfer,1,111.27
9491,credit_card,3,1606.02
9492,credit_card,6,250.83
9493,cash_on_delivery,1,711.03
9494,credit_card,12,49.69
9495,wallet,1,549.1
9496,cash_on_delivery,1,31.36
9497,cash_on_delivery,1,265.65
9498,credit_card,12,744.43
9499,credit_card,1,463.24
9500,credit_card,2,6.54
9501,cash_on_delivery,1,428.49
9502,cash_on_delivery,1,451.28
9503,credit_card,1,1621.47
9504,credit_card,6,266.45
9505,credit_card,6,108.72
9506,bank_transfer,1,902.03
9507,bank_transfer,1,55.18
9508,wallet,1,525.95
9509,credit_card,1,504.27
9510,cash_on_delivery,1,465.86
9511,wallet,1,180.97
9512,credit_card,6,133.07
9513,cash_on_delivery,1,415.92
9514,bank_transfer,1,297.71
9515,cash_on_delivery,1,124.61
9516,bank_transfer,1,3255.38
9517,credit_card,1,2744.95
9518,cash_on_delivery,1,305.67
9519,credit_card,1,126.36
9520,cash_on_delivery,1,238.9
9521,credit_card,3,163.62
9522,credit_card,3,63.53
9523,wallet,1,30.73
9524,credit_card,6,19.87
9525,cash_on_delivery,1,244.47
9526,credit_card,6,1067.68
9527,cash_on_delivery,1,483.27
9528,credit_card,1,287.37
9529,wallet,1,888.82
9530,cash_on_delivery,1,60.02
9531,cash_on_delivery,1,42.13
9532,credit_card,1,374.99
9533,credit_card,6,161.36
9534,wallet,1,265.62
9535,wallet,1,357.52
9536,credit_card,3,2079.82
9537,credit_card,1,515.78
9538,wallet,1,633.35
9539,credit_card,3,103.44
9540,cash_on_delivery,1,506.72
9541,credit_card,1,218.36
9542,cash_on_delivery,1,169.74
9543,cash_on_delivery,1,1281.02
9544,wallet,1,170.83
9545,cash_on_delivery,1,257.77
9546,credit_card,3,1673.47
9547,credit_card,3,1310.04
9548,credit_card,1,56.02
9549,credit_card,1,29.7
9550,wallet,1,28.2
9551,cash_on_delivery,1,348.43
9552,credit_card,3,55.58
9553,credit_card,1,672.07
9554,credit_card,2,940.03
9555,credit_card,12,414.09
9556,credit_card,6,611.1
9557,wallet,1,307.62
9558,credit_card,12,737.71
9559,cash_on_delivery,1,108.06
9560,credit_card,6,917.75
9561,credit_card,1,177.14
9562,bank_transfer,1,56.57
9563,credit_card,2,185.68
9564,cash_on_delivery,1,71.1
9565,credit_card,1,955.23
9566,credit_card,1,90.2
9567,credit_card,12,175.93
9568,cash_on_delivery,1,66.96
9569,cash_on_delivery,1,862.95
9570,wallet,1,62.23
9571,cash_on_delivery,1,6.54
9572,cash_on_delivery,1,207.25
9573,credit_card,1,100.49
9574,credit_card,2,40.24
9575,cash_on_delivery,1,152.25
9576,bank_transfer,1,807.45
9577,cash_on_delivery,1,103.24
9578,wallet,1,406.52
9579,bank_transfer,1,132.08
9580,cash_on_delivery,1,118.05
9581,cash_on_delivery,1,833.14
9582,credit_card,2,50.17
9583,wallet,1,42.16
9584,credit_card,1,24.79
9585,cash_on_delivery,1,274.03
9586,credit_card,1,377.04
9587,credit_card,1,56.49
9588,cash_on_delivery,1,712.64
9589,cash_on_delivery,1,1060.44
9590,wallet,1,178.74
9591,cash_on_delivery,1,1031.95
9592,credit_card,6,728.37
9593,wallet,1,297.76
9594,wallet,1,267.72
9595,cash_on_delivery,1,19.66
9596,credit_card,12,731.42
9597,credit_card,3,49.12
9598,cash_on_delivery,1,1187.25
9599,credit_card,1,323.56
9600,cash_on_delivery,1,57.33
9601,credit_card,2,17.7
9602,cash_on_delivery,1,82.41
9603,bank_transfer,1,277.23
9604,cash_on_delivery,1,192.64
9605,wallet,1,89.81
9606,credit_card,1,62.41
9607,wallet,1,364.53
9608,cash_on_delivery,1,249.11
9609,cash_on_delivery,1,299.07
9610,wallet,1,138.27
9611,credit_card,6,43.02
9612,credit_card,3,117.07
9613,credit_card,1,528.38
9614,credit_card,1,1139.12
9615,credit_card,2,2.89
9616,credit_card,2,152.43
9617,cash_on_delivery,1,37.21
9618,credit_card,6,639.97
9619,cash_on_delivery,1,220.05
9620,credit_card,1,920.94
9621,credit_card,1,167.09
9622,cash_on_delivery,1,236.86
9623,credit_card,1,145.72
9624,cash_on_delivery,1,158.32
9625,wallet,1,340.08
9626,credit_card,1,121.4
9627,credit_card,2,222.4
9628,credit_card,1,178.82
9629,cash_on_delivery,1,123.04
9630,credit_card,3,92.29
9631,credit_card,3,79.76
9632,bank_transfer,1,107.87
9633,credit_card,3,675.89
9634,cash_on_delivery,1,189.76
9635,cash_on_delivery,1,92.25
9636,credit_card,1,114.19
9637,credit_card,6,151.35
9638,cash_on_delivery,1,269.07
9639,credit_card,1,372.22
9640,cash_on_delivery,1,287.8
9641,credit_card,1,58.8
9642,bank_transfer,1,31.37
9643,cash_on_delivery,1,203.81
9644,credit_card,1,46.8
9645,cash_on_delivery,1,148.37
9646,credit_card,1,50.54
9647,credit_card,2,43.65
9648,credit_card,1,38.83
9649,cash_on_delivery,1,43.63
9650,credit_card,6,441.3
9651,wallet,1,928.85
9652,credit_card,1,31.94
9653,cash_on_delivery,1,123.8
9654,wallet,1,620.82
9655,wallet,1,592.24
9656,credit_card,12,437.73
9657,cash_on_delivery,1,166.55
9658,bank_transfer,1,248.85
9659,credit_card,3,255.07
9660,credit_card,1,792.86
9661,cash_on_delivery,1,220.0
9662,cash_on_delivery,1,743.0
9663,credit_card,12,551.59
9664,wallet,1,28.91
9665,credit_card,2,1412.39
9666,credit_card,2,57.51
9667,wallet,1,352.63
9668,cash_on_delivery,1,89.56
9669,credit_card,1,199.7
9670,credit_card,1,726.3
9671,credit_card,6,72.48
9672,credit_card,1,122.72
9673,credit_card,3,124.59
9674,credit_card,6,318.76
9675,credit_card,3,151.85
9676,cash_on_delivery,1,322.3
9677,credit_card,2,90.77
9678,credit_card,2,528.23
9679,cash_on_delivery,1,100.83
9680,cash_on_delivery,1,325.48
9681,credit_card,2,21.39
9682,credit_card,3,16.09
9683,credit_card,1,263.19
9684,bank_transfer,1,68.99
9685,credit_card,6,113.53
9686,cash_on_delivery,1,186.59
9687,cash_on_delivery,1,131.31
9688,credit_card,2,250.25
9689,credit_card,1,73.7
9690,credit_card,2,417.08
9691,credit_card,1,55.5
9692,credit_card,3,162.43
9693,credit_card,1,10.9
9694,credit_card,12,697.61
9695,credit_card,1,58.93
9696,cash_on_delivery,1,10.73
9697,wallet,1,100.49
9698,credit_card,12,119.54
9699,cash_on_delivery,1,321.5
9700,credit_card,1,291.44
9701,wallet,1,144.75
9702,credit_card,2,81.15
9703,credit_card,1,788.51
9704,credit_card,3,192.93
9705,cash_on_delivery,1,89.19
9706,wallet,1,240.75
9707,credit_card,2,57.59
9708,cash_on_delivery,1,1012.88
9709,wallet,1,19.76
9710,cash_on_delivery,1,794.43
9711,cash_on_delivery,1,651.69
9712,credit_card,3,21.7
9713,cash_on_delivery,1,34.15
9714,wallet,1,57.84
9715,credit_card,1,588.49
9716,cash_on_delivery,1,639.17
9717,credit_card,12,196.08
9718,credit_card,1,268.79
9719,wallet,1,324.54
9720,cash_on_delivery,1,77.69
9721,credit_card,1,56.4
9722,credit_card,12,360.9
9723,wallet,1,458.32
9724,credit_card,1,284.99
9725,credit_card,2,193.67
9726,cash_on_delivery,1,362.74
9727,bank_transfer,1,143.15
9728,credit_card,3,95.03
9729,cash_on_delivery,1,7.23
9730,credit_card,6,112.92
9731,credit_card,6,287.94
9732,cash_on_delivery,1,178.71
9733,cash_on_delivery,1,485.82
9734,wallet,1,583.01
9735,credit_card,2,615.24
9736,credit_card,1,33.03
9737,credit_card,6,75.46
9738,wallet,1,280.18
9739,bank_transfer,1,55.47
9740,credit_card,3,287.89
9741,wallet,1,255.57
9742,credit_card,6,256.38
9743,cash_on_delivery,1,566.18
9744,cash_on_delivery,1,41.12
9745,bank_transfer,1,782.1
9746,cash_on_delivery,1,244.72
9747,cash_on_delivery,1,248.05
9748,credit_card,12,17.01
9749,credit_card,6,101.72
9750,wallet,1,258.03
9751,wallet,1,200.52
9752,wallet,1,71.98
9753,bank_transfer,1,250.99
9754,credit_card,2,151.97
9755,credit_card,1,200.93
9756,credit_card,2,93.58
9757,cash_on_delivery,1,43.03
9758,cash_on_delivery,1,27.44
9759,credit_card,2,59.86
9760,credit_card,2,16.79
9761,credit_card,12,165.37
9762,cash_on_delivery,1,183.43
9763,bank_transfer,1,942.87
9764,credit_card,1,245.91
9765,bank_transfer,1,188.45
9766,bank_transfer,1,425.41
9767,credit_card,1,3.86
9768,credit_card,1,683.45
9769,credit_card,2,260.13
9770,credit_card,1,77.38
9771,credit_card,1,33.22
9772,credit_card,2,1139.73
9773,credit_card,1,786.65
9774,credit_card,2,85.17
9775,cash_on_delivery,1,145.37
9776,credit_card,1,410.93
9777,credit_card,2,53.84
9778,credit_card,3,162.54
9779,cash_on_delivery,1,205.73
9780,credit_card,2,438.41
9781,credit_card,2,3.88
9782,credit_card,12,654.1
9783,credit_card,3,295.87
9784,cash_on_delivery,1,973.43
9785,bank_transfer,1,860.17
9786,cash_on_delivery,1,525.32
9787,credit_card,1,580.31
9788,bank_transfer,1,26.9
9789,credit_card,1,815.8
9790,credit_card,3,528.7
9791,credit_card,2,413.86
9792,cash_on_delivery,1,234.12
9793,cash_on_delivery,1,924.96
9794,cash_on_delivery,1,266.64
9795,cash_on_delivery,1,86.43
9796,cash_on_delivery,1,102.52
9797,credit_card,12,392.69
9798,bank_transfer,1,61.91
9799,cash_on_delivery,1,842.4
9800,bank_transfer,1,260.56
9801,credit_card,2,1202.53
9802,credit_card,2,94.21
9803,wallet,1,53.88
9804,credit_card,1,126.14
9805,cash_on_delivery,1,51.45
9806,cash_on_delivery,1,198.62
9807,wallet,1,125.49
9808,credit_card,3,424.51
9809,credit_card,1,731.02
9810,cash_on_delivery,1,99.67
9811,cash_on_delivery,1,308.25
9812,wallet,1,360.12
9813,credit_card,3,1171.44
9814,credit_card,1,29.63
9815,cash_on_delivery,1,14.97
9816,cash_on_delivery,1,209.37
9817,credit_card,6,197.16
9818,credit_card,3,743.87
9819,cash_on_delivery,1,104.58
9820,wallet,1,181.51
9821,cash_on_delivery,1,130.99
9822,cash_on_delivery,1,15.75
9823,credit_card,2,33.94
9824,credit_card,1,6.32
9825,credit_card,1,59.7
9826,credit_card,12,17.34
9827,credit_card,6,764.33
9828,wallet,1,124.91
9829,cash_on_delivery,1,142.61
9830,cash_on_delivery,1,82.63
9831,credit_card,6,102.13
9832,wallet,1,150.3
9833,credit_card,6,223.34
9834,wallet,1,76.48
9835,bank_transfer,1,88.92
9836,cash_on_delivery,1,208.17
9837,credit_card,2,682.41
9838,cash_on_delivery,1,282.25
9839,cash_on_delivery,1,187.57
9840,wallet,1,507.9
9841,credit_card,1,19.85
9842,credit_card,3,60.96
9843,cash_on_delivery,1,6.11
9844,credit_card,1,293.76
9845,cash_on_delivery,1,191.36
9846,wallet,1,49.22
9847,credit_card,1,48.79
9848,credit_card,2,1310.41
9849,credit_card,1,239.54
9850,credit_card,3,54.61
9851,credit_card,1,89.24
9852,cash_on_delivery,1,85.22
9853,credit_card,12,24.45
9854,credit_card,1,59.26
9855,credit_card,1,105.4
9856,credit_card,1,84.13
9857,credit_card,1,766.37
9858,cash_on_delivery,1,143.73
9859,credit_card,1,446.08
9860,cash_on_delivery,1,1295.76
9861,credit_card,1,355.18
9862,credit_card,1,801.38
9863,wallet,1,70.68
9864,cash_on_delivery,1,88.78
9865,credit_card,3,149.63
9866,cash_on_delivery,1,41.31
9867,credit_card,1,715.0
9868,wallet,1,146.07
9869,cash_on_delivery,1,84.74
9870,credit_card,1,31.55
9871,cash_on_delivery,1,148.81
9872,cash_on_delivery,1,129.2
9873,credit_card,1,481.77
9874,credit_card,1,43.38
9875,credit_card,3,266.2
9876,wallet,1,262.81
9877,cash_on_delivery,1,570.15
9878,credit_card,2,166.69
9879,credit_card,1,63.13
9880,cash_on_delivery,1,407.92
9881,cash_on_delivery,1,480.65
9882,cash_on_delivery,1,36.67
9883,cash_on_delivery,1,565.55
9884,cash_on_delivery,1,94.93
9885,credit_card,6,58.5
9886,cash_on_delivery,1,179.96
9887,credit_card,2,1096.62
9888,credit_card,1,603.74
9889,cash_on_delivery,1,70.12
9890,credit_card,1,248.71
9891,cash_on_delivery,1,42.04
9892,cash_on_delivery,1,107.7
9893,wallet,1,243.41
9894,cash_on_delivery,1,42.21
9895,credit_card,1,261.52
9896,credit_card,1,196.43
9897,bank_transfer,1,228.65
9898,cash_on_delivery,1,72.98
9899,wallet,1,180.74
9900,bank_transfer,1,20.61
9901,bank_transfer,1,19.68
9902,cash_on_delivery,1,54.66
9903,wallet,1,78.63
9904,credit_card,12,19.59
9905,cash_on_delivery,1,162.51
9906,credit_card,12,771.92
9907,cash_on_delivery,1,570.34
9908,credit_card,1,144.38
9909,cash_on_delivery,1,34.66
9910,cash_on_delivery,1,179.52
9911,wallet,1,223.17
9912,credit_card,3,36.2
9913,cash_on_delivery,1,946.15
9914,cash_on_delivery,1,835.45
9915,credit_card,1,462.85
9916,credit_card,1,105.8
9917,credit_card,12,280.41
9918,credit_card,2,194.32
9919,credit_card,12,28.46
9920,cash_on_delivery,1,889.17
9921,bank_transfer,1,54.96
9922,cash_on_delivery,1,305.58
9923,credit_card,1,1102.01
9924,wallet,1,38.15
9925,cash_on_delivery,1,237.5
9926,cash_on_delivery,1,48.84
9927,credit_card,6,35.55
9928,credit_card,6,689.93
9929,bank_transfer,1,150.99
9930,cash_on_delivery,1,651.04
9931,credit_card,6,149.92
9932,credit_card,12,353.42
9933,credit_card,3,129.97
9934,cash_on_delivery,1,315.7
9935,credit_card,1,50.2
9936,credit_card,12,910.32
9937,credit_card,2,495.26
9938,wallet,1,43.46
9939,credit_card,6,38.34
9940,cash_on_delivery,1,1159.55
9941,wallet,1,505.48
9942,credit_card,1,613.27
9943,wallet,1,90.36
9944,cash_on_delivery,1,222.12
9945,credit_card,6,137.39
9946,credit_card,1,101.67
9947,credit_card,6,286.36
9948,cash_on_delivery,1,109.38
9949,wallet,1,127.52
9950,cash_on_delivery,1,1885.31
9951,credit_card,2,109.44
9952,cash_on_delivery,1,183.55
9953,wallet,1,149.59
9954,cash_on_delivery,1,192.48
9955,credit_card,2,50.67
9956,cash_on_delivery,1,187.33
9957,cash_on_delivery,1,177.36
9958,credit_card,1,180.29
9959,cash_on_delivery,1,256.61
9960,cash_on_delivery,1,225.68
9961,credit_card,12,1038.09
9962,cash_on_delivery,1,177.14
9963,credit_card,1,18.34
9964,cash_on_delivery,1,41.25
9965,cash_on_delivery,1,104.92
9966,wallet,1,112.68
9967,wallet,1,103.36
9968,credit_card,2,272.7
9969,bank_transfer,1,222.12
9970,credit_card,6,1475.19
9971,credit_card,6,279.71
9972,wallet,1,141.89
9973,credit_card,2,82.08
9974,cash_on_delivery,1,642.73
9975,cash_on_delivery,1,728.96
9976,credit_card,1,407.38
9977,credit_card,6,287.84
9978,cash_on_delivery,1,23.93
9979,cash_on_delivery,1,373.08
9980,cash_on_delivery,1,26.92
9981,cash_on_delivery,1,345.47
9982,cash_on_delivery,1,395.79
9983,credit_card,1,199.67
9984,cash_on_delivery,1,168.15
9985,credit_card,2,910.13
9986,credit_card,6,219.54
9987,wallet,1,38.58
9988,cash_on_delivery,1,323.97
9989,credit_card,1,67.75
9990,cash_on_delivery,1,123.72
9991,cash_on_delivery,1,19.36
9992,cash_on_delivery,1,123.43
9993,credit_card,3,211.18
9994,cash_on_delivery,1,1021.66
9995,cash_on_delivery,1,834.0
9996,credit_card,2,36.62
9997,credit_card,3,1065.38
9998,credit_card,6,360.91
9999,cash_on_delivery,1,114.12
10000,credit_card,6,141.12
10001,credit_card,1,190.2
10002,credit_card,2,136.52
10003,cash_on_delivery,1,99.32
10004,cash_on_delivery,1,43.38
10005,credit_card,1,117.32
10006,cash_on_delivery,1,207.95
10007,credit_card,6,937.43
10008,bank_transfer,1,32.83
10009,cash_on_delivery,1,1026.99
10010,cash_on_delivery,1,280.39
10011,wallet,1,14.49
10012,bank_transfer,1,685.56
10013,wallet,1,258.76
10014,credit_card,1,868.97
10015,cash_on_delivery,1,413.47
10016,credit_card,2,293.12
10017,credit_card,6,312.68
10018,credit_card,1,167.54
10019,bank_transfer,1,362.61
10020,cash_on_delivery,1,95.52
10021,credit_card,3,54.8
10022,credit_card,1,125.58
10023,wallet,1,837.19
10024,credit_card,12,123.71
10025,credit_card,1,30.25
10026,credit_card,6,830.55
10027,cash_on_delivery,1,1089.88
10028,credit_card,1,765.0
10029,cash_on_delivery,1,6.8
10030,wallet,1,93.67
10031,credit_card,6,154.43
10032,credit_card,6,314.7
10033,credit_card,1,660.78
10034,cash_on_delivery,1,275.05
10035,cash_on_delivery,1,1299.25
10036,credit_card,2,29.19
10037,cash_on_delivery,1,19.21
10038,credit_card,12,123.8
10039,cash_on_delivery,1,947.56
10040,cash_on_delivery,1,1218.2
10041,credit_card,1,142.71
10042,credit_card,3,109.13
10043,credit_card,1,143.33
10044,cash_on_delivery,1,32.77
10045,credit_card,12,77.82
10046,wallet,1,93.49
10047,credit_card,2,676.38
10048,bank_transfer,1,453.06
10049,credit_card,6,212.97
10050,credit_card,1,662.48
10051,credit_card,6,75.53
10052,wallet,1,200.16
10053,credit_card,1,925.45
10054,credit_card,6,205.41
10055,wallet,1,891.72
10056,cash_on_delivery,1,63.42
10057,wallet,1,1329.04
10058,cash_on_delivery,1,108.13
10059,credit_card,6,149.7
10060,wallet,1,17.65
10061,cash_on_delivery,1,369.33
10062,cash_on_delivery,1,125.32
10063,cash_on_delivery,1,434.96
10064,credit_card,3,126.41
10065,cash_on_delivery,1,52.53
10066,bank_transfer,1,29.29
10067,cash_on_delivery,1,512.3
10068,cash_on_delivery,1,146.39
10069,wallet,1,825.34
10070,credit_card,1,584.18
10071,wallet,1,390.53
10072,credit_card,1,216.04
10073,cash_on_delivery,1,308.48
10074,credit_card,12,637.56
10075,credit_card,1,52.31
10076,credit_card,12,240.5
10077,credit_card,6,543.53
10078,credit_card,6,151.99
10079,credit_card,3,50.78
10080,cash_on_delivery,1,105.94
10081,wallet,1,22.88
10082,bank_transfer,1,414.75
10083,credit_card,12,58.16
10084,credit_card,1,99.06
10085,wallet,1,804.64
10086,credit_card,1,79.23
10087,cash_on_delivery,1,75.79
10088,cash_on_delivery,1,248.12
10089,cash_on_delivery,1,689.64
10090,credit_card,1,241.53
10091,credit_card,1,301.54
10092,cash_on_delivery,1,1061.05
10093,cash_on_delivery,1,42.2
10094,bank_transfer,1,6.32
10095,cash_on_delivery,1,731.99
10096,credit_card,2,445.54
10097,cash_on_delivery,1,248.78
10098,credit_card,1,1264.63
10099,wallet,1,273.06
10100,credit_card,1,1102.95
10101,credit_card,6,236.6
10102,cash_on_delivery,1,16.96
10103,cash_on_delivery,1,50.34
10104,credit_card,12,125.59
10105,cash_on_delivery,1,6.36
10106,credit_card,3,156.78
10107,credit_card,1,54.65
10108,cash_on_delivery,1,171.87
10109,credit_card,2,533.27
10110,credit_card,1,218.3
10111,credit_card,1,53.6
10112,credit_card,1,92.71
10113,credit_card,12,711.97
10114,cash_on_delivery,1,114.66
10115,credit_card,3,1280.45
10116,cash_on_delivery,1,359.65
10117,wallet,1,208.64
10118,bank_transfer,1,180.26
10119,credit_card,2,432.86
10120,credit_card,6,155.71
10121,wallet,1,252.61
10122,credit_card,6,66.81
10123,credit_card,6,115.98
10124,credit_card,1,31.06
10125,credit_card,1,31.24
10126,wallet,1,1399.71
10127,cash_on_delivery,1,90.35
10128,wallet,1,88.98
10129,credit_card,1,292.2
10130,credit_card,3,107.74
10131,cash_on_delivery,1,762.52
10132,cash_on_delivery,1,861.43
10133,bank_transfer,1,1469.36
10134,credit_card,2,79.25
10135,credit_card,1,77.21
10136,credit_card,2,393.42
10137,credit_card,3,155.54
10138,cash_on_delivery,1,79.02
10139,credit_card,3,885.56
10140,cash_on_delivery,1,92.98
10141,credit_card,1,80.0
10142,credit_card,1,2003.03
10143,cash_on_delivery,1,164.93
10144,cash_on_delivery,1,272.52
10145,cash_on_delivery,1,68.59
10146,cash_on_delivery,1,57.13
10147,wallet,1,673.91
10148,credit_card,1,525.17
10149,credit_card,2,513.95
10150,cash_on_delivery,1,716.13
10151,credit_card,1,37.58
10152,cash_on_delivery,1,863.37
10153,credit_card,3,146.79
10154,credit_card,1,85.31
10155,bank_transfer,1,536.27
10156,credit_card,1,295.93
10157,credit_card,2,175.97
10158,bank_transfer,1,47.32
10159,cash_on_delivery,1,289.0
10160,cash_on_delivery,1,298.87
10161,credit_card,2,1437.08
10162,credit_card,1,341.65
10163,wallet,1,1339.57
10164,credit_card,2,40.54
10165,wallet,1,410.42
10166,bank_transfer,1,352.57
10167,cash_on_delivery,1,116.02
10168,credit_card,1,85.63
10169,credit_card,2,290.32
10170,cash_on_delivery,1,47.33
10171,cash_on_delivery,1,1188.5
10172,cash_on_delivery,1,1017.97
10173,credit_card,2,1922.08
10174,cash_on_delivery,1,166.36
10175,credit_card,2,835.39
10176,credit_card,1,228.15
10177,bank_transfer,1,86.11
10178,cash_on_delivery,1,341.68
10179,credit_card,12,698.14
10180,cash_on_delivery,1,163.59
10181,credit_card,1,45.37
10182,bank_transfer,1,110.84
10183,credit_card,1,99.51
10184,credit_card,3,1836.49
10185,cash_on_delivery,1,498.7
10186,cash_on_delivery,1,84.83
10187,wallet,1,955.16
10188,credit_card,12,50.89
10189,bank_transfer,1,93.53
10190,credit_card,3,305.9
10191,credit_card,1,201.97
10192,cash_on_delivery,1,73.06
10193,credit_card,3,371.11
10194,bank_transfer,1,61.52
10195,credit_card,6,272.72
10196,credit_card,3,318.1
10197,credit_card,3,1637.92
10198,cash_on_delivery,1,59.93
10199,bank_transfer,1,41.61
10200,cash_on_delivery,1,123.94
10201,credit_card,1,215.32
10202,credit_card,2,117.49
10203,cash_on_delivery,1,237.51
10204,bank_transfer,1,301.5
10205,credit_card,12,120.04
10206,bank_transfer,1,211.76
10207,cash_on_delivery,1,73.15
10208,credit_card,3,222.07
10209,credit_card,6,119.33
10210,credit_card,1,100.69
10211,wallet,1,37.79
10212,cash_on_delivery,1,665.74
10213,credit_card,1,106.59
10214,credit_card,6,132.61
10215,credit_card,1,693.58
10216,cash_on_delivery,1,754.08
10217,wallet,1,104.35
10218,credit_card,3,376.64
10219,wallet,1,28.81
10220,cash_on_delivery,1,528.43
10221,cash_on_delivery,1,60.08
10222,credit_card,1,33.29
10223,credit_card,2,70.4
10224,credit_card,2,249.43
10225,cash_on_delivery,1,74.91
10226,credit_card,2,312.17
10227,credit_card,6,6.11
10228,credit_card,1,56.81
10229,wallet,1,764.84
10230,bank_transfer,1,274.8
10231,cash_on_delivery,1,124.18
10232,credit_card,3,29.78
10233,bank_transfer,1,136.71
10234,cash_on_delivery,1,608.26
10235,cash_on_delivery,1,91.64
10236,credit_card,6,952.05
10237,cash_on_delivery,1,82.37
10238,cash_on_delivery,1,49.95
10239,cash_on_delivery,1,462.41
10240,credit_card,1,154.05
10241,credit_card,1,599.21
10242,cash_on_delivery,1,199.43
10243,cash_on_delivery,1,310.36
10244,cash_on_delivery,1,89.93
10245,credit_card,2,261.77
10246,credit_card,12,11.34
10247,bank_transfer,1,998.65
10248,wallet,1,15.6
10249,credit_card,12,311.74
10250,cash_on_delivery,1,14.61
10251,wallet,1,245.36
10252,credit_card,2,417.08
10253,cash_on_delivery,1,50.43
10254,cash_on_delivery,1,242.43
10255,cash_on_delivery,1,49.91
10256,cash_on_delivery,1,46.77
10257,credit_card,2,388.44
10258,wallet,1,412.37
10259,credit_card,2,65.23
10260,cash_on_delivery,1,75.47
10261,credit_card,2,576.67
10262,cash_on_delivery,1,111.06
10263,credit_card,2,244.61
10264,credit_card,1,139.03
10265,credit_card,3,588.67
10266,cash_on_delivery,1,71.65
10267,cash_on_delivery,1,759.2
10268,cash_on_delivery,1,952.68
10269,cash_on_delivery,1,266.52
10270,cash_on_delivery,1,1033.72
10271,credit_card,12,127.52
10272,credit_card,6,86.89
10273,credit_card,6,75.3
10274,credit_card,1,40.59
10275,cash_on_delivery,1,271.57
10276,wallet,1,428.4
10277,bank_transfer,1,168.89
10278,wallet,1,343.89
10279,cash_on_delivery,1,240.81
10280,credit_card,6,141.17
10281,credit_card,1,346.38
10282,cash_on_delivery,1,24.68
10283,cash_on_delivery,1,50.0
10284,wallet,1,476.51
10285,credit_card,2,70.33
10286,credit_card,1,20.64
10287,bank_transfer,1,515.78
10288,cash_on_delivery,1,91.11
10289,cash_on_delivery,1,419.72
10290,credit_card,1,250.14
10291,cash_on_delivery,1,489.17
10292,credit_card,1,97.42
10293,cash_on_delivery,1,9.25
10294,credit_card,2,1296.79
10295,wallet,1,1987.23
10296,cash_on_delivery,1,203.6
10297,credit_card,1,246.38
10298,cash_on_delivery,1,326.13
10299,cash_on_delivery,1,1003.62
10300,credit_card,1,334.95
10301,cash_on_delivery,1,1447.42
10302,wallet,1,298.17
10303,cash_on_delivery,1,489.4
10304,credit_card,12,308.93
10305,cash_on_delivery,1,176.89
10306,credit_card,12,14.03
10307,cash_on_delivery,1,53.53
10308,cash_on_delivery,1,1001.45
10309,credit_card,6,414.53
10310,credit_card,1,131.95
10311,credit_card,3,66.98
10312,cash_on_delivery,1,684.16
10313,wallet,1,290.79
10314,cash_on_delivery,1,184.36
10315,credit_card,2,285.61
10316,bank_transfer,1,193.7
10317,credit_card,1,191.77
10318,cash_on_delivery,1,117.36
10319,cash_on_delivery,1,79.23
10320,wallet,1,338.8
10321,cash_on_delivery,1,2011.53
10322,credit_card,12,543.25
10323,cash_on_delivery,1,10.71
10324,wallet,1,109.63
10325,credit_card,6,301.63
10326,cash_on_delivery,1,88.27
10327,credit_card,1,19.44
10328,cash_on_delivery,1,56.13
10329,cash_on_delivery,1,105.24
10330,wallet,1,10.94
10331,cash_on_delivery,1,3.75
10332,cash_on_delivery,1,361.95
10333,cash_on_delivery,1,147.06
10334,credit_card,6,31.53
10335,cash_on_delivery,1,517.33
10336,cash_on_delivery,1,27.01
10337,bank_transfer,1,152.97
10338,credit_card,3,29.05
10339,cash_on_delivery,1,37.69
10340,credit_card,1,687.16
10341,credit_card,6,140.19
10342,credit_card,2,301.78
10343,credit_card,2,150.11
10344,cash_on_delivery,1,102.34
10345,credit_card,12,264.9
10346,cash_on_delivery,1,9.26
10347,cash_on_delivery,1,447.79
10348,cash_on_delivery,1,1318.89
10349,credit_card,1,674.09
10350,cash_on_delivery,1,1107.06
10351,credit_card,1,82.6
10352,credit_card,12,470.07
10353,cash_on_delivery,1,271.55
10354,cash_on_delivery,1,136.37
10355,credit_card,6,112.26
10356,credit_card,1,77.37
10357,wallet,1,254.05
10358,cash_on_delivery,1,77.3
10359,credit_card,3,173.77
10360,credit_card,6,6.54
10361,wallet,1,194.94
10362,cash_on_delivery,1,848.2
10363,cash_on_delivery,1,827.86
10364,credit_card,3,145.92
10365,cash_on_delivery,1,82.94
10366,bank_transfer,1,370.16
10367,bank_transfer,1,927.18
10368,credit_card,12,396.1
10369,credit_card,2,209.99
10370,cash_on_delivery,1,191.22
10371,credit_card,6,416.21
10372,cash_on_delivery,1,6.89
10373,bank_transfer,1,36.05
10374,credit_card,2,80.19
10375,cash_on_delivery,1,527.72
10376,credit_card,3,27.3
10377,credit_card,1,257.98
10378,cash_on_delivery,1,79.04
10379,wallet,1,740.75
10380,cash_on_delivery,1,8.45
10381,credit_card,12,572.8
10382,credit_card,1,698.71
10383,cash_on_delivery,1,89.07
10384,cash_on_delivery,1,212.64
10385,cash_on_delivery,1,41.22
10386,credit_card,2,1106.23
10387,credit_card,1,211.48
10388,credit_card,12,108.32
10389,cash_on_delivery,1,317.01
10390,cash_on_delivery,1,90.49
10391,wallet,1,122.47
10392,credit_card,6,829.82
10393,wallet,1,295.48
10394,cash_on_delivery,1,730.97
10395,credit_card,2,41.07
10396,credit_card,1,396.02
10397,credit_card,3,90.28
10398,credit_card,3,1318.79
10399,credit_card,12,156.49
10400,credit_card,2,1610.75
10401,wallet,1,159.72
10402,wallet,1,160.09
10403,cash_on_delivery,1,500.18
10404,bank_transfer,1,181.43
10405,cash_on_delivery,1,173.64
10406,credit_card,2,79.45
10407,cash_on_delivery,1,155.71
10408,cash_on_delivery,1,332.02
10409,credit_card,6,35.56
10410,cash_on_delivery,1,84.25
10411,credit_card,3,105.4
10412,wallet,1,123.66
10413,credit_card,2,170.43
10414,wallet,1,626.66
10415,wallet,1,274.82
10416,credit_card,2,95.72
10417,cash_on_delivery,1,87.5
10418,cash_on_delivery,1,356.54
10419,credit_card,1,483.79
10420,credit_card,2,685.68
10421,credit_card,6,54.85
10422,cash_on_delivery,1,418.97
10423,wallet,1,772.93
10424,credit_card,6,363.03
10425,cash_on_delivery,1,109.85
10426,credit_card,2,66.46
10427,cash_on_delivery,1,113.41
10428,wallet,1,642.38
10429,cash_on_delivery,1,439.73
10430,bank_transfer,1,1853.59
10431,cash_on_delivery,1,213.01
10432,credit_card,3,221.34
10433,wallet,1,76.77
10434,credit_card,2,62.0
10435,bank_transfer,1,1059.94
10436,credit_card,6,163.37
10437,credit_card,1,254.07
10438,bank_transfer,1,191.75
10439,credit_card,1,531.11
10440,wallet,1,49.35
10441,wallet,1,297.93
10442,credit_card,1,345.77
10443,cash_on_delivery,1,266.16
10444,wallet,1,174.65
10445,credit_card,1,671.97
10446,wallet,1,1110.09
10447,cash_on_delivery,1,449.48
10448,credit_card,1,56.37
10449,credit_card,6,416.92
10450,cash_on_delivery,1,716.55
10451,cash_on_delivery,1,41.43
10452,cash_on_delivery,1,59.01
10453,cash_on_delivery,1,505.52
10454,credit_card,1,106.21
10455,credit_card,6,1703.43
10456,wallet,1,52.72
10457,credit_card,1,86.55
10458,credit_card,1,56.73
10459,wallet,1,144.59
10460,credit_card,3,247.93
10461,credit_card,6,91.8
10462,cash_on_delivery,1,584.39
10463,credit_card,2,87.17
10464,wallet,1,136.25
10465,cash_on_delivery,1,72.31
10466,cash_on_delivery,1,511.66
10467,cash_on_delivery,1,17.56
10468,bank_transfer,1,103.06
10469,cash_on_delivery,1,427.22
10470,bank_transfer,1,222.94
10471,credit_card,1,388.08
10472,credit_card,1,450.52
10473,cash_on_delivery,1,220.3
10474,credit_card,2,252.92
10475,credit_card,2,1040.59
10476,wallet,1,61.44
10477,credit_card,3,10.98
10478,cash_on_delivery,1,365.89
10479,wallet,1,86.68
10480,cash_on_delivery,1,36.81
10481,credit_card,12,546.62
10482,bank_transfer,1,837.57
10483,credit_card,3,223.91
10484,credit_card,3,264.92
10485,credit_card,1,89.37
10486,cash_on_delivery,1,958.59
10487,wallet,1,784.33
10488,credit_card,6,599.9
10489,credit_card,6,10.38
10490,credit_card,1,1019.32
10491,cash_on_delivery,1,145.9
10492,wallet,1,241.25
10493,credit_card,1,330.23
10494,cash_on_delivery,1,91.16
10495,cash_on_delivery,1,308.15
10496,credit_card,6,780.94
10497,credit_card,6,433.42
10498,cash_on_delivery,1,619.19
10499,wallet,1,7.99
10500,cash_on_delivery,1,820.23
10501,credit_card,1,29.63
10502,bank_transfer,1,452.73
10503,credit_card,1,619.52
10504,credit_card,12,92.22
10505,wallet,1,291.74
10506,cash_on_delivery,1,83.58
10507,wallet,1,98.61
10508,wallet,1,103.41
10509,credit_card,1,791.47
10510,credit_card,3,723.63
10511,cash_on_delivery,1,44.18
10512,cash_on_delivery,1,163.63
10513,bank_transfer,1,57.53
10514,cash_on_delivery,1,120.66
10515,cash_on_delivery,1,107.03
10516,bank_transfer,1,15.86
10517,cash_on_delivery,1,249.12
10518,credit_card,3,806.79
10519,wallet,1,1015.23
10520,cash_on_delivery,1,54.51
10521,credit_card,1,35.89
10522,cash_on_delivery,1,75.63
10523,credit_card,6,704.85
10524,cash_on_delivery,1,180.05
10525,cash_on_delivery,1,94.66
10526,cash_on_delivery,1,1210.12
10527,credit_card,1,52.92
10528,cash_on_delivery,1,95.62
10529,credit_card,2,11.57
10530,credit_card,2,58.72
10531,cash_on_delivery,1,178.2
10532,bank_transfer,1,77.8
10533,credit_card,2,1050.02
10534,cash_on_delivery,1,752.27
10535,credit_card,1,125.09
10536,cash_on_delivery,1,178.86
10537,credit_card,1,333.12
10538,credit_card,1,1075.9
10539,wallet,1,62.22
10540,cash_on_delivery,1,117.33
10541,credit_card,2,89.36
10542,credit_card,1,139.15
10543,cash_on_delivery,1,43.35
10544,cash_on_delivery,1,683.01
10545,credit_card,6,179.51
10546,wallet,1,402.51
10547,credit_card,1,215.36
10548,cash_on_delivery,1,1025.05
10549,credit_card,2,298.26
10550,wallet,1,18.83
10551,bank_transfer,1,458.54
10552,credit_card,1,177.2
10553,cash_on_delivery,1,26.73
10554,credit_card,2,530.01
10555,bank_transfer,1,20.69
10556,credit_card,2,170.59
10557,wallet,1,42.09
10558,cash_on_delivery,1,53.21
10559,wallet,1,298.1
10560,cash_on_delivery,1,101.06
10561,bank_transfer,1,603.24
10562,credit_card,1,136.42
10563,credit_card,3,281.01
10564,wallet,1,88.93
10565,cash_on_delivery,1,691.73
10566,bank_transfer,1,422.31
10567,cash_on_delivery,1,21.54
10568,credit_card,2,55.7
10569,credit_card,1,103.67
10570,credit_card,1,195.24
10571,credit_card,1,18.98
10572,wallet,1,316.16
10573,cash_on_delivery,1,29.58
10574,cash_on_delivery,1,201.95
10575,credit_card,3,177.25
10576,credit_card,1,72.4
10577,credit_card,3,57.67
10578,credit_card,1,459.1
10579,credit_card,1,362.81
10580,credit_card,1,3034.72
10581,cash_on_delivery,1,85.67
10582,cash_on_delivery,1,174.47
10583,wallet,1,88.34
10584,cash_on_delivery,1,138.99
10585,credit_card,2,198.23
10586,wallet,1,691.38
10587,credit_card,12,128.64
10588,cash_on_delivery,1,17.98
10589,wallet,1,401.78
10590,cash_on_delivery,1,127.65
10591,cash_on_delivery,1,204.82
10592,cash_on_delivery,1,295.81
10593,wallet,1,316.28
10594,credit_card,2,60.03
10595,cash_on_delivery,1,32.96
10596,credit_card,12,62.59
10597,cash_on_delivery,1,91.98
10598,wallet,1,155.43
10599,credit_card,2,321.47
10600,cash_on_delivery,1,43.4
10601,credit_card,1,738.88
10602,cash_on_delivery,1,635.8
10603,credit_card,12,140.12
10604,credit_card,1,150.79
10605,wallet,1,79.24
10606,credit_card,3,809.39
10607,wallet,1,260.0
10608,wallet,1,107.42
10609,credit_card,1,490.9
10610,cash_on_delivery,1,252.29
10611,bank_transfer,1,33.29
10612,credit_card,2,522.78
10613,cash_on_delivery,1,509.64
10614,credit_card,3,55.61
10615,cash_on_delivery,1,124.32
10616,cash_on_delivery,1,7.03
10617,wallet,1,95.29
10618,cash_on_delivery,1,31.44
10619,wallet,1,297.55
10620,wallet,1,10.41
10621,credit_card,1,288.02
10622,credit_card,2,384.2
10623,wallet,1,119.07
10624,credit_card,1,145.1
10625,bank_transfer,1,114.08
10626,wallet,1,182.32
10627,credit_card,1,14.85
10628,credit_card,12,85.42
10629,credit_card,1,79.76
10630,credit_card,1,57.1
10631,cash_on_delivery,1,116.9
10632,credit_card,3,38.87
10633,cash_on_delivery,1,617.27
10634,cash_on_delivery,1,177.38
10635,credit_card,3,85.56
10636,credit_card,6,170.44
10637,cash_on_delivery,1,101.24
10638,credit_card,2,101.1
10639,bank_transfer,1,108.98
10640,credit_card,12,79.12
10641,credit_card,6,771.2
10642,wallet,1,88.21
10643,cash_on_delivery,1,596.13
10644,cash_on_delivery,1,233.67
10645,credit_card,3,1008.86
10646,credit_card,1,161.13
10647,wallet,1,471.18
10648,cash_on_delivery,1,134.47
10649,cash_on_delivery,1,149.45
10650,credit_card,3,41.4
10651,cash_on_delivery,1,221.37
10652,credit_card,12,88.13
10653,credit_card,2,102.42
10654,credit_card,1,390.87
10655,credit_card,1,394.47
10656,cash_on_delivery,1,172.07
10657,credit_card,2,288.94
10658,credit_card,3,914.5
10659,cash_on_delivery,1,259.63
10660,credit_card,2,137.31
10661,credit_card,3,61.76
10662,credit_card,1,373.15
10663,wallet,1,1584.9
10664,credit_card,1,176.42
10665,cash_on_delivery,1,204.68
10666,credit_card,1,134.55
10667,credit_card,1,41.07
10668,credit_card,1,541.98
10669,credit_card,12,124.81
10670,credit_card,1,106.21
10671,credit_card,1,19.25
10672,cash_on_delivery,1,202.22
10673,credit_card,6,127.82
10674,wallet,1,273.61
10675,credit_card,1,354.21
10676,credit_card,1,2.88
10677,cash_on_delivery,1,618.08
10678,cash_on_delivery,1,283.63
10679,credit_card,1,12.66
10680,credit_card,2,84.18
10681,cash_on_delivery,1,199.66
10682,cash_on_delivery,1,838.06
10683,wallet,1,400.76
10684,credit_card,3,50.4
10685,cash_on_delivery,1,1576.81
10686,wallet,1,762.13
10687,wallet,1,1199.11
10688,wallet,1,77.66
10689,credit_card,3,252.53
10690,bank_transfer,1,984.12
10691,credit_card,1,299.42
10692,cash_on_delivery,1,28.09
10693,credit_card,1,41.58
10694,cash_on_delivery,1,224.91
10695,credit_card,6,604.77
10696,cash_on_delivery,1,54.26
10697,wallet,1,550.26
10698,credit_card,1,56.07
10699,wallet,1,72.55
10700,credit_card,3,89.71
10701,credit_card,6,594.14
10702,cash_on_delivery,1,45.78
10703,wallet,1,716.32
10704,credit_card,2,48.29
10705,credit_card,2,463.15
10706,cash_on_delivery,1,306.17
10707,wallet,1,1020.34
10708,wallet,1,52.71
10709,bank_transfer,1,46.49
10710,cash_on_delivery,1,89.18
10711,bank_transfer,1,1638.48
10712,credit_card,12,751.04
10713,credit_card,6,50.51
10714,cash_on_delivery,1,479.48
10715,cash_on_delivery,1,12.74
10716,credit_card,6,78.18
10717,credit_card,2,472.89
10718,cash_on_delivery,1,275.83
10719,wallet,1,1218.25
10720,wallet,1,84.53
10721,credit_card,6,174.63
10722,credit_card,3,130.66
10723,cash_on_delivery,1,73.89
10724,credit_card,12,277.84
10725,cash_on_delivery,1,98.24
10726,cash_on_delivery,1,1611.6
10727,cash_on_delivery,1,238.64
10728,credit_card,1,24.3
10729,credit_card,1,179.45
10730,cash_on_delivery,1,88.54
10731,cash_on_delivery,1,44.03
10732,cash_on_delivery,1,118.85
10733,wallet,1,87.34
10734,credit_card,1,519.24
10735,cash_on_delivery,1,206.71
10736,credit_card,1,507.68
10737,bank_transfer,1,305.67
10738,credit_card,2,14.77
10739,cash_on_delivery,1,694.95
10740,cash_on_delivery,1,30.98
10741,cash_on_delivery,1,2814.07
10742,wallet,1,32.21
10743,cash_on_delivery,1,239.3
10744,bank_transfer,1,19.1
10745,wallet,1,720.31
10746,cash_on_delivery,1,1230.61
10747,wallet,1,980.42
10748,cash_on_delivery,1,1092.32
10749,credit_card,2,377.29
10750,credit_card,1,17.07
10751,credit_card,1,57.63
10752,cash_on_delivery,1,246.35
10753,credit_card,3,103.3
10754,cash_on_delivery,1,226.49
10755,cash_on_delivery,1,633.87
10756,wallet,1,476.61
10757,wallet,1,122.0
10758,credit_card,12,842.09
10759,credit_card,2,1076.45
10760,credit_card,2,254.44
10761,wallet,1,597.22
10762,wallet,1,49.7
10763,credit_card,2,494.13
10764,cash_on_delivery,1,165.62
10765,cash_on_delivery,1,217.09
10766,credit_card,3,158.78
10767,wallet,1,207.33
10768,cash_on_delivery,1,57.88
10769,cash_on_delivery,1,463.59
10770,credit_card,1,196.73
10771,credit_card,1,178.54
10772,wallet,1,713.08
10773,cash_on_delivery,1,240.9
10774,credit_card,3,21.03
10775,credit_card,6,565.18
10776,credit_card,3,593.2
10777,cash_on_delivery,1,255.93
10778,cash_on_delivery,1,318.05
10779,wallet,1,313.83
10780,cash_on_delivery,1,6.67
10781,cash_on_delivery,1,89.12
10782,cash_on_delivery,1,33.16
10783,credit_card,1,212.69
10784,cash_on_delivery,1,73.76
10785,cash_on_delivery,1,277.96
10786,credit_card,12,133.11
10787,credit_card,2,77.09
10788,credit_card,2,135.43
10789,credit_card,3,303.28
10790,cash_on_delivery,1,42.57
10791,cash_on_delivery,1,57.45
10792,credit_card,12,43.41
10793,wallet,1,82.87
10794,cash_on_delivery,1,44.82
10795,bank_transfer,1,32.95
10796,credit_card,1,55.23
10797,cash_on_delivery,1,155.39
10798,cash_on_delivery,1,106.0
10799,cash_on_delivery,1,646.15
10800,bank_transfer,1,302.56
10801,cash_on_delivery,1,128.74
10802,cash_on_delivery,1,2205.33
10803,credit_card,1,883.34
10804,credit_card,1,36.52
10805,credit_card,1,402.84
10806,credit_card,3,128.21
10807,cash_on_delivery,1,96.53
10808,cash_on_delivery,1,243.85
10809,cash_on_delivery,1,20.09
10810,cash_on_delivery,1,107.38
10811,credit_card,1,418.58
10812,cash_on_delivery,1,1371.01
10813,bank_transfer,1,307.55
10814,credit_card,1,488.14
10815,credit_card,3,695.59
10816,cash_on_delivery,1,92.63
10817,credit_card,2,58.84
10818,credit_card,12,3024.04
10819,bank_transfer,1,721.88
10820,cash_on_delivery,1,1137.71
10821,cash_on_delivery,1,1105.59
10822,credit_card,6,80.32
10823,cash_on_delivery,1,63.35
10824,credit_card,1,100.17
10825,cash_on_delivery,1,119.1
10826,credit_card,1,255.07
10827,wallet,1,121.97
10828,bank_transfer,1,143.47
10829,cash_on_delivery,1,57.45
10830,cash_on_delivery,1,748.22
10831,credit_card,2,360.99
10832,wallet,1,951.95
10833,credit_card,2,425.03
10834,cash_on_delivery,1,103.33
10835,credit_card,6,572.46
10836,cash_on_delivery,1,35.95
10837,wallet,1,142.39
10838,cash_on_delivery,1,893.05
10839,cash_on_delivery,1,125.09
10840,credit_card,1,616.2
10841,credit_card,1,215.15
10842,credit_card,1,604.0
10843,credit_card,6,916.09
10844,credit_card,2,167.05
10845,cash_on_delivery,1,140.52
10846,credit_card,2,202.03
10847,cash_on_delivery,1,81.15
10848,cash_on_delivery,1,161.86
10849,wallet,1,1034.26
10850,cash_on_delivery,1,109.64
10851,cash_on_delivery,1,94.32
10852,cash_on_delivery,1,104.18
10853,bank_transfer,1,1490.96
10854,cash_on_delivery,1,369.93
10855,wallet,1,104.98
10856,wallet,1,148.79
10857,credit_card,1,29.74
10858,credit_card,12,730.63
10859,credit_card,1,126.41
10860,credit_card,1,456.24
10861,credit_card,1,145.29
10862,credit_card,1,199.39
10863,wallet,1,71.88
10864,credit_card,1,301.44
10865,bank_transfer,1,928.22
10866,cash_on_delivery,1,377.44
10867,cash_on_delivery,1,22.48
10868,cash_on_delivery,1,573.42
10869,cash_on_delivery,1,360.1
10870,credit_card,2,760.04
10871,bank_transfer,1,149.41
10872,bank_transfer,1,270.69
10873,cash_on_delivery,1,468.53
10874,bank_transfer,1,326.13
10875,credit_card,1,74.52
10876,credit_card,2,28.8
10877,cash_on_delivery,1,716.71
10878,wallet,1,209.23
10879,credit_card,12,126.08
10880,bank_transfer,1,73.51
10881,bank_transfer,1,458.27
10882,credit_card,6,183.89
10883,wallet,1,353.65
10884,wallet,1,162.05
10885,bank_transfer,1,278.7
10886,wallet,1,279.27
10887,credit_card,1,170.64
10888,cash_on_delivery,1,134.95
10889,credit_card,2,540.16
10890,bank_transfer,1,63.66
10891,credit_card,2,429.8
10892,credit_card,6,11.51
10893,credit_card,6,194.22
10894,credit_card,1,94.72
10895,cash_on_delivery,1,157.51
10896,credit_card,12,691.81
10897,cash_on_delivery,1,507.48
10898,cash_on_delivery,1,1392.61
10899,credit_card,1,89.35
10900,cash_on_delivery,1,1033.87
10901,credit_card,1,83.71
10902,wallet,1,292.0
10903,credit_card,3,81.79
10904,cash_on_delivery,1,249.0
10905,cash_on_delivery,1,164.8
10906,credit_card,1,100.75
10907,cash_on_delivery,1,579.15
10908,wallet,1,745.09
10909,bank_transfer,1,224.9
10910,cash_on_delivery,1,127.38
10911,cash_on_delivery,1,573.26
10912,credit_card,6,886.03
10913,wallet,1,15.33
10914,wallet,1,843.91
10915,credit_card,2,155.38
10916,credit_card,1,438.26
10917,credit_card,2,297.81
10918,credit_card,1,575.93
10919,bank_transfer,1,322.2
10920,credit_card,1,1033.74
10921,credit_card,6,10.7
10922,credit_card,6,749.62
10923,credit_card,3,182.86
10924,cash_on_delivery,1,194.75
10925,credit_card,2,57.76
10926,cash_on_delivery,1,15.1
10927,bank_transfer,1,56.9
10928,credit_card,3,464.8
10929,credit_card,3,214.72
10930,credit_card,1,39.93
10931,credit_card,1,234.78
10932,cash_on_delivery,1,757.52
10933,wallet,1,844.01
10934,cash_on_delivery,1,879.0
10935,cash_on_delivery,1,33.81
10936,credit_card,12,827.46
10937,credit_card,12,606.63
10938,cash_on_delivery,1,921.12
10939,credit_card,6,12.5
10940,cash_on_delivery,1,178.75
10941,cash_on_delivery,1,189.61
10942,credit_card,1,603.61
10943,wallet,1,312.12
10944,credit_card,2,430.42
10945,credit_card,1,863.32
10946,cash_on_delivery,1,42.88
10947,credit_card,2,162.33
10948,cash_on_delivery,1,882.51
10949,wallet,1,411.26
10950,credit_card,2,21.59
10951,credit_card,2,198.29
10952,credit_card,1,96.84
10953,cash_on_delivery,1,79.83
10954,credit_card,2,196.36
10955,credit_card,1,144.86
10956,credit_card,6,243.7
10957,bank_transfer,1,62.53
10958,credit_card,2,354.99
10959,cash_on_delivery,1,749.23
10960,credit_card,6,216.88
10961,credit_card,6,111.59
10962,bank_transfer,1,53.1
10963,wallet,1,911.45
10964,credit_card,2,783.11
10965,credit_card,1,6.35
10966,credit_card,12,299.85
10967,cash_on_delivery,1,806.59
10968,cash_on_delivery,1,755.76
10969,credit_card,1,204.23
10970,cash_on_delivery,1,539.55
10971,cash_on_delivery,1,316.14
10972,bank_transfer,1,284.09
10973,credit_card,3,139.96
10974,credit_card,1,522.64
10975,credit_card,1,96.76
10976,bank_transfer,1,46.24
10977,bank_transfer,1,18.25
10978,cash_on_delivery,1,76.42
10979,credit_card,1,115.64
10980,cash_on_delivery,1,173.5
10981,cash_on_delivery,1,57.77
10982,wallet,1,126.79
10983,cash_on_delivery,1,351.37
10984,credit_card,12,109.03
10985,credit_card,1,19.43
10986,credit_card,1,300.14
10987,wallet,1,64.36
10988,credit_card,6,83.85
10989,cash_on_delivery,1,153.31
10990,cash_on_delivery,1,112.21
10991,credit_card,2,354.8
10992,cash_on_delivery,1,662.26
10993,cash_on_delivery,1,825.54
10994,cash_on_delivery,1,292.79
10995,credit_card,6,924.03
10996,credit_card,3,1002.01
10997,cash_on_delivery,1,243.64
10998,cash_on_delivery,1,163.13
10999,cash_on_delivery,1,871.53
11000,cash_on_delivery,1,48.51
11001,cash_on_delivery,1,41.33
11002,bank_transfer,1,462.29
11003,credit_card,6,90.67
11004,wallet,1,653.56
11005,credit_card,12,95.29
11006,credit_card,2,265.59
11007,credit_card,2,666.25
11008,bank_transfer,1,111.16
11009,credit_card,1,91.37
11010,credit_card,6,81.69
11011,cash_on_delivery,1,1159.79
11012,credit_card,1,201.5
11013,cash_on_delivery,1,133.7
11014,cash_on_delivery,1,209.46
11015,cash_on_delivery,1,176.12
11016,credit_card,3,142.05
11017,credit_card,1,58.41
11018,credit_card,6,54.85
11019,cash_on_delivery,1,122.46
11020,wallet,1,284.79
11021,bank_transfer,1,82.18
11022,credit_card,3,328.72
11023,cash_on_delivery,1,270.96
11024,wallet,1,270.74
11025,cash_on_delivery,1,32.26
11026,wallet,1,203.93
11027,credit_card,2,75.45
11028,credit_card,6,144.13
11029,credit_card,6,221.45
11030,cash_on_delivery,1,15.83
11031,cash_on_delivery,1,352.85
11032,cash_on_delivery,1,303.78
11033,cash_on_delivery,1,404.14
11034,cash_on_delivery,1,34.44
11035,wallet,1,1014.1
11036,wallet,1,961.68
11037,cash_on_delivery,1,121.93
11038,cash_on_delivery,1,671.9
11039,wallet,1,170.95
11040,cash_on_delivery,1,10.75
11041,cash_on_delivery,1,12.7
11042,credit_card,1,935.99
11043,credit_card,6,45.27
11044,cash_on_delivery,1,76.42
11045,wallet,1,559.92
11046,cash_on_delivery,1,493.24
11047,cash_on_delivery,1,79.52
11048,cash_on_delivery,1,47.11
11049,bank_transfer,1,47.39
11050,credit_card,2,284.45
11051,credit_card,2,79.78
11052,credit_card,1,425.49
11053,wallet,1,21.01
11054,cash_on_delivery,1,107.95
11055,wallet,1,473.06
11056,wallet,1,192.84
11057,wallet,1,18.22
11058,cash_on_delivery,1,57.27
11059,cash_on_delivery,1,335.77
11060,credit_card,1,14.13
11061,cash_on_delivery,1,179.23
11062,credit_card,2,375.48
11063,credit_card,1,284.55
11064,cash_on_delivery,1,215.24
11065,cash_on_delivery,1,618.4
11066,credit_card,6,141.79
11067,credit_card,6,69.18
11068,credit_card,6,201.15
11069,credit_card,2,323.31
11070,cash_on_delivery,1,160.73
11071,wallet,1,721.99
11072,wallet,1,693.22
11073,credit_card,12,60.91
11074,cash_on_delivery,1,545.82
11075,bank_transfer,1,510.18
11076,cash_on_delivery,1,717.75
11077,credit_card,2,898.53
11078,cash_on_delivery,1,133.12
11079,wallet,1,13.31
11080,bank_transfer,1,604.17
11081,wallet,1,97.53
11082,credit_card,12,97.36
11083,bank_transfer,1,76.9
11084,credit_card,1,400.08
11085,credit_card,3,997.07
11086,bank_transfer,1,408.34
11087,cash_on_delivery,1,394.83
11088,cash_on_delivery,1,1229.4
11089,credit_card,1,37.55
11090,cash_on_delivery,1,565.18
11091,bank_transfer,1,424.31
11092,credit_card,6,49.62
11093,cash_on_delivery,1,189.97
11094,bank_transfer,1,34.04
11095,credit_card,2,125.73
11096,credit_card,6,83.53
11097,bank_transfer,1,236.45
11098,wallet,1,30.24
11099,cash_on_delivery,1,1431.35
11100,wallet,1,224.38
11101,wallet,1,112.34
11102,credit_card,3,154.76
11103,cash_on_delivery,1,707.62
11104,cash_on_delivery,1,58.93
11105,credit_card,6,1732.18
11106,cash_on_delivery,1,145.66
11107,cash_on_delivery,1,39.83
11108,cash_on_delivery,1,959.67
11109,credit_card,1,189.26
11110,bank_transfer,1,471.06
11111,cash_on_delivery,1,993.82
11112,credit_card,1,138.21
11113,cash_on_delivery,1,256.62
11114,credit_card,3,63.17
11115,credit_card,6,187.04
11116,wallet,1,632.76
11117,bank_transfer,1,677.72
11118,credit_card,6,68.37
11119,cash_on_delivery,1,268.37
11120,bank_transfer,1,438.65
11121,wallet,1,980.73
11122,credit_card,3,108.74
11123,wallet,1,84.51
11124,cash_on_delivery,1,66.47
11125,cash_on_delivery,1,487.97
11126,credit_card,1,941.34
11127,wallet,1,285.51
11128,cash_on_delivery,1,249.38
11129,credit_card,6,80.19
11130,credit_card,2,46.51
11131,credit_card,1,969.59
11132,cash_on_delivery,1,412.11
11133,cash_on_delivery,1,91.6
11134,cash_on_delivery,1,1183.62
11135,cash_on_delivery,1,58.97
11136,cash_on_delivery,1,153.8
11137,credit_card,1,661.71
11138,credit_card,3,29.16
11139,credit_card,6,1154.29
11140,credit_card,1,351.49
11141,cash_on_delivery,1,698.64
11142,credit_card,6,644.23
11143,cash_on_delivery,1,72.59
11144,credit_card,12,336.77
11145,credit_card,1,6.52
11146,cash_on_delivery,1,1031.87
11147,cash_on_delivery,1,116.53
11148,wallet,1,836.41
11149,credit_card,2,454.46
11150,cash_on_delivery,1,77.25
11151,cash_on_delivery,1,54.53
11152,credit_card,12,280.89
11153,cash_on_delivery,1,133.65
11154,credit_card,12,109.82
11155,credit_card,2,289.43
11156,cash_on_delivery,1,1764.65
11157,cash_on_delivery,1,390.21
11158,credit_card,1,41.93
11159,credit_card,3,240.9
11160,cash_on_delivery,1,174.74
11161,cash_on_delivery,1,134.45
11162,cash_on_delivery,1,134.74
11163,credit_card,2,240.2
11164,credit_card,1,732.95
11165,credit_card,3,197.04
11166,credit_card,1,96.44
11167,credit_card,1,73.63
11168,cash_on_delivery,1,1862.1
11169,wallet,1,103.09
11170,credit_card,3,71.99
11171,credit_card,2,56.05
11172,cash_on_delivery,1,197.4
11173,credit_card,3,139.53
11174,cash_on_delivery,1,44.05
11175,cash_on_delivery,1,1231.03
11176,credit_card,1,163.66
11177,cash_on_delivery,1,108.45
11178,credit_card,3,357.89
11179,cash_on_delivery,1,254.13
11180,cash_on_delivery,1,742.09
11181,credit_card,1,19.62
11182,cash_on_delivery,1,48.49
11183,cash_on_delivery,1,105.72
11184,credit_card,12,286.83
11185,credit_card,3,756.81
11186,wallet,1,243.47
11187,wallet,1,42.73
11188,wallet,1,816.67
11189,credit_card,3,441.94
11190,credit_card,1,283.58
11191,credit_card,2,37.05
11192,cash_on_delivery,1,709.25
11193,wallet,1,12.69
11194,wallet,1,176.94
11195,credit_card,12,781.95
11196,credit_card,6,59.09
11197,wallet,1,181.81
11198,bank_transfer,1,214.38
11199,credit_card,12,168.67
11200,credit_card,1,85.45
11201,cash_on_delivery,1,77.74
11202,credit_card,6,155.38
11203,credit_card,1,30.64
11204,credit_card,2,265.12
11205,credit_card,2,123.94
11206,cash_on_delivery,1,542.76
11207,credit_card,2,357.71
11208,cash_on_delivery,1,228.21
11209,credit_card,1,45.52
11210,credit_card,3,59.35
11211,cash_on_delivery,1,744.83
11212,wallet,1,192.02
11213,wallet,1,12.44
11214,credit_card,1,125.29
11215,credit_card,3,19.56
11216,credit_card,3,282.15
11217,credit_card,2,1085.31
11218,cash_on_delivery,1,93.46
11219,cash_on_delivery,1,3.88
11220,cash_on_delivery,1,91.36
11221,credit_card,3,45.18
11222,wallet,1,21.76
11223,credit_card,6,18.27
11224,credit_card,2,255.4
11225,cash_on_delivery,1,1408.17
11226,credit_card,1,230.67
11227,wallet,1,20.37
11228,credit_card,6,54.62
11229,cash_on_delivery,1,121.92
11230,cash_on_delivery,1,105.58
11231,credit_card,2,729.59
11232,cash_on_delivery,1,462.36
11233,bank_transfer,1,545.51
11234,cash_on_delivery,1,147.48
11235,credit_card,1,379.85
11236,cash_on_delivery,1,155.45
11237,credit_card,1,562.68
11238,credit_card,3,819.13
11239,cash_on_delivery,1,257.88
11240,wallet,1,789.53
11241,credit_card,2,99.51
11242,cash_on_delivery,1,935.53
11243,cash_on_delivery,1,109.59
11244,credit_card,3,836.86
11245,credit_card,2,157.18
11246,wallet,1,5.36
11247,credit_card,2,544.15
11248,credit_card,3,372.7
11249,credit_card,6,228.6
11250,credit_card,1,745.24
11251,cash_on_delivery,1,151.7
11252,credit_card,1,200.04
11253,cash_on_delivery,1,19.1
11254,cash_on_delivery,1,163.0
11255,wallet,1,62.54
11256,bank_transfer,1,19.9
11257,credit_card,1,368.31
11258,wallet,1,43.09
11259,cash_on_delivery,1,77.0
11260,wallet,1,494.8
11261,cash_on_delivery,1,192.63
11262,cash_on_delivery,1,607.9
11263,cash_on_delivery,1,199.64
11264,credit_card,1,12.18
11265,cash_on_delivery,1,190.88
11266,credit_card,2,194.92
11267,credit_card,2,238.1
11268,cash_on_delivery,1,65.84
11269,bank_transfer,1,129.65
11270,credit_card,2,206.92
11271,credit_card,2,791.06
11272,credit_card,1,21.2
11273,wallet,1,677.43
11274,cash_on_delivery,1,61.46
11275,cash_on_delivery,1,297.32
11276,cash_on_delivery,1,1354.34
11277,credit_card,3,174.8
11278,cash_on_delivery,1,196.77
11279,credit_card,1,121.15
11280,wallet,1,1278.08
11281,cash_on_delivery,1,198.45
11282,credit_card,1,58.64
11283,bank_transfer,1,703.37
11284,cash_on_delivery,1,403.92
11285,wallet,1,1674.88
11286,credit_card,1,151.86
11287,wallet,1,875.23
11288,credit_card,6,309.12
11289,credit_card,12,195.54
11290,credit_card,2,696.59
11291,credit_card,1,244.15
11292,credit_card,3,941.53
11293,cash_on_delivery,1,28.45
11294,wallet,1,351.31
11295,credit_card,1,46.02
11296,credit_card,1,273.44
11297,cash_on_delivery,1,32.5
11298,cash_on_delivery,1,247.09
11299,credit_card,3,961.6
11300,cash_on_delivery,1,141.88
11301,credit_card,1,183.21
11302,cash_on_delivery,1,113.77
11303,credit_card,3,410.2
11304,credit_card,2,125.34
11305,cash_on_delivery,1,119.8
11306,credit_card,2,8.54
11307,credit_card,12,2020.94
11308,wallet,1,41.65
11309,bank_transfer,1,81.91
11310,credit_card,2,478.03
11311,cash_on_delivery,1,344.52
11312,cash_on_delivery,1,313.37
11313,wallet,1,688.52
11314,cash_on_delivery,1,33.87
11315,wallet,1,545.24
11316,cash_on_delivery,1,415.65
11317,credit_card,6,1299.93
11318,cash_on_delivery,1,168.45
11319,cash_on_delivery,1,537.64
11320,credit_card,1,124.06
11321,credit_card,1,161.55
11322,cash_on_delivery,1,140.86
11323,credit_card,3,8.66
11324,cash_on_delivery,1,89.41
11325,cash_on_delivery,1,719.58
11326,credit_card,1,455.53
11327,credit_card,1,220.31
11328,credit_card,3,135.09
11329,credit_card,1,648.45
11330,cash_on_delivery,1,151.38
11331,cash_on_delivery,1,192.85
11332,credit_card,6,480.56
11333,cash_on_delivery,1,156.92
11334,credit_card,2,788.63
11335,credit_card,1,41.14
11336,wallet,1,43.36
11337,cash_on_delivery,1,19.84
11338,cash_on_delivery,1,27.38
11339,cash_on_delivery,1,463.79
11340,bank_transfer,1,122.51
11341,wallet,1,235.12
11342,cash_on_delivery,1,28.52
11343,cash_on_delivery,1,192.15
11344,wallet,1,1391.86
11345,credit_card,6,167.09
11346,credit_card,2,481.63
11347,cash_on_delivery,1,404.62
11348,cash_on_delivery,1,293.7
11349,cash_on_delivery,1,131.9
11350,credit_card,6,49.41
11351,bank_transfer,1,532.88
11352,cash_on_delivery,1,173.35
11353,wallet,1,882.28
11354,wallet,1,268.73
11355,credit_card,2,38.08
11356,wallet,1,298.39
11357,cash_on_delivery,1,113.87
11358,credit_card,6,103.17
11359,cash_on_delivery,1,217.19
11360,credit_card,2,358.32
11361,credit_card,6,88.58
11362,credit_card,1,131.15
11363,wallet,1,960.96
11364,wallet,1,59.27
11365,credit_card,3,77.07
11366,credit_card,1,186.85
11367,credit_card,1,214.61
11368,bank_transfer,1,660.71
11369,bank_transfer,1,181.35
11370,credit_card,2,1285.55
11371,credit_card,3,17.48
11372,bank_transfer,1,168.07
11373,credit_card,2,57.87
11374,cash_on_delivery,1,245.17
11375,wallet,1,105.68
11376,credit_card,1,981.83
11377,credit_card,12,970.16
11378,cash_on_delivery,1,101.99
11379,bank_transfer,1,152.95
11380,bank_transfer,1,34.04
11381,wallet,1,9.18
11382,cash_on_delivery,1,141.78
11383,credit_card,3,33.71
11384,credit_card,2,117.25
11385,wallet,1,12.48
11386,cash_on_delivery,1,295.86
11387,credit_card,12,160.85
11388,credit_card,2,189.45
11389,cash_on_delivery,1,42.75
11390,cash_on_delivery,1,85.37
11391,cash_on_delivery,1,346.93
11392,bank_transfer,1,128.41
11393,credit_card,1,146.91
11394,cash_on_delivery,1,232.9
11395,credit_card,3,82.51
11396,credit_card,6,102.97
11397,credit_card,1,153.18
11398,wallet,1,738.74
11399,credit_card,1,115.04
11400,cash_on_delivery,1,42.39
11401,credit_card,3,141.76
11402,cash_on_delivery,1,387.76
11403,credit_card,3,272.58
11404,wallet,1,648.66
11405,credit_card,12,345.85
11406,wallet,1,117.89
11407,wallet,1,42.02
11408,credit_card,1,382.68
11409,cash_on_delivery,1,217.24
11410,credit_card,12,3582.34
11411,cash_on_delivery,1,808.13
11412,cash_on_delivery,1,30.29
11413,cash_on_delivery,1,300.61
11414,credit_card,6,80.43
11415,wallet,1,250.66
11416,cash_on_delivery,1,53.46
11417,cash_on_delivery,1,104.08
11418,wallet,1,245.31
11419,credit_card,1,267.43
11420,credit_card,2,159.11
11421,credit_card,1,91.04
11422,wallet,1,243.86
11423,cash_on_delivery,1,152.14
11424,credit_card,1,40.93
11425,credit_card,6,189.67
11426,credit_card,1,1587.51
11427,cash_on_delivery,1,740.0
11428,cash_on_delivery,1,250.77
11429,bank_transfer,1,23.6
11430,credit_card,1,124.29
11431,credit_card,12,143.92
11432,cash_on_delivery,1,154.35
11433,credit_card,1,27.53
11434,credit_card,2,59.6
11435,credit_card,1,2295.64
11436,credit_card,6,48.4
11437,credit_card,1,54.11
11438,cash_on_delivery,1,62.58
11439,bank_transfer,1,53.32
11440,credit_card,2,454.4
11441,credit_card,1,71.01
11442,cash_on_delivery,1,34.51
11443,cash_on_delivery,1,102.15
11444,credit_card,2,299.27
11445,cash_on_delivery,1,1385.87
11446,cash_on_delivery,1,137.03
11447,credit_card,6,66.28
11448,cash_on_delivery,1,33.81
11449,cash_on_delivery,1,148.18
11450,cash_on_delivery,1,97.64
11451,credit_card,1,450.71
11452,cash_on_delivery,1,105.35
11453,credit_card,3,366.95
11454,cash_on_delivery,1,442.81
11455,credit_card,6,1424.62
11456,wallet,1,217.17
11457,cash_on_delivery,1,386.6
11458,credit_card,2,140.52
11459,cash_on_delivery,1,150.57
11460,wallet,1,75.71
11461,credit_card,1,212.94
11462,credit_card,2,699.24
11463,credit_card,12,184.29
11464,bank_transfer,1,77.97
11465,cash_on_delivery,1,53.62
11466,wallet,1,268.21
11467,cash_on_delivery,1,497.9
11468,cash_on_delivery,1,1229.53
11469,cash_on_delivery,1,527.7
11470,credit_card,6,2054.3
11471,cash_on_delivery,1,482.05
11472,cash_on_delivery,1,186.3
11473,cash_on_delivery,1,158.84
11474,cash_on_delivery,1,344.75
11475,credit_card,6,12.39
11476,wallet,1,166.47
11477,credit_card,3,159.5
11478,cash_on_delivery,1,94.04
11479,wallet,1,1002.68
11480,cash_on_delivery,1,143.37
11481,bank_transfer,1,222.37
11482,bank_transfer,1,248.15
11483,cash_on_delivery,1,100.27
11484,credit_card,2,87.27
11485,wallet,1,149.0
11486,credit_card,3,17.69
11487,wallet,1,108.84
11488,credit_card,1,181.37
11489,credit_card,12,478.83
11490,credit_card,6,254.74
11491,cash_on_delivery,1,14.99
11492,wallet,1,169.22
11493,credit_card,1,94.63
11494,credit_card,1,274.49
11495,cash_on_delivery,1,142.42
11496,cash_on_delivery,1,475.26
11497,cash_on_delivery,1,686.57
11498,credit_card,12,184.82
11499,credit_card,2,64.71
11500,credit_card,2,51.42
11501,cash_on_delivery,1,273.9
11502,bank_transfer,1,82.72
11503,wallet,1,58.1
11504,credit_card,1,271.32
11505,bank_transfer,1,831.43
11506,credit_card,2,824.74
11507,credit_card,1,154.31
11508,cash_on_delivery,1,26.34
11509,credit_card,1,592.05
11510,credit_card,3,142.52
11511,credit_card,1,54.43
11512,cash_on_delivery,1,59.81
11513,credit_card,12,82.74
11514,cash_on_delivery,1,193.12
11515,cash_on_delivery,1,1287.73
11516,cash_on_delivery,1,711.44
11517,cash_on_delivery,1,797.11
11518,credit_card,6,1134.68
11519,cash_on_delivery,1,242.39
11520,credit_card,6,819.06
11521,credit_card,1,125.01
11522,credit_card,12,90.17
11523,credit_card,3,181.26
11524,cash_on_delivery,1,78.91
11525,credit_card,3,375.35
11526,bank_transfer,1,101.57
11527,cash_on_delivery,1,215.21
11528,credit_card,2,119.37
11529,credit_card,1,676.38
11530,credit_card,3,214.63
11531,credit_card,1,452.57
11532,cash_on_delivery,1,898.19
11533,cash_on_delivery,1,151.72
11534,credit_card,2,124.86
11535,cash_on_delivery,1,118.13
11536,credit_card,1,75.49
11537,credit_card,6,464.67
11538,wallet,1,712.41
11539,cash_on_delivery,1,103.83
11540,wallet,1,39.69
11541,cash_on_delivery,1,92.94
11542,cash_on_delivery,1,681.3
11543,cash_on_delivery,1,225.07
11544,credit_card,2,21.32
11545,cash_on_delivery,1,1038.38
11546,wallet,1,239.44
11547,credit_card,2,247.55
11548,credit_card,1,167.58
11549,credit_card,1,60.65
11550,credit_card,12,36.79
11551,credit_card,2,125.09
11552,cash_on_delivery,1,156.16
11553,cash_on_delivery,1,143.86
11554,cash_on_delivery,1,56.95
11555,credit_card,12,47.22
11556,cash_on_delivery,1,136.17
11557,wallet,1,179.85
11558,cash_on_delivery,1,72.66
11559,credit_card,1,437.23
11560,wallet,1,29.62
11561,credit_card,3,52.0
11562,credit_card,3,729.04
11563,credit_card,3,1087.15
11564,cash_on_delivery,1,1044.48
11565,cash_on_delivery,1,112.61
11566,wallet,1,916.69
11567,credit_card,1,128.38
11568,wallet,1,274.37
11569,credit_card,1,38.96
11570,cash_on_delivery,1,29.67
11571,wallet,1,276.33
11572,bank_transfer,1,121.58
11573,bank_transfer,1,57.99
11574,wallet,1,20.57
11575,cash_on_delivery,1,32.36
11576,wallet,1,73.72
11577,credit_card,2,1602.75
11578,credit_card,1,58.15
11579,cash_on_delivery,1,165.66
11580,cash_on_delivery,1,85.14
11581,cash_on_delivery,1,473.53
11582,credit_card,1,12.42
11583,cash_on_delivery,1,155.46
11584,credit_card,1,178.13
11585,wallet,1,36.27
11586,wallet,1,873.91
11587,credit_card,2,119.87
11588,cash_on_delivery,1,26.34
11589,cash_on_delivery,1,134.34
11590,wallet,1,91.56
11591,cash_on_delivery,1,547.63
11592,cash_on_delivery,1,157.23
11593,credit_card,6,116.82
11594,credit_card,3,426.11
11595,wallet,1,348.97
11596,wallet,1,53.77
11597,wallet,1,50.43
11598,cash_on_delivery,1,720.19
11599,cash_on_delivery,1,234.48
11600,bank_transfer,1,639.62
11601,wallet,1,637.26
11602,credit_card,2,213.28
11603,cash_on_delivery,1,18.62
11604,cash_on_delivery,1,209.15
11605,cash_on_delivery,1,61.99
11606,credit_card,2,708.51
11607,credit_card,3,246.71
11608,cash_on_delivery,1,82.79
11609,credit_card,1,95.98
11610,cash_on_delivery,1,754.7
11611,credit_card,2,8.4
11612,cash_on_delivery,1,618.01
11613,cash_on_delivery,1,32.19
11614,cash_on_delivery,1,88.8
11615,cash_on_delivery,1,113.25
11616,credit_card,6,781.91
11617,credit_card,1,59.18
11618,cash_on_delivery,1,565.52
11619,credit_card,2,73.36
11620,credit_card,6,138.73
11621,cash_on_delivery,1,1251.52
11622,cash_on_delivery,1,97.05
11623,cash_on_delivery,1,965.42
11624,credit_card,6,6.8
11625,credit_card,3,207.23
11626,cash_on_delivery,1,85.98
11627,cash_on_delivery,1,670.41
11628,credit_card,12,324.23
11629,cash_on_delivery,1,6.47
11630,credit_card,1,1562.31
11631,credit_card,1,38.18
11632,cash_on_delivery,1,47.22
11633,bank_transfer,1,176.83
11634,credit_card,1,386.53
11635,credit_card,1,191.13
11636,credit_card,1,88.31
11637,cash_on_delivery,1,121.22
11638,cash_on_delivery,1,157.63
11639,credit_card,2,300.32
11640,credit_card,1,374.3
11641,credit_card,3,297.1
11642,wallet,1,10.2
11643,cash_on_delivery,1,59.8
11644,cash_on_delivery,1,165.3
11645,wallet,1,259.31
11646,credit_card,12,80.89
11647,credit_card,1,506.4
11648,bank_transfer,1,955.4
11649,cash_on_delivery,1,37.69
11650,cash_on_delivery,1,16.75
11651,cash_on_delivery,1,604.39
11652,bank_transfer,1,224.35
11653,credit_card,1,377.34
11654,credit_card,3,754.0
11655,cash_on_delivery,1,93.26
11656,credit_card,12,232.49
11657,cash_on_delivery,1,44.92
11658,credit_card,1,41.17
11659,cash_on_delivery,1,449.77
11660,bank_transfer,1,952.0
11661,credit_card,2,21.08
11662,credit_card,2,409.39
11663,credit_card,1,350.78
11664,cash_on_delivery,1,87.76
11665,cash_on_delivery,1,192.92
11666,credit_card,2,244.89
11667,cash_on_delivery,1,32.61
11668,wallet,1,755.21
11669,credit_card,3,648.48
11670,cash_on_delivery,1,1294.74
11671,cash_on_delivery,1,8.93
11672,credit_card,12,51.22
11673,wallet,1,21.5
11674,wallet,1,105.9
11675,credit_card,3,6.52
11676,wallet,1,199.83
11677,wallet,1,812.31
11678,credit_card,6,49.92
11679,wallet,1,361.65
11680,credit_card,2,6.7
11681,credit_card,1,379.16
11682,cash_on_delivery,1,524.96
11683,cash_on_delivery,1,170.3
11684,wallet,1,685.71
11685,wallet,1,138.86
11686,wallet,1,337.75
11687,bank_transfer,1,626.1
11688,credit_card,1,285.29
11689,credit_card,3,78.65
11690,credit_card,1,167.72
11691,credit_card,12,511.71
11692,wallet,1,735.49
11693,credit_card,3,493.56
11694,credit_card,3,73.43
11695,cash_on_delivery,1,90.19
11696,cash_on_delivery,1,194.0
11697,credit_card,2,100.17
11698,bank_transfer,1,48.12
11699,credit_card,2,57.52
11700,bank_transfer,1,126.25
11701,cash_on_delivery,1,8.75
11702,credit_card,1,530.81
11703,credit_card,1,2085.06
11704,wallet,1,208.47
11705,wallet,1,1099.85
11706,cash_on_delivery,1,815.73
11707,credit_card,1,1873.42
11708,credit_card,1,287.8
11709,cash_on_delivery,1,353.98
11710,cash_on_delivery,1,91.67
11711,cash_on_delivery,1,707.75
11712,cash_on_delivery,1,106.52
11713,credit_card,1,460.23
11714,cash_on_delivery,1,396.07
11715,cash_on_delivery,1,501.23
11716,cash_on_delivery,1,231.42
11717,credit_card,12,1055.71
11718,credit_card,1,831.18
11719,bank_transfer,1,615.17
11720,credit_card,1,577.72
11721,cash_on_delivery,1,87.68
11722,cash_on_delivery,1,59.71
11723,credit_card,12,20.75
11724,credit_card,3,245.71
11725,bank_transfer,1,340.59
11726,credit_card,3,47.23
11727,wallet,1,516.17
11728,cash_on_delivery,1,16.98
11729,credit_card,6,33.85
11730,wallet,1,148.62
11731,credit_card,3,132.16
11732,wallet,1,565.48
11733,cash_on_delivery,1,654.55
11734,credit_card,2,136.64
11735,credit_card,3,340.85
11736,credit_card,1,19.96
11737,credit_card,12,105.58
11738,cash_on_delivery,1,252.63
11739,credit_card,1,197.08
11740,credit_card,1,374.58
11741,credit_card,2,301.21
11742,wallet,1,7.14
11743,credit_card,3,32.33
11744,credit_card,1,704.0
11745,wallet,1,31.52
11746,credit_card,1,333.03
11747,credit_card,1,277.01
11748,credit_card,1,411.17
11749,cash_on_delivery,1,135.82
11750,credit_card,6,289.39
11751,credit_card,1,129.54
11752,cash_on_delivery,1,145.88
11753,wallet,1,183.39
11754,wallet,1,51.53
11755,cash_on_delivery,1,1265.92
11756,credit_card,2,118.87
11757,cash_on_delivery,1,568.76
11758,cash_on_delivery,1,340.3
11759,credit_card,2,593.83
11760,bank_transfer,1,71.47
11761,credit_card,6,691.88
11762,cash_on_delivery,1,373.34
11763,credit_card,6,397.98
11764,credit_card,1,372.59
11765,credit_card,3,35.76
11766,credit_card,1,516.41
11767,credit_card,12,15.92
11768,cash_on_delivery,1,61.43
11769,credit_card,1,20.27
11770,credit_card,6,6.24
11771,credit_card,6,243.58
11772,cash_on_delivery,1,20.37
11773,cash_on_delivery,1,523.19
11774,credit_card,1,323.49
11775,cash_on_delivery,1,553.94
11776,credit_card,1,1204.7
11777,cash_on_delivery,1,67.93
11778,bank_transfer,1,519.5
11779,credit_card,2,292.84
11780,credit_card,1,2329.99
11781,credit_card,3,145.88
11782,credit_card,12,311.3
11783,cash_on_delivery,1,17.37
11784,wallet,1,720.02
11785,wallet,1,349.2
11786,credit_card,1,289.16
11787,cash_on_delivery,1,113.19
11788,credit_card,1,58.73
11789,credit_card,2,475.48
11790,cash_on_delivery,1,163.29
11791,cash_on_delivery,1,914.08
11792,credit_card,12,290.53
11793,cash_on_delivery,1,58.96
11794,wallet,1,667.5
11795,cash_on_delivery,1,1039.26
11796,cash_on_delivery,1,50.78
11797,credit_card,6,1994.78
11798,credit_card,1,286.94
11799,wallet,1,161.97
11800,cash_on_delivery,1,902.22
11801,credit_card,1,262.74
11802,credit_card,1,263.7
11803,credit_card,3,200.91
11804,credit_card,6,112.69
11805,credit_card,1,7.06
11806,credit_card,1,358.15
11807,credit_card,2,28.56
11808,wallet,1,27.37
11809,credit_card,6,676.53
11810,cash_on_delivery,1,17.78
11811,credit_card,2,274.74
11812,bank_transfer,1,123.88
11813,credit_card,2,93.1
11814,cash_on_delivery,1,146.73
11815,cash_on_delivery,1,91.13
11816,cash_on_delivery,1,915.53
11817,credit_card,1,129.94
11818,cash_on_delivery,1,76.55
11819,cash_on_delivery,1,241.74
11820,cash_on_delivery,1,179.01
11821,wallet,1,415.95
11822,cash_on_delivery,1,26.1
11823,cash_on_delivery,1,123.64
11824,credit_card,3,386.65
11825,cash_on_delivery,1,13.01
11826,cash_on_delivery,1,335.89
11827,credit_card,1,295.85
11828,credit_card,1,136.95
11829,wallet,1,428.14
11830,credit_card,3,85.71
11831,credit_card,1,42.32
11832,credit_card,1,475.79
11833,credit_card,2,190.23
11834,cash_on_delivery,1,51.38
11835,cash_on_delivery,1,452.74
11836,cash_on_delivery,1,186.52
11837,credit_card,1,470.9
11838,cash_on_delivery,1,59.91
11839,cash_on_delivery,1,660.55
11840,credit_card,12,527.76
11841,cash_on_delivery,1,1141.84
11842,credit_card,1,102.87
11843,cash_on_delivery,1,1316.34
11844,cash_on_delivery,1,200.76
11845,credit_card,3,298.88
11846,cash_on_delivery,1,24.82
11847,credit_card,1,140.64
11848,cash_on_delivery,1,91.5
11849,credit_card,1,290.11
11850,cash_on_delivery,1,40.2
11851,credit_card,6,222.39
11852,credit_card,12,18.97
11853,cash_on_delivery,1,607.41
11854,credit_card,3,103.96
11855,credit_card,2,450.0
11856,credit_card,6,47.73
11857,credit_card,1,43.6
11858,cash_on_delivery,1,672.71
11859,credit_card,3,121.74
11860,wallet,1,40.68
11861,cash_on_delivery,1,188.35
11862,credit_card,1,120.59
11863,cash_on_delivery,1,115.6
11864,credit_card,6,155.01
11865,cash_on_delivery,1,127.31
11866,credit_card,6,8.13
11867,credit_card,1,1041.97
11868,cash_on_delivery,1,1049.85
11869,cash_on_delivery,1,65.38
11870,cash_on_delivery,1,1329.65
11871,cash_on_delivery,1,33.08
11872,credit_card,1,299.54
11873,cash_on_delivery,1,94.28
11874,wallet,1,248.02
11875,credit_card,2,59.72
11876,credit_card,1,110.48
11877,credit_card,12,40.3
11878,credit_card,2,386.84
11879,wallet,1,250.53
11880,credit_card,1,25.44
11881,cash_on_delivery,1,66.69
11882,credit_card,2,1402.39
11883,cash_on_delivery,1,987.42
11884,bank_transfer,1,757.1
11885,credit_card,3,432.54
11886,credit_card,3,283.85
11887,wallet,1,805.13
11888,bank_transfer,1,285.32
11889,credit_card,3,81.95
11890,credit_card,12,150.54
11891,wallet,1,744.29
11892,credit_card,2,18.83
11893,cash_on_delivery,1,117.51
11894,credit_card,1,367.15
11895,cash_on_delivery,1,914.37
11896,credit_card,6,166.18
11897,credit_card,1,302.62
11898,cash_on_delivery,1,513.86
11899,wallet,1,290.14
11900,cash_on_delivery,1,156.07
11901,bank_transfer,1,1376.7
11902,wallet,1,200.54
11903,credit_card,12,353.31
11904,cash_on_delivery,1,1283.18
11905,cash_on_delivery,1,220.08
11906,credit_card,3,664.87
11907,cash_on_delivery,1,110.8
11908,credit_card,1,889.9
11909,wallet,1,127.07
11910,credit_card,1,121.53
11911,wallet,1,106.14
11912,cash_on_delivery,1,159.77
11913,cash_on_delivery,1,306.93
11914,credit_card,1,119.78
11915,cash_on_delivery,1,686.25
11916,cash_on_delivery,1,667.01
11917,credit_card,6,476.13
11918,credit_card,3,996.56
11919,cash_on_delivery,1,18.76
11920,cash_on_delivery,1,916.76
11921,cash_on_delivery,1,1375.26
11922,cash_on_delivery,1,96.17
11923,credit_card,3,138.92
11924,cash_on_delivery,1,906.58
11925,wallet,1,59.11
11926,wallet,1,341.97
11927,cash_on_delivery,1,332.66
11928,credit_card,1,55.94
11929,wallet,1,175.88
11930,credit_card,3,19.78
11931,credit_card,1,145.81
11932,cash_on_delivery,1,482.03
11933,wallet,1,202.74
11934,credit_card,6,71.62
11935,cash_on_delivery,1,79.04
11936,credit_card,2,278.37
11937,credit_card,1,7.79
11938,cash_on_delivery,1,75.55
11939,wallet,1,864.94
11940,cash_on_delivery,1,147.45
11941,cash_on_delivery,1,60.47
11942,wallet,1,1446.36
11943,credit_card,1,361.7
11944,bank_transfer,1,844.11
11945,credit_card,2,59.15
11946,credit_card,6,623.07
11947,wallet,1,267.15
11948,credit_card,1,72.45
11949,cash_on_delivery,1,805.43
11950,cash_on_delivery,1,861.06
11951,credit_card,3,75.4
11952,cash_on_delivery,1,89.1
11953,cash_on_delivery,1,860.5
11954,credit_card,1,34.06
11955,cash_on_delivery,1,1536.58
11956,credit_card,1,494.45
11957,credit_card,2,102.95
11958,credit_card,1,999.97
11959,cash_on_delivery,1,431.93
11960,credit_card,3,49.96
11961,wallet,1,118.75
11962,cash_on_delivery,1,142.48
11963,cash_on_delivery,1,715.71
11964,credit_card,12,83.52
11965,credit_card,3,41.46
11966,bank_transfer,1,421.65
11967,credit_card,1,648.53
11968,cash_on_delivery,1,122.48
11969,credit_card,2,389.31
11970,cash_on_delivery,1,311.4
11971,credit_card,6,217.2
11972,credit_card,6,135.01
11973,credit_card,12,865.65
11974,wallet,1,28.12
11975,credit_card,6,181.26
11976,wallet,1,82.7
11977,wallet,1,404.31
11978,cash_on_delivery,1,263.5
11979,wallet,1,775.39
11980,cash_on_delivery,1,232.36
11981,bank_transfer,1,741.31
11982,wallet,1,108.28
11983,cash_on_delivery,1,660.81
11984,cash_on_delivery,1,14.65
11985,credit_card,6,47.72
11986,credit_card,1,593.88
11987,credit_card,6,56.41
11988,cash_on_delivery,1,302.5
11989,credit_card,12,255.78
11990,cash_on_delivery,1,285.49
11991,cash_on_delivery,1,451.04
11992,cash_on_delivery,1,282.26
11993,cash_on_delivery,1,14.01
11994,wallet,1,125.63
11995,cash_on_delivery,1,476.97
11996,bank_transfer,1,256.99
11997,wallet,1,167.79
11998,cash_on_delivery,1,42.18
11999,cash_on_delivery,1,261.9
12000,credit_card,1,141.75
